zone_id,annee,cumul_pluie_hivernage_mm,nb_jours_pluie,pluie_max_24h_mm,pluie_max_72h_mm,hauteur_crue_fleuve_m,inondation,is_riverain,localite,region,latitude,longitude,altitude_m,pente_pct,distance_plan_eau_m,taux_impermeabilisation_pct,densite_pop_hab_km2,profondeur_nappe_m,nb_inondations_2005_2014,log_distance_plan_eau,zone_basse,indice_pluie_impermeabilisation,assainissement_score,historique_frequence,sol_Argileux,sol_Argilo-sableux,sol_Hydromorphe,sol_Latéritique,sol_Sableux,occ_Agricole,occ_Urbain dense,occ_Urbain lâche,occ_Végétation naturelle,occ_Zone humide (Niayes/bas-fond),assain_Aucun,assain_Complet,assain_Inconnu,assain_Partiel
Z0001,2015,354.6,33,31.0,41.0,0.0,1,0,Pikine,Dakar,14.77455,-17.39166,0.5,0.43,251,25.0,276,2.5,2,5.529429087511423,1,7.75,1,0.2,False,False,True,False,False,True,False,False,False,False,False,False,False,True
Z0001,2016,455.9,35,27.4,49.6,0.0,1,0,Pikine,Dakar,14.77455,-17.39166,0.5,0.43,251,25.0,276,2.5,2,5.529429087511423,1,6.85,1,0.2,False,False,True,False,False,True,False,False,False,False,False,False,False,True
Z0001,2017,327.1,24,25.1,45.5,0.0,1,0,Pikine,Dakar,14.77455,-17.39166,0.5,0.43,251,25.0,276,2.5,2,5.529429087511423,1,6.275,1,0.2,False,False,True,False,False,True,False,False,False,False,False,False,False,True
Z0001,2018,275.3,30,11.9,25.2,0.0,1,0,Pikine,Dakar,14.77455,-17.39166,0.5,0.43,251,25.0,276,2.5,2,5.529429087511423,1,2.975,1,0.2,False,False,True,False,False,True,False,False,False,False,False,False,False,True
Z0001,2019,545.2,36,11.4,13.9,0.0,1,0,Pikine,Dakar,14.77455,-17.39166,0.5,0.43,251,25.0,276,2.5,2,5.529429087511423,1,2.85,1,0.2,False,False,True,False,False,True,False,False,False,False,False,False,False,True
Z0001,2020,536.7,37,10.0,14.7,0.0,1,0,Pikine,Dakar,14.77455,-17.39166,0.5,0.43,251,25.0,276,2.5,2,5.529429087511423,1,2.5,1,0.2,False,False,True,False,False,True,False,False,False,False,False,False,False,True
Z0001,2021,424.5,29,22.4,27.4,0.0,1,0,Pikine,Dakar,14.77455,-17.39166,0.5,0.43,251,25.0,276,2.5,2,5.529429087511423,1,5.6,1,0.2,False,False,True,False,False,True,False,False,False,False,False,False,False,True
Z0001,2022,502.9,41,18.8,29.4,0.0,0,0,Pikine,Dakar,14.77455,-17.39166,0.5,0.43,251,25.0,276,2.5,2,5.529429087511423,1,4.7,1,0.2,False,False,True,False,False,True,False,False,False,False,False,False,False,True
Z0001,2023,371.6,29,13.4,27.2,0.0,1,0,Pikine,Dakar,14.77455,-17.39166,0.5,0.43,251,25.0,276,2.5,2,5.529429087511423,1,3.35,1,0.2,False,False,True,False,False,True,False,False,False,False,False,False,False,True
Z0001,2024,413.5,25,13.4,22.4,0.0,1,0,Pikine,Dakar,14.77455,-17.39166,0.5,0.43,251,25.0,276,2.5,2,5.529429087511423,1,3.35,1,0.2,False,False,True,False,False,True,False,False,False,False,False,False,False,True
Z0002,2015,377.0,26,11.9,22.7,0.0,0,0,Pikine,Dakar,14.75951,-17.40893,6.2,0.87,1305,37.1,6555,2.4,0,7.174724309836376,1,4.4149,1,0.0,False,False,False,False,True,False,False,True,False,False,False,False,False,True
Z0002,2016,379.2,24,10.0,17.0,0.0,0,0,Pikine,Dakar,14.75951,-17.40893,6.2,0.87,1305,37.1,6555,2.4,0,7.174724309836376,1,3.71,1,0.0,False,False,False,False,True,False,False,True,False,False,False,False,False,True
Z0002,2017,436.2,31,18.8,26.7,0.0,0,0,Pikine,Dakar,14.75951,-17.40893,6.2,0.87,1305,37.1,6555,2.4,0,7.174724309836376,1,6.9748,1,0.0,False,False,False,False,True,False,False,True,False,False,False,False,False,True
Z0002,2018,289.3,17,13.6,22.3,0.0,0,0,Pikine,Dakar,14.75951,-17.40893,6.2,0.87,1305,37.1,6555,2.4,0,7.174724309836376,1,5.0456,1,0.0,False,False,False,False,True,False,False,True,False,False,False,False,False,True
Z0002,2019,394.8,20,17.2,25.9,0.0,0,0,Pikine,Dakar,14.75951,-17.40893,6.2,0.87,1305,37.1,6555,2.4,0,7.174724309836376,1,6.3812,1,0.0,False,False,False,False,True,False,False,True,False,False,False,False,False,True
Z0002,2020,687.7,50,59.7,122.4,0.0,0,0,Pikine,Dakar,14.75951,-17.40893,6.2,0.87,1305,37.1,6555,2.4,0,7.174724309836376,1,22.148700000000005,1,0.0,False,False,False,False,True,False,False,True,False,False,False,False,False,True
Z0002,2021,477.3,33,16.7,34.6,0.0,1,0,Pikine,Dakar,14.75951,-17.40893,6.2,0.87,1305,37.1,6555,2.4,0,7.174724309836376,1,6.1957,1,0.0,False,False,False,False,True,False,False,True,False,False,False,False,False,True
Z0002,2022,440.6,35,17.7,28.2,0.0,0,0,Pikine,Dakar,14.75951,-17.40893,6.2,0.87,1305,37.1,6555,2.4,0,7.174724309836376,1,6.5667,1,0.0,False,False,False,False,True,False,False,True,False,False,False,False,False,True
Z0002,2023,436.2,31,13.5,28.1,0.0,1,0,Pikine,Dakar,14.75951,-17.40893,6.2,0.87,1305,37.1,6555,2.4,0,7.174724309836376,1,5.008500000000001,1,0.0,False,False,False,False,True,False,False,True,False,False,False,False,False,True
Z0002,2024,633.4,50,45.1,66.8,0.0,0,0,Pikine,Dakar,14.75951,-17.40893,6.2,0.87,1305,37.1,6555,2.4,0,7.174724309836376,1,16.7321,1,0.0,False,False,False,False,True,False,False,True,False,False,False,False,False,True
Z0003,2015,281.7,24,13.5,29.3,0.0,0,0,Pikine,Dakar,14.77572,-17.39278,3.0,1.59,1457,27.4,334,3.8,0,7.284820912568604,1,3.699,1,0.0,False,True,False,False,False,True,False,False,False,False,False,False,False,True
Z0003,2016,612.7,46,21.9,34.0,0.0,0,0,Pikine,Dakar,14.77572,-17.39278,3.0,1.59,1457,27.4,334,3.8,0,7.284820912568604,1,6.0005999999999995,1,0.0,False,True,False,False,False,True,False,False,False,False,False,False,False,True
Z0003,2017,465.7,32,17.7,35.3,0.0,0,0,Pikine,Dakar,14.77572,-17.39278,3.0,1.59,1457,27.4,334,3.8,0,7.284820912568604,1,4.849799999999999,1,0.0,False,True,False,False,False,True,False,False,False,False,False,False,False,True
Z0003,2018,382.5,24,17.2,36.0,0.0,0,0,Pikine,Dakar,14.77572,-17.39278,3.0,1.59,1457,27.4,334,3.8,0,7.284820912568604,1,4.7128,1,0.0,False,True,False,False,False,True,False,False,False,False,False,False,False,True
Z0003,2019,394.3,33,10.8,21.3,0.0,0,0,Pikine,Dakar,14.77572,-17.39278,3.0,1.59,1457,27.4,334,3.8,0,7.284820912568604,1,2.9592,1,0.0,False,True,False,False,False,True,False,False,False,False,False,False,False,True
Z0003,2020,555.8,34,43.0,93.6,0.0,1,0,Pikine,Dakar,14.77572,-17.39278,3.0,1.59,1457,27.4,334,3.8,0,7.284820912568604,1,11.782,1,0.0,False,True,False,False,False,True,False,False,False,False,False,False,False,True
Z0003,2021,351.9,28,29.7,45.0,0.0,0,0,Pikine,Dakar,14.77572,-17.39278,3.0,1.59,1457,27.4,334,3.8,0,7.284820912568604,1,8.1378,1,0.0,False,True,False,False,False,True,False,False,False,False,False,False,False,True
Z0003,2022,507.6,39,22.1,46.9,0.0,0,0,Pikine,Dakar,14.77572,-17.39278,3.0,1.59,1457,27.4,334,3.8,0,7.284820912568604,1,6.0554,1,0.0,False,True,False,False,False,True,False,False,False,False,False,False,False,True
Z0003,2023,265.8,22,20.9,37.0,0.0,0,0,Pikine,Dakar,14.77572,-17.39278,3.0,1.59,1457,27.4,334,3.8,0,7.284820912568604,1,5.7265999999999995,1,0.0,False,True,False,False,False,True,False,False,False,False,False,False,False,True
Z0003,2024,400.1,27,10.0,14.2,0.0,0,0,Pikine,Dakar,14.77572,-17.39278,3.0,1.59,1457,27.4,334,3.8,0,7.284820912568604,1,2.74,1,0.0,False,True,False,False,False,True,False,False,False,False,False,False,False,True
Z0004,2015,474.6,33,74.7,148.8,0.0,1,0,Pikine,Dakar,14.72863,-17.37883,8.7,2.7,1343,45.9,307,2.0,1,7.203405521083095,0,34.2873,2,0.1,False,False,True,False,False,False,False,False,False,True,False,True,False,False
Z0004,2016,353.2,30,10.0,20.1,0.0,0,0,Pikine,Dakar,14.72863,-17.37883,8.7,2.7,1343,45.9,307,2.0,1,7.203405521083095,0,4.59,2,0.1,False,False,True,False,False,False,False,False,False,True,False,True,False,False
Z0004,2017,643.0,41,39.8,48.1,0.0,0,0,Pikine,Dakar,14.72863,-17.37883,8.7,2.7,1343,45.9,307,2.0,1,7.203405521083095,0,18.268199999999997,2,0.1,False,False,True,False,False,False,False,False,False,True,False,True,False,False
Z0004,2018,366.4,20,16.4,25.9,0.0,0,0,Pikine,Dakar,14.72863,-17.37883,8.7,2.7,1343,45.9,307,2.0,1,7.203405521083095,0,7.527599999999999,2,0.1,False,False,True,False,False,False,False,False,False,True,False,True,False,False
Z0004,2019,378.7,28,62.5,122.7,0.0,0,0,Pikine,Dakar,14.72863,-17.37883,8.7,2.7,1343,45.9,307,2.0,1,7.203405521083095,0,28.6875,2,0.1,False,False,True,False,False,False,False,False,False,True,False,True,False,False
Z0004,2020,547.4,29,15.2,26.9,0.0,0,0,Pikine,Dakar,14.72863,-17.37883,8.7,2.7,1343,45.9,307,2.0,1,7.203405521083095,0,6.9768,2,0.1,False,False,True,False,False,False,False,False,False,True,False,True,False,False
Z0004,2021,320.7,18,33.1,47.1,0.0,1,0,Pikine,Dakar,14.72863,-17.37883,8.7,2.7,1343,45.9,307,2.0,1,7.203405521083095,0,15.1929,2,0.1,False,False,True,False,False,False,False,False,False,True,False,True,False,False
Z0004,2022,280.9,28,16.2,26.9,0.0,0,0,Pikine,Dakar,14.72863,-17.37883,8.7,2.7,1343,45.9,307,2.0,1,7.203405521083095,0,7.4357999999999995,2,0.1,False,False,True,False,False,False,False,False,False,True,False,True,False,False
Z0004,2023,189.0,16,10.0,17.6,0.0,0,0,Pikine,Dakar,14.72863,-17.37883,8.7,2.7,1343,45.9,307,2.0,1,7.203405521083095,0,4.59,2,0.1,False,False,True,False,False,False,False,False,False,True,False,True,False,False
Z0004,2024,388.4,26,24.0,34.1,0.0,0,0,Pikine,Dakar,14.72863,-17.37883,8.7,2.7,1343,45.9,307,2.0,1,7.203405521083095,0,11.015999999999998,2,0.1,False,False,True,False,False,False,False,False,False,True,False,True,False,False
Z0005,2015,536.8,41,20.1,37.8,0.0,0,0,Pikine,Dakar,14.73964,-17.39799,8.7,0.81,821,34.0,4799,4.6,1,6.71174039505618,0,6.8340000000000005,1,0.1,False,False,False,False,True,False,False,True,False,False,False,False,False,True
Z0005,2016,351.9,23,34.0,51.2,0.0,0,0,Pikine,Dakar,14.73964,-17.39799,8.7,0.81,821,34.0,4799,4.6,1,6.71174039505618,0,11.56,1,0.1,False,False,False,False,True,False,False,True,False,False,False,False,False,True
Z0005,2017,352.2,23,20.9,38.0,0.0,0,0,Pikine,Dakar,14.73964,-17.39799,8.7,0.81,821,34.0,4799,4.6,1,6.71174039505618,0,7.105999999999999,1,0.1,False,False,False,False,True,False,False,True,False,False,False,False,False,True
Z0005,2018,444.6,28,26.2,46.6,0.0,0,0,Pikine,Dakar,14.73964,-17.39799,8.7,0.81,821,34.0,4799,4.6,1,6.71174039505618,0,8.908,1,0.1,False,False,False,False,True,False,False,True,False,False,False,False,False,True
Z0005,2019,348.8,23,19.9,34.1,0.0,0,0,Pikine,Dakar,14.73964,-17.39799,8.7,0.81,821,34.0,4799,4.6,1,6.71174039505618,0,6.765999999999999,1,0.1,False,False,False,False,True,False,False,True,False,False,False,False,False,True
Z0005,2020,402.2,25,22.8,37.9,0.0,0,0,Pikine,Dakar,14.73964,-17.39799,8.7,0.81,821,34.0,4799,4.6,1,6.71174039505618,0,7.752000000000001,1,0.1,False,False,False,False,True,False,False,True,False,False,False,False,False,True
Z0005,2021,351.0,22,16.1,34.1,0.0,0,0,Pikine,Dakar,14.73964,-17.39799,8.7,0.81,821,34.0,4799,4.6,1,6.71174039505618,0,5.474000000000001,1,0.1,False,False,False,False,True,False,False,True,False,False,False,False,False,True
Z0005,2022,552.0,30,32.8,53.0,0.0,0,0,Pikine,Dakar,14.73964,-17.39799,8.7,0.81,821,34.0,4799,4.6,1,6.71174039505618,0,11.151999999999997,1,0.1,False,False,False,False,True,False,False,True,False,False,False,False,False,True
Z0005,2023,360.1,25,17.9,33.1,0.0,0,0,Pikine,Dakar,14.73964,-17.39799,8.7,0.81,821,34.0,4799,4.6,1,6.71174039505618,0,6.085999999999999,1,0.1,False,False,False,False,True,False,False,True,False,False,False,False,False,True
Z0005,2024,401.0,26,26.6,36.9,0.0,0,0,Pikine,Dakar,14.73964,-17.39799,8.7,0.81,821,34.0,4799,4.6,1,6.71174039505618,0,9.044,1,0.1,False,False,False,False,True,False,False,True,False,False,False,False,False,True
Z0006,2015,338.4,22,18.1,29.6,0.0,0,0,Pikine,Dakar,14.75455,-17.37609,0.5,0.07,3500,48.4,7965,2.6,1,8.160803920954665,1,8.7604,1,0.1,False,False,False,False,True,False,False,True,False,False,False,False,False,True
Z0006,2016,410.8,30,10.0,17.4,0.0,1,0,Pikine,Dakar,14.75455,-17.37609,0.5,0.07,3500,48.4,7965,2.6,1,8.160803920954665,1,4.84,1,0.1,False,False,False,False,True,False,False,True,False,False,False,False,False,True
Z0006,2017,350.1,36,15.1,20.4,0.0,0,0,Pikine,Dakar,14.75455,-17.37609,0.5,0.07,3500,48.4,7965,2.6,1,8.160803920954665,1,7.308399999999999,1,0.1,False,False,False,False,True,False,False,True,False,False,False,False,False,True
Z0006,2018,283.6,18,44.4,55.3,0.0,1,0,Pikine,Dakar,14.75455,-17.37609,0.5,0.07,3500,48.4,7965,2.6,1,8.160803920954665,1,21.4896,1,0.1,False,False,False,False,True,False,False,True,False,False,False,False,False,True
Z0006,2019,352.8,26,10.0,17.0,0.0,0,0,Pikine,Dakar,14.75455,-17.37609,0.5,0.07,3500,48.4,7965,2.6,1,8.160803920954665,1,4.84,1,0.1,False,False,False,False,True,False,False,True,False,False,False,False,False,True
Z0006,2020,478.0,28,62.2,91.6,0.0,1,0,Pikine,Dakar,14.75455,-17.37609,0.5,0.07,3500,48.4,7965,2.6,1,8.160803920954665,1,30.1048,1,0.1,False,False,False,False,True,False,False,True,False,False,False,False,False,True
Z0006,2021,323.4,26,27.9,55.4,0.0,1,0,Pikine,Dakar,14.75455,-17.37609,0.5,0.07,3500,48.4,7965,2.6,1,8.160803920954665,1,13.503599999999999,1,0.1,False,False,False,False,True,False,False,True,False,False,False,False,False,True
Z0006,2022,407.4,30,10.7,14.2,0.0,0,0,Pikine,Dakar,14.75455,-17.37609,0.5,0.07,3500,48.4,7965,2.6,1,8.160803920954665,1,5.1788,1,0.1,False,False,False,False,True,False,False,True,False,False,False,False,False,True
Z0006,2023,425.3,25,12.8,27.6,0.0,1,0,Pikine,Dakar,14.75455,-17.37609,0.5,0.07,3500,48.4,7965,2.6,1,8.160803920954665,1,6.1952,1,0.1,False,False,False,False,True,False,False,True,False,False,False,False,False,True
Z0006,2024,552.9,43,19.1,26.3,0.0,0,0,Pikine,Dakar,14.75455,-17.37609,0.5,0.07,3500,48.4,7965,2.6,1,8.160803920954665,1,9.2444,1,0.1,False,False,False,False,True,False,False,True,False,False,False,False,False,True
Z0007,2015,457.1,30,43.8,53.6,0.0,0,0,Pikine,Dakar,14.74502,-17.39111,11.7,0.52,352,67.0,28483,1.9,0,5.8664680569332965,0,29.346,1,0.0,False,False,False,False,True,False,True,False,False,False,False,False,False,True
Z0007,2016,370.9,22,16.3,27.1,0.0,0,0,Pikine,Dakar,14.74502,-17.39111,11.7,0.52,352,67.0,28483,1.9,0,5.8664680569332965,0,10.921000000000001,1,0.0,False,False,False,False,True,False,True,False,False,False,False,False,False,True
Z0007,2017,254.8,19,20.0,37.2,0.0,0,0,Pikine,Dakar,14.74502,-17.39111,11.7,0.52,352,67.0,28483,1.9,0,5.8664680569332965,0,13.4,1,0.0,False,False,False,False,True,False,True,False,False,False,False,False,False,True
Z0007,2018,427.9,33,21.5,46.3,0.0,1,0,Pikine,Dakar,14.74502,-17.39111,11.7,0.52,352,67.0,28483,1.9,0,5.8664680569332965,0,14.405,1,0.0,False,False,False,False,True,False,True,False,False,False,False,False,False,True
Z0007,2019,362.4,31,10.0,17.7,0.0,0,0,Pikine,Dakar,14.74502,-17.39111,11.7,0.52,352,67.0,28483,1.9,0,5.8664680569332965,0,6.7,1,0.0,False,False,False,False,True,False,True,False,False,False,False,False,False,True
Z0007,2020,397.0,22,10.0,20.2,0.0,0,0,Pikine,Dakar,14.74502,-17.39111,11.7,0.52,352,67.0,28483,1.9,0,5.8664680569332965,0,6.7,1,0.0,False,False,False,False,True,False,True,False,False,False,False,False,False,True
Z0007,2021,432.0,27,17.6,38.8,0.0,0,0,Pikine,Dakar,14.74502,-17.39111,11.7,0.52,352,67.0,28483,1.9,0,5.8664680569332965,0,11.792,1,0.0,False,False,False,False,True,False,True,False,False,False,False,False,False,True
Z0007,2022,653.7,41,23.0,41.4,0.0,0,0,Pikine,Dakar,14.74502,-17.39111,11.7,0.52,352,67.0,28483,1.9,0,5.8664680569332965,0,15.41,1,0.0,False,False,False,False,True,False,True,False,False,False,False,False,False,True
Z0007,2023,261.8,20,17.6,32.9,0.0,0,0,Pikine,Dakar,14.74502,-17.39111,11.7,0.52,352,67.0,28483,1.9,0,5.8664680569332965,0,11.792,1,0.0,False,False,False,False,True,False,True,False,False,False,False,False,False,True
Z0007,2024,373.7,21,17.5,35.7,0.0,0,0,Pikine,Dakar,14.74502,-17.39111,11.7,0.52,352,67.0,28483,1.9,0,5.8664680569332965,0,11.725,1,0.0,False,False,False,False,True,False,True,False,False,False,False,False,False,True
Z0008,2015,472.6,31,51.8,99.3,0.0,0,0,Pikine,Dakar,14.76671,-17.41574,13.0,0.41,192,48.3,3344,4.5,2,5.262690188904886,0,25.019399999999997,0,0.2,True,False,False,False,False,False,False,True,False,False,True,False,False,False
Z0008,2016,523.1,39,15.9,32.5,0.0,0,0,Pikine,Dakar,14.76671,-17.41574,13.0,0.41,192,48.3,3344,4.5,2,5.262690188904886,0,7.6797,0,0.2,True,False,False,False,False,False,False,True,False,False,True,False,False,False
Z0008,2017,619.5,45,14.2,23.2,0.0,0,0,Pikine,Dakar,14.76671,-17.41574,13.0,0.41,192,48.3,3344,4.5,2,5.262690188904886,0,6.858599999999999,0,0.2,True,False,False,False,False,False,False,True,False,False,True,False,False,False
Z0008,2018,366.4,28,17.4,31.1,0.0,0,0,Pikine,Dakar,14.76671,-17.41574,13.0,0.41,192,48.3,3344,4.5,2,5.262690188904886,0,8.404199999999998,0,0.2,True,False,False,False,False,False,False,True,False,False,True,False,False,False
Z0008,2019,317.6,15,10.0,19.8,0.0,0,0,Pikine,Dakar,14.76671,-17.41574,13.0,0.41,192,48.3,3344,4.5,2,5.262690188904886,0,4.83,0,0.2,True,False,False,False,False,False,False,True,False,False,True,False,False,False
Z0008,2020,448.8,32,15.3,25.0,0.0,0,0,Pikine,Dakar,14.76671,-17.41574,13.0,0.41,192,48.3,3344,4.5,2,5.262690188904886,0,7.3899,0,0.2,True,False,False,False,False,False,False,True,False,False,True,False,False,False
Z0008,2021,703.0,50,19.1,26.5,0.0,0,0,Pikine,Dakar,14.76671,-17.41574,13.0,0.41,192,48.3,3344,4.5,2,5.262690188904886,0,9.225299999999999,0,0.2,True,False,False,False,False,False,False,True,False,False,True,False,False,False
Z0008,2022,632.2,49,13.7,17.6,0.0,0,0,Pikine,Dakar,14.76671,-17.41574,13.0,0.41,192,48.3,3344,4.5,2,5.262690188904886,0,6.617099999999999,0,0.2,True,False,False,False,False,False,False,True,False,False,True,False,False,False
Z0008,2023,660.1,50,23.9,45.8,0.0,0,0,Pikine,Dakar,14.76671,-17.41574,13.0,0.41,192,48.3,3344,4.5,2,5.262690188904886,0,11.5437,0,0.2,True,False,False,False,False,False,False,True,False,False,True,False,False,False
Z0008,2024,702.8,46,47.7,83.1,0.0,0,0,Pikine,Dakar,14.76671,-17.41574,13.0,0.41,192,48.3,3344,4.5,2,5.262690188904886,0,23.039099999999998,0,0.2,True,False,False,False,False,False,False,True,False,False,True,False,False,False
Z0009,2015,525.7,41,25.7,39.6,0.0,0,0,Pikine,Dakar,14.74164,-17.36738,14.9,0.55,918,20.0,172,3.4,1,6.823286122355687,0,5.14,0,0.1,False,False,False,False,True,True,False,False,False,False,True,False,False,False
Z0009,2016,341.1,20,12.2,22.6,0.0,0,0,Pikine,Dakar,14.74164,-17.36738,14.9,0.55,918,20.0,172,3.4,1,6.823286122355687,0,2.44,0,0.1,False,False,False,False,True,True,False,False,False,False,True,False,False,False
Z0009,2017,444.5,33,24.4,53.5,0.0,0,0,Pikine,Dakar,14.74164,-17.36738,14.9,0.55,918,20.0,172,3.4,1,6.823286122355687,0,4.88,0,0.1,False,False,False,False,True,True,False,False,False,False,True,False,False,False
Z0009,2018,431.9,33,18.2,32.3,0.0,0,0,Pikine,Dakar,14.74164,-17.36738,14.9,0.55,918,20.0,172,3.4,1,6.823286122355687,0,3.64,0,0.1,False,False,False,False,True,True,False,False,False,False,True,False,False,False
Z0009,2019,435.7,28,29.5,56.4,0.0,0,0,Pikine,Dakar,14.74164,-17.36738,14.9,0.55,918,20.0,172,3.4,1,6.823286122355687,0,5.9,0,0.1,False,False,False,False,True,True,False,False,False,False,True,False,False,False
Z0009,2020,399.3,30,14.6,30.8,0.0,1,0,Pikine,Dakar,14.74164,-17.36738,14.9,0.55,918,20.0,172,3.4,1,6.823286122355687,0,2.92,0,0.1,False,False,False,False,True,True,False,False,False,False,True,False,False,False
Z0009,2021,339.1,21,15.5,22.3,0.0,0,0,Pikine,Dakar,14.74164,-17.36738,14.9,0.55,918,20.0,172,3.4,1,6.823286122355687,0,3.1,0,0.1,False,False,False,False,True,True,False,False,False,False,True,False,False,False
Z0009,2022,469.7,33,19.6,33.2,0.0,0,0,Pikine,Dakar,14.74164,-17.36738,14.9,0.55,918,20.0,172,3.4,1,6.823286122355687,0,3.92,0,0.1,False,False,False,False,True,True,False,False,False,False,True,False,False,False
Z0009,2023,325.2,23,10.0,12.2,0.0,0,0,Pikine,Dakar,14.74164,-17.36738,14.9,0.55,918,20.0,172,3.4,1,6.823286122355687,0,2.0,0,0.1,False,False,False,False,True,True,False,False,False,False,True,False,False,False
Z0009,2024,346.5,21,23.3,37.8,0.0,0,0,Pikine,Dakar,14.74164,-17.36738,14.9,0.55,918,20.0,172,3.4,1,6.823286122355687,0,4.66,0,0.1,False,False,False,False,True,True,False,False,False,False,True,False,False,False
Z0010,2015,328.6,22,19.6,29.9,0.0,0,0,Pikine,Dakar,14.74847,-17.38261,10.4,0.18,446,16.2,249,1.7,1,6.102558594613569,0,3.1752,0,0.1,False,False,True,False,False,False,False,False,False,True,True,False,False,False
Z0010,2016,381.3,28,35.7,62.7,0.0,0,0,Pikine,Dakar,14.74847,-17.38261,10.4,0.18,446,16.2,249,1.7,1,6.102558594613569,0,5.7834,0,0.1,False,False,True,False,False,False,False,False,False,True,True,False,False,False
Z0010,2017,732.7,47,27.9,51.3,0.0,1,0,Pikine,Dakar,14.74847,-17.38261,10.4,0.18,446,16.2,249,1.7,1,6.102558594613569,0,4.5198,0,0.1,False,False,True,False,False,False,False,False,False,True,True,False,False,False
Z0010,2018,434.0,35,12.6,24.5,0.0,1,0,Pikine,Dakar,14.74847,-17.38261,10.4,0.18,446,16.2,249,1.7,1,6.102558594613569,0,2.0412,0,0.1,False,False,True,False,False,False,False,False,False,True,True,False,False,False
Z0010,2019,393.5,32,59.3,111.4,0.0,0,0,Pikine,Dakar,14.74847,-17.38261,10.4,0.18,446,16.2,249,1.7,1,6.102558594613569,0,9.6066,0,0.1,False,False,True,False,False,False,False,False,False,True,True,False,False,False
Z0010,2020,383.2,18,10.0,14.3,0.0,1,0,Pikine,Dakar,14.74847,-17.38261,10.4,0.18,446,16.2,249,1.7,1,6.102558594613569,0,1.62,0,0.1,False,False,True,False,False,False,False,False,False,True,True,False,False,False
Z0010,2021,382.0,24,25.7,50.0,0.0,0,0,Pikine,Dakar,14.74847,-17.38261,10.4,0.18,446,16.2,249,1.7,1,6.102558594613569,0,4.163399999999999,0,0.1,False,False,True,False,False,False,False,False,False,True,True,False,False,False
Z0010,2022,393.6,20,10.0,21.8,0.0,0,0,Pikine,Dakar,14.74847,-17.38261,10.4,0.18,446,16.2,249,1.7,1,6.102558594613569,0,1.62,0,0.1,False,False,True,False,False,False,False,False,False,True,True,False,False,False
Z0010,2023,393.5,32,14.9,18.1,0.0,1,0,Pikine,Dakar,14.74847,-17.38261,10.4,0.18,446,16.2,249,1.7,1,6.102558594613569,0,2.4138,0,0.1,False,False,True,False,False,False,False,False,False,True,True,False,False,False
Z0010,2024,497.1,28,25.5,44.3,0.0,0,0,Pikine,Dakar,14.74847,-17.38261,10.4,0.18,446,16.2,249,1.7,1,6.102558594613569,0,4.130999999999999,0,0.1,False,False,True,False,False,False,False,False,False,True,True,False,False,False
Z0011,2015,514.2,41,22.7,35.9,0.0,0,0,Pikine,Dakar,14.76818,-17.41133,4.4,0.79,1295,47.3,3914,3.0,3,7.16703787691222,1,10.737099999999998,0,0.3,False,False,False,False,True,False,False,True,False,False,True,False,False,False
Z0011,2016,496.0,38,10.0,14.6,0.0,0,0,Pikine,Dakar,14.76818,-17.41133,4.4,0.79,1295,47.3,3914,3.0,3,7.16703787691222,1,4.73,0,0.3,False,False,False,False,True,False,False,True,False,False,True,False,False,False
Z0011,2017,512.0,33,14.3,21.0,0.0,0,0,Pikine,Dakar,14.76818,-17.41133,4.4,0.79,1295,47.3,3914,3.0,3,7.16703787691222,1,6.7639,0,0.3,False,False,False,False,True,False,False,True,False,False,True,False,False,False
Z0011,2018,360.5,27,14.3,22.8,0.0,0,0,Pikine,Dakar,14.76818,-17.41133,4.4,0.79,1295,47.3,3914,3.0,3,7.16703787691222,1,6.7639,0,0.3,False,False,False,False,True,False,False,True,False,False,True,False,False,False
Z0011,2019,339.0,24,10.0,21.4,0.0,0,0,Pikine,Dakar,14.76818,-17.41133,4.4,0.79,1295,47.3,3914,3.0,3,7.16703787691222,1,4.73,0,0.3,False,False,False,False,True,False,False,True,False,False,True,False,False,False
Z0011,2020,451.9,32,16.4,32.0,0.0,0,0,Pikine,Dakar,14.76818,-17.41133,4.4,0.79,1295,47.3,3914,3.0,3,7.16703787691222,1,7.757199999999999,0,0.3,False,False,False,False,True,False,False,True,False,False,True,False,False,False
Z0011,2021,278.9,21,10.0,17.8,0.0,0,0,Pikine,Dakar,14.76818,-17.41133,4.4,0.79,1295,47.3,3914,3.0,3,7.16703787691222,1,4.73,0,0.3,False,False,False,False,True,False,False,True,False,False,True,False,False,False
Z0011,2022,463.2,30,18.7,38.3,0.0,1,0,Pikine,Dakar,14.76818,-17.41133,4.4,0.79,1295,47.3,3914,3.0,3,7.16703787691222,1,8.845099999999999,0,0.3,False,False,False,False,True,False,False,True,False,False,True,False,False,False
Z0011,2023,490.6,35,10.0,16.6,0.0,0,0,Pikine,Dakar,14.76818,-17.41133,4.4,0.79,1295,47.3,3914,3.0,3,7.16703787691222,1,4.73,0,0.3,False,False,False,False,True,False,False,True,False,False,True,False,False,False
Z0011,2024,606.2,41,64.9,124.9,0.0,1,0,Pikine,Dakar,14.76818,-17.41133,4.4,0.79,1295,47.3,3914,3.0,3,7.16703787691222,1,30.6977,0,0.3,False,False,False,False,True,False,False,True,False,False,True,False,False,False
Z0012,2015,333.7,26,10.9,14.8,0.0,0,0,Pikine,Dakar,14.75383,-17.39262,6.5,1.11,231,45.3,7204,3.0,1,5.44673737166631,0,4.9376999999999995,1,0.1,False,True,False,False,False,False,False,True,False,False,False,False,False,True
Z0012,2016,290.7,12,10.4,14.8,0.0,1,0,Pikine,Dakar,14.75383,-17.39262,6.5,1.11,231,45.3,7204,3.0,1,5.44673737166631,0,4.7112,1,0.1,False,True,False,False,False,False,False,True,False,False,False,False,False,True
Z0012,2017,360.9,29,13.5,71.5,0.0,1,0,Pikine,Dakar,14.75383,-17.39262,6.5,1.11,231,45.3,7204,3.0,1,5.44673737166631,0,6.1155,1,0.1,False,True,False,False,False,False,False,True,False,False,False,False,False,True
Z0012,2018,443.6,25,52.8,96.6,0.0,0,0,Pikine,Dakar,14.75383,-17.39262,6.5,1.11,231,45.3,7204,3.0,1,5.44673737166631,0,23.9184,1,0.1,False,True,False,False,False,False,False,True,False,False,False,False,False,True
Z0012,2019,429.7,31,16.0,31.1,0.0,0,0,Pikine,Dakar,14.75383,-17.39262,6.5,1.11,231,45.3,7204,3.0,1,5.44673737166631,0,7.247999999999999,1,0.1,False,True,False,False,False,False,False,True,False,False,False,False,False,True
Z0012,2020,380.8,30,13.5,29.4,0.0,0,0,Pikine,Dakar,14.75383,-17.39262,6.5,1.11,231,45.3,7204,3.0,1,5.44673737166631,0,6.1155,1,0.1,False,True,False,False,False,False,False,True,False,False,False,False,False,True
Z0012,2021,549.5,34,12.0,16.3,0.0,0,0,Pikine,Dakar,14.75383,-17.39262,6.5,1.11,231,45.3,7204,3.0,1,5.44673737166631,0,5.435999999999999,1,0.1,False,True,False,False,False,False,False,True,False,False,False,False,False,True
Z0012,2022,325.7,27,15.0,26.0,0.0,0,0,Pikine,Dakar,14.75383,-17.39262,6.5,1.11,231,45.3,7204,3.0,1,5.44673737166631,0,6.795,1,0.1,False,True,False,False,False,False,False,True,False,False,False,False,False,True
Z0012,2023,526.8,38,36.9,73.4,0.0,0,0,Pikine,Dakar,14.75383,-17.39262,6.5,1.11,231,45.3,7204,3.0,1,5.44673737166631,0,16.7157,1,0.1,False,True,False,False,False,False,False,True,False,False,False,False,False,True
Z0012,2024,549.8,37,10.4,19.2,0.0,1,0,Pikine,Dakar,14.75383,-17.39262,6.5,1.11,231,45.3,7204,3.0,1,5.44673737166631,0,4.7112,1,0.1,False,True,False,False,False,False,False,True,False,False,False,False,False,True
Z0013,2015,303.5,19,12.3,17.4,0.0,0,0,Pikine,Dakar,14.74823,-17.37753,6.1,0.1,771,13.1,402,2.2,6,6.648984550024776,1,1.6113,1,0.6,False,False,True,False,False,False,False,False,False,True,False,False,False,True
Z0013,2016,429.1,39,14.7,24.4,0.0,0,0,Pikine,Dakar,14.74823,-17.37753,6.1,0.1,771,13.1,402,2.2,6,6.648984550024776,1,1.9257,1,0.6,False,False,True,False,False,False,False,False,False,True,False,False,False,True
Z0013,2017,493.8,29,18.3,38.8,0.0,0,0,Pikine,Dakar,14.74823,-17.37753,6.1,0.1,771,13.1,402,2.2,6,6.648984550024776,1,2.3973,1,0.6,False,False,True,False,False,False,False,False,False,True,False,False,False,True
Z0013,2018,304.8,27,10.0,13.1,0.0,0,0,Pikine,Dakar,14.74823,-17.37753,6.1,0.1,771,13.1,402,2.2,6,6.648984550024776,1,1.31,1,0.6,False,False,True,False,False,False,False,False,False,True,False,False,False,True
Z0013,2019,499.6,35,17.2,31.5,0.0,1,0,Pikine,Dakar,14.74823,-17.37753,6.1,0.1,771,13.1,402,2.2,6,6.648984550024776,1,2.2532,1,0.6,False,False,True,False,False,False,False,False,False,True,False,False,False,True
Z0013,2020,517.6,32,11.6,23.2,0.0,0,0,Pikine,Dakar,14.74823,-17.37753,6.1,0.1,771,13.1,402,2.2,6,6.648984550024776,1,1.5195999999999998,1,0.6,False,False,True,False,False,False,False,False,False,True,False,False,False,True
Z0013,2021,567.1,44,12.3,15.7,0.0,1,0,Pikine,Dakar,14.74823,-17.37753,6.1,0.1,771,13.1,402,2.2,6,6.648984550024776,1,1.6113,1,0.6,False,False,True,False,False,False,False,False,False,True,False,False,False,True
Z0013,2022,499.0,39,48.9,75.9,0.0,1,0,Pikine,Dakar,14.74823,-17.37753,6.1,0.1,771,13.1,402,2.2,6,6.648984550024776,1,6.405899999999999,1,0.6,False,False,True,False,False,False,False,False,False,True,False,False,False,True
Z0013,2023,502.6,33,36.7,80.6,0.0,1,0,Pikine,Dakar,14.74823,-17.37753,6.1,0.1,771,13.1,402,2.2,6,6.648984550024776,1,4.8077000000000005,1,0.6,False,False,True,False,False,False,False,False,False,True,False,False,False,True
Z0013,2024,667.5,51,28.7,37.9,0.0,0,0,Pikine,Dakar,14.74823,-17.37753,6.1,0.1,771,13.1,402,2.2,6,6.648984550024776,1,3.7596999999999996,1,0.6,False,False,True,False,False,False,False,False,False,True,False,False,False,True
Z0014,2015,349.8,25,21.0,35.7,0.0,1,0,Pikine,Dakar,14.76448,-17.37771,0.5,1.09,3234,75.5,11064,1.6,10,8.081784206935001,1,15.855,0,1.0,True,False,False,False,False,False,True,False,False,False,True,False,False,False
Z0014,2016,297.7,19,10.0,18.4,0.0,1,0,Pikine,Dakar,14.76448,-17.37771,0.5,1.09,3234,75.5,11064,1.6,10,8.081784206935001,1,7.55,0,1.0,True,False,False,False,False,False,True,False,False,False,True,False,False,False
Z0014,2017,255.6,20,10.7,19.5,0.0,1,0,Pikine,Dakar,14.76448,-17.37771,0.5,1.09,3234,75.5,11064,1.6,10,8.081784206935001,1,8.078499999999998,0,1.0,True,False,False,False,False,False,True,False,False,False,True,False,False,False
Z0014,2018,517.3,38,21.2,44.4,0.0,1,0,Pikine,Dakar,14.76448,-17.37771,0.5,1.09,3234,75.5,11064,1.6,10,8.081784206935001,1,16.006,0,1.0,True,False,False,False,False,False,True,False,False,False,True,False,False,False
Z0014,2019,381.0,29,19.3,25.4,0.0,1,0,Pikine,Dakar,14.76448,-17.37771,0.5,1.09,3234,75.5,11064,1.6,10,8.081784206935001,1,14.5715,0,1.0,True,False,False,False,False,False,True,False,False,False,True,False,False,False
Z0014,2020,458.5,35,23.0,28.3,0.0,1,0,Pikine,Dakar,14.76448,-17.37771,0.5,1.09,3234,75.5,11064,1.6,10,8.081784206935001,1,17.365,0,1.0,True,False,False,False,False,False,True,False,False,False,True,False,False,False
Z0014,2021,275.8,16,10.0,14.6,0.0,1,0,Pikine,Dakar,14.76448,-17.37771,0.5,1.09,3234,75.5,11064,1.6,10,8.081784206935001,1,7.55,0,1.0,True,False,False,False,False,False,True,False,False,False,True,False,False,False
Z0014,2022,274.9,20,14.3,25.7,0.0,1,0,Pikine,Dakar,14.76448,-17.37771,0.5,1.09,3234,75.5,11064,1.6,10,8.081784206935001,1,10.796500000000002,0,1.0,True,False,False,False,False,False,True,False,False,False,True,False,False,False
Z0014,2023,441.3,29,21.8,30.8,0.0,1,0,Pikine,Dakar,14.76448,-17.37771,0.5,1.09,3234,75.5,11064,1.6,10,8.081784206935001,1,16.459,0,1.0,True,False,False,False,False,False,True,False,False,False,True,False,False,False
Z0014,2024,409.5,30,39.9,76.8,0.0,1,0,Pikine,Dakar,14.76448,-17.37771,0.5,1.09,3234,75.5,11064,1.6,10,8.081784206935001,1,30.124499999999998,0,1.0,True,False,False,False,False,False,True,False,False,False,True,False,False,False
Z0015,2015,561.7,43,25.4,45.3,0.0,0,0,Guédiawaye,Dakar,14.76866,-17.38819,4.1,1.83,351,58.3,4558,3.6,3,5.863631175598097,1,14.8082,0,0.3,False,False,False,False,True,False,False,True,False,False,True,False,False,False
Z0015,2016,413.0,31,34.1,72.5,0.0,1,0,Guédiawaye,Dakar,14.76866,-17.38819,4.1,1.83,351,58.3,4558,3.6,3,5.863631175598097,1,19.8803,0,0.3,False,False,False,False,True,False,False,True,False,False,True,False,False,False
Z0015,2017,390.4,31,13.8,23.7,0.0,0,0,Guédiawaye,Dakar,14.76866,-17.38819,4.1,1.83,351,58.3,4558,3.6,3,5.863631175598097,1,8.045399999999999,0,0.3,False,False,False,False,True,False,False,True,False,False,True,False,False,False
Z0015,2018,290.1,19,22.7,31.2,0.0,1,0,Guédiawaye,Dakar,14.76866,-17.38819,4.1,1.83,351,58.3,4558,3.6,3,5.863631175598097,1,13.234099999999998,0,0.3,False,False,False,False,True,False,False,True,False,False,True,False,False,False
Z0015,2019,340.7,30,12.5,20.8,0.0,1,0,Guédiawaye,Dakar,14.76866,-17.38819,4.1,1.83,351,58.3,4558,3.6,3,5.863631175598097,1,7.2875,0,0.3,False,False,False,False,True,False,False,True,False,False,True,False,False,False
Z0015,2020,431.0,39,55.9,69.8,0.0,1,0,Guédiawaye,Dakar,14.76866,-17.38819,4.1,1.83,351,58.3,4558,3.6,3,5.863631175598097,1,32.5897,0,0.3,False,False,False,False,True,False,False,True,False,False,True,False,False,False
Z0015,2021,294.6,14,14.5,26.2,0.0,0,0,Guédiawaye,Dakar,14.76866,-17.38819,4.1,1.83,351,58.3,4558,3.6,3,5.863631175598097,1,8.453499999999998,0,0.3,False,False,False,False,True,False,False,True,False,False,True,False,False,False
Z0015,2022,373.2,25,64.2,130.8,0.0,1,0,Guédiawaye,Dakar,14.76866,-17.38819,4.1,1.83,351,58.3,4558,3.6,3,5.863631175598097,1,37.4286,0,0.3,False,False,False,False,True,False,False,True,False,False,True,False,False,False
Z0015,2023,357.7,24,25.4,39.8,0.0,0,0,Guédiawaye,Dakar,14.76866,-17.38819,4.1,1.83,351,58.3,4558,3.6,3,5.863631175598097,1,14.8082,0,0.3,False,False,False,False,True,False,False,True,False,False,True,False,False,False
Z0015,2024,502.5,33,58.8,89.9,0.0,0,0,Guédiawaye,Dakar,14.76866,-17.38819,4.1,1.83,351,58.3,4558,3.6,3,5.863631175598097,1,34.28039999999999,0,0.3,False,False,False,False,True,False,False,True,False,False,True,False,False,False
Z0016,2015,446.7,34,29.8,57.3,0.0,1,0,Guédiawaye,Dakar,14.76056,-17.40758,6.9,0.38,1370,94.4,17895,2.7,7,7.223295679562314,1,28.131200000000003,0,0.7,False,False,False,True,False,False,True,False,False,False,True,False,False,False
Z0016,2016,516.6,33,18.6,35.8,0.0,1,0,Guédiawaye,Dakar,14.76056,-17.40758,6.9,0.38,1370,94.4,17895,2.7,7,7.223295679562314,1,17.558400000000002,0,0.7,False,False,False,True,False,False,True,False,False,False,True,False,False,False
Z0016,2017,554.5,32,15.5,26.9,0.0,1,0,Guédiawaye,Dakar,14.76056,-17.40758,6.9,0.38,1370,94.4,17895,2.7,7,7.223295679562314,1,14.632,0,0.7,False,False,False,True,False,False,True,False,False,False,True,False,False,False
Z0016,2018,383.0,33,22.8,32.3,0.0,1,0,Guédiawaye,Dakar,14.76056,-17.40758,6.9,0.38,1370,94.4,17895,2.7,7,7.223295679562314,1,21.523200000000003,0,0.7,False,False,False,True,False,False,True,False,False,False,True,False,False,False
Z0016,2019,452.0,36,44.4,57.6,0.0,0,0,Guédiawaye,Dakar,14.76056,-17.40758,6.9,0.38,1370,94.4,17895,2.7,7,7.223295679562314,1,41.913599999999995,0,0.7,False,False,False,True,False,False,True,False,False,False,True,False,False,False
Z0016,2020,557.7,48,19.3,38.5,0.0,0,0,Guédiawaye,Dakar,14.76056,-17.40758,6.9,0.38,1370,94.4,17895,2.7,7,7.223295679562314,1,18.2192,0,0.7,False,False,False,True,False,False,True,False,False,False,True,False,False,False
Z0016,2021,452.0,36,35.0,69.9,0.0,1,0,Guédiawaye,Dakar,14.76056,-17.40758,6.9,0.38,1370,94.4,17895,2.7,7,7.223295679562314,1,33.04,0,0.7,False,False,False,True,False,False,True,False,False,False,True,False,False,False
Z0016,2022,340.5,21,19.3,28.9,0.0,1,0,Guédiawaye,Dakar,14.76056,-17.40758,6.9,0.38,1370,94.4,17895,2.7,7,7.223295679562314,1,18.2192,0,0.7,False,False,False,True,False,False,True,False,False,False,True,False,False,False
Z0016,2023,569.0,31,12.4,21.6,0.0,1,0,Guédiawaye,Dakar,14.76056,-17.40758,6.9,0.38,1370,94.4,17895,2.7,7,7.223295679562314,1,11.705600000000002,0,0.7,False,False,False,True,False,False,True,False,False,False,True,False,False,False
Z0016,2024,446.3,30,10.0,21.4,0.0,0,0,Guédiawaye,Dakar,14.76056,-17.40758,6.9,0.38,1370,94.4,17895,2.7,7,7.223295679562314,1,9.44,0,0.7,False,False,False,True,False,False,True,False,False,False,True,False,False,False
Z0017,2015,361.4,30,10.0,18.3,0.0,0,0,Guédiawaye,Dakar,14.75545,-17.41062,11.1,2.29,228,62.0,18896,1.6,3,5.43372200355424,0,6.2,1,0.3,False,False,True,False,False,False,True,False,False,False,False,False,False,True
Z0017,2016,322.6,24,25.0,38.4,0.0,0,0,Guédiawaye,Dakar,14.75545,-17.41062,11.1,2.29,228,62.0,18896,1.6,3,5.43372200355424,0,15.5,1,0.3,False,False,True,False,False,False,True,False,False,False,False,False,False,True
Z0017,2017,374.5,28,14.5,30.0,0.0,1,0,Guédiawaye,Dakar,14.75545,-17.41062,11.1,2.29,228,62.0,18896,1.6,3,5.43372200355424,0,8.99,1,0.3,False,False,True,False,False,False,True,False,False,False,False,False,False,True
Z0017,2018,342.9,26,21.9,29.3,0.0,0,0,Guédiawaye,Dakar,14.75545,-17.41062,11.1,2.29,228,62.0,18896,1.6,3,5.43372200355424,0,13.578,1,0.3,False,False,True,False,False,False,True,False,False,False,False,False,False,True
Z0017,2019,529.4,40,30.1,59.4,0.0,0,0,Guédiawaye,Dakar,14.75545,-17.41062,11.1,2.29,228,62.0,18896,1.6,3,5.43372200355424,0,18.662,1,0.3,False,False,True,False,False,False,True,False,False,False,False,False,False,True
Z0017,2020,509.1,29,34.1,60.6,0.0,0,0,Guédiawaye,Dakar,14.75545,-17.41062,11.1,2.29,228,62.0,18896,1.6,3,5.43372200355424,0,21.142000000000003,1,0.3,False,False,True,False,False,False,True,False,False,False,False,False,False,True
Z0017,2021,350.2,25,29.4,43.7,0.0,0,0,Guédiawaye,Dakar,14.75545,-17.41062,11.1,2.29,228,62.0,18896,1.6,3,5.43372200355424,0,18.227999999999998,1,0.3,False,False,True,False,False,False,True,False,False,False,False,False,False,True
Z0017,2022,752.9,51,26.8,35.9,0.0,1,0,Guédiawaye,Dakar,14.75545,-17.41062,11.1,2.29,228,62.0,18896,1.6,3,5.43372200355424,0,16.616,1,0.3,False,False,True,False,False,False,True,False,False,False,False,False,False,True
Z0017,2023,401.7,23,30.4,60.6,0.0,0,0,Guédiawaye,Dakar,14.75545,-17.41062,11.1,2.29,228,62.0,18896,1.6,3,5.43372200355424,0,18.848,1,0.3,False,False,True,False,False,False,True,False,False,False,False,False,False,True
Z0017,2024,642.8,42,56.9,114.8,0.0,0,0,Guédiawaye,Dakar,14.75545,-17.41062,11.1,2.29,228,62.0,18896,1.6,3,5.43372200355424,0,35.278,1,0.3,False,False,True,False,False,False,True,False,False,False,False,False,False,True
Z0018,2015,277.0,18,15.1,24.4,0.0,0,0,Guédiawaye,Dakar,14.78082,-17.41059,8.6,0.45,1812,61.6,3356,5.4,1,7.502738210754851,0,9.3016,1,0.1,False,True,False,False,False,False,False,True,False,False,False,False,False,True
Z0018,2016,383.9,28,15.2,26.4,0.0,0,0,Guédiawaye,Dakar,14.78082,-17.41059,8.6,0.45,1812,61.6,3356,5.4,1,7.502738210754851,0,9.363199999999999,1,0.1,False,True,False,False,False,False,False,True,False,False,False,False,False,True
Z0018,2017,314.0,19,13.7,24.3,0.0,0,0,Guédiawaye,Dakar,14.78082,-17.41059,8.6,0.45,1812,61.6,3356,5.4,1,7.502738210754851,0,8.4392,1,0.1,False,True,False,False,False,False,False,True,False,False,False,False,False,True
Z0018,2018,564.2,40,49.5,92.7,0.0,1,0,Guédiawaye,Dakar,14.78082,-17.41059,8.6,0.45,1812,61.6,3356,5.4,1,7.502738210754851,0,30.492000000000004,1,0.1,False,True,False,False,False,False,False,True,False,False,False,False,False,True
Z0018,2019,340.8,25,15.1,23.5,0.0,0,0,Guédiawaye,Dakar,14.78082,-17.41059,8.6,0.45,1812,61.6,3356,5.4,1,7.502738210754851,0,9.3016,1,0.1,False,True,False,False,False,False,False,True,False,False,False,False,False,True
Z0018,2020,463.3,39,27.6,50.0,0.0,1,0,Guédiawaye,Dakar,14.78082,-17.41059,8.6,0.45,1812,61.6,3356,5.4,1,7.502738210754851,0,17.0016,1,0.1,False,True,False,False,False,False,False,True,False,False,False,False,False,True
Z0018,2021,406.3,31,14.2,24.0,0.0,0,0,Guédiawaye,Dakar,14.78082,-17.41059,8.6,0.45,1812,61.6,3356,5.4,1,7.502738210754851,0,8.7472,1,0.1,False,True,False,False,False,False,False,True,False,False,False,False,False,True
Z0018,2022,391.1,31,31.4,68.1,0.0,0,0,Guédiawaye,Dakar,14.78082,-17.41059,8.6,0.45,1812,61.6,3356,5.4,1,7.502738210754851,0,19.3424,1,0.1,False,True,False,False,False,False,False,True,False,False,False,False,False,True
Z0018,2023,345.9,31,26.3,34.1,0.0,0,0,Guédiawaye,Dakar,14.78082,-17.41059,8.6,0.45,1812,61.6,3356,5.4,1,7.502738210754851,0,16.2008,1,0.1,False,True,False,False,False,False,False,True,False,False,False,False,False,True
Z0018,2024,418.5,21,27.1,38.4,0.0,0,0,Guédiawaye,Dakar,14.78082,-17.41059,8.6,0.45,1812,61.6,3356,5.4,1,7.502738210754851,0,16.6936,1,0.1,False,True,False,False,False,False,False,True,False,False,False,False,False,True
Z0019,2015,312.4,22,19.2,30.5,0.0,1,0,Guédiawaye,Dakar,14.77785,-17.3953,9.2,0.39,541,21.5,307,0.2,6,6.295266001439646,0,4.128,1,0.6,False,False,True,False,False,False,False,False,False,True,False,False,False,True
Z0019,2016,377.6,30,11.1,17.0,0.0,0,0,Guédiawaye,Dakar,14.77785,-17.3953,9.2,0.39,541,21.5,307,0.2,6,6.295266001439646,0,2.3865,1,0.6,False,False,True,False,False,False,False,False,False,True,False,False,False,True
Z0019,2017,366.0,28,16.4,32.9,0.0,1,0,Guédiawaye,Dakar,14.77785,-17.3953,9.2,0.39,541,21.5,307,0.2,6,6.295266001439646,0,3.526,1,0.6,False,False,True,False,False,False,False,False,False,True,False,False,False,True
Z0019,2018,385.0,29,21.0,26.2,0.0,0,0,Guédiawaye,Dakar,14.77785,-17.3953,9.2,0.39,541,21.5,307,0.2,6,6.295266001439646,0,4.515,1,0.6,False,False,True,False,False,False,False,False,False,True,False,False,False,True
Z0019,2019,555.2,39,10.0,22.0,0.0,1,0,Guédiawaye,Dakar,14.77785,-17.3953,9.2,0.39,541,21.5,307,0.2,6,6.295266001439646,0,2.15,1,0.6,False,False,True,False,False,False,False,False,False,True,False,False,False,True
Z0019,2020,426.9,32,67.0,88.4,0.0,0,0,Guédiawaye,Dakar,14.77785,-17.3953,9.2,0.39,541,21.5,307,0.2,6,6.295266001439646,0,14.405,1,0.6,False,False,True,False,False,False,False,False,False,True,False,False,False,True
Z0019,2021,349.7,26,38.4,68.0,0.0,0,0,Guédiawaye,Dakar,14.77785,-17.3953,9.2,0.39,541,21.5,307,0.2,6,6.295266001439646,0,8.256,1,0.6,False,False,True,False,False,False,False,False,False,True,False,False,False,True
Z0019,2022,775.2,52,20.1,42.1,0.0,1,0,Guédiawaye,Dakar,14.77785,-17.3953,9.2,0.39,541,21.5,307,0.2,6,6.295266001439646,0,4.3215,1,0.6,False,False,True,False,False,False,False,False,False,True,False,False,False,True
Z0019,2023,341.5,27,20.9,39.2,0.0,1,0,Guédiawaye,Dakar,14.77785,-17.3953,9.2,0.39,541,21.5,307,0.2,6,6.295266001439646,0,4.4935,1,0.6,False,False,True,False,False,False,False,False,False,True,False,False,False,True
Z0019,2024,418.6,29,13.4,20.9,0.0,1,0,Guédiawaye,Dakar,14.77785,-17.3953,9.2,0.39,541,21.5,307,0.2,6,6.295266001439646,0,2.8810000000000002,1,0.6,False,False,True,False,False,False,False,False,False,True,False,False,False,True
Z0020,2015,430.4,34,20.7,30.4,0.0,0,0,Guédiawaye,Dakar,14.78576,-17.42724,11.7,1.51,1411,88.5,16319,3.3,1,7.252762418053187,0,18.3195,2,0.1,False,False,False,True,False,False,True,False,False,False,False,True,False,False
Z0020,2016,503.2,36,39.8,74.4,0.0,0,0,Guédiawaye,Dakar,14.78576,-17.42724,11.7,1.51,1411,88.5,16319,3.3,1,7.252762418053187,0,35.223,2,0.1,False,False,False,True,False,False,True,False,False,False,False,True,False,False
Z0020,2017,401.3,27,18.4,30.6,0.0,0,0,Guédiawaye,Dakar,14.78576,-17.42724,11.7,1.51,1411,88.5,16319,3.3,1,7.252762418053187,0,16.284,2,0.1,False,False,False,True,False,False,True,False,False,False,False,True,False,False
Z0020,2018,449.6,30,39.4,67.0,0.0,0,0,Guédiawaye,Dakar,14.78576,-17.42724,11.7,1.51,1411,88.5,16319,3.3,1,7.252762418053187,0,34.869,2,0.1,False,False,False,True,False,False,True,False,False,False,False,True,False,False
Z0020,2019,474.1,29,79.9,105.1,0.0,1,0,Guédiawaye,Dakar,14.78576,-17.42724,11.7,1.51,1411,88.5,16319,3.3,1,7.252762418053187,0,70.7115,2,0.1,False,False,False,True,False,False,True,False,False,False,False,True,False,False
Z0020,2020,555.0,40,26.0,41.3,0.0,0,0,Guédiawaye,Dakar,14.78576,-17.42724,11.7,1.51,1411,88.5,16319,3.3,1,7.252762418053187,0,23.01,2,0.1,False,False,False,True,False,False,True,False,False,False,False,True,False,False
Z0020,2021,379.5,30,21.8,42.6,0.0,0,0,Guédiawaye,Dakar,14.78576,-17.42724,11.7,1.51,1411,88.5,16319,3.3,1,7.252762418053187,0,19.293,2,0.1,False,False,False,True,False,False,True,False,False,False,False,True,False,False
Z0020,2022,327.0,26,40.5,88.5,0.0,0,0,Guédiawaye,Dakar,14.78576,-17.42724,11.7,1.51,1411,88.5,16319,3.3,1,7.252762418053187,0,35.8425,2,0.1,False,False,False,True,False,False,True,False,False,False,False,True,False,False
Z0020,2023,494.4,33,22.6,45.4,0.0,0,0,Guédiawaye,Dakar,14.78576,-17.42724,11.7,1.51,1411,88.5,16319,3.3,1,7.252762418053187,0,20.001,2,0.1,False,False,False,True,False,False,True,False,False,False,False,True,False,False
Z0020,2024,626.5,47,24.3,33.6,0.0,0,0,Guédiawaye,Dakar,14.78576,-17.42724,11.7,1.51,1411,88.5,16319,3.3,1,7.252762418053187,0,21.5055,2,0.1,False,False,False,True,False,False,True,False,False,False,False,True,False,False
Z0021,2015,442.5,37,19.8,24.8,0.0,1,0,Guédiawaye,Dakar,14.79981,-17.39885,4.0,0.17,746,38.1,11581,3.4,4,6.616065185132817,1,7.543800000000001,0,0.4,False,False,True,False,False,False,False,True,False,False,True,False,False,False
Z0021,2016,274.7,17,29.3,43.9,0.0,1,0,Guédiawaye,Dakar,14.79981,-17.39885,4.0,0.17,746,38.1,11581,3.4,4,6.616065185132817,1,11.163300000000001,0,0.4,False,False,True,False,False,False,False,True,False,False,True,False,False,False
Z0021,2017,382.4,25,20.6,31.6,0.0,0,0,Guédiawaye,Dakar,14.79981,-17.39885,4.0,0.17,746,38.1,11581,3.4,4,6.616065185132817,1,7.848600000000001,0,0.4,False,False,True,False,False,False,False,True,False,False,True,False,False,False
Z0021,2018,449.4,23,16.5,23.5,0.0,0,0,Guédiawaye,Dakar,14.79981,-17.39885,4.0,0.17,746,38.1,11581,3.4,4,6.616065185132817,1,6.2865,0,0.4,False,False,True,False,False,False,False,True,False,False,True,False,False,False
Z0021,2019,472.8,36,11.6,19.1,0.0,0,0,Guédiawaye,Dakar,14.79981,-17.39885,4.0,0.17,746,38.1,11581,3.4,4,6.616065185132817,1,4.4196,0,0.4,False,False,True,False,False,False,False,True,False,False,True,False,False,False
Z0021,2020,448.6,33,19.8,41.7,0.0,1,0,Guédiawaye,Dakar,14.79981,-17.39885,4.0,0.17,746,38.1,11581,3.4,4,6.616065185132817,1,7.543800000000001,0,0.4,False,False,True,False,False,False,False,True,False,False,True,False,False,False
Z0021,2021,278.4,20,10.0,15.4,0.0,0,0,Guédiawaye,Dakar,14.79981,-17.39885,4.0,0.17,746,38.1,11581,3.4,4,6.616065185132817,1,3.81,0,0.4,False,False,True,False,False,False,False,True,False,False,True,False,False,False
Z0021,2022,579.4,50,122.0,182.5,0.0,1,0,Guédiawaye,Dakar,14.79981,-17.39885,4.0,0.17,746,38.1,11581,3.4,4,6.616065185132817,1,46.482,0,0.4,False,False,True,False,False,False,False,True,False,False,True,False,False,False
Z0021,2023,399.9,29,12.4,22.0,0.0,0,0,Guédiawaye,Dakar,14.79981,-17.39885,4.0,0.17,746,38.1,11581,3.4,4,6.616065185132817,1,4.7244,0,0.4,False,False,True,False,False,False,False,True,False,False,True,False,False,False
Z0021,2024,651.5,49,83.3,135.4,0.0,0,0,Guédiawaye,Dakar,14.79981,-17.39885,4.0,0.17,746,38.1,11581,3.4,4,6.616065185132817,1,31.7373,0,0.4,False,False,True,False,False,False,False,True,False,False,True,False,False,False
Z0022,2015,399.6,26,40.7,62.8,0.0,1,0,Guédiawaye,Dakar,14.76631,-17.37236,11.4,1.48,1122,56.2,8157,3.6,2,7.023758954738443,0,22.8734,1,0.2,False,False,False,True,False,False,False,True,False,False,False,False,False,True
Z0022,2016,323.4,16,11.5,19.3,0.0,0,0,Guédiawaye,Dakar,14.76631,-17.37236,11.4,1.48,1122,56.2,8157,3.6,2,7.023758954738443,0,6.463000000000001,1,0.2,False,False,False,True,False,False,False,True,False,False,False,False,False,True
Z0022,2017,514.5,34,32.7,64.3,0.0,0,0,Guédiawaye,Dakar,14.76631,-17.37236,11.4,1.48,1122,56.2,8157,3.6,2,7.023758954738443,0,18.3774,1,0.2,False,False,False,True,False,False,False,True,False,False,False,False,False,True
Z0022,2018,510.5,37,16.0,29.1,0.0,0,0,Guédiawaye,Dakar,14.76631,-17.37236,11.4,1.48,1122,56.2,8157,3.6,2,7.023758954738443,0,8.992,1,0.2,False,False,False,True,False,False,False,True,False,False,False,False,False,True
Z0022,2019,564.6,43,25.0,48.4,0.0,0,0,Guédiawaye,Dakar,14.76631,-17.37236,11.4,1.48,1122,56.2,8157,3.6,2,7.023758954738443,0,14.05,1,0.2,False,False,False,True,False,False,False,True,False,False,False,False,False,True
Z0022,2020,503.9,38,21.0,39.4,0.0,1,0,Guédiawaye,Dakar,14.76631,-17.37236,11.4,1.48,1122,56.2,8157,3.6,2,7.023758954738443,0,11.802,1,0.2,False,False,False,True,False,False,False,True,False,False,False,False,False,True
Z0022,2021,348.5,21,25.6,54.9,0.0,0,0,Guédiawaye,Dakar,14.76631,-17.37236,11.4,1.48,1122,56.2,8157,3.6,2,7.023758954738443,0,14.387200000000002,1,0.2,False,False,False,True,False,False,False,True,False,False,False,False,False,True
Z0022,2022,493.0,38,10.0,20.3,0.0,1,0,Guédiawaye,Dakar,14.76631,-17.37236,11.4,1.48,1122,56.2,8157,3.6,2,7.023758954738443,0,5.62,1,0.2,False,False,False,True,False,False,False,True,False,False,False,False,False,True
Z0022,2023,413.1,31,27.0,57.8,0.0,0,0,Guédiawaye,Dakar,14.76631,-17.37236,11.4,1.48,1122,56.2,8157,3.6,2,7.023758954738443,0,15.174000000000001,1,0.2,False,False,False,True,False,False,False,True,False,False,False,False,False,True
Z0022,2024,539.6,37,17.7,22.8,0.0,0,0,Guédiawaye,Dakar,14.76631,-17.37236,11.4,1.48,1122,56.2,8157,3.6,2,7.023758954738443,0,9.9474,1,0.2,False,False,False,True,False,False,False,True,False,False,False,False,False,True
Z0023,2015,344.1,26,23.5,39.6,0.0,1,0,Guédiawaye,Dakar,14.76538,-17.39159,8.0,0.13,620,79.1,15289,3.2,10,6.431331081933479,1,18.5885,0,1.0,False,False,True,False,False,False,True,False,False,False,True,False,False,False
Z0023,2016,486.0,40,42.2,85.1,0.0,1,0,Guédiawaye,Dakar,14.76538,-17.39159,8.0,0.13,620,79.1,15289,3.2,10,6.431331081933479,1,33.3802,0,1.0,False,False,True,False,False,False,True,False,False,False,True,False,False,False
Z0023,2017,519.0,40,46.9,93.5,0.0,1,0,Guédiawaye,Dakar,14.76538,-17.39159,8.0,0.13,620,79.1,15289,3.2,10,6.431331081933479,1,37.097899999999996,0,1.0,False,False,True,False,False,False,True,False,False,False,True,False,False,False
Z0023,2018,503.0,45,24.5,30.2,0.0,1,0,Guédiawaye,Dakar,14.76538,-17.39159,8.0,0.13,620,79.1,15289,3.2,10,6.431331081933479,1,19.379499999999997,0,1.0,False,False,True,False,False,False,True,False,False,False,True,False,False,False
Z0023,2019,418.7,27,28.9,55.3,0.0,1,0,Guédiawaye,Dakar,14.76538,-17.39159,8.0,0.13,620,79.1,15289,3.2,10,6.431331081933479,1,22.859899999999996,0,1.0,False,False,True,False,False,False,True,False,False,False,True,False,False,False
Z0023,2020,551.2,36,11.5,24.0,0.0,1,0,Guédiawaye,Dakar,14.76538,-17.39159,8.0,0.13,620,79.1,15289,3.2,10,6.431331081933479,1,9.096499999999999,0,1.0,False,False,True,False,False,False,True,False,False,False,True,False,False,False
Z0023,2021,443.2,30,10.0,18.9,0.0,1,0,Guédiawaye,Dakar,14.76538,-17.39159,8.0,0.13,620,79.1,15289,3.2,10,6.431331081933479,1,7.91,0,1.0,False,False,True,False,False,False,True,False,False,False,True,False,False,False
Z0023,2022,551.6,36,44.7,64.4,0.0,1,0,Guédiawaye,Dakar,14.76538,-17.39159,8.0,0.13,620,79.1,15289,3.2,10,6.431331081933479,1,35.3577,0,1.0,False,False,True,False,False,False,True,False,False,False,True,False,False,False
Z0023,2023,325.7,23,23.6,32.9,0.0,1,0,Guédiawaye,Dakar,14.76538,-17.39159,8.0,0.13,620,79.1,15289,3.2,10,6.431331081933479,1,18.6676,0,1.0,False,False,True,False,False,False,True,False,False,False,True,False,False,False
Z0023,2024,486.0,33,24.5,49.3,0.0,1,0,Guédiawaye,Dakar,14.76538,-17.39159,8.0,0.13,620,79.1,15289,3.2,10,6.431331081933479,1,19.379499999999997,0,1.0,False,False,True,False,False,False,True,False,False,False,True,False,False,False
Z0024,2015,595.7,43,10.2,15.8,0.0,1,0,Guédiawaye,Dakar,14.77543,-17.3872,12.6,0.06,1117,97.8,20401,4.5,6,7.0192966537150445,0,9.9756,0,0.6,False,False,True,False,False,False,True,False,False,False,True,False,False,False
Z0024,2016,323.3,25,10.0,13.3,0.0,0,0,Guédiawaye,Dakar,14.77543,-17.3872,12.6,0.06,1117,97.8,20401,4.5,6,7.0192966537150445,0,9.78,0,0.6,False,False,True,False,False,False,True,False,False,False,True,False,False,False
Z0024,2017,401.0,35,23.3,44.7,0.0,1,0,Guédiawaye,Dakar,14.77543,-17.3872,12.6,0.06,1117,97.8,20401,4.5,6,7.0192966537150445,0,22.787399999999998,0,0.6,False,False,True,False,False,False,True,False,False,False,True,False,False,False
Z0024,2018,325.9,26,16.5,35.2,0.0,1,0,Guédiawaye,Dakar,14.77543,-17.3872,12.6,0.06,1117,97.8,20401,4.5,6,7.0192966537150445,0,16.137,0,0.6,False,False,True,False,False,False,True,False,False,False,True,False,False,False
Z0024,2019,388.2,33,29.1,42.9,0.0,0,0,Guédiawaye,Dakar,14.77543,-17.3872,12.6,0.06,1117,97.8,20401,4.5,6,7.0192966537150445,0,28.4598,0,0.6,False,False,True,False,False,False,True,False,False,False,True,False,False,False
Z0024,2020,441.8,35,20.5,37.8,0.0,1,0,Guédiawaye,Dakar,14.77543,-17.3872,12.6,0.06,1117,97.8,20401,4.5,6,7.0192966537150445,0,20.049,0,0.6,False,False,True,False,False,False,True,False,False,False,True,False,False,False
Z0024,2021,416.4,29,10.2,27.9,0.0,0,0,Guédiawaye,Dakar,14.77543,-17.3872,12.6,0.06,1117,97.8,20401,4.5,6,7.0192966537150445,0,9.9756,0,0.6,False,False,True,False,False,False,True,False,False,False,True,False,False,False
Z0024,2022,318.9,22,10.0,13.1,0.0,1,0,Guédiawaye,Dakar,14.77543,-17.3872,12.6,0.06,1117,97.8,20401,4.5,6,7.0192966537150445,0,9.78,0,0.6,False,False,True,False,False,False,True,False,False,False,True,False,False,False
Z0024,2023,480.7,36,10.0,14.6,0.0,1,0,Guédiawaye,Dakar,14.77543,-17.3872,12.6,0.06,1117,97.8,20401,4.5,6,7.0192966537150445,0,9.78,0,0.6,False,False,True,False,False,False,True,False,False,False,True,False,False,False
Z0024,2024,401.9,27,10.0,18.9,0.0,1,0,Guédiawaye,Dakar,14.77543,-17.3872,12.6,0.06,1117,97.8,20401,4.5,6,7.0192966537150445,0,9.78,0,0.6,False,False,True,False,False,False,True,False,False,False,True,False,False,False
Z0025,2015,815.2,59,18.2,30.9,0.0,0,0,Guédiawaye,Dakar,14.79139,-17.38992,0.5,0.52,597,0.0,304,1.8,3,6.393590753950631,1,0.0,2,0.3,False,True,False,False,False,False,False,False,True,False,False,True,False,False
Z0025,2016,297.6,18,16.2,35.4,0.0,0,0,Guédiawaye,Dakar,14.79139,-17.38992,0.5,0.52,597,0.0,304,1.8,3,6.393590753950631,1,0.0,2,0.3,False,True,False,False,False,False,False,False,True,False,False,True,False,False
Z0025,2017,444.7,29,10.0,13.7,0.0,0,0,Guédiawaye,Dakar,14.79139,-17.38992,0.5,0.52,597,0.0,304,1.8,3,6.393590753950631,1,0.0,2,0.3,False,True,False,False,False,False,False,False,True,False,False,True,False,False
Z0025,2018,349.7,14,13.4,26.0,0.0,0,0,Guédiawaye,Dakar,14.79139,-17.38992,0.5,0.52,597,0.0,304,1.8,3,6.393590753950631,1,0.0,2,0.3,False,True,False,False,False,False,False,False,True,False,False,True,False,False
Z0025,2019,654.5,43,43.3,85.7,0.0,1,0,Guédiawaye,Dakar,14.79139,-17.38992,0.5,0.52,597,0.0,304,1.8,3,6.393590753950631,1,0.0,2,0.3,False,True,False,False,False,False,False,False,True,False,False,True,False,False
Z0025,2020,600.2,44,15.5,19.4,0.0,0,0,Guédiawaye,Dakar,14.79139,-17.38992,0.5,0.52,597,0.0,304,1.8,3,6.393590753950631,1,0.0,2,0.3,False,True,False,False,False,False,False,False,True,False,False,True,False,False
Z0025,2021,362.2,29,19.7,25.4,0.0,0,0,Guédiawaye,Dakar,14.79139,-17.38992,0.5,0.52,597,0.0,304,1.8,3,6.393590753950631,1,0.0,2,0.3,False,True,False,False,False,False,False,False,True,False,False,True,False,False
Z0025,2022,766.4,51,97.4,211.4,0.0,1,0,Guédiawaye,Dakar,14.79139,-17.38992,0.5,0.52,597,0.0,304,1.8,3,6.393590753950631,1,0.0,2,0.3,False,True,False,False,False,False,False,False,True,False,False,True,False,False
Z0025,2023,401.6,28,10.0,17.5,0.0,1,0,Guédiawaye,Dakar,14.79139,-17.38992,0.5,0.52,597,0.0,304,1.8,3,6.393590753950631,1,0.0,2,0.3,False,True,False,False,False,False,False,False,True,False,False,True,False,False
Z0025,2024,549.2,36,14.1,25.0,0.0,0,0,Guédiawaye,Dakar,14.79139,-17.38992,0.5,0.52,597,0.0,304,1.8,3,6.393590753950631,1,0.0,2,0.3,False,True,False,False,False,False,False,False,True,False,False,True,False,False
Z0026,2015,423.9,28,17.6,25.3,0.0,0,0,Guédiawaye,Dakar,14.77695,-17.3986,5.7,1.63,839,45.0,7996,3.7,1,6.733401891837359,1,7.920000000000001,2,0.1,False,False,False,False,True,False,False,True,False,False,False,True,False,False
Z0026,2016,342.7,25,16.6,21.8,0.0,0,0,Guédiawaye,Dakar,14.77695,-17.3986,5.7,1.63,839,45.0,7996,3.7,1,6.733401891837359,1,7.4700000000000015,2,0.1,False,False,False,False,True,False,False,True,False,False,False,True,False,False
Z0026,2017,425.3,38,26.0,49.0,0.0,0,0,Guédiawaye,Dakar,14.77695,-17.3986,5.7,1.63,839,45.0,7996,3.7,1,6.733401891837359,1,11.7,2,0.1,False,False,False,False,True,False,False,True,False,False,False,True,False,False
Z0026,2018,351.9,30,21.4,32.8,0.0,1,0,Guédiawaye,Dakar,14.77695,-17.3986,5.7,1.63,839,45.0,7996,3.7,1,6.733401891837359,1,9.629999999999999,2,0.1,False,False,False,False,True,False,False,True,False,False,False,True,False,False
Z0026,2019,562.9,40,22.8,31.1,0.0,0,0,Guédiawaye,Dakar,14.77695,-17.3986,5.7,1.63,839,45.0,7996,3.7,1,6.733401891837359,1,10.26,2,0.1,False,False,False,False,True,False,False,True,False,False,False,True,False,False
Z0026,2020,362.4,32,11.1,23.8,0.0,0,0,Guédiawaye,Dakar,14.77695,-17.3986,5.7,1.63,839,45.0,7996,3.7,1,6.733401891837359,1,4.995,2,0.1,False,False,False,False,True,False,False,True,False,False,False,True,False,False
Z0026,2021,519.6,40,24.0,29.1,0.0,0,0,Guédiawaye,Dakar,14.77695,-17.3986,5.7,1.63,839,45.0,7996,3.7,1,6.733401891837359,1,10.8,2,0.1,False,False,False,False,True,False,False,True,False,False,False,True,False,False
Z0026,2022,459.4,39,25.0,32.8,0.0,0,0,Guédiawaye,Dakar,14.77695,-17.3986,5.7,1.63,839,45.0,7996,3.7,1,6.733401891837359,1,11.25,2,0.1,False,False,False,False,True,False,False,True,False,False,False,True,False,False
Z0026,2023,350.4,18,21.4,31.8,0.0,0,0,Guédiawaye,Dakar,14.77695,-17.3986,5.7,1.63,839,45.0,7996,3.7,1,6.733401891837359,1,9.629999999999999,2,0.1,False,False,False,False,True,False,False,True,False,False,False,True,False,False
Z0026,2024,450.7,37,21.4,15.3,0.0,1,0,Guédiawaye,Dakar,14.77695,-17.3986,5.7,1.63,839,45.0,7996,3.7,1,6.733401891837359,1,9.629999999999999,2,0.1,False,False,False,False,True,False,False,True,False,False,False,True,False,False
Z0027,2015,370.1,26,10.0,12.6,0.0,0,0,Guédiawaye,Dakar,14.77626,-17.3964,10.8,0.43,839,8.5,272,1.3,2,6.733401891837359,0,0.85,0,0.2,False,False,True,False,False,False,False,False,False,True,True,False,False,False
Z0027,2016,344.4,23,47.4,78.0,0.0,0,0,Guédiawaye,Dakar,14.77626,-17.3964,10.8,0.43,839,8.5,272,1.3,2,6.733401891837359,0,4.029,0,0.2,False,False,True,False,False,False,False,False,False,True,True,False,False,False
Z0027,2017,262.4,17,14.6,29.5,0.0,0,0,Guédiawaye,Dakar,14.77626,-17.3964,10.8,0.43,839,8.5,272,1.3,2,6.733401891837359,0,1.2409999999999999,0,0.2,False,False,True,False,False,False,False,False,False,True,True,False,False,False
Z0027,2018,280.2,18,17.5,35.6,0.0,1,0,Guédiawaye,Dakar,14.77626,-17.3964,10.8,0.43,839,8.5,272,1.3,2,6.733401891837359,0,1.4875,0,0.2,False,False,True,False,False,False,False,False,False,True,True,False,False,False
Z0027,2019,569.3,36,43.1,83.5,0.0,0,0,Guédiawaye,Dakar,14.77626,-17.3964,10.8,0.43,839,8.5,272,1.3,2,6.733401891837359,0,3.6635000000000004,0,0.2,False,False,True,False,False,False,False,False,False,True,True,False,False,False
Z0027,2020,346.2,30,13.9,19.8,0.0,1,0,Guédiawaye,Dakar,14.77626,-17.3964,10.8,0.43,839,8.5,272,1.3,2,6.733401891837359,0,1.1815,0,0.2,False,False,True,False,False,False,False,False,False,True,True,False,False,False
Z0027,2021,299.2,22,16.3,27.2,0.0,0,0,Guédiawaye,Dakar,14.77626,-17.3964,10.8,0.43,839,8.5,272,1.3,2,6.733401891837359,0,1.3855000000000002,0,0.2,False,False,True,False,False,False,False,False,False,True,True,False,False,False
Z0027,2022,337.0,23,10.0,12.9,0.0,0,0,Guédiawaye,Dakar,14.77626,-17.3964,10.8,0.43,839,8.5,272,1.3,2,6.733401891837359,0,0.85,0,0.2,False,False,True,False,False,False,False,False,False,True,True,False,False,False
Z0027,2023,351.4,22,10.0,13.4,0.0,0,0,Guédiawaye,Dakar,14.77626,-17.3964,10.8,0.43,839,8.5,272,1.3,2,6.733401891837359,0,0.85,0,0.2,False,False,True,False,False,False,False,False,False,True,True,False,False,False
Z0027,2024,570.3,41,25.1,46.8,0.0,1,0,Guédiawaye,Dakar,14.77626,-17.3964,10.8,0.43,839,8.5,272,1.3,2,6.733401891837359,0,2.1335,0,0.2,False,False,True,False,False,False,False,False,False,True,True,False,False,False
Z0028,2015,206.8,19,16.200000000000003,15.1,0.0,1,0,Keur Massar,Dakar,14.78862,-17.30674,5.3,0.36,371,33.3,5045,2.9,3,5.918893854273146,1,5.3946000000000005,0,0.3,False,True,False,False,False,False,False,True,False,False,True,False,False,False
Z0028,2016,273.7,21,12.2,20.2,0.0,0,0,Keur Massar,Dakar,14.78862,-17.30674,5.3,0.36,371,33.3,5045,2.9,3,5.918893854273146,1,4.0626,0,0.3,False,True,False,False,False,False,False,True,False,False,True,False,False,False
Z0028,2017,463.7,40,11.9,14.9,0.0,1,0,Keur Massar,Dakar,14.78862,-17.30674,5.3,0.36,371,33.3,5045,2.9,3,5.918893854273146,1,3.9627,0,0.3,False,True,False,False,False,False,False,True,False,False,True,False,False,False
Z0028,2018,292.4,20,16.200000000000003,27.2,0.0,0,0,Keur Massar,Dakar,14.78862,-17.30674,5.3,0.36,371,33.3,5045,2.9,3,5.918893854273146,1,5.3946000000000005,0,0.3,False,True,False,False,False,False,False,True,False,False,True,False,False,False
Z0028,2019,568.1,29,16.1,32.0,0.0,0,0,Keur Massar,Dakar,14.78862,-17.30674,5.3,0.36,371,33.3,5045,2.9,3,5.918893854273146,1,5.3613,0,0.3,False,True,False,False,False,False,False,True,False,False,True,False,False,False
Z0028,2020,464.1,31,18.0,27.9,0.0,1,0,Keur Massar,Dakar,14.78862,-17.30674,5.3,0.36,371,33.3,5045,2.9,3,5.918893854273146,1,5.994,0,0.3,False,True,False,False,False,False,False,True,False,False,True,False,False,False
Z0028,2021,413.6,31,42.1,84.6,0.0,1,0,Keur Massar,Dakar,14.78862,-17.30674,5.3,0.36,371,33.3,5045,2.9,3,5.918893854273146,1,14.019299999999998,0,0.3,False,True,False,False,False,False,False,True,False,False,True,False,False,False
Z0028,2022,484.2,32,28.9,56.2,0.0,0,0,Keur Massar,Dakar,14.78862,-17.30674,5.3,0.36,371,33.3,5045,2.9,3,5.918893854273146,1,9.6237,0,0.3,False,True,False,False,False,False,False,True,False,False,True,False,False,False
Z0028,2023,300.7,12,10.0,19.1,0.0,0,0,Keur Massar,Dakar,14.78862,-17.30674,5.3,0.36,371,33.3,5045,2.9,3,5.918893854273146,1,3.33,0,0.3,False,True,False,False,False,False,False,True,False,False,True,False,False,False
Z0028,2024,468.5,28,16.3,35.4,0.0,0,0,Keur Massar,Dakar,14.78862,-17.30674,5.3,0.36,371,33.3,5045,2.9,3,5.918893854273146,1,5.427899999999999,0,0.3,False,True,False,False,False,False,False,True,False,False,True,False,False,False
Z0029,2015,504.0,32,40.1,67.1,0.0,0,0,Keur Massar,Dakar,14.77624,-17.33414,9.5,1.37,274,80.8,12474,3.9,2,5.616771097666572,1,32.4008,1,0.2,False,False,False,False,True,False,True,False,False,False,False,False,False,True
Z0029,2016,299.7,28,29.3,57.8,0.0,0,0,Keur Massar,Dakar,14.77624,-17.33414,9.5,1.37,274,80.8,12474,3.9,2,5.616771097666572,1,23.674400000000002,1,0.2,False,False,False,False,True,False,True,False,False,False,False,False,False,True
Z0029,2017,354.0,17,14.5,24.6,0.0,0,0,Keur Massar,Dakar,14.77624,-17.33414,9.5,1.37,274,80.8,12474,3.9,2,5.616771097666572,1,11.716,1,0.2,False,False,False,False,True,False,True,False,False,False,False,False,False,True
Z0029,2018,423.9,27,17.4,23.2,0.0,0,0,Keur Massar,Dakar,14.77624,-17.33414,9.5,1.37,274,80.8,12474,3.9,2,5.616771097666572,1,14.059199999999999,1,0.2,False,False,False,False,True,False,True,False,False,False,False,False,False,True
Z0029,2019,209.4,18,15.1,18.6,0.0,0,0,Keur Massar,Dakar,14.77624,-17.33414,9.5,1.37,274,80.8,12474,3.9,2,5.616771097666572,1,12.2008,1,0.2,False,False,False,False,True,False,True,False,False,False,False,False,False,True
Z0029,2020,471.2,37,10.0,14.9,0.0,0,0,Keur Massar,Dakar,14.77624,-17.33414,9.5,1.37,274,80.8,12474,3.9,2,5.616771097666572,1,8.08,1,0.2,False,False,False,False,True,False,True,False,False,False,False,False,False,True
Z0029,2021,524.4,37,56.5,95.7,0.0,0,0,Keur Massar,Dakar,14.77624,-17.33414,9.5,1.37,274,80.8,12474,3.9,2,5.616771097666572,1,45.652,1,0.2,False,False,False,False,True,False,True,False,False,False,False,False,False,True
Z0029,2022,455.7,24,14.0,18.9,0.0,0,0,Keur Massar,Dakar,14.77624,-17.33414,9.5,1.37,274,80.8,12474,3.9,2,5.616771097666572,1,11.312000000000001,1,0.2,False,False,False,False,True,False,True,False,False,False,False,False,False,True
Z0029,2023,434.4,33,30.1,52.4,0.0,0,0,Keur Massar,Dakar,14.77624,-17.33414,9.5,1.37,274,80.8,12474,3.9,2,5.616771097666572,1,24.3208,1,0.2,False,False,False,False,True,False,True,False,False,False,False,False,False,True
Z0029,2024,535.3,32,48.1,61.0,0.0,0,0,Keur Massar,Dakar,14.77624,-17.33414,9.5,1.37,274,80.8,12474,3.9,2,5.616771097666572,1,38.8648,1,0.2,False,False,False,False,True,False,True,False,False,False,False,False,False,True
Z0030,2015,361.7,25,20.8,31.7,0.0,0,0,Keur Massar,Dakar,14.79713,-17.30447,3.5,1.47,516,79.7,16654,2.5,3,6.248042874508429,1,16.577600000000004,1,0.3,False,False,False,False,True,False,True,False,False,False,False,False,False,True
Z0030,2016,417.8,31,13.5,25.7,0.0,1,0,Keur Massar,Dakar,14.79713,-17.30447,3.5,1.47,516,79.7,16654,2.5,3,6.248042874508429,1,10.759500000000001,1,0.3,False,False,False,False,True,False,True,False,False,False,False,False,False,True
Z0030,2017,601.8,50,50.1,92.3,0.0,0,0,Keur Massar,Dakar,14.79713,-17.30447,3.5,1.47,516,79.7,16654,2.5,3,6.248042874508429,1,39.929700000000004,1,0.3,False,False,False,False,True,False,True,False,False,False,False,False,False,True
Z0030,2018,554.1,37,12.3,23.7,0.0,1,0,Keur Massar,Dakar,14.79713,-17.30447,3.5,1.47,516,79.7,16654,2.5,3,6.248042874508429,1,9.8031,1,0.3,False,False,False,False,True,False,True,False,False,False,False,False,False,True
Z0030,2019,480.4,33,39.2,66.7,0.0,0,0,Keur Massar,Dakar,14.79713,-17.30447,3.5,1.47,516,79.7,16654,2.5,3,6.248042874508429,1,31.242400000000004,1,0.3,False,False,False,False,True,False,True,False,False,False,False,False,False,True
Z0030,2020,442.9,26,48.9,96.5,0.0,1,0,Keur Massar,Dakar,14.79713,-17.30447,3.5,1.47,516,79.7,16654,2.5,3,6.248042874508429,1,38.9733,1,0.3,False,False,False,False,True,False,True,False,False,False,False,False,False,True
Z0030,2021,502.8,35,10.0,19.7,0.0,0,0,Keur Massar,Dakar,14.79713,-17.30447,3.5,1.47,516,79.7,16654,2.5,3,6.248042874508429,1,7.97,1,0.3,False,False,False,False,True,False,True,False,False,False,False,False,False,True
Z0030,2022,507.7,37,37.5,74.1,0.0,0,0,Keur Massar,Dakar,14.79713,-17.30447,3.5,1.47,516,79.7,16654,2.5,3,6.248042874508429,1,29.8875,1,0.3,False,False,False,False,True,False,True,False,False,False,False,False,False,True
Z0030,2023,358.6,24,42.4,77.6,0.0,1,0,Keur Massar,Dakar,14.79713,-17.30447,3.5,1.47,516,79.7,16654,2.5,3,6.248042874508429,1,33.7928,1,0.3,False,False,False,False,True,False,True,False,False,False,False,False,False,True
Z0030,2024,447.4,40,24.0,50.3,0.0,1,0,Keur Massar,Dakar,14.79713,-17.30447,3.5,1.47,516,79.7,16654,2.5,3,6.248042874508429,1,19.128,1,0.3,False,False,False,False,True,False,True,False,False,False,False,False,False,True
Z0031,2015,377.5,27,11.4,18.2,0.0,0,0,Keur Massar,Dakar,14.79216,-17.29871,7.9,1.78,94,81.1,8099,2.8,3,4.553876891600541,1,9.2454,2,0.3,True,False,False,False,False,False,True,False,False,False,False,True,False,False
Z0031,2016,407.3,27,36.6,52.4,0.0,0,0,Keur Massar,Dakar,14.79216,-17.29871,7.9,1.78,94,81.1,8099,2.8,3,4.553876891600541,1,29.682599999999997,2,0.3,True,False,False,False,False,False,True,False,False,False,False,True,False,False
Z0031,2017,298.4,22,22.9,42.7,0.0,0,0,Keur Massar,Dakar,14.79216,-17.29871,7.9,1.78,94,81.1,8099,2.8,3,4.553876891600541,1,18.5719,2,0.3,True,False,False,False,False,False,True,False,False,False,False,True,False,False
Z0031,2018,431.3,32,11.9,19.1,0.0,1,0,Keur Massar,Dakar,14.79216,-17.29871,7.9,1.78,94,81.1,8099,2.8,3,4.553876891600541,1,9.6509,2,0.3,True,False,False,False,False,False,True,False,False,False,False,True,False,False
Z0031,2019,367.1,22,29.5,48.4,0.0,1,0,Keur Massar,Dakar,14.79216,-17.29871,7.9,1.78,94,81.1,8099,2.8,3,4.553876891600541,1,23.9245,2,0.3,True,False,False,False,False,False,True,False,False,False,False,True,False,False
Z0031,2020,561.7,31,20.7,45.5,0.0,0,0,Keur Massar,Dakar,14.79216,-17.29871,7.9,1.78,94,81.1,8099,2.8,3,4.553876891600541,1,16.787699999999997,2,0.3,True,False,False,False,False,False,True,False,False,False,False,True,False,False
Z0031,2021,329.5,25,40.1,56.8,0.0,1,0,Keur Massar,Dakar,14.79216,-17.29871,7.9,1.78,94,81.1,8099,2.8,3,4.553876891600541,1,32.5211,2,0.3,True,False,False,False,False,False,True,False,False,False,False,True,False,False
Z0031,2022,340.4,25,15.1,26.1,0.0,1,0,Keur Massar,Dakar,14.79216,-17.29871,7.9,1.78,94,81.1,8099,2.8,3,4.553876891600541,1,12.246099999999998,2,0.3,True,False,False,False,False,False,True,False,False,False,False,True,False,False
Z0031,2023,333.7,22,13.9,29.4,0.0,0,0,Keur Massar,Dakar,14.79216,-17.29871,7.9,1.78,94,81.1,8099,2.8,3,4.553876891600541,1,11.2729,2,0.3,True,False,False,False,False,False,True,False,False,False,False,True,False,False
Z0031,2024,484.3,33,31.7,56.1,0.0,0,0,Keur Massar,Dakar,14.79216,-17.29871,7.9,1.78,94,81.1,8099,2.8,3,4.553876891600541,1,25.7087,2,0.3,True,False,False,False,False,False,True,False,False,False,False,True,False,False
Z0032,2015,445.2,31,17.4,33.9,0.0,0,0,Keur Massar,Dakar,14.78615,-17.30948,9.3,0.19,507,81.5,10280,3.8,9,6.230481447578482,1,14.181,0,0.9,False,False,True,False,False,False,True,False,False,False,True,False,False,False
Z0032,2016,375.8,29,23.4,30.7,0.0,1,0,Keur Massar,Dakar,14.78615,-17.30948,9.3,0.19,507,81.5,10280,3.8,9,6.230481447578482,1,19.070999999999998,0,0.9,False,False,True,False,False,False,True,False,False,False,True,False,False,False
Z0032,2017,397.4,29,27.3,59.6,0.0,0,0,Keur Massar,Dakar,14.78615,-17.30948,9.3,0.19,507,81.5,10280,3.8,9,6.230481447578482,1,22.2495,0,0.9,False,False,True,False,False,False,True,False,False,False,True,False,False,False
Z0032,2018,436.6,35,23.4,31.1,0.0,1,0,Keur Massar,Dakar,14.78615,-17.30948,9.3,0.19,507,81.5,10280,3.8,9,6.230481447578482,1,19.070999999999998,0,0.9,False,False,True,False,False,False,True,False,False,False,True,False,False,False
Z0032,2019,479.0,34,31.1,47.1,0.0,1,0,Keur Massar,Dakar,14.78615,-17.30948,9.3,0.19,507,81.5,10280,3.8,9,6.230481447578482,1,25.346500000000002,0,0.9,False,False,True,False,False,False,True,False,False,False,True,False,False,False
Z0032,2020,617.9,46,12.4,23.8,0.0,0,0,Keur Massar,Dakar,14.78615,-17.30948,9.3,0.19,507,81.5,10280,3.8,9,6.230481447578482,1,10.106,0,0.9,False,False,True,False,False,False,True,False,False,False,True,False,False,False
Z0032,2021,309.4,18,10.0,19.5,0.0,1,0,Keur Massar,Dakar,14.78615,-17.30948,9.3,0.19,507,81.5,10280,3.8,9,6.230481447578482,1,8.15,0,0.9,False,False,True,False,False,False,True,False,False,False,True,False,False,False
Z0032,2022,483.1,34,37.7,63.3,0.0,1,0,Keur Massar,Dakar,14.78615,-17.30948,9.3,0.19,507,81.5,10280,3.8,9,6.230481447578482,1,30.7255,0,0.9,False,False,True,False,False,False,True,False,False,False,True,False,False,False
Z0032,2023,568.7,41,16.4,25.8,0.0,1,0,Keur Massar,Dakar,14.78615,-17.30948,9.3,0.19,507,81.5,10280,3.8,9,6.230481447578482,1,13.366,0,0.9,False,False,True,False,False,False,True,False,False,False,True,False,False,False
Z0032,2024,535.4,39,33.3,68.5,0.0,1,0,Keur Massar,Dakar,14.78615,-17.30948,9.3,0.19,507,81.5,10280,3.8,9,6.230481447578482,1,27.139499999999998,0,0.9,False,False,True,False,False,False,True,False,False,False,True,False,False,False
Z0033,2015,373.5,25,18.7,30.7,0.0,0,0,Keur Massar,Dakar,14.76553,-17.30636,0.8,0.45,476,68.4,10091,2.6,5,6.1675164908883415,1,12.7908,1,0.5,False,False,False,False,True,False,True,False,False,False,False,False,False,True
Z0033,2016,410.1,28,10.0,12.3,0.0,0,0,Keur Massar,Dakar,14.76553,-17.30636,0.8,0.45,476,68.4,10091,2.6,5,6.1675164908883415,1,6.84,1,0.5,False,False,False,False,True,False,True,False,False,False,False,False,False,True
Z0033,2017,391.1,23,20.2,24.3,0.0,1,0,Keur Massar,Dakar,14.76553,-17.30636,0.8,0.45,476,68.4,10091,2.6,5,6.1675164908883415,1,13.8168,1,0.5,False,False,False,False,True,False,True,False,False,False,False,False,False,True
Z0033,2018,341.0,24,10.0,14.7,0.0,1,0,Keur Massar,Dakar,14.76553,-17.30636,0.8,0.45,476,68.4,10091,2.6,5,6.1675164908883415,1,6.84,1,0.5,False,False,False,False,True,False,True,False,False,False,False,False,False,True
Z0033,2019,445.2,32,10.0,21.1,0.0,1,0,Keur Massar,Dakar,14.76553,-17.30636,0.8,0.45,476,68.4,10091,2.6,5,6.1675164908883415,1,6.84,1,0.5,False,False,False,False,True,False,True,False,False,False,False,False,False,True
Z0033,2020,371.4,27,10.0,21.2,0.0,1,0,Keur Massar,Dakar,14.76553,-17.30636,0.8,0.45,476,68.4,10091,2.6,5,6.1675164908883415,1,6.84,1,0.5,False,False,False,False,True,False,True,False,False,False,False,False,False,True
Z0033,2021,449.4,29,10.0,53.1,0.0,1,0,Keur Massar,Dakar,14.76553,-17.30636,0.8,0.45,476,68.4,10091,2.6,5,6.1675164908883415,1,6.84,1,0.5,False,False,False,False,True,False,True,False,False,False,False,False,False,True
Z0033,2022,689.9,43,27.1,50.9,0.0,1,0,Keur Massar,Dakar,14.76553,-17.30636,0.8,0.45,476,68.4,10091,2.6,5,6.1675164908883415,1,18.536400000000004,1,0.5,False,False,False,False,True,False,True,False,False,False,False,False,False,True
Z0033,2023,499.3,40,26.4,45.6,0.0,1,0,Keur Massar,Dakar,14.76553,-17.30636,0.8,0.45,476,68.4,10091,2.6,5,6.1675164908883415,1,18.0576,1,0.5,False,False,False,False,True,False,True,False,False,False,False,False,False,True
Z0033,2024,652.9,47,10.0,14.3,0.0,1,0,Keur Massar,Dakar,14.76553,-17.30636,0.8,0.45,476,68.4,10091,2.6,5,6.1675164908883415,1,6.84,1,0.5,False,False,False,False,True,False,True,False,False,False,False,False,False,True
Z0034,2015,367.6,26,26.2,53.7,0.0,1,0,Keur Massar,Dakar,14.80016,-17.32576,9.8,0.19,82,36.7,127,0.2,10,4.418840607796598,0,9.615400000000001,1,1.0,False,False,True,False,False,False,False,False,False,True,False,False,False,True
Z0034,2016,352.8,33,10.0,17.9,0.0,1,0,Keur Massar,Dakar,14.80016,-17.32576,9.8,0.19,82,36.7,127,0.2,10,4.418840607796598,0,3.67,1,1.0,False,False,True,False,False,False,False,False,False,True,False,False,False,True
Z0034,2017,347.1,26,10.0,20.1,0.0,1,0,Keur Massar,Dakar,14.80016,-17.32576,9.8,0.19,82,36.7,127,0.2,10,4.418840607796598,0,3.67,1,1.0,False,False,True,False,False,False,False,False,False,True,False,False,False,True
Z0034,2018,420.1,38,20.7,27.2,0.0,1,0,Keur Massar,Dakar,14.80016,-17.32576,9.8,0.19,82,36.7,127,0.2,10,4.418840607796598,0,7.596900000000001,1,1.0,False,False,True,False,False,False,False,False,False,True,False,False,False,True
Z0034,2019,388.6,24,10.0,20.1,0.0,1,0,Keur Massar,Dakar,14.80016,-17.32576,9.8,0.19,82,36.7,127,0.2,10,4.418840607796598,0,3.67,1,1.0,False,False,True,False,False,False,False,False,False,True,False,False,False,True
Z0034,2020,474.5,38,24.9,34.4,0.0,1,0,Keur Massar,Dakar,14.80016,-17.32576,9.8,0.19,82,36.7,127,0.2,10,4.418840607796598,0,9.138300000000001,1,1.0,False,False,True,False,False,False,False,False,False,True,False,False,False,True
Z0034,2021,333.4,27,10.0,12.0,0.0,1,0,Keur Massar,Dakar,14.80016,-17.32576,9.8,0.19,82,36.7,127,0.2,10,4.418840607796598,0,3.67,1,1.0,False,False,True,False,False,False,False,False,False,True,False,False,False,True
Z0034,2022,456.9,36,10.0,16.8,0.0,0,0,Keur Massar,Dakar,14.80016,-17.32576,9.8,0.19,82,36.7,127,0.2,10,4.418840607796598,0,3.67,1,1.0,False,False,True,False,False,False,False,False,False,True,False,False,False,True
Z0034,2023,467.7,31,44.4,59.0,0.0,1,0,Keur Massar,Dakar,14.80016,-17.32576,9.8,0.19,82,36.7,127,0.2,10,4.418840607796598,0,16.2948,1,1.0,False,False,True,False,False,False,False,False,False,True,False,False,False,True
Z0034,2024,430.4,30,10.0,19.1,0.0,0,0,Keur Massar,Dakar,14.80016,-17.32576,9.8,0.19,82,36.7,127,0.2,10,4.418840607796598,0,3.67,1,1.0,False,False,True,False,False,False,False,False,False,True,False,False,False,True
Z0035,2015,349.8,25,23.4,13.9,0.0,0,0,Keur Massar,Dakar,14.77703,-17.30544,10.3,0.08,666,90.8,19050,2.6,6,6.502790045915623,0,21.2472,0,0.6,False,True,False,False,False,False,True,False,False,False,True,False,False,False
Z0035,2016,486.5,33,25.7,40.9,0.0,1,0,Keur Massar,Dakar,14.77703,-17.30544,10.3,0.08,666,90.8,19050,2.6,6,6.502790045915623,0,23.3356,0,0.6,False,True,False,False,False,False,True,False,False,False,True,False,False,False
Z0035,2017,410.5,26,12.0,17.0,0.0,1,0,Keur Massar,Dakar,14.77703,-17.30544,10.3,0.08,666,90.8,19050,2.6,6,6.502790045915623,0,10.895999999999999,0,0.6,False,True,False,False,False,False,True,False,False,False,True,False,False,False
Z0035,2018,656.9,52,65.2,114.7,0.0,0,0,Keur Massar,Dakar,14.77703,-17.30544,10.3,0.08,666,90.8,19050,2.6,6,6.502790045915623,0,59.2016,0,0.6,False,True,False,False,False,False,True,False,False,False,True,False,False,False
Z0035,2019,484.6,35,14.7,27.0,0.0,0,0,Keur Massar,Dakar,14.77703,-17.30544,10.3,0.08,666,90.8,19050,2.6,6,6.502790045915623,0,13.3476,0,0.6,False,True,False,False,False,False,True,False,False,False,True,False,False,False
Z0035,2020,534.2,40,21.2,33.9,0.0,1,0,Keur Massar,Dakar,14.77703,-17.30544,10.3,0.08,666,90.8,19050,2.6,6,6.502790045915623,0,19.249599999999997,0,0.6,False,True,False,False,False,False,True,False,False,False,True,False,False,False
Z0035,2021,509.7,41,29.4,57.9,0.0,1,0,Keur Massar,Dakar,14.77703,-17.30544,10.3,0.08,666,90.8,19050,2.6,6,6.502790045915623,0,26.6952,0,0.6,False,True,False,False,False,False,True,False,False,False,True,False,False,False
Z0035,2022,312.6,22,10.0,14.0,0.0,1,0,Keur Massar,Dakar,14.77703,-17.30544,10.3,0.08,666,90.8,19050,2.6,6,6.502790045915623,0,9.08,0,0.6,False,True,False,False,False,False,True,False,False,False,True,False,False,False
Z0035,2023,287.3,22,23.4,27.1,0.0,1,0,Keur Massar,Dakar,14.77703,-17.30544,10.3,0.08,666,90.8,19050,2.6,6,6.502790045915623,0,21.2472,0,0.6,False,True,False,False,False,False,True,False,False,False,True,False,False,False
Z0035,2024,484.6,44,25.6,55.8,0.0,1,0,Keur Massar,Dakar,14.77703,-17.30544,10.3,0.08,666,90.8,19050,2.6,6,6.502790045915623,0,23.2448,0,0.6,False,True,False,False,False,False,True,False,False,False,True,False,False,False
Z0036,2015,292.9,26,10.0,15.1,0.0,1,0,Keur Massar,Dakar,14.78153,-17.31773,12.6,0.32,398,23.0,219,0.4,5,5.988961416889864,0,2.3,0,0.5,False,False,True,False,False,False,False,False,False,True,True,False,False,False
Z0036,2016,389.9,34,20.8,44.8,0.0,0,0,Keur Massar,Dakar,14.78153,-17.31773,12.6,0.32,398,23.0,219,0.4,5,5.988961416889864,0,4.784000000000001,0,0.5,False,False,True,False,False,False,False,False,False,True,True,False,False,False
Z0036,2017,472.2,37,25.8,36.4,0.0,1,0,Keur Massar,Dakar,14.78153,-17.31773,12.6,0.32,398,23.0,219,0.4,5,5.988961416889864,0,5.934,0,0.5,False,False,True,False,False,False,False,False,False,True,True,False,False,False
Z0036,2018,392.5,28,21.05,19.0,0.0,0,0,Keur Massar,Dakar,14.78153,-17.31773,12.6,0.32,398,23.0,219,0.4,5,5.988961416889864,0,4.8415,0,0.5,False,False,True,False,False,False,False,False,False,True,True,False,False,False
Z0036,2019,289.8,20,14.8,23.9,0.0,0,0,Keur Massar,Dakar,14.78153,-17.31773,12.6,0.32,398,23.0,219,0.4,5,5.988961416889864,0,3.4040000000000004,0,0.5,False,False,True,False,False,False,False,False,False,True,True,False,False,False
Z0036,2020,432.3,29,21.3,45.3,0.0,1,0,Keur Massar,Dakar,14.78153,-17.31773,12.6,0.32,398,23.0,219,0.4,5,5.988961416889864,0,4.899,0,0.5,False,False,True,False,False,False,False,False,False,True,True,False,False,False
Z0036,2021,294.1,29,17.3,30.0,0.0,0,0,Keur Massar,Dakar,14.78153,-17.31773,12.6,0.32,398,23.0,219,0.4,5,5.988961416889864,0,3.9790000000000005,0,0.5,False,False,True,False,False,False,False,False,False,True,True,False,False,False
Z0036,2022,392.5,40,26.5,34.6,0.0,1,0,Keur Massar,Dakar,14.78153,-17.31773,12.6,0.32,398,23.0,219,0.4,5,5.988961416889864,0,6.095,0,0.5,False,False,True,False,False,False,False,False,False,True,True,False,False,False
Z0036,2023,471.5,25,21.05,24.0,0.0,1,0,Keur Massar,Dakar,14.78153,-17.31773,12.6,0.32,398,23.0,219,0.4,5,5.988961416889864,0,4.8415,0,0.5,False,False,True,False,False,False,False,False,False,True,True,False,False,False
Z0036,2024,625.1,49,39.0,85.5,0.0,1,0,Keur Massar,Dakar,14.78153,-17.31773,12.6,0.32,398,23.0,219,0.4,5,5.988961416889864,0,8.97,0,0.5,False,False,True,False,False,False,False,False,False,True,True,False,False,False
Z0037,2015,337.1,25,29.2,63.5,0.0,0,0,Keur Massar,Dakar,14.77812,-17.33691,13.0,0.23,187,78.8,14330,4.2,0,5.236441962829949,0,23.0096,1,0.0,False,False,False,False,True,False,True,False,False,False,False,False,False,True
Z0037,2016,329.7,23,10.0,17.8,0.0,0,0,Keur Massar,Dakar,14.77812,-17.33691,13.0,0.23,187,78.8,14330,4.2,0,5.236441962829949,0,7.88,1,0.0,False,False,False,False,True,False,True,False,False,False,False,False,False,True
Z0037,2017,340.9,20,10.0,15.2,0.0,1,0,Keur Massar,Dakar,14.77812,-17.33691,13.0,0.23,187,78.8,14330,4.2,0,5.236441962829949,0,7.88,1,0.0,False,False,False,False,True,False,True,False,False,False,False,False,False,True
Z0037,2018,500.7,31,13.6,29.5,0.0,0,0,Keur Massar,Dakar,14.77812,-17.33691,13.0,0.23,187,78.8,14330,4.2,0,5.236441962829949,0,10.7168,1,0.0,False,False,False,False,True,False,True,False,False,False,False,False,False,True
Z0037,2019,340.9,20,20.7,37.8,0.0,0,0,Keur Massar,Dakar,14.77812,-17.33691,13.0,0.23,187,78.8,14330,4.2,0,5.236441962829949,0,16.3116,1,0.0,False,False,False,False,True,False,True,False,False,False,False,False,False,True
Z0037,2020,407.6,21,11.8,20.0,0.0,0,0,Keur Massar,Dakar,14.77812,-17.33691,13.0,0.23,187,78.8,14330,4.2,0,5.236441962829949,0,9.2984,1,0.0,False,False,False,False,True,False,True,False,False,False,False,False,False,True
Z0037,2021,336.8,27,10.5,16.5,0.0,0,0,Keur Massar,Dakar,14.77812,-17.33691,13.0,0.23,187,78.8,14330,4.2,0,5.236441962829949,0,8.274,1,0.0,False,False,False,False,True,False,True,False,False,False,False,False,False,True
Z0037,2022,434.5,30,32.0,59.1,0.0,0,0,Keur Massar,Dakar,14.77812,-17.33691,13.0,0.23,187,78.8,14330,4.2,0,5.236441962829949,0,25.215999999999998,1,0.0,False,False,False,False,True,False,True,False,False,False,False,False,False,True
Z0037,2023,313.9,25,21.7,42.9,0.0,0,0,Keur Massar,Dakar,14.77812,-17.33691,13.0,0.23,187,78.8,14330,4.2,0,5.236441962829949,0,17.0996,1,0.0,False,False,False,False,True,False,True,False,False,False,False,False,False,True
Z0037,2024,558.7,34,18.2,35.4,0.0,0,0,Keur Massar,Dakar,14.77812,-17.33691,13.0,0.23,187,78.8,14330,4.2,0,5.236441962829949,0,14.341599999999998,1,0.0,False,False,False,False,True,False,True,False,False,False,False,False,False,True
Z0038,2015,453.6,28,28.0,42.5,0.0,0,0,Keur Massar,Dakar,14.80449,-17.30964,14.9,0.79,1001,66.5,11157,2.4,0,6.90975328164481,0,18.62,0,0.0,False,True,False,False,False,False,True,False,False,False,True,False,False,False
Z0038,2016,584.7,36,26.5,34.3,0.0,0,0,Keur Massar,Dakar,14.80449,-17.30964,14.9,0.79,1001,66.5,11157,2.4,0,6.90975328164481,0,17.6225,0,0.0,False,True,False,False,False,False,True,False,False,False,True,False,False,False
Z0038,2017,325.4,25,24.1,22.1,0.0,0,0,Keur Massar,Dakar,14.80449,-17.30964,14.9,0.79,1001,66.5,11157,2.4,0,6.90975328164481,0,16.026500000000002,0,0.0,False,True,False,False,False,False,True,False,False,False,True,False,False,False
Z0038,2018,406.5,35,17.4,37.6,0.0,0,0,Keur Massar,Dakar,14.80449,-17.30964,14.9,0.79,1001,66.5,11157,2.4,0,6.90975328164481,0,11.571,0,0.0,False,True,False,False,False,False,True,False,False,False,True,False,False,False
Z0038,2019,447.6,24,11.6,17.2,0.0,0,0,Keur Massar,Dakar,14.80449,-17.30964,14.9,0.79,1001,66.5,11157,2.4,0,6.90975328164481,0,7.7139999999999995,0,0.0,False,True,False,False,False,False,True,False,False,False,True,False,False,False
Z0038,2020,484.4,33,24.1,40.8,0.0,0,0,Keur Massar,Dakar,14.80449,-17.30964,14.9,0.79,1001,66.5,11157,2.4,0,6.90975328164481,0,16.026500000000002,0,0.0,False,True,False,False,False,False,True,False,False,False,True,False,False,False
Z0038,2021,534.8,33,12.9,18.8,0.0,1,0,Keur Massar,Dakar,14.80449,-17.30964,14.9,0.79,1001,66.5,11157,2.4,0,6.90975328164481,0,8.5785,0,0.0,False,True,False,False,False,False,True,False,False,False,True,False,False,False
Z0038,2022,657.8,44,63.0,95.7,0.0,1,0,Keur Massar,Dakar,14.80449,-17.30964,14.9,0.79,1001,66.5,11157,2.4,0,6.90975328164481,0,41.895,0,0.0,False,True,False,False,False,False,True,False,False,False,True,False,False,False
Z0038,2023,394.0,32,27.5,45.2,0.0,1,0,Keur Massar,Dakar,14.80449,-17.30964,14.9,0.79,1001,66.5,11157,2.4,0,6.90975328164481,0,18.2875,0,0.0,False,True,False,False,False,False,True,False,False,False,True,False,False,False
Z0038,2024,379.9,27,17.0,28.2,0.0,0,0,Keur Massar,Dakar,14.80449,-17.30964,14.9,0.79,1001,66.5,11157,2.4,0,6.90975328164481,0,11.305,0,0.0,False,True,False,False,False,False,True,False,False,False,True,False,False,False
Z0039,2015,373.1,28,11.6,24.1,0.0,1,0,Keur Massar,Dakar,14.77203,-17.29852,10.2,0.66,1921,34.9,160,1.4,5,7.561121589530238,0,4.0484,0,0.5,False,False,True,False,False,False,False,False,False,True,True,False,False,False
Z0039,2016,420.3,29,19.4,32.0,0.0,1,0,Keur Massar,Dakar,14.77203,-17.29852,10.2,0.66,1921,34.9,160,1.4,5,7.561121589530238,0,6.770599999999999,0,0.5,False,False,True,False,False,False,False,False,False,True,True,False,False,False
Z0039,2017,636.0,46,20.7,42.6,0.0,1,0,Keur Massar,Dakar,14.77203,-17.29852,10.2,0.66,1921,34.9,160,1.4,5,7.561121589530238,0,7.2242999999999995,0,0.5,False,False,True,False,False,False,False,False,False,True,True,False,False,False
Z0039,2018,414.0,27,22.8,47.8,0.0,0,0,Keur Massar,Dakar,14.77203,-17.29852,10.2,0.66,1921,34.9,160,1.4,5,7.561121589530238,0,7.9572,0,0.5,False,False,True,False,False,False,False,False,False,True,True,False,False,False
Z0039,2019,420.3,31,48.8,74.6,0.0,1,0,Keur Massar,Dakar,14.77203,-17.29852,10.2,0.66,1921,34.9,160,1.4,5,7.561121589530238,0,17.0312,0,0.5,False,False,True,False,False,False,False,False,False,True,True,False,False,False
Z0039,2020,547.8,37,47.8,71.5,0.0,1,0,Keur Massar,Dakar,14.77203,-17.29852,10.2,0.66,1921,34.9,160,1.4,5,7.561121589530238,0,16.682199999999998,0,0.5,False,False,True,False,False,False,False,False,False,True,True,False,False,False
Z0039,2021,446.2,38,30.6,66.7,0.0,1,0,Keur Massar,Dakar,14.77203,-17.29852,10.2,0.66,1921,34.9,160,1.4,5,7.561121589530238,0,10.679400000000001,0,0.5,False,False,True,False,False,False,False,False,False,True,True,False,False,False
Z0039,2022,632.0,46,17.6,35.6,0.0,1,0,Keur Massar,Dakar,14.77203,-17.29852,10.2,0.66,1921,34.9,160,1.4,5,7.561121589530238,0,6.1424,0,0.5,False,False,True,False,False,False,False,False,False,True,True,False,False,False
Z0039,2023,325.1,20,10.0,21.4,0.0,0,0,Keur Massar,Dakar,14.77203,-17.29852,10.2,0.66,1921,34.9,160,1.4,5,7.561121589530238,0,3.49,0,0.5,False,False,True,False,False,False,False,False,False,True,True,False,False,False
Z0039,2024,322.6,22,14.1,21.3,0.0,0,0,Keur Massar,Dakar,14.77203,-17.29852,10.2,0.66,1921,34.9,160,1.4,5,7.561121589530238,0,4.9209,0,0.5,False,False,True,False,False,False,False,False,False,True,True,False,False,False
Z0040,2015,228.0,13,10.0,16.8,0.0,1,0,Yeumbeul,Dakar,14.78486,-17.3463,13.9,0.89,191,88.9,25243,4.2,2,5.2574953720277815,0,8.89,1,0.2,False,False,True,False,False,False,True,False,False,False,False,False,False,True
Z0040,2016,396.0,29,17.3,37.1,0.0,0,0,Yeumbeul,Dakar,14.78486,-17.3463,13.9,0.89,191,88.9,25243,4.2,2,5.2574953720277815,0,15.379700000000003,1,0.2,False,False,True,False,False,False,True,False,False,False,False,False,False,True
Z0040,2017,338.8,26,10.0,17.4,0.0,0,0,Yeumbeul,Dakar,14.78486,-17.3463,13.9,0.89,191,88.9,25243,4.2,2,5.2574953720277815,0,8.89,1,0.2,False,False,True,False,False,False,True,False,False,False,False,False,False,True
Z0040,2018,391.4,24,14.8,66.2,0.0,0,0,Yeumbeul,Dakar,14.78486,-17.3463,13.9,0.89,191,88.9,25243,4.2,2,5.2574953720277815,0,13.157200000000003,1,0.2,False,False,True,False,False,False,True,False,False,False,False,False,False,True
Z0040,2019,385.7,25,42.5,72.9,0.0,0,0,Yeumbeul,Dakar,14.78486,-17.3463,13.9,0.89,191,88.9,25243,4.2,2,5.2574953720277815,0,37.782500000000006,1,0.2,False,False,True,False,False,False,True,False,False,False,False,False,False,True
Z0040,2020,586.1,38,41.1,87.5,0.0,0,0,Yeumbeul,Dakar,14.78486,-17.3463,13.9,0.89,191,88.9,25243,4.2,2,5.2574953720277815,0,36.53790000000001,1,0.2,False,False,True,False,False,False,True,False,False,False,False,False,False,True
Z0040,2021,410.4,34,10.0,20.3,0.0,1,0,Yeumbeul,Dakar,14.78486,-17.3463,13.9,0.89,191,88.9,25243,4.2,2,5.2574953720277815,0,8.89,1,0.2,False,False,True,False,False,False,True,False,False,False,False,False,False,True
Z0040,2022,571.3,39,14.8,30.5,0.0,0,0,Yeumbeul,Dakar,14.78486,-17.3463,13.9,0.89,191,88.9,25243,4.2,2,5.2574953720277815,0,13.157200000000003,1,0.2,False,False,True,False,False,False,True,False,False,False,False,False,False,True
Z0040,2023,513.9,37,10.8,22.1,0.0,0,0,Yeumbeul,Dakar,14.78486,-17.3463,13.9,0.89,191,88.9,25243,4.2,2,5.2574953720277815,0,9.6012,1,0.2,False,False,True,False,False,False,True,False,False,False,False,False,False,True
Z0040,2024,451.8,36,36.3,56.7,0.0,1,0,Yeumbeul,Dakar,14.78486,-17.3463,13.9,0.89,191,88.9,25243,4.2,2,5.2574953720277815,0,32.270700000000005,1,0.2,False,False,True,False,False,False,True,False,False,False,False,False,False,True
Z0041,2015,324.3,23,10.2,17.4,0.0,1,0,Yeumbeul,Dakar,14.79585,-17.33945,2.7,0.22,193,0.0,307,1.6,6,5.267858159063328,1,0.0,0,0.6,False,False,True,False,False,False,False,False,True,False,True,False,False,False
Z0041,2016,634.3,42,31.4,44.4,0.0,0,0,Yeumbeul,Dakar,14.79585,-17.33945,2.7,0.22,193,0.0,307,1.6,6,5.267858159063328,1,0.0,0,0.6,False,False,True,False,False,False,False,False,True,False,True,False,False,False
Z0041,2017,342.0,18,15.2,19.2,0.0,0,0,Yeumbeul,Dakar,14.79585,-17.33945,2.7,0.22,193,0.0,307,1.6,6,5.267858159063328,1,0.0,0,0.6,False,False,True,False,False,False,False,False,True,False,True,False,False,False
Z0041,2018,309.7,20,23.7,34.7,0.0,1,0,Yeumbeul,Dakar,14.79585,-17.33945,2.7,0.22,193,0.0,307,1.6,6,5.267858159063328,1,0.0,0,0.6,False,False,True,False,False,False,False,False,True,False,True,False,False,False
Z0041,2019,586.5,34,14.4,23.2,0.0,0,0,Yeumbeul,Dakar,14.79585,-17.33945,2.7,0.22,193,0.0,307,1.6,6,5.267858159063328,1,0.0,0,0.6,False,False,True,False,False,False,False,False,True,False,True,False,False,False
Z0041,2020,400.5,31,22.0,30.1,0.0,1,0,Yeumbeul,Dakar,14.79585,-17.33945,2.7,0.22,193,0.0,307,1.6,6,5.267858159063328,1,0.0,0,0.6,False,False,True,False,False,False,False,False,True,False,True,False,False,False
Z0041,2021,420.7,29,12.9,27.7,0.0,1,0,Yeumbeul,Dakar,14.79585,-17.33945,2.7,0.22,193,0.0,307,1.6,6,5.267858159063328,1,0.0,0,0.6,False,False,True,False,False,False,False,False,True,False,True,False,False,False
Z0041,2022,297.5,23,15.2,25.5,0.0,1,0,Yeumbeul,Dakar,14.79585,-17.33945,2.7,0.22,193,0.0,307,1.6,6,5.267858159063328,1,0.0,0,0.6,False,False,True,False,False,False,False,False,True,False,True,False,False,False
Z0041,2023,429.1,27,25.3,45.2,0.0,1,0,Yeumbeul,Dakar,14.79585,-17.33945,2.7,0.22,193,0.0,307,1.6,6,5.267858159063328,1,0.0,0,0.6,False,False,True,False,False,False,False,False,True,False,True,False,False,False
Z0041,2024,513.2,33,10.0,20.7,0.0,1,0,Yeumbeul,Dakar,14.79585,-17.33945,2.7,0.22,193,0.0,307,1.6,6,5.267858159063328,1,0.0,0,0.6,False,False,True,False,False,False,False,False,True,False,True,False,False,False
Z0042,2015,505.3,40,19.7,28.8,0.0,0,0,Yeumbeul,Dakar,14.75422,-17.34849,11.4,0.6,732,64.7,8527,4.1,2,6.597145701886651,0,12.745899999999999,1,0.2,False,False,False,False,True,False,True,False,False,False,False,False,False,True
Z0042,2016,335.4,29,10.0,17.5,0.0,0,0,Yeumbeul,Dakar,14.75422,-17.34849,11.4,0.6,732,64.7,8527,4.1,2,6.597145701886651,0,6.47,1,0.2,False,False,False,False,True,False,True,False,False,False,False,False,False,True
Z0042,2017,335.4,25,10.3,18.0,0.0,0,0,Yeumbeul,Dakar,14.75422,-17.34849,11.4,0.6,732,64.7,8527,4.1,2,6.597145701886651,0,6.664100000000001,1,0.2,False,False,False,False,True,False,True,False,False,False,False,False,False,True
Z0042,2018,247.5,17,10.0,15.1,0.0,1,0,Yeumbeul,Dakar,14.75422,-17.34849,11.4,0.6,732,64.7,8527,4.1,2,6.597145701886651,0,6.47,1,0.2,False,False,False,False,True,False,True,False,False,False,False,False,False,True
Z0042,2019,595.0,41,33.3,70.8,0.0,0,0,Yeumbeul,Dakar,14.75422,-17.34849,11.4,0.6,732,64.7,8527,4.1,2,6.597145701886651,0,21.545099999999998,1,0.2,False,False,False,False,True,False,True,False,False,False,False,False,False,True
Z0042,2020,329.1,25,10.0,17.2,0.0,0,0,Yeumbeul,Dakar,14.75422,-17.34849,11.4,0.6,732,64.7,8527,4.1,2,6.597145701886651,0,6.47,1,0.2,False,False,False,False,True,False,True,False,False,False,False,False,False,True
Z0042,2021,484.0,38,13.6,26.0,0.0,0,0,Yeumbeul,Dakar,14.75422,-17.34849,11.4,0.6,732,64.7,8527,4.1,2,6.597145701886651,0,8.799199999999999,1,0.2,False,False,False,False,True,False,True,False,False,False,False,False,False,True
Z0042,2022,488.7,34,15.0,27.0,0.0,0,0,Yeumbeul,Dakar,14.75422,-17.34849,11.4,0.6,732,64.7,8527,4.1,2,6.597145701886651,0,9.705,1,0.2,False,False,False,False,True,False,True,False,False,False,False,False,False,True
Z0042,2023,214.3,6,10.0,15.3,0.0,1,0,Yeumbeul,Dakar,14.75422,-17.34849,11.4,0.6,732,64.7,8527,4.1,2,6.597145701886651,0,6.47,1,0.2,False,False,False,False,True,False,True,False,False,False,False,False,False,True
Z0042,2024,557.4,40,10.0,18.9,0.0,0,0,Yeumbeul,Dakar,14.75422,-17.34849,11.4,0.6,732,64.7,8527,4.1,2,6.597145701886651,0,6.47,1,0.2,False,False,False,False,True,False,True,False,False,False,False,False,False,True
Z0043,2015,336.4,22,17.6,33.6,0.0,0,0,Yeumbeul,Dakar,14.78181,-17.33491,6.9,0.83,375,74.6,17413,3.0,3,5.929589143389895,1,13.1296,0,0.3,False,False,False,False,True,False,True,False,False,False,True,False,False,False
Z0043,2016,386.5,31,10.0,17.9,0.0,0,0,Yeumbeul,Dakar,14.78181,-17.33491,6.9,0.83,375,74.6,17413,3.0,3,5.929589143389895,1,7.46,0,0.3,False,False,False,False,True,False,True,False,False,False,True,False,False,False
Z0043,2017,257.9,19,11.1,23.1,0.0,0,0,Yeumbeul,Dakar,14.78181,-17.33491,6.9,0.83,375,74.6,17413,3.0,3,5.929589143389895,1,8.2806,0,0.3,False,False,False,False,True,False,True,False,False,False,True,False,False,False
Z0043,2018,486.0,36,13.1,23.0,0.0,0,0,Yeumbeul,Dakar,14.78181,-17.33491,6.9,0.83,375,74.6,17413,3.0,3,5.929589143389895,1,9.772599999999999,0,0.3,False,False,False,False,True,False,True,False,False,False,True,False,False,False
Z0043,2019,374.7,23,33.2,70.1,0.0,0,0,Yeumbeul,Dakar,14.78181,-17.33491,6.9,0.83,375,74.6,17413,3.0,3,5.929589143389895,1,24.7672,0,0.3,False,False,False,False,True,False,True,False,False,False,True,False,False,False
Z0043,2020,553.7,31,15.5,28.6,0.0,1,0,Yeumbeul,Dakar,14.78181,-17.33491,6.9,0.83,375,74.6,17413,3.0,3,5.929589143389895,1,11.562999999999999,0,0.3,False,False,False,False,True,False,True,False,False,False,True,False,False,False
Z0043,2021,386.5,22,10.0,12.5,0.0,1,0,Yeumbeul,Dakar,14.78181,-17.33491,6.9,0.83,375,74.6,17413,3.0,3,5.929589143389895,1,7.46,0,0.3,False,False,False,False,True,False,True,False,False,False,True,False,False,False
Z0043,2022,328.1,25,11.1,13.9,0.0,1,0,Yeumbeul,Dakar,14.78181,-17.33491,6.9,0.83,375,74.6,17413,3.0,3,5.929589143389895,1,8.2806,0,0.3,False,False,False,False,True,False,True,False,False,False,True,False,False,False
Z0043,2023,461.2,36,51.1,85.1,0.0,0,0,Yeumbeul,Dakar,14.78181,-17.33491,6.9,0.83,375,74.6,17413,3.0,3,5.929589143389895,1,38.120599999999996,0,0.3,False,False,False,False,True,False,True,False,False,False,True,False,False,False
Z0043,2024,441.8,31,13.3,21.1,0.0,0,0,Yeumbeul,Dakar,14.78181,-17.33491,6.9,0.83,375,74.6,17413,3.0,3,5.929589143389895,1,9.9218,0,0.3,False,False,False,False,True,False,True,False,False,False,True,False,False,False
Z0044,2015,400.6,22,10.9,15.1,0.0,0,0,Yeumbeul,Dakar,14.77663,-17.32142,3.8,1.12,751,92.8,9671,3.1,4,6.62273632394984,1,10.1152,0,0.4,False,False,False,False,True,False,True,False,False,False,True,False,False,False
Z0044,2016,348.0,21,13.8,20.8,0.0,1,0,Yeumbeul,Dakar,14.77663,-17.32142,3.8,1.12,751,92.8,9671,3.1,4,6.62273632394984,1,12.806400000000002,0,0.4,False,False,False,False,True,False,True,False,False,False,True,False,False,False
Z0044,2017,426.8,35,22.8,45.1,0.0,1,0,Yeumbeul,Dakar,14.77663,-17.32142,3.8,1.12,751,92.8,9671,3.1,4,6.62273632394984,1,21.1584,0,0.4,False,False,False,False,True,False,True,False,False,False,True,False,False,False
Z0044,2018,501.7,45,68.6,124.4,0.0,1,0,Yeumbeul,Dakar,14.77663,-17.32142,3.8,1.12,751,92.8,9671,3.1,4,6.62273632394984,1,63.66079999999999,0,0.4,False,False,False,False,True,False,True,False,False,False,True,False,False,False
Z0044,2019,534.6,44,50.8,101.8,0.0,1,0,Yeumbeul,Dakar,14.77663,-17.32142,3.8,1.12,751,92.8,9671,3.1,4,6.62273632394984,1,47.142399999999995,0,0.4,False,False,False,False,True,False,True,False,False,False,True,False,False,False
Z0044,2020,363.4,25,20.1,36.3,0.0,1,0,Yeumbeul,Dakar,14.77663,-17.32142,3.8,1.12,751,92.8,9671,3.1,4,6.62273632394984,1,18.6528,0,0.4,False,False,False,False,True,False,True,False,False,False,True,False,False,False
Z0044,2021,531.8,38,41.0,76.6,0.0,1,0,Yeumbeul,Dakar,14.77663,-17.32142,3.8,1.12,751,92.8,9671,3.1,4,6.62273632394984,1,38.047999999999995,0,0.4,False,False,False,False,True,False,True,False,False,False,True,False,False,False
Z0044,2022,477.1,25,27.1,40.8,0.0,0,0,Yeumbeul,Dakar,14.77663,-17.32142,3.8,1.12,751,92.8,9671,3.1,4,6.62273632394984,1,25.1488,0,0.4,False,False,False,False,True,False,True,False,False,False,True,False,False,False
Z0044,2023,452.3,28,20.7,31.7,0.0,0,0,Yeumbeul,Dakar,14.77663,-17.32142,3.8,1.12,751,92.8,9671,3.1,4,6.62273632394984,1,19.2096,0,0.4,False,False,False,False,True,False,True,False,False,False,True,False,False,False
Z0044,2024,393.3,30,10.0,18.2,0.0,0,0,Yeumbeul,Dakar,14.77663,-17.32142,3.8,1.12,751,92.8,9671,3.1,4,6.62273632394984,1,9.28,0,0.4,False,False,False,False,True,False,True,False,False,False,True,False,False,False
Z0045,2015,421.9,30,54.9,89.0,0.0,1,0,Yeumbeul,Dakar,14.79508,-17.34858,0.5,0.27,372,30.2,152,0.6,10,5.921578419643816,1,16.5798,1,1.0,False,False,True,False,False,False,False,False,False,True,False,False,False,True
Z0045,2016,349.3,22,27.0,50.3,0.0,1,0,Yeumbeul,Dakar,14.79508,-17.34858,0.5,0.27,372,30.2,152,0.6,10,5.921578419643816,1,8.154,1,1.0,False,False,True,False,False,False,False,False,False,True,False,False,False,True
Z0045,2017,581.0,45,11.7,15.0,0.0,1,0,Yeumbeul,Dakar,14.79508,-17.34858,0.5,0.27,372,30.2,152,0.6,10,5.921578419643816,1,3.5334,1,1.0,False,False,True,False,False,False,False,False,False,True,False,False,False,True
Z0045,2018,438.5,31,10.6,13.4,0.0,1,0,Yeumbeul,Dakar,14.79508,-17.34858,0.5,0.27,372,30.2,152,0.6,10,5.921578419643816,1,3.2012,1,1.0,False,False,True,False,False,False,False,False,False,True,False,False,False,True
Z0045,2019,211.0,10,10.0,13.6,0.0,0,0,Yeumbeul,Dakar,14.79508,-17.34858,0.5,0.27,372,30.2,152,0.6,10,5.921578419643816,1,3.02,1,1.0,False,False,True,False,False,False,False,False,False,True,False,False,False,True
Z0045,2020,503.4,31,15.1,26.2,0.0,1,0,Yeumbeul,Dakar,14.79508,-17.34858,0.5,0.27,372,30.2,152,0.6,10,5.921578419643816,1,4.5602,1,1.0,False,False,True,False,False,False,False,False,False,True,False,False,False,True
Z0045,2021,441.4,37,15.4,33.6,0.0,1,0,Yeumbeul,Dakar,14.79508,-17.34858,0.5,0.27,372,30.2,152,0.6,10,5.921578419643816,1,4.6508,1,1.0,False,False,True,False,False,False,False,False,False,True,False,False,False,True
Z0045,2022,354.1,22,11.1,22.9,0.0,1,0,Yeumbeul,Dakar,14.79508,-17.34858,0.5,0.27,372,30.2,152,0.6,10,5.921578419643816,1,3.3522,1,1.0,False,False,True,False,False,False,False,False,False,True,False,False,False,True
Z0045,2023,511.9,39,29.3,63.7,0.0,1,0,Yeumbeul,Dakar,14.79508,-17.34858,0.5,0.27,372,30.2,152,0.6,10,5.921578419643816,1,8.8486,1,1.0,False,False,True,False,False,False,False,False,False,True,False,False,False,True
Z0045,2024,636.0,39,45.7,85.7,0.0,0,0,Yeumbeul,Dakar,14.79508,-17.34858,0.5,0.27,372,30.2,152,0.6,10,5.921578419643816,1,13.801400000000001,1,1.0,False,False,True,False,False,False,False,False,False,True,False,False,False,True
Z0046,2015,361.3,24,21.7,39.6,0.0,1,0,Yeumbeul,Dakar,14.76935,-17.34909,10.0,0.09,789,12.3,141,5.0,0,6.672032945461067,0,2.6691000000000003,0,0.0,False,False,True,False,False,False,False,False,True,False,True,False,False,False
Z0046,2016,314.4,24,13.1,21.9,0.0,0,0,Yeumbeul,Dakar,14.76935,-17.34909,10.0,0.09,789,12.3,141,5.0,0,6.672032945461067,0,1.6113,0,0.0,False,False,True,False,False,False,False,False,True,False,True,False,False,False
Z0046,2017,452.0,33,50.0,109.6,0.0,0,0,Yeumbeul,Dakar,14.76935,-17.34909,10.0,0.09,789,12.3,141,5.0,0,6.672032945461067,0,6.15,0,0.0,False,False,True,False,False,False,False,False,True,False,True,False,False,False
Z0046,2018,378.1,28,13.6,28.2,0.0,0,0,Yeumbeul,Dakar,14.76935,-17.34909,10.0,0.09,789,12.3,141,5.0,0,6.672032945461067,0,1.6728,0,0.0,False,False,True,False,False,False,False,False,True,False,True,False,False,False
Z0046,2019,364.6,26,37.4,58.1,0.0,0,0,Yeumbeul,Dakar,14.76935,-17.34909,10.0,0.09,789,12.3,141,5.0,0,6.672032945461067,0,4.6002,0,0.0,False,False,True,False,False,False,False,False,True,False,True,False,False,False
Z0046,2020,604.6,41,11.1,23.5,0.0,0,0,Yeumbeul,Dakar,14.76935,-17.34909,10.0,0.09,789,12.3,141,5.0,0,6.672032945461067,0,1.3653,0,0.0,False,False,True,False,False,False,False,False,True,False,True,False,False,False
Z0046,2021,363.8,24,11.1,14.3,0.0,0,0,Yeumbeul,Dakar,14.76935,-17.34909,10.0,0.09,789,12.3,141,5.0,0,6.672032945461067,0,1.3653,0,0.0,False,False,True,False,False,False,False,False,True,False,True,False,False,False
Z0046,2022,353.4,25,11.4,23.9,0.0,0,0,Yeumbeul,Dakar,14.76935,-17.34909,10.0,0.09,789,12.3,141,5.0,0,6.672032945461067,0,1.4022,0,0.0,False,False,True,False,False,False,False,False,True,False,True,False,False,False
Z0046,2023,406.0,33,32.9,54.5,0.0,1,0,Yeumbeul,Dakar,14.76935,-17.34909,10.0,0.09,789,12.3,141,5.0,0,6.672032945461067,0,4.0467,0,0.0,False,False,True,False,False,False,False,False,True,False,True,False,False,False
Z0046,2024,421.5,30,27.2,57.8,0.0,0,0,Yeumbeul,Dakar,14.76935,-17.34909,10.0,0.09,789,12.3,141,5.0,0,6.672032945461067,0,3.3456,0,0.0,False,False,True,False,False,False,False,False,True,False,True,False,False,False
Z0047,2015,395.1,30,10.0,17.8,0.0,0,0,Yeumbeul,Dakar,14.76226,-17.34898,7.5,0.43,331,86.5,14003,3.3,6,5.805134968916488,0,8.65,1,0.6,False,False,False,True,False,False,True,False,False,False,False,False,False,True
Z0047,2016,398.1,25,24.6,39.5,0.0,0,0,Yeumbeul,Dakar,14.76226,-17.34898,7.5,0.43,331,86.5,14003,3.3,6,5.805134968916488,0,21.279,1,0.6,False,False,False,True,False,False,True,False,False,False,False,False,False,True
Z0047,2017,449.8,33,13.4,21.2,0.0,0,0,Yeumbeul,Dakar,14.76226,-17.34898,7.5,0.43,331,86.5,14003,3.3,6,5.805134968916488,0,11.591000000000001,1,0.6,False,False,False,True,False,False,True,False,False,False,False,False,False,True
Z0047,2018,469.4,32,24.6,46.3,0.0,1,0,Yeumbeul,Dakar,14.76226,-17.34898,7.5,0.43,331,86.5,14003,3.3,6,5.805134968916488,0,21.279,1,0.6,False,False,False,True,False,False,True,False,False,False,False,False,False,True
Z0047,2019,558.6,43,23.0,50.1,0.0,1,0,Yeumbeul,Dakar,14.76226,-17.34898,7.5,0.43,331,86.5,14003,3.3,6,5.805134968916488,0,19.895,1,0.6,False,False,False,True,False,False,True,False,False,False,False,False,False,True
Z0047,2020,721.1,48,10.0,17.7,0.0,0,0,Yeumbeul,Dakar,14.76226,-17.34898,7.5,0.43,331,86.5,14003,3.3,6,5.805134968916488,0,8.65,1,0.6,False,False,False,True,False,False,True,False,False,False,False,False,False,True
Z0047,2021,519.6,36,29.0,35.4,0.0,0,0,Yeumbeul,Dakar,14.76226,-17.34898,7.5,0.43,331,86.5,14003,3.3,6,5.805134968916488,0,25.085,1,0.6,False,False,False,True,False,False,True,False,False,False,False,False,False,True
Z0047,2022,509.6,36,34.2,42.1,0.0,0,0,Yeumbeul,Dakar,14.76226,-17.34898,7.5,0.43,331,86.5,14003,3.3,6,5.805134968916488,0,29.583000000000002,1,0.6,False,False,False,True,False,False,True,False,False,False,False,False,False,True
Z0047,2023,468.5,38,13.2,23.9,0.0,0,0,Yeumbeul,Dakar,14.76226,-17.34898,7.5,0.43,331,86.5,14003,3.3,6,5.805134968916488,0,11.418,1,0.6,False,False,False,True,False,False,True,False,False,False,False,False,False,True
Z0047,2024,615.6,43,10.0,13.4,0.0,0,0,Yeumbeul,Dakar,14.76226,-17.34898,7.5,0.43,331,86.5,14003,3.3,6,5.805134968916488,0,8.65,1,0.6,False,False,False,True,False,False,True,False,False,False,False,False,False,True
Z0048,2015,520.5,38,10.5,14.6,0.0,0,0,Thiaroye,Dakar,14.72742,-17.37778,9.6,0.37,325,82.3,30649,3.2,0,5.786897381366708,0,8.6415,1,0.0,False,False,False,False,True,False,True,False,False,False,False,False,False,True
Z0048,2016,501.8,39,10.4,22.4,0.0,1,0,Thiaroye,Dakar,14.72742,-17.37778,9.6,0.37,325,82.3,30649,3.2,0,5.786897381366708,0,8.559199999999999,1,0.0,False,False,False,False,True,False,True,False,False,False,False,False,False,True
Z0048,2017,319.2,21,10.0,15.8,0.0,0,0,Thiaroye,Dakar,14.72742,-17.37778,9.6,0.37,325,82.3,30649,3.2,0,5.786897381366708,0,8.23,1,0.0,False,False,False,False,True,False,True,False,False,False,False,False,False,True
Z0048,2018,417.7,25,16.3,25.2,0.0,0,0,Thiaroye,Dakar,14.72742,-17.37778,9.6,0.37,325,82.3,30649,3.2,0,5.786897381366708,0,13.4149,1,0.0,False,False,False,False,True,False,True,False,False,False,False,False,False,True
Z0048,2019,577.8,42,19.9,29.4,0.0,0,0,Thiaroye,Dakar,14.72742,-17.37778,9.6,0.37,325,82.3,30649,3.2,0,5.786897381366708,0,16.377699999999997,1,0.0,False,False,False,False,True,False,True,False,False,False,False,False,False,True
Z0048,2020,646.9,48,24.4,41.3,0.0,1,0,Thiaroye,Dakar,14.72742,-17.37778,9.6,0.37,325,82.3,30649,3.2,0,5.786897381366708,0,20.0812,1,0.0,False,False,False,False,True,False,True,False,False,False,False,False,False,True
Z0048,2021,296.1,26,10.0,19.6,0.0,0,0,Thiaroye,Dakar,14.72742,-17.37778,9.6,0.37,325,82.3,30649,3.2,0,5.786897381366708,0,8.23,1,0.0,False,False,False,False,True,False,True,False,False,False,False,False,False,True
Z0048,2022,574.2,38,25.8,56.5,0.0,1,0,Thiaroye,Dakar,14.72742,-17.37778,9.6,0.37,325,82.3,30649,3.2,0,5.786897381366708,0,21.233400000000003,1,0.0,False,False,False,False,True,False,True,False,False,False,False,False,False,True
Z0048,2023,246.1,18,10.0,16.5,0.0,0,0,Thiaroye,Dakar,14.72742,-17.37778,9.6,0.37,325,82.3,30649,3.2,0,5.786897381366708,0,8.23,1,0.0,False,False,False,False,True,False,True,False,False,False,False,False,False,True
Z0048,2024,683.9,44,66.2,126.0,0.0,1,0,Thiaroye,Dakar,14.72742,-17.37778,9.6,0.37,325,82.3,30649,3.2,0,5.786897381366708,0,54.482600000000005,1,0.0,False,False,False,False,True,False,True,False,False,False,False,False,False,True
Z0049,2015,461.7,31,21.7,32.0,0.0,0,0,Thiaroye,Dakar,14.75564,-17.39595,8.1,0.96,1561,49.6,23454,3.4,0,7.3537223303996315,0,10.7632,2,0.0,False,True,False,False,False,False,True,False,False,False,False,True,False,False
Z0049,2016,374.5,25,14.9,24.5,0.0,0,0,Thiaroye,Dakar,14.75564,-17.39595,8.1,0.96,1561,49.6,23454,3.4,0,7.3537223303996315,0,7.3904000000000005,2,0.0,False,True,False,False,False,False,True,False,False,False,False,True,False,False
Z0049,2017,579.5,49,29.5,35.5,0.0,0,0,Thiaroye,Dakar,14.75564,-17.39595,8.1,0.96,1561,49.6,23454,3.4,0,7.3537223303996315,0,14.632,2,0.0,False,True,False,False,False,False,True,False,False,False,False,True,False,False
Z0049,2018,427.4,38,24.0,46.1,0.0,0,0,Thiaroye,Dakar,14.75564,-17.39595,8.1,0.96,1561,49.6,23454,3.4,0,7.3537223303996315,0,11.904000000000002,2,0.0,False,True,False,False,False,False,True,False,False,False,False,True,False,False
Z0049,2019,496.8,37,17.3,25.3,0.0,0,0,Thiaroye,Dakar,14.75564,-17.39595,8.1,0.96,1561,49.6,23454,3.4,0,7.3537223303996315,0,8.5808,2,0.0,False,True,False,False,False,False,True,False,False,False,False,True,False,False
Z0049,2020,344.5,25,10.0,19.6,0.0,0,0,Thiaroye,Dakar,14.75564,-17.39595,8.1,0.96,1561,49.6,23454,3.4,0,7.3537223303996315,0,4.96,2,0.0,False,True,False,False,False,False,True,False,False,False,False,True,False,False
Z0049,2021,414.8,29,29.4,45.0,0.0,0,0,Thiaroye,Dakar,14.75564,-17.39595,8.1,0.96,1561,49.6,23454,3.4,0,7.3537223303996315,0,14.5824,2,0.0,False,True,False,False,False,False,True,False,False,False,False,True,False,False
Z0049,2022,522.6,37,25.6,43.9,0.0,0,0,Thiaroye,Dakar,14.75564,-17.39595,8.1,0.96,1561,49.6,23454,3.4,0,7.3537223303996315,0,12.697600000000001,2,0.0,False,True,False,False,False,False,True,False,False,False,False,True,False,False
Z0049,2023,367.6,31,29.3,37.7,0.0,0,0,Thiaroye,Dakar,14.75564,-17.39595,8.1,0.96,1561,49.6,23454,3.4,0,7.3537223303996315,0,14.5328,2,0.0,False,True,False,False,False,False,True,False,False,False,False,True,False,False
Z0049,2024,375.9,25,17.7,29.4,0.0,0,0,Thiaroye,Dakar,14.75564,-17.39595,8.1,0.96,1561,49.6,23454,3.4,0,7.3537223303996315,0,8.7792,2,0.0,False,True,False,False,False,False,True,False,False,False,False,True,False,False
Z0050,2015,376.9,26,18.3,32.8,0.0,0,0,Thiaroye,Dakar,14.73529,-17.38087,12.8,0.39,353,96.7,13936,3.8,0,5.869296913133774,0,17.6961,2,0.0,False,False,True,False,False,False,True,False,False,False,False,True,False,False
Z0050,2016,278.3,17,18.3,39.7,0.0,1,0,Thiaroye,Dakar,14.73529,-17.38087,12.8,0.39,353,96.7,13936,3.8,0,5.869296913133774,0,17.6961,2,0.0,False,False,True,False,False,False,True,False,False,False,False,True,False,False
Z0050,2017,328.0,20,20.3,43.0,0.0,0,0,Thiaroye,Dakar,14.73529,-17.38087,12.8,0.39,353,96.7,13936,3.8,0,5.869296913133774,0,19.630100000000002,2,0.0,False,False,True,False,False,False,True,False,False,False,False,True,False,False
Z0050,2018,412.1,34,10.0,20.0,0.0,0,0,Thiaroye,Dakar,14.73529,-17.38087,12.8,0.39,353,96.7,13936,3.8,0,5.869296913133774,0,9.67,2,0.0,False,False,True,False,False,False,True,False,False,False,False,True,False,False
Z0050,2019,407.0,30,13.8,29.7,0.0,0,0,Thiaroye,Dakar,14.73529,-17.38087,12.8,0.39,353,96.7,13936,3.8,0,5.869296913133774,0,13.3446,2,0.0,False,False,True,False,False,False,True,False,False,False,False,True,False,False
Z0050,2020,588.4,36,89.1,130.1,0.0,1,0,Thiaroye,Dakar,14.73529,-17.38087,12.8,0.39,353,96.7,13936,3.8,0,5.869296913133774,0,86.15969999999999,2,0.0,False,False,True,False,False,False,True,False,False,False,False,True,False,False
Z0050,2021,374.4,32,21.8,30.0,0.0,0,0,Thiaroye,Dakar,14.73529,-17.38087,12.8,0.39,353,96.7,13936,3.8,0,5.869296913133774,0,21.0806,2,0.0,False,False,True,False,False,False,True,False,False,False,False,True,False,False
Z0050,2022,264.9,17,13.7,28.8,0.0,0,0,Thiaroye,Dakar,14.73529,-17.38087,12.8,0.39,353,96.7,13936,3.8,0,5.869296913133774,0,13.2479,2,0.0,False,False,True,False,False,False,True,False,False,False,False,True,False,False
Z0050,2023,617.8,42,31.9,47.1,0.0,0,0,Thiaroye,Dakar,14.73529,-17.38087,12.8,0.39,353,96.7,13936,3.8,0,5.869296913133774,0,30.8473,2,0.0,False,False,True,False,False,False,True,False,False,False,False,True,False,False
Z0050,2024,690.3,44,35.4,55.6,0.0,0,0,Thiaroye,Dakar,14.73529,-17.38087,12.8,0.39,353,96.7,13936,3.8,0,5.869296913133774,0,34.2318,2,0.0,False,False,True,False,False,False,True,False,False,False,False,True,False,False
Z0051,2015,381.7,36,34.8,44.5,0.0,0,0,Thiaroye,Dakar,14.74142,-17.37071,1.5,1.77,567,51.2,3141,2.2,1,6.342121418721152,1,17.8176,2,0.1,False,False,True,False,False,False,False,True,False,False,False,True,False,False
Z0051,2016,424.0,29,34.9,62.4,0.0,0,0,Thiaroye,Dakar,14.74142,-17.37071,1.5,1.77,567,51.2,3141,2.2,1,6.342121418721152,1,17.8688,2,0.1,False,False,True,False,False,False,False,True,False,False,False,True,False,False
Z0051,2017,424.0,31,19.8,38.7,0.0,1,0,Thiaroye,Dakar,14.74142,-17.37071,1.5,1.77,567,51.2,3141,2.2,1,6.342121418721152,1,10.1376,2,0.1,False,False,True,False,False,False,False,True,False,False,False,True,False,False
Z0051,2018,648.7,50,20.6,37.3,0.0,0,0,Thiaroye,Dakar,14.74142,-17.37071,1.5,1.77,567,51.2,3141,2.2,1,6.342121418721152,1,10.5472,2,0.1,False,False,True,False,False,False,False,True,False,False,False,True,False,False
Z0051,2019,247.4,13,10.0,21.0,0.0,0,0,Thiaroye,Dakar,14.74142,-17.37071,1.5,1.77,567,51.2,3141,2.2,1,6.342121418721152,1,5.12,2,0.1,False,False,True,False,False,False,False,True,False,False,False,True,False,False
Z0051,2020,652.6,52,21.7,30.1,0.0,0,0,Thiaroye,Dakar,14.74142,-17.37071,1.5,1.77,567,51.2,3141,2.2,1,6.342121418721152,1,11.1104,2,0.1,False,False,True,False,False,False,False,True,False,False,False,True,False,False
Z0051,2021,312.2,21,12.5,24.8,0.0,0,0,Thiaroye,Dakar,14.74142,-17.37071,1.5,1.77,567,51.2,3141,2.2,1,6.342121418721152,1,6.4,2,0.1,False,False,True,False,False,False,False,True,False,False,False,True,False,False
Z0051,2022,555.0,37,10.0,17.2,0.0,0,0,Thiaroye,Dakar,14.74142,-17.37071,1.5,1.77,567,51.2,3141,2.2,1,6.342121418721152,1,5.12,2,0.1,False,False,True,False,False,False,False,True,False,False,False,True,False,False
Z0051,2023,472.7,29,29.3,56.9,0.0,0,0,Thiaroye,Dakar,14.74142,-17.37071,1.5,1.77,567,51.2,3141,2.2,1,6.342121418721152,1,15.001600000000002,2,0.1,False,False,True,False,False,False,False,True,False,False,False,True,False,False
Z0051,2024,335.2,25,10.0,14.5,0.0,0,0,Thiaroye,Dakar,14.74142,-17.37071,1.5,1.77,567,51.2,3141,2.2,1,6.342121418721152,1,5.12,2,0.1,False,False,True,False,False,False,False,True,False,False,False,True,False,False
Z0052,2015,470.9,39,16.6,36.1,0.0,1,0,Thiaroye,Dakar,14.74302,-17.37482,5.7,1.4,303,25.9,6751,1.6,0,5.717027701406222,0,4.2994,1,0.0,False,False,False,False,True,False,False,True,False,False,False,False,False,True
Z0052,2016,479.0,38,12.1,17.0,0.0,0,0,Thiaroye,Dakar,14.74302,-17.37482,5.7,1.4,303,25.9,6751,1.6,0,5.717027701406222,0,3.1338999999999997,1,0.0,False,False,False,False,True,False,False,True,False,False,False,False,False,True
Z0052,2017,490.3,36,10.6,16.0,0.0,0,0,Thiaroye,Dakar,14.74302,-17.37482,5.7,1.4,303,25.9,6751,1.6,0,5.717027701406222,0,2.7453999999999996,1,0.0,False,False,False,False,True,False,False,True,False,False,False,False,False,True
Z0052,2018,368.9,23,37.6,69.5,0.0,0,0,Thiaroye,Dakar,14.74302,-17.37482,5.7,1.4,303,25.9,6751,1.6,0,5.717027701406222,0,9.7384,1,0.0,False,False,False,False,True,False,False,True,False,False,False,False,False,True
Z0052,2019,492.5,31,37.2,61.3,0.0,0,0,Thiaroye,Dakar,14.74302,-17.37482,5.7,1.4,303,25.9,6751,1.6,0,5.717027701406222,0,9.6348,1,0.0,False,False,False,False,True,False,False,True,False,False,False,False,False,True
Z0052,2020,440.2,35,17.7,23.1,0.0,0,0,Thiaroye,Dakar,14.74302,-17.37482,5.7,1.4,303,25.9,6751,1.6,0,5.717027701406222,0,4.5843,1,0.0,False,False,False,False,True,False,False,True,False,False,False,False,False,True
Z0052,2021,440.1,33,31.9,69.1,0.0,0,0,Thiaroye,Dakar,14.74302,-17.37482,5.7,1.4,303,25.9,6751,1.6,0,5.717027701406222,0,8.262099999999998,1,0.0,False,False,False,False,True,False,False,True,False,False,False,False,False,True
Z0052,2022,591.9,41,18.8,26.5,0.0,0,0,Thiaroye,Dakar,14.74302,-17.37482,5.7,1.4,303,25.9,6751,1.6,0,5.717027701406222,0,4.8692,1,0.0,False,False,False,False,True,False,False,True,False,False,False,False,False,True
Z0052,2023,515.1,34,18.0,34.5,0.0,0,0,Thiaroye,Dakar,14.74302,-17.37482,5.7,1.4,303,25.9,6751,1.6,0,5.717027701406222,0,4.662,1,0.0,False,False,False,False,True,False,False,True,False,False,False,False,False,True
Z0052,2024,481.7,31,34.0,59.6,0.0,0,0,Thiaroye,Dakar,14.74302,-17.37482,5.7,1.4,303,25.9,6751,1.6,0,5.717027701406222,0,8.806,1,0.0,False,False,False,False,True,False,False,True,False,False,False,False,False,True
Z0053,2015,357.1,24,10.0,16.7,0.0,0,0,Thiaroye,Dakar,14.72921,-17.39377,0.5,1.18,1472,0.0,219,5.5,0,7.29505641646263,1,0.0,1,0.0,False,False,False,False,True,False,False,False,True,False,False,False,False,True
Z0053,2016,466.2,34,20.3,30.0,0.0,0,0,Thiaroye,Dakar,14.72921,-17.39377,0.5,1.18,1472,0.0,219,5.5,0,7.29505641646263,1,0.0,1,0.0,False,False,False,False,True,False,False,False,True,False,False,False,False,True
Z0053,2017,485.2,34,33.3,40.7,0.0,0,0,Thiaroye,Dakar,14.72921,-17.39377,0.5,1.18,1472,0.0,219,5.5,0,7.29505641646263,1,0.0,1,0.0,False,False,False,False,True,False,False,False,True,False,False,False,False,True
Z0053,2018,359.1,24,31.8,57.5,0.0,0,0,Thiaroye,Dakar,14.72921,-17.39377,0.5,1.18,1472,0.0,219,5.5,0,7.29505641646263,1,0.0,1,0.0,False,False,False,False,True,False,False,False,True,False,False,False,False,True
Z0053,2019,252.9,20,17.9,29.2,0.0,0,0,Thiaroye,Dakar,14.72921,-17.39377,0.5,1.18,1472,0.0,219,5.5,0,7.29505641646263,1,0.0,1,0.0,False,False,False,False,True,False,False,False,True,False,False,False,False,True
Z0053,2020,647.7,53,45.1,93.3,0.0,1,0,Thiaroye,Dakar,14.72921,-17.39377,0.5,1.18,1472,0.0,219,5.5,0,7.29505641646263,1,0.0,1,0.0,False,False,False,False,True,False,False,False,True,False,False,False,False,True
Z0053,2021,368.6,18,10.0,14.3,0.0,0,0,Thiaroye,Dakar,14.72921,-17.39377,0.5,1.18,1472,0.0,219,5.5,0,7.29505641646263,1,0.0,1,0.0,False,False,False,False,True,False,False,False,True,False,False,False,False,True
Z0053,2022,557.7,41,44.1,85.1,0.0,0,0,Thiaroye,Dakar,14.72921,-17.39377,0.5,1.18,1472,0.0,219,5.5,0,7.29505641646263,1,0.0,1,0.0,False,False,False,False,True,False,False,False,True,False,False,False,False,True
Z0053,2023,391.0,29,31.1,52.6,0.0,0,0,Thiaroye,Dakar,14.72921,-17.39377,0.5,1.18,1472,0.0,219,5.5,0,7.29505641646263,1,0.0,1,0.0,False,False,False,False,True,False,False,False,True,False,False,False,False,True
Z0053,2024,663.3,44,88.5,177.2,0.0,1,0,Thiaroye,Dakar,14.72921,-17.39377,0.5,1.18,1472,0.0,219,5.5,0,7.29505641646263,1,0.0,1,0.0,False,False,False,False,True,False,False,False,True,False,False,False,False,True
Z0054,2015,477.9,33,21.5,31.5,0.0,0,0,Thiaroye,Dakar,14.75262,-17.3866,6.1,0.33,378,49.2,5113,2.5,1,5.937536205082426,0,10.578,1,0.1,False,False,False,True,False,False,False,True,False,False,False,False,True,False
Z0054,2016,359.9,20,17.3,36.4,0.0,0,0,Thiaroye,Dakar,14.75262,-17.3866,6.1,0.33,378,49.2,5113,2.5,1,5.937536205082426,0,8.511600000000001,1,0.1,False,False,False,True,False,False,False,True,False,False,False,False,True,False
Z0054,2017,458.8,34,18.6,39.4,0.0,0,0,Thiaroye,Dakar,14.75262,-17.3866,6.1,0.33,378,49.2,5113,2.5,1,5.937536205082426,0,9.151200000000001,1,0.1,False,False,False,True,False,False,False,True,False,False,False,False,True,False
Z0054,2018,471.4,39,18.4,32.6,0.0,0,0,Thiaroye,Dakar,14.75262,-17.3866,6.1,0.33,378,49.2,5113,2.5,1,5.937536205082426,0,9.0528,1,0.1,False,False,False,True,False,False,False,True,False,False,False,False,True,False
Z0054,2019,416.2,28,22.7,49.2,0.0,0,0,Thiaroye,Dakar,14.75262,-17.3866,6.1,0.33,378,49.2,5113,2.5,1,5.937536205082426,0,11.168399999999998,1,0.1,False,False,False,True,False,False,False,True,False,False,False,False,True,False
Z0054,2020,504.4,40,10.0,16.4,0.0,0,0,Thiaroye,Dakar,14.75262,-17.3866,6.1,0.33,378,49.2,5113,2.5,1,5.937536205082426,0,4.92,1,0.1,False,False,False,True,False,False,False,True,False,False,False,False,True,False
Z0054,2021,443.3,26,36.6,68.5,0.0,1,0,Thiaroye,Dakar,14.75262,-17.3866,6.1,0.33,378,49.2,5113,2.5,1,5.937536205082426,0,18.0072,1,0.1,False,False,False,True,False,False,False,True,False,False,False,False,True,False
Z0054,2022,469.4,35,20.2,40.1,0.0,0,0,Thiaroye,Dakar,14.75262,-17.3866,6.1,0.33,378,49.2,5113,2.5,1,5.937536205082426,0,9.9384,1,0.1,False,False,False,True,False,False,False,True,False,False,False,False,True,False
Z0054,2023,298.4,18,10.0,13.5,0.0,0,0,Thiaroye,Dakar,14.75262,-17.3866,6.1,0.33,378,49.2,5113,2.5,1,5.937536205082426,0,4.92,1,0.1,False,False,False,True,False,False,False,True,False,False,False,False,True,False
Z0054,2024,499.1,34,15.7,21.0,0.0,0,0,Thiaroye,Dakar,14.75262,-17.3866,6.1,0.33,378,49.2,5113,2.5,1,5.937536205082426,0,7.7244,1,0.1,False,False,False,True,False,False,False,True,False,False,False,False,True,False
Z0055,2015,358.0,29,13.5,18.3,0.0,0,0,Thiaroye,Dakar,14.75453,-17.37926,2.8,0.18,455,13.1,234,2.6,2,6.1224928095143865,1,1.7685,2,0.2,False,False,True,False,False,False,False,False,False,True,False,True,False,False
Z0055,2016,337.9,22,23.8,50.6,0.0,0,0,Thiaroye,Dakar,14.75453,-17.37926,2.8,0.18,455,13.1,234,2.6,2,6.1224928095143865,1,3.1178,2,0.2,False,False,True,False,False,False,False,False,False,True,False,True,False,False
Z0055,2017,332.4,23,11.8,20.0,0.0,0,0,Thiaroye,Dakar,14.75453,-17.37926,2.8,0.18,455,13.1,234,2.6,2,6.1224928095143865,1,1.5458,2,0.2,False,False,True,False,False,False,False,False,False,True,False,True,False,False
Z0055,2018,562.7,41,13.0,27.6,0.0,1,0,Thiaroye,Dakar,14.75453,-17.37926,2.8,0.18,455,13.1,234,2.6,2,6.1224928095143865,1,1.7029999999999998,2,0.2,False,False,True,False,False,False,False,False,False,True,False,True,False,False
Z0055,2019,463.0,30,39.1,69.1,0.0,0,0,Thiaroye,Dakar,14.75453,-17.37926,2.8,0.18,455,13.1,234,2.6,2,6.1224928095143865,1,5.1221000000000005,2,0.2,False,False,True,False,False,False,False,False,False,True,False,True,False,False
Z0055,2020,425.6,31,29.8,45.3,0.0,0,0,Thiaroye,Dakar,14.75453,-17.37926,2.8,0.18,455,13.1,234,2.6,2,6.1224928095143865,1,3.9038,2,0.2,False,False,True,False,False,False,False,False,False,True,False,True,False,False
Z0055,2021,189.8,10,10.0,20.8,0.0,0,0,Thiaroye,Dakar,14.75453,-17.37926,2.8,0.18,455,13.1,234,2.6,2,6.1224928095143865,1,1.31,2,0.2,False,False,True,False,False,False,False,False,False,True,False,True,False,False
Z0055,2022,523.0,34,10.0,21.6,0.0,0,0,Thiaroye,Dakar,14.75453,-17.37926,2.8,0.18,455,13.1,234,2.6,2,6.1224928095143865,1,1.31,2,0.2,False,False,True,False,False,False,False,False,False,True,False,True,False,False
Z0055,2023,293.5,14,10.7,20.8,0.0,0,0,Thiaroye,Dakar,14.75453,-17.37926,2.8,0.18,455,13.1,234,2.6,2,6.1224928095143865,1,1.4017,2,0.2,False,False,True,False,False,False,False,False,False,True,False,True,False,False
Z0055,2024,480.9,30,22.3,43.9,0.0,0,0,Thiaroye,Dakar,14.75453,-17.37926,2.8,0.18,455,13.1,234,2.6,2,6.1224928095143865,1,2.9213,2,0.2,False,False,True,False,False,False,False,False,False,True,False,True,False,False
Z0056,2015,502.2,39,10.0,14.2,0.0,0,0,Thiaroye,Dakar,14.74129,-17.37287,5.1,1.64,2877,6.9,164,2.5,1,7.964850887447313,1,0.69,0,0.1,False,False,False,False,True,False,False,False,True,False,True,False,False,False
Z0056,2016,457.9,36,10.0,14.9,0.0,0,0,Thiaroye,Dakar,14.74129,-17.37287,5.1,1.64,2877,6.9,164,2.5,1,7.964850887447313,1,0.69,0,0.1,False,False,False,False,True,False,False,False,True,False,True,False,False,False
Z0056,2017,397.8,26,10.3,18.1,0.0,0,0,Thiaroye,Dakar,14.74129,-17.37287,5.1,1.64,2877,6.9,164,2.5,1,7.964850887447313,1,0.7107000000000001,0,0.1,False,False,False,False,True,False,False,False,True,False,True,False,False,False
Z0056,2018,504.4,30,76.3,148.2,0.0,0,0,Thiaroye,Dakar,14.74129,-17.37287,5.1,1.64,2877,6.9,164,2.5,1,7.964850887447313,1,5.2647,0,0.1,False,False,False,False,True,False,False,False,True,False,True,False,False,False
Z0056,2019,529.5,33,17.3,23.6,0.0,1,0,Thiaroye,Dakar,14.74129,-17.37287,5.1,1.64,2877,6.9,164,2.5,1,7.964850887447313,1,1.1937,0,0.1,False,False,False,False,True,False,False,False,True,False,True,False,False,False
Z0056,2020,493.9,29,14.2,18.8,0.0,0,0,Thiaroye,Dakar,14.74129,-17.37287,5.1,1.64,2877,6.9,164,2.5,1,7.964850887447313,1,0.9798,0,0.1,False,False,False,False,True,False,False,False,True,False,True,False,False,False
Z0056,2021,284.7,24,20.3,28.4,0.0,0,0,Thiaroye,Dakar,14.74129,-17.37287,5.1,1.64,2877,6.9,164,2.5,1,7.964850887447313,1,1.4007000000000003,0,0.1,False,False,False,False,True,False,False,False,True,False,True,False,False,False
Z0056,2022,515.5,34,12.3,15.6,0.0,0,0,Thiaroye,Dakar,14.74129,-17.37287,5.1,1.64,2877,6.9,164,2.5,1,7.964850887447313,1,0.8487,0,0.1,False,False,False,False,True,False,False,False,True,False,True,False,False,False
Z0056,2023,376.8,31,23.3,43.6,0.0,0,0,Thiaroye,Dakar,14.74129,-17.37287,5.1,1.64,2877,6.9,164,2.5,1,7.964850887447313,1,1.6077000000000001,0,0.1,False,False,False,False,True,False,False,False,True,False,True,False,False,False
Z0056,2024,530.2,34,10.8,15.2,0.0,0,0,Thiaroye,Dakar,14.74129,-17.37287,5.1,1.64,2877,6.9,164,2.5,1,7.964850887447313,1,0.7452000000000001,0,0.1,False,False,False,False,True,False,False,False,True,False,True,False,False,False
Z0057,2015,395.6,20,22.2,46.0,0.0,1,0,Thiaroye,Dakar,14.73713,-17.37433,3.7,1.28,539,71.2,13978,1.6,9,6.29156913955832,1,15.806400000000002,0,0.9,False,False,True,False,False,False,True,False,False,False,True,False,False,False
Z0057,2016,278.8,13,10.0,13.6,0.0,0,0,Thiaroye,Dakar,14.73713,-17.37433,3.7,1.28,539,71.2,13978,1.6,9,6.29156913955832,1,7.12,0,0.9,False,False,True,False,False,False,True,False,False,False,True,False,False,False
Z0057,2017,442.1,31,71.8,134.4,0.0,1,0,Thiaroye,Dakar,14.73713,-17.37433,3.7,1.28,539,71.2,13978,1.6,9,6.29156913955832,1,51.1216,0,0.9,False,False,True,False,False,False,True,False,False,False,True,False,False,False
Z0057,2018,320.0,21,10.0,19.9,0.0,1,0,Thiaroye,Dakar,14.73713,-17.37433,3.7,1.28,539,71.2,13978,1.6,9,6.29156913955832,1,7.12,0,0.9,False,False,True,False,False,False,True,False,False,False,True,False,False,False
Z0057,2019,430.4,31,42.8,88.6,0.0,1,0,Thiaroye,Dakar,14.73713,-17.37433,3.7,1.28,539,71.2,13978,1.6,9,6.29156913955832,1,30.4736,0,0.9,False,False,True,False,False,False,True,False,False,False,True,False,False,False
Z0057,2020,787.9,62,37.2,68.1,0.0,1,0,Thiaroye,Dakar,14.73713,-17.37433,3.7,1.28,539,71.2,13978,1.6,9,6.29156913955832,1,26.486400000000003,0,0.9,False,False,True,False,False,False,True,False,False,False,True,False,False,False
Z0057,2021,421.5,34,19.6,29.9,0.0,0,0,Thiaroye,Dakar,14.73713,-17.37433,3.7,1.28,539,71.2,13978,1.6,9,6.29156913955832,1,13.955200000000001,0,0.9,False,False,True,False,False,False,True,False,False,False,True,False,False,False
Z0057,2022,301.1,27,11.0,13.7,0.0,1,0,Thiaroye,Dakar,14.73713,-17.37433,3.7,1.28,539,71.2,13978,1.6,9,6.29156913955832,1,7.832000000000001,0,0.9,False,False,True,False,False,False,True,False,False,False,True,False,False,False
Z0057,2023,353.7,27,12.9,22.1,0.0,1,0,Thiaroye,Dakar,14.73713,-17.37433,3.7,1.28,539,71.2,13978,1.6,9,6.29156913955832,1,9.184800000000001,0,0.9,False,False,True,False,False,False,True,False,False,False,True,False,False,False
Z0057,2024,490.2,29,10.0,20.1,0.0,1,0,Thiaroye,Dakar,14.73713,-17.37433,3.7,1.28,539,71.2,13978,1.6,9,6.29156913955832,1,7.12,0,0.9,False,False,True,False,False,False,True,False,False,False,True,False,False,False
Z0058,2015,330.9,25,24.0,32.3,0.0,1,0,Thiaroye,Dakar,14.75307,-17.36765,2.3,0.2,2691,79.1,17422,2.5,2,7.898039690764619,1,18.983999999999998,1,0.2,False,True,False,False,False,False,True,False,False,False,False,False,False,True
Z0058,2016,524.3,36,22.4,45.7,0.0,1,0,Thiaroye,Dakar,14.75307,-17.36765,2.3,0.2,2691,79.1,17422,2.5,2,7.898039690764619,1,17.718399999999995,1,0.2,False,True,False,False,False,False,True,False,False,False,False,False,False,True
Z0058,2017,418.1,32,12.8,20.1,0.0,0,0,Thiaroye,Dakar,14.75307,-17.36765,2.3,0.2,2691,79.1,17422,2.5,2,7.898039690764619,1,10.1248,1,0.2,False,True,False,False,False,False,True,False,False,False,False,False,False,True
Z0058,2018,326.2,24,33.9,50.8,0.0,0,0,Thiaroye,Dakar,14.75307,-17.36765,2.3,0.2,2691,79.1,17422,2.5,2,7.898039690764619,1,26.814899999999998,1,0.2,False,True,False,False,False,False,True,False,False,False,False,False,False,True
Z0058,2019,432.5,30,41.3,77.1,0.0,1,0,Thiaroye,Dakar,14.75307,-17.36765,2.3,0.2,2691,79.1,17422,2.5,2,7.898039690764619,1,32.668299999999995,1,0.2,False,True,False,False,False,False,True,False,False,False,False,False,False,True
Z0058,2020,616.8,42,10.0,19.3,0.0,1,0,Thiaroye,Dakar,14.75307,-17.36765,2.3,0.2,2691,79.1,17422,2.5,2,7.898039690764619,1,7.91,1,0.2,False,True,False,False,False,False,True,False,False,False,False,False,False,True
Z0058,2021,458.9,38,19.0,36.9,0.0,1,0,Thiaroye,Dakar,14.75307,-17.36765,2.3,0.2,2691,79.1,17422,2.5,2,7.898039690764619,1,15.028999999999998,1,0.2,False,True,False,False,False,False,True,False,False,False,False,False,False,True
Z0058,2022,526.7,41,19.4,39.5,0.0,0,0,Thiaroye,Dakar,14.75307,-17.36765,2.3,0.2,2691,79.1,17422,2.5,2,7.898039690764619,1,15.345399999999998,1,0.2,False,True,False,False,False,False,True,False,False,False,False,False,False,True
Z0058,2023,326.2,21,10.0,18.1,0.0,0,0,Thiaroye,Dakar,14.75307,-17.36765,2.3,0.2,2691,79.1,17422,2.5,2,7.898039690764619,1,7.91,1,0.2,False,True,False,False,False,False,True,False,False,False,False,False,False,True
Z0058,2024,482.0,27,25.0,36.5,0.0,1,0,Thiaroye,Dakar,14.75307,-17.36765,2.3,0.2,2691,79.1,17422,2.5,2,7.898039690764619,1,19.775,1,0.2,False,True,False,False,False,False,True,False,False,False,False,False,False,True
Z0059,2015,141.4,10,10.0,12.2,0.0,0,0,Thiaroye,Dakar,14.75459,-17.36199,8.8,1.13,490,67.6,7129,5.2,1,6.19644412779452,0,6.76,2,0.1,False,False,True,False,False,False,False,True,False,False,False,True,False,False
Z0059,2016,556.8,37,10.0,14.6,0.0,0,0,Thiaroye,Dakar,14.75459,-17.36199,8.8,1.13,490,67.6,7129,5.2,1,6.19644412779452,0,6.76,2,0.1,False,False,True,False,False,False,False,True,False,False,False,True,False,False
Z0059,2017,392.5,29,10.0,20.2,0.0,0,0,Thiaroye,Dakar,14.75459,-17.36199,8.8,1.13,490,67.6,7129,5.2,1,6.19644412779452,0,6.76,2,0.1,False,False,True,False,False,False,False,True,False,False,False,True,False,False
Z0059,2018,255.1,16,10.0,14.0,0.0,0,0,Thiaroye,Dakar,14.75459,-17.36199,8.8,1.13,490,67.6,7129,5.2,1,6.19644412779452,0,6.76,2,0.1,False,False,True,False,False,False,False,True,False,False,False,True,False,False
Z0059,2019,601.6,44,30.4,62.2,0.0,0,0,Thiaroye,Dakar,14.75459,-17.36199,8.8,1.13,490,67.6,7129,5.2,1,6.19644412779452,0,20.550399999999996,2,0.1,False,False,True,False,False,False,False,True,False,False,False,True,False,False
Z0059,2020,630.3,42,14.0,20.9,0.0,0,0,Thiaroye,Dakar,14.75459,-17.36199,8.8,1.13,490,67.6,7129,5.2,1,6.19644412779452,0,9.463999999999999,2,0.1,False,False,True,False,False,False,False,True,False,False,False,True,False,False
Z0059,2021,346.9,25,22.4,38.0,0.0,0,0,Thiaroye,Dakar,14.75459,-17.36199,8.8,1.13,490,67.6,7129,5.2,1,6.19644412779452,0,15.142399999999999,2,0.1,False,False,True,False,False,False,False,True,False,False,False,True,False,False
Z0059,2022,367.5,22,40.5,56.3,0.0,0,0,Thiaroye,Dakar,14.75459,-17.36199,8.8,1.13,490,67.6,7129,5.2,1,6.19644412779452,0,27.377999999999997,2,0.1,False,False,True,False,False,False,False,True,False,False,False,True,False,False
Z0059,2023,585.1,36,31.9,54.0,0.0,1,0,Thiaroye,Dakar,14.75459,-17.36199,8.8,1.13,490,67.6,7129,5.2,1,6.19644412779452,0,21.564399999999996,2,0.1,False,False,True,False,False,False,False,True,False,False,False,True,False,False
Z0059,2024,538.5,34,11.6,14.9,0.0,0,0,Thiaroye,Dakar,14.75459,-17.36199,8.8,1.13,490,67.6,7129,5.2,1,6.19644412779452,0,7.841599999999999,2,0.1,False,False,True,False,False,False,False,True,False,False,False,True,False,False
Z0060,2015,398.4,27,15.0,31.1,0.0,0,0,Diamaguène,Dakar,14.7617,-17.35512,8.4,0.2,956,98.0,17824,3.4,1,6.863803391452954,0,14.7,1,0.1,False,False,False,False,True,False,True,False,False,False,False,False,False,True
Z0060,2016,459.0,32,27.0,41.7,0.0,0,0,Diamaguène,Dakar,14.7617,-17.35512,8.4,0.2,956,98.0,17824,3.4,1,6.863803391452954,0,26.46,1,0.1,False,False,False,False,True,False,True,False,False,False,False,False,False,True
Z0060,2017,389.7,22,10.3,16.6,0.0,0,0,Diamaguène,Dakar,14.7617,-17.35512,8.4,0.2,956,98.0,17824,3.4,1,6.863803391452954,0,10.094000000000001,1,0.1,False,False,False,False,True,False,True,False,False,False,False,False,False,True
Z0060,2018,493.6,37,22.1,29.3,0.0,0,0,Diamaguène,Dakar,14.7617,-17.35512,8.4,0.2,956,98.0,17824,3.4,1,6.863803391452954,0,21.658,1,0.1,False,False,False,False,True,False,True,False,False,False,False,False,False,True
Z0060,2019,375.6,24,48.6,79.5,0.0,1,0,Diamaguène,Dakar,14.7617,-17.35512,8.4,0.2,956,98.0,17824,3.4,1,6.863803391452954,0,47.628,1,0.1,False,False,False,False,True,False,True,False,False,False,False,False,False,True
Z0060,2020,652.9,42,22.9,30.6,0.0,0,0,Diamaguène,Dakar,14.7617,-17.35512,8.4,0.2,956,98.0,17824,3.4,1,6.863803391452954,0,22.441999999999997,1,0.1,False,False,False,False,True,False,True,False,False,False,False,False,False,True
Z0060,2021,364.5,34,16.7,28.9,0.0,0,0,Diamaguène,Dakar,14.7617,-17.35512,8.4,0.2,956,98.0,17824,3.4,1,6.863803391452954,0,16.366,1,0.1,False,False,False,False,True,False,True,False,False,False,False,False,False,True
Z0060,2022,591.1,41,16.3,33.9,0.0,1,0,Diamaguène,Dakar,14.7617,-17.35512,8.4,0.2,956,98.0,17824,3.4,1,6.863803391452954,0,15.974,1,0.1,False,False,False,False,True,False,True,False,False,False,False,False,False,True
Z0060,2023,621.5,43,25.3,47.5,0.0,0,0,Diamaguène,Dakar,14.7617,-17.35512,8.4,0.2,956,98.0,17824,3.4,1,6.863803391452954,0,24.794,1,0.1,False,False,False,False,True,False,True,False,False,False,False,False,False,True
Z0060,2024,918.6,61,33.0,53.6,0.0,0,0,Diamaguène,Dakar,14.7617,-17.35512,8.4,0.2,956,98.0,17824,3.4,1,6.863803391452954,0,32.34,1,0.1,False,False,False,False,True,False,True,False,False,False,False,False,False,True
Z0061,2015,404.7,29,12.9,26.5,0.0,0,0,Diamaguène,Dakar,14.74612,-17.35924,2.9,1.96,434,92.6,14776,2.7,1,6.075346031088684,1,11.9454,0,0.1,False,False,False,False,True,False,True,False,False,False,True,False,False,False
Z0061,2016,507.5,33,45.2,67.7,0.0,1,0,Diamaguène,Dakar,14.74612,-17.35924,2.9,1.96,434,92.6,14776,2.7,1,6.075346031088684,1,41.8552,0,0.1,False,False,False,False,True,False,True,False,False,False,True,False,False,False
Z0061,2017,389.3,31,14.7,21.7,0.0,0,0,Diamaguène,Dakar,14.74612,-17.35924,2.9,1.96,434,92.6,14776,2.7,1,6.075346031088684,1,13.612199999999998,0,0.1,False,False,False,False,True,False,True,False,False,False,True,False,False,False
Z0061,2018,361.2,21,27.7,48.4,0.0,1,0,Diamaguène,Dakar,14.74612,-17.35924,2.9,1.96,434,92.6,14776,2.7,1,6.075346031088684,1,25.650199999999998,0,0.1,False,False,False,False,True,False,True,False,False,False,True,False,False,False
Z0061,2019,532.5,38,13.0,20.9,0.0,0,0,Diamaguène,Dakar,14.74612,-17.35924,2.9,1.96,434,92.6,14776,2.7,1,6.075346031088684,1,12.038,0,0.1,False,False,False,False,True,False,True,False,False,False,True,False,False,False
Z0061,2020,711.2,47,52.7,95.7,0.0,1,0,Diamaguène,Dakar,14.74612,-17.35924,2.9,1.96,434,92.6,14776,2.7,1,6.075346031088684,1,48.8002,0,0.1,False,False,False,False,True,False,True,False,False,False,True,False,False,False
Z0061,2021,432.7,27,32.7,53.7,0.0,1,0,Diamaguène,Dakar,14.74612,-17.35924,2.9,1.96,434,92.6,14776,2.7,1,6.075346031088684,1,30.2802,0,0.1,False,False,False,False,True,False,True,False,False,False,True,False,False,False
Z0061,2022,540.5,35,24.0,51.7,0.0,0,0,Diamaguène,Dakar,14.74612,-17.35924,2.9,1.96,434,92.6,14776,2.7,1,6.075346031088684,1,22.223999999999997,0,0.1,False,False,False,False,True,False,True,False,False,False,True,False,False,False
Z0061,2023,355.5,30,14.9,30.1,0.0,1,0,Diamaguène,Dakar,14.74612,-17.35924,2.9,1.96,434,92.6,14776,2.7,1,6.075346031088684,1,13.7974,0,0.1,False,False,False,False,True,False,True,False,False,False,True,False,False,False
Z0061,2024,444.0,26,24.0,27.5,0.0,0,0,Diamaguène,Dakar,14.74612,-17.35924,2.9,1.96,434,92.6,14776,2.7,1,6.075346031088684,1,22.223999999999997,0,0.1,False,False,False,False,True,False,True,False,False,False,True,False,False,False
Z0062,2015,398.0,31,10.5,39.2,0.0,1,0,Diamaguène,Dakar,14.73764,-17.35083,8.2,0.19,396,33.1,4078,3.8,2,5.983936280687191,0,3.4755000000000003,0,0.2,False,False,False,False,True,False,False,True,False,False,True,False,False,False
Z0062,2016,281.4,26,33.5,72.6,0.0,0,0,Diamaguène,Dakar,14.73764,-17.35083,8.2,0.19,396,33.1,4078,3.8,2,5.983936280687191,0,11.088500000000002,0,0.2,False,False,False,False,True,False,False,True,False,False,True,False,False,False
Z0062,2017,428.3,31,10.0,16.5,0.0,0,0,Diamaguène,Dakar,14.73764,-17.35083,8.2,0.19,396,33.1,4078,3.8,2,5.983936280687191,0,3.31,0,0.2,False,False,False,False,True,False,False,True,False,False,True,False,False,False
Z0062,2018,417.9,28,10.0,12.2,0.0,0,0,Diamaguène,Dakar,14.73764,-17.35083,8.2,0.19,396,33.1,4078,3.8,2,5.983936280687191,0,3.31,0,0.2,False,False,False,False,True,False,False,True,False,False,True,False,False,False
Z0062,2019,308.4,21,10.0,12.9,0.0,0,0,Diamaguène,Dakar,14.73764,-17.35083,8.2,0.19,396,33.1,4078,3.8,2,5.983936280687191,0,3.31,0,0.2,False,False,False,False,True,False,False,True,False,False,True,False,False,False
Z0062,2020,380.4,29,11.0,18.7,0.0,0,0,Diamaguène,Dakar,14.73764,-17.35083,8.2,0.19,396,33.1,4078,3.8,2,5.983936280687191,0,3.641,0,0.2,False,False,False,False,True,False,False,True,False,False,True,False,False,False
Z0062,2021,341.5,24,18.2,24.7,0.0,0,0,Diamaguène,Dakar,14.73764,-17.35083,8.2,0.19,396,33.1,4078,3.8,2,5.983936280687191,0,6.0241999999999996,0,0.2,False,False,False,False,True,False,False,True,False,False,True,False,False,False
Z0062,2022,423.5,26,48.4,66.3,0.0,1,0,Diamaguène,Dakar,14.73764,-17.35083,8.2,0.19,396,33.1,4078,3.8,2,5.983936280687191,0,16.0204,0,0.2,False,False,False,False,True,False,False,True,False,False,True,False,False,False
Z0062,2023,458.3,41,10.0,15.1,0.0,0,0,Diamaguène,Dakar,14.73764,-17.35083,8.2,0.19,396,33.1,4078,3.8,2,5.983936280687191,0,3.31,0,0.2,False,False,False,False,True,False,False,True,False,False,True,False,False,False
Z0062,2024,659.9,50,10.5,20.1,0.0,0,0,Diamaguène,Dakar,14.73764,-17.35083,8.2,0.19,396,33.1,4078,3.8,2,5.983936280687191,0,3.4755000000000003,0,0.2,False,False,False,False,True,False,False,True,False,False,True,False,False,False
Z0063,2015,424.6,21,45.5,82.9,0.0,1,0,Diamaguène,Dakar,14.74653,-17.37307,0.5,0.4,2400,0.0,175,3.1,4,7.783640596221253,1,0.0,0,0.4,True,False,False,False,False,False,False,False,True,False,True,False,False,False
Z0063,2016,410.3,29,36.4,14.0,0.0,1,0,Diamaguène,Dakar,14.74653,-17.37307,0.5,0.4,2400,0.0,175,3.1,4,7.783640596221253,1,0.0,0,0.4,True,False,False,False,False,False,False,False,True,False,True,False,False,False
Z0063,2017,423.2,20,37.5,79.1,0.0,1,0,Diamaguène,Dakar,14.74653,-17.37307,0.5,0.4,2400,0.0,175,3.1,4,7.783640596221253,1,0.0,0,0.4,True,False,False,False,False,False,False,False,True,False,True,False,False,False
Z0063,2018,306.4,18,10.6,13.7,0.0,0,0,Diamaguène,Dakar,14.74653,-17.37307,0.5,0.4,2400,0.0,175,3.1,4,7.783640596221253,1,0.0,0,0.4,True,False,False,False,False,False,False,False,True,False,True,False,False,False
Z0063,2019,536.1,42,43.6,53.3,0.0,0,0,Diamaguène,Dakar,14.74653,-17.37307,0.5,0.4,2400,0.0,175,3.1,4,7.783640596221253,1,0.0,0,0.4,True,False,False,False,False,False,False,False,True,False,True,False,False,False
Z0063,2020,370.1,29,36.4,62.6,0.0,0,0,Diamaguène,Dakar,14.74653,-17.37307,0.5,0.4,2400,0.0,175,3.1,4,7.783640596221253,1,0.0,0,0.4,True,False,False,False,False,False,False,False,True,False,True,False,False,False
Z0063,2021,518.2,42,57.4,92.5,0.0,1,0,Diamaguène,Dakar,14.74653,-17.37307,0.5,0.4,2400,0.0,175,3.1,4,7.783640596221253,1,0.0,0,0.4,True,False,False,False,False,False,False,False,True,False,True,False,False,False
Z0063,2022,410.3,27,18.1,39.6,0.0,0,0,Diamaguène,Dakar,14.74653,-17.37307,0.5,0.4,2400,0.0,175,3.1,4,7.783640596221253,1,0.0,0,0.4,True,False,False,False,False,False,False,False,True,False,True,False,False,False
Z0063,2023,374.7,19,10.0,19.5,0.0,0,0,Diamaguène,Dakar,14.74653,-17.37307,0.5,0.4,2400,0.0,175,3.1,4,7.783640596221253,1,0.0,0,0.4,True,False,False,False,False,False,False,False,True,False,True,False,False,False
Z0063,2024,348.6,10,27.4,34.3,0.0,1,0,Diamaguène,Dakar,14.74653,-17.37307,0.5,0.4,2400,0.0,175,3.1,4,7.783640596221253,1,0.0,0,0.4,True,False,False,False,False,False,False,False,True,False,True,False,False,False
Z0064,2015,292.5,17,21.6,38.0,0.0,0,0,Diamaguène,Dakar,14.73508,-17.35535,6.3,0.74,322,22.0,264,3.05,3,5.777652323222656,1,4.752000000000001,0,0.3,False,False,True,False,False,False,False,False,False,True,True,False,False,False
Z0064,2016,255.7,18,10.0,19.5,0.0,0,0,Diamaguène,Dakar,14.73508,-17.35535,6.3,0.74,322,22.0,264,3.05,3,5.777652323222656,1,2.2,0,0.3,False,False,True,False,False,False,False,False,False,True,True,False,False,False
Z0064,2017,357.3,22,27.7,53.4,0.0,1,0,Diamaguène,Dakar,14.73508,-17.35535,6.3,0.74,322,22.0,264,3.05,3,5.777652323222656,1,6.093999999999999,0,0.3,False,False,True,False,False,False,False,False,False,True,True,False,False,False
Z0064,2018,306.5,21,16.9,36.9,0.0,0,0,Diamaguène,Dakar,14.73508,-17.35535,6.3,0.74,322,22.0,264,3.05,3,5.777652323222656,1,3.7179999999999995,0,0.3,False,False,True,False,False,False,False,False,False,True,True,False,False,False
Z0064,2019,444.5,32,11.6,17.1,0.0,0,0,Diamaguène,Dakar,14.73508,-17.35535,6.3,0.74,322,22.0,264,3.05,3,5.777652323222656,1,2.552,0,0.3,False,False,True,False,False,False,False,False,False,True,True,False,False,False
Z0064,2020,389.3,25,38.8,50.5,0.0,1,0,Diamaguène,Dakar,14.73508,-17.35535,6.3,0.74,322,22.0,264,3.05,3,5.777652323222656,1,8.536,0,0.3,False,False,True,False,False,False,False,False,False,True,True,False,False,False
Z0064,2021,496.8,33,10.0,14.0,0.0,1,0,Diamaguène,Dakar,14.73508,-17.35535,6.3,0.74,322,22.0,264,3.05,3,5.777652323222656,1,2.2,0,0.3,False,False,True,False,False,False,False,False,False,True,True,False,False,False
Z0064,2022,542.5,47,43.7,64.9,0.0,1,0,Diamaguène,Dakar,14.73508,-17.35535,6.3,0.74,322,22.0,264,3.05,3,5.777652323222656,1,9.614,0,0.3,False,False,True,False,False,False,False,False,False,True,True,False,False,False
Z0064,2023,303.2,26,10.0,14.4,0.0,1,0,Diamaguène,Dakar,14.73508,-17.35535,6.3,0.74,322,22.0,264,3.05,3,5.777652323222656,1,2.2,0,0.3,False,False,True,False,False,False,False,False,False,True,True,False,False,False
Z0064,2024,812.5,53,12.1,20.1,0.0,0,0,Diamaguène,Dakar,14.73508,-17.35535,6.3,0.74,322,22.0,264,3.05,3,5.777652323222656,1,2.662,0,0.3,False,False,True,False,False,False,False,False,False,True,True,False,False,False
Z0065,2015,371.0,25,22.5,12.9,0.0,0,0,Diamaguène,Dakar,14.75615,-17.37415,3.8,1.6,900,22.3,108,2.6,3,6.803505257608338,1,5.0175,0,0.3,False,False,True,False,False,False,False,False,False,True,True,False,False,False
Z0065,2016,300.1,17,11.7,22.5,0.0,0,0,Diamaguène,Dakar,14.75615,-17.37415,3.8,1.6,900,22.3,108,2.6,3,6.803505257608338,1,2.6090999999999998,0,0.3,False,False,True,False,False,False,False,False,False,True,True,False,False,False
Z0065,2017,364.0,24,26.5,50.9,0.0,0,0,Diamaguène,Dakar,14.75615,-17.37415,3.8,1.6,900,22.3,108,2.6,3,6.803505257608338,1,5.9095,0,0.3,False,False,True,False,False,False,False,False,False,True,True,False,False,False
Z0065,2018,387.9,24,22.5,39.0,0.0,0,0,Diamaguène,Dakar,14.75615,-17.37415,3.8,1.6,900,22.3,108,2.6,3,6.803505257608338,1,5.0175,0,0.3,False,False,True,False,False,False,False,False,False,True,True,False,False,False
Z0065,2019,376.7,28,10.0,16.6,0.0,1,0,Diamaguène,Dakar,14.75615,-17.37415,3.8,1.6,900,22.3,108,2.6,3,6.803505257608338,1,2.23,0,0.3,False,False,True,False,False,False,False,False,False,True,True,False,False,False
Z0065,2020,602.8,36,14.8,29.4,0.0,0,0,Diamaguène,Dakar,14.75615,-17.37415,3.8,1.6,900,22.3,108,2.6,3,6.803505257608338,1,3.3004000000000002,0,0.3,False,False,True,False,False,False,False,False,False,True,True,False,False,False
Z0065,2021,317.2,18,22.7,33.8,0.0,0,0,Diamaguène,Dakar,14.75615,-17.37415,3.8,1.6,900,22.3,108,2.6,3,6.803505257608338,1,5.0621,0,0.3,False,False,True,False,False,False,False,False,False,True,True,False,False,False
Z0065,2022,571.3,33,23.4,37.3,0.0,1,0,Diamaguène,Dakar,14.75615,-17.37415,3.8,1.6,900,22.3,108,2.6,3,6.803505257608338,1,5.2181999999999995,0,0.3,False,False,True,False,False,False,False,False,False,True,True,False,False,False
Z0065,2023,412.6,21,20.9,25.9,0.0,0,0,Diamaguène,Dakar,14.75615,-17.37415,3.8,1.6,900,22.3,108,2.6,3,6.803505257608338,1,4.6607,0,0.3,False,False,True,False,False,False,False,False,False,True,True,False,False,False
Z0065,2024,538.7,39,30.1,64.6,0.0,1,0,Diamaguène,Dakar,14.75615,-17.37415,3.8,1.6,900,22.3,108,2.6,3,6.803505257608338,1,6.7123,0,0.3,False,False,True,False,False,False,False,False,False,True,True,False,False,False
Z0066,2015,252.2,9,21.0,26.5,0.0,0,0,Diamaguène,Dakar,14.74749,-17.3563,9.9,0.96,686,75.9,7129,3.8,3,6.532334292222349,0,15.939,0,0.3,False,False,True,False,False,False,True,False,False,False,True,False,False,False
Z0066,2016,363.5,27,12.4,23.6,0.0,1,0,Diamaguène,Dakar,14.74749,-17.3563,9.9,0.96,686,75.9,7129,3.8,3,6.532334292222349,0,9.4116,0,0.3,False,False,True,False,False,False,True,False,False,False,True,False,False,False
Z0066,2017,335.3,20,20.6,30.5,0.0,0,0,Diamaguène,Dakar,14.74749,-17.3563,9.9,0.96,686,75.9,7129,3.8,3,6.532334292222349,0,15.635400000000002,0,0.3,False,False,True,False,False,False,True,False,False,False,True,False,False,False
Z0066,2018,442.0,37,10.0,14.8,0.0,0,0,Diamaguène,Dakar,14.74749,-17.3563,9.9,0.96,686,75.9,7129,3.8,3,6.532334292222349,0,7.59,0,0.3,False,False,True,False,False,False,True,False,False,False,True,False,False,False
Z0066,2019,498.2,33,31.3,56.3,0.0,0,0,Diamaguène,Dakar,14.74749,-17.3563,9.9,0.96,686,75.9,7129,3.8,3,6.532334292222349,0,23.756700000000002,0,0.3,False,False,True,False,False,False,True,False,False,False,True,False,False,False
Z0066,2020,646.3,48,30.8,59.1,0.0,0,0,Diamaguène,Dakar,14.74749,-17.3563,9.9,0.96,686,75.9,7129,3.8,3,6.532334292222349,0,23.377200000000002,0,0.3,False,False,True,False,False,False,True,False,False,False,True,False,False,False
Z0066,2021,306.6,17,14.5,19.2,0.0,0,0,Diamaguène,Dakar,14.74749,-17.3563,9.9,0.96,686,75.9,7129,3.8,3,6.532334292222349,0,11.005500000000001,0,0.3,False,False,True,False,False,False,True,False,False,False,True,False,False,False
Z0066,2022,397.6,25,25.8,50.7,0.0,0,0,Diamaguène,Dakar,14.74749,-17.3563,9.9,0.96,686,75.9,7129,3.8,3,6.532334292222349,0,19.582200000000004,0,0.3,False,False,True,False,False,False,True,False,False,False,True,False,False,False
Z0066,2023,314.5,15,10.0,21.0,0.0,1,0,Diamaguène,Dakar,14.74749,-17.3563,9.9,0.96,686,75.9,7129,3.8,3,6.532334292222349,0,7.59,0,0.3,False,False,True,False,False,False,True,False,False,False,True,False,False,False
Z0066,2024,474.2,34,35.7,45.6,0.0,0,0,Diamaguène,Dakar,14.74749,-17.3563,9.9,0.96,686,75.9,7129,3.8,3,6.532334292222349,0,27.096300000000006,0,0.3,False,False,True,False,False,False,True,False,False,False,True,False,False,False
Z0067,2015,431.4,28,10.3,15.4,0.0,0,0,Diamaguène,Dakar,14.72069,-17.34881,8.8,0.21,792,21.0,151,2.7,2,6.675823221634848,0,2.1630000000000003,1,0.2,False,False,True,False,False,False,False,False,False,True,False,False,False,True
Z0067,2016,330.8,26,11.1,19.9,0.0,0,0,Diamaguène,Dakar,14.72069,-17.34881,8.8,0.21,792,21.0,151,2.7,2,6.675823221634848,0,2.331,1,0.2,False,False,True,False,False,False,False,False,False,True,False,False,False,True
Z0067,2017,407.6,20,10.1,13.3,0.0,0,0,Diamaguène,Dakar,14.72069,-17.34881,8.8,0.21,792,21.0,151,2.7,2,6.675823221634848,0,2.121,1,0.2,False,False,True,False,False,False,False,False,False,True,False,False,False,True
Z0067,2018,225.0,23,10.0,12.5,0.0,0,0,Diamaguène,Dakar,14.72069,-17.34881,8.8,0.21,792,21.0,151,2.7,2,6.675823221634848,0,2.1,1,0.2,False,False,True,False,False,False,False,False,False,True,False,False,False,True
Z0067,2019,364.3,24,11.1,40.2,0.0,1,0,Diamaguène,Dakar,14.72069,-17.34881,8.8,0.21,792,21.0,151,2.7,2,6.675823221634848,0,2.331,1,0.2,False,False,True,False,False,False,False,False,False,True,False,False,False,True
Z0067,2020,594.8,39,10.9,15.8,0.0,1,0,Diamaguène,Dakar,14.72069,-17.34881,8.8,0.21,792,21.0,151,2.7,2,6.675823221634848,0,2.289,1,0.2,False,False,True,False,False,False,False,False,False,True,False,False,False,True
Z0067,2021,510.9,40,15.7,21.5,0.0,1,0,Diamaguène,Dakar,14.72069,-17.34881,8.8,0.21,792,21.0,151,2.7,2,6.675823221634848,0,3.2969999999999997,1,0.2,False,False,True,False,False,False,False,False,False,True,False,False,False,True
Z0067,2022,511.5,34,23.2,48.5,0.0,1,0,Diamaguène,Dakar,14.72069,-17.34881,8.8,0.21,792,21.0,151,2.7,2,6.675823221634848,0,4.872,1,0.2,False,False,True,False,False,False,False,False,False,True,False,False,False,True
Z0067,2023,566.3,39,31.1,50.5,0.0,0,0,Diamaguène,Dakar,14.72069,-17.34881,8.8,0.21,792,21.0,151,2.7,2,6.675823221634848,0,6.531000000000001,1,0.2,False,False,True,False,False,False,False,False,False,True,False,False,False,True
Z0067,2024,458.7,38,12.8,28.1,0.0,1,0,Diamaguène,Dakar,14.72069,-17.34881,8.8,0.21,792,21.0,151,2.7,2,6.675823221634848,0,2.688,1,0.2,False,False,True,False,False,False,False,False,False,True,False,False,False,True
Z0068,2015,274.4,15,10.0,19.6,0.0,1,0,Diamaguène,Dakar,14.75421,-17.37802,4.0,0.35,631,89.4,7845,3.0,8,6.448889394146858,1,8.94,0,0.8,False,False,False,True,False,False,True,False,False,False,True,False,False,False
Z0068,2016,455.4,33,10.0,17.9,0.0,1,0,Diamaguène,Dakar,14.75421,-17.37802,4.0,0.35,631,89.4,7845,3.0,8,6.448889394146858,1,8.94,0,0.8,False,False,False,True,False,False,True,False,False,False,True,False,False,False
Z0068,2017,393.3,32,10.0,15.3,0.0,0,0,Diamaguène,Dakar,14.75421,-17.37802,4.0,0.35,631,89.4,7845,3.0,8,6.448889394146858,1,8.94,0,0.8,False,False,False,True,False,False,True,False,False,False,True,False,False,False
Z0068,2018,302.2,20,15.4,23.3,0.0,0,0,Diamaguène,Dakar,14.75421,-17.37802,4.0,0.35,631,89.4,7845,3.0,8,6.448889394146858,1,13.767600000000002,0,0.8,False,False,False,True,False,False,True,False,False,False,True,False,False,False
Z0068,2019,444.3,36,10.0,12.2,0.0,1,0,Diamaguène,Dakar,14.75421,-17.37802,4.0,0.35,631,89.4,7845,3.0,8,6.448889394146858,1,8.94,0,0.8,False,False,False,True,False,False,True,False,False,False,True,False,False,False
Z0068,2020,452.9,30,44.7,66.6,0.0,1,0,Diamaguène,Dakar,14.75421,-17.37802,4.0,0.35,631,89.4,7845,3.0,8,6.448889394146858,1,39.961800000000004,0,0.8,False,False,False,True,False,False,True,False,False,False,True,False,False,False
Z0068,2021,439.3,26,20.1,35.8,0.0,0,0,Diamaguène,Dakar,14.75421,-17.37802,4.0,0.35,631,89.4,7845,3.0,8,6.448889394146858,1,17.969400000000004,0,0.8,False,False,False,True,False,False,True,False,False,False,True,False,False,False
Z0068,2022,402.7,24,25.9,34.8,0.0,1,0,Diamaguène,Dakar,14.75421,-17.37802,4.0,0.35,631,89.4,7845,3.0,8,6.448889394146858,1,23.154600000000002,0,0.8,False,False,False,True,False,False,True,False,False,False,True,False,False,False
Z0068,2023,361.9,32,13.3,18.2,0.0,0,0,Diamaguène,Dakar,14.75421,-17.37802,4.0,0.35,631,89.4,7845,3.0,8,6.448889394146858,1,11.890200000000002,0,0.8,False,False,False,True,False,False,True,False,False,False,True,False,False,False
Z0068,2024,490.7,31,27.8,58.0,0.0,1,0,Diamaguène,Dakar,14.75421,-17.37802,4.0,0.35,631,89.4,7845,3.0,8,6.448889394146858,1,24.8532,0,0.8,False,False,False,True,False,False,True,False,False,False,True,False,False,False
Z0069,2015,428.9,29,18.2,25.4,0.0,1,0,Diamaguène,Dakar,14.76319,-17.36296,12.6,1.2,4535,76.7,18567,3.4,2,8.419800845407588,0,13.9594,1,0.2,False,False,False,True,False,False,True,False,False,False,False,False,False,True
Z0069,2016,329.6,21,13.1,15.8,0.0,0,0,Diamaguène,Dakar,14.76319,-17.36296,12.6,1.2,4535,76.7,18567,3.4,2,8.419800845407588,0,10.047699999999999,1,0.2,False,False,False,True,False,False,True,False,False,False,False,False,False,True
Z0069,2017,280.2,17,23.2,34.6,0.0,0,0,Diamaguène,Dakar,14.76319,-17.36296,12.6,1.2,4535,76.7,18567,3.4,2,8.419800845407588,0,17.7944,1,0.2,False,False,False,True,False,False,True,False,False,False,False,False,False,True
Z0069,2018,534.3,32,49.8,70.1,0.0,0,0,Diamaguène,Dakar,14.76319,-17.36296,12.6,1.2,4535,76.7,18567,3.4,2,8.419800845407588,0,38.1966,1,0.2,False,False,False,True,False,False,True,False,False,False,False,False,False,True
Z0069,2019,489.7,43,29.2,50.4,0.0,0,0,Diamaguène,Dakar,14.76319,-17.36296,12.6,1.2,4535,76.7,18567,3.4,2,8.419800845407588,0,22.3964,1,0.2,False,False,False,True,False,False,True,False,False,False,False,False,False,True
Z0069,2020,601.7,46,32.9,58.7,0.0,0,0,Diamaguène,Dakar,14.76319,-17.36296,12.6,1.2,4535,76.7,18567,3.4,2,8.419800845407588,0,25.234299999999998,1,0.2,False,False,False,True,False,False,True,False,False,False,False,False,False,True
Z0069,2021,564.1,46,45.7,73.5,0.0,0,0,Diamaguène,Dakar,14.76319,-17.36296,12.6,1.2,4535,76.7,18567,3.4,2,8.419800845407588,0,35.0519,1,0.2,False,False,False,True,False,False,True,False,False,False,False,False,False,True
Z0069,2022,421.5,26,10.0,21.8,0.0,0,0,Diamaguène,Dakar,14.76319,-17.36296,12.6,1.2,4535,76.7,18567,3.4,2,8.419800845407588,0,7.67,1,0.2,False,False,False,True,False,False,True,False,False,False,False,False,False,True
Z0069,2023,381.4,32,20.3,41.2,0.0,0,0,Diamaguène,Dakar,14.76319,-17.36296,12.6,1.2,4535,76.7,18567,3.4,2,8.419800845407588,0,15.570100000000002,1,0.2,False,False,False,True,False,False,True,False,False,False,False,False,False,True
Z0069,2024,535.8,33,19.4,23.9,0.0,0,0,Diamaguène,Dakar,14.76319,-17.36296,12.6,1.2,4535,76.7,18567,3.4,2,8.419800845407588,0,14.8798,1,0.2,False,False,False,True,False,False,True,False,False,False,False,False,False,True
Z0070,2015,321.3,22,11.0,14.2,0.0,0,0,Diamaguène,Dakar,14.75324,-17.33911,10.7,1.68,311,85.0,17007,3.0,0,5.7430031878094825,0,9.35,2,0.0,False,False,False,False,True,False,True,False,False,False,False,True,False,False
Z0070,2016,173.9,10,10.4,15.2,0.0,0,0,Diamaguène,Dakar,14.75324,-17.33911,10.7,1.68,311,85.0,17007,3.0,0,5.7430031878094825,0,8.84,2,0.0,False,False,False,False,True,False,True,False,False,False,False,True,False,False
Z0070,2017,258.0,21,10.0,19.6,0.0,0,0,Diamaguène,Dakar,14.75324,-17.33911,10.7,1.68,311,85.0,17007,3.0,0,5.7430031878094825,0,8.5,2,0.0,False,False,False,False,True,False,True,False,False,False,False,True,False,False
Z0070,2018,295.1,13,28.5,39.5,0.0,0,0,Diamaguène,Dakar,14.75324,-17.33911,10.7,1.68,311,85.0,17007,3.0,0,5.7430031878094825,0,24.225,2,0.0,False,False,False,False,True,False,True,False,False,False,False,True,False,False
Z0070,2019,371.6,25,35.4,53.0,0.0,0,0,Diamaguène,Dakar,14.75324,-17.33911,10.7,1.68,311,85.0,17007,3.0,0,5.7430031878094825,0,30.09,2,0.0,False,False,False,False,True,False,True,False,False,False,False,True,False,False
Z0070,2020,306.3,28,15.5,22.3,0.0,0,0,Diamaguène,Dakar,14.75324,-17.33911,10.7,1.68,311,85.0,17007,3.0,0,5.7430031878094825,0,13.175,2,0.0,False,False,False,False,True,False,True,False,False,False,False,True,False,False
Z0070,2021,305.0,16,10.0,14.3,0.0,0,0,Diamaguène,Dakar,14.75324,-17.33911,10.7,1.68,311,85.0,17007,3.0,0,5.7430031878094825,0,8.5,2,0.0,False,False,False,False,True,False,True,False,False,False,False,True,False,False
Z0070,2022,502.3,33,37.2,61.0,0.0,0,0,Diamaguène,Dakar,14.75324,-17.33911,10.7,1.68,311,85.0,17007,3.0,0,5.7430031878094825,0,31.620000000000005,2,0.0,False,False,False,False,True,False,True,False,False,False,False,True,False,False
Z0070,2023,501.6,31,89.5,130.3,0.0,0,0,Diamaguène,Dakar,14.75324,-17.33911,10.7,1.68,311,85.0,17007,3.0,0,5.7430031878094825,0,76.075,2,0.0,False,False,False,False,True,False,True,False,False,False,False,True,False,False
Z0070,2024,407.9,30,25.8,52.0,0.0,1,0,Diamaguène,Dakar,14.75324,-17.33911,10.7,1.68,311,85.0,17007,3.0,0,5.7430031878094825,0,21.93,2,0.0,False,False,False,False,True,False,True,False,False,False,False,True,False,False
Z0071,2015,314.2,21,17.6,26.7,0.0,0,0,Mbao,Dakar,14.7438,-17.33805,5.9,0.75,304,7.7,140,1.6,0,5.720311776607412,1,1.3552000000000002,2,0.0,False,False,True,False,False,False,False,False,False,True,False,True,False,False
Z0071,2016,425.5,37,15.7,25.7,0.0,0,0,Mbao,Dakar,14.7438,-17.33805,5.9,0.75,304,7.7,140,1.6,0,5.720311776607412,1,1.2089,2,0.0,False,False,True,False,False,False,False,False,False,True,False,True,False,False
Z0071,2017,157.0,5,10.0,13.6,0.0,0,0,Mbao,Dakar,14.7438,-17.33805,5.9,0.75,304,7.7,140,1.6,0,5.720311776607412,1,0.77,2,0.0,False,False,True,False,False,False,False,False,False,True,False,True,False,False
Z0071,2018,550.7,43,22.7,40.7,0.0,0,0,Mbao,Dakar,14.7438,-17.33805,5.9,0.75,304,7.7,140,1.6,0,5.720311776607412,1,1.7479,2,0.0,False,False,True,False,False,False,False,False,False,True,False,True,False,False
Z0071,2019,346.1,22,17.6,29.5,0.0,0,0,Mbao,Dakar,14.7438,-17.33805,5.9,0.75,304,7.7,140,1.6,0,5.720311776607412,1,1.3552000000000002,2,0.0,False,False,True,False,False,False,False,False,False,True,False,True,False,False
Z0071,2020,693.0,49,26.2,41.6,0.0,0,0,Mbao,Dakar,14.7438,-17.33805,5.9,0.75,304,7.7,140,1.6,0,5.720311776607412,1,2.0174000000000003,2,0.0,False,False,True,False,False,False,False,False,False,True,False,True,False,False
Z0071,2021,335.5,22,24.9,37.0,0.0,1,0,Mbao,Dakar,14.7438,-17.33805,5.9,0.75,304,7.7,140,1.6,0,5.720311776607412,1,1.9173,2,0.0,False,False,True,False,False,False,False,False,False,True,False,True,False,False
Z0071,2022,720.2,51,25.7,41.4,0.0,0,0,Mbao,Dakar,14.7438,-17.33805,5.9,0.75,304,7.7,140,1.6,0,5.720311776607412,1,1.9788999999999999,2,0.0,False,False,True,False,False,False,False,False,False,True,False,True,False,False
Z0071,2023,425.5,27,34.9,59.4,0.0,1,0,Mbao,Dakar,14.7438,-17.33805,5.9,0.75,304,7.7,140,1.6,0,5.720311776607412,1,2.6873,2,0.0,False,False,True,False,False,False,False,False,False,True,False,True,False,False
Z0071,2024,690.1,48,23.2,36.7,0.0,0,0,Mbao,Dakar,14.7438,-17.33805,5.9,0.75,304,7.7,140,1.6,0,5.720311776607412,1,1.7863999999999998,2,0.0,False,False,True,False,False,False,False,False,False,True,False,True,False,False
Z0072,2015,451.9,32,25.1,36.1,0.0,0,0,Mbao,Dakar,14.73961,-17.34465,7.3,1.04,3703,61.6,10509,4.2,0,8.21716859576607,1,15.4616,1,0.0,False,False,False,False,True,False,True,False,False,False,False,False,False,True
Z0072,2016,559.2,42,17.0,35.5,0.0,0,0,Mbao,Dakar,14.73961,-17.34465,7.3,1.04,3703,61.6,10509,4.2,0,8.21716859576607,1,10.472000000000001,1,0.0,False,False,False,False,True,False,True,False,False,False,False,False,False,True
Z0072,2017,385.9,27,10.0,13.6,0.0,0,0,Mbao,Dakar,14.73961,-17.34465,7.3,1.04,3703,61.6,10509,4.2,0,8.21716859576607,1,6.16,1,0.0,False,False,False,False,True,False,True,False,False,False,False,False,False,True
Z0072,2018,572.5,43,11.6,23.8,0.0,0,0,Mbao,Dakar,14.73961,-17.34465,7.3,1.04,3703,61.6,10509,4.2,0,8.21716859576607,1,7.145599999999999,1,0.0,False,False,False,False,True,False,True,False,False,False,False,False,False,True
Z0072,2019,184.1,11,10.0,20.4,0.0,0,0,Mbao,Dakar,14.73961,-17.34465,7.3,1.04,3703,61.6,10509,4.2,0,8.21716859576607,1,6.16,1,0.0,False,False,False,False,True,False,True,False,False,False,False,False,False,True
Z0072,2020,396.1,29,10.0,21.1,0.0,0,0,Mbao,Dakar,14.73961,-17.34465,7.3,1.04,3703,61.6,10509,4.2,0,8.21716859576607,1,6.16,1,0.0,False,False,False,False,True,False,True,False,False,False,False,False,False,True
Z0072,2021,386.3,25,11.6,20.8,0.0,0,0,Mbao,Dakar,14.73961,-17.34465,7.3,1.04,3703,61.6,10509,4.2,0,8.21716859576607,1,7.145599999999999,1,0.0,False,False,False,False,True,False,True,False,False,False,False,False,False,True
Z0072,2022,434.4,26,10.0,15.5,0.0,0,0,Mbao,Dakar,14.73961,-17.34465,7.3,1.04,3703,61.6,10509,4.2,0,8.21716859576607,1,6.16,1,0.0,False,False,False,False,True,False,True,False,False,False,False,False,False,True
Z0072,2023,412.2,30,35.4,77.6,0.0,0,0,Mbao,Dakar,14.73961,-17.34465,7.3,1.04,3703,61.6,10509,4.2,0,8.21716859576607,1,21.8064,1,0.0,False,False,False,False,True,False,True,False,False,False,False,False,False,True
Z0072,2024,471.4,29,52.8,107.2,0.0,0,0,Mbao,Dakar,14.73961,-17.34465,7.3,1.04,3703,61.6,10509,4.2,0,8.21716859576607,1,32.5248,1,0.0,False,False,False,False,True,False,True,False,False,False,False,False,False,True
Z0073,2015,320.4,18,10.0,21.8,0.0,0,0,Mbao,Dakar,14.75727,-17.34259,16.0,1.81,1354,79.7,12847,3.9,1,7.2115567333138015,0,7.97,1,0.1,False,False,True,False,False,False,True,False,False,False,False,False,False,True
Z0073,2016,408.5,29,22.5,32.0,0.0,0,0,Mbao,Dakar,14.75727,-17.34259,16.0,1.81,1354,79.7,12847,3.9,1,7.2115567333138015,0,17.9325,1,0.1,False,False,True,False,False,False,True,False,False,False,False,False,False,True
Z0073,2017,508.9,37,12.5,15.2,0.0,0,0,Mbao,Dakar,14.75727,-17.34259,16.0,1.81,1354,79.7,12847,3.9,1,7.2115567333138015,0,9.9625,1,0.1,False,False,True,False,False,False,True,False,False,False,False,False,False,True
Z0073,2018,408.1,36,22.7,33.9,0.0,0,0,Mbao,Dakar,14.75727,-17.34259,16.0,1.81,1354,79.7,12847,3.9,1,7.2115567333138015,0,18.0919,1,0.1,False,False,True,False,False,False,True,False,False,False,False,False,False,True
Z0073,2019,344.7,17,10.0,20.1,0.0,0,0,Mbao,Dakar,14.75727,-17.34259,16.0,1.81,1354,79.7,12847,3.9,1,7.2115567333138015,0,7.97,1,0.1,False,False,True,False,False,False,True,False,False,False,False,False,False,True
Z0073,2020,398.3,28,11.0,15.0,0.0,0,0,Mbao,Dakar,14.75727,-17.34259,16.0,1.81,1354,79.7,12847,3.9,1,7.2115567333138015,0,8.767000000000001,1,0.1,False,False,True,False,False,False,True,False,False,False,False,False,False,True
Z0073,2021,408.5,31,14.8,25.3,0.0,0,0,Mbao,Dakar,14.75727,-17.34259,16.0,1.81,1354,79.7,12847,3.9,1,7.2115567333138015,0,11.795600000000002,1,0.1,False,False,True,False,False,False,True,False,False,False,False,False,False,True
Z0073,2022,670.8,44,28.7,50.3,0.0,1,0,Mbao,Dakar,14.75727,-17.34259,16.0,1.81,1354,79.7,12847,3.9,1,7.2115567333138015,0,22.8739,1,0.1,False,False,True,False,False,False,True,False,False,False,False,False,False,True
Z0073,2023,467.0,36,10.0,15.6,0.0,0,0,Mbao,Dakar,14.75727,-17.34259,16.0,1.81,1354,79.7,12847,3.9,1,7.2115567333138015,0,7.97,1,0.1,False,False,True,False,False,False,True,False,False,False,False,False,False,True
Z0073,2024,542.8,31,37.8,66.4,0.0,0,0,Mbao,Dakar,14.75727,-17.34259,16.0,1.81,1354,79.7,12847,3.9,1,7.2115567333138015,0,30.1266,1,0.1,False,False,True,False,False,False,True,False,False,False,False,False,False,True
Z0074,2015,346.6,27,41.6,67.1,0.0,1,0,Mbao,Dakar,14.74396,-17.3368,10.2,0.71,2037,90.3,17170,3.7,1,7.61972421378267,0,37.5648,1,0.1,True,False,False,False,False,False,True,False,False,False,False,False,False,True
Z0074,2016,313.3,27,10.0,14.0,0.0,0,0,Mbao,Dakar,14.74396,-17.3368,10.2,0.71,2037,90.3,17170,3.7,1,7.61972421378267,0,9.03,1,0.1,True,False,False,False,False,False,True,False,False,False,False,False,False,True
Z0074,2017,271.7,24,10.7,16.6,0.0,0,0,Mbao,Dakar,14.74396,-17.3368,10.2,0.71,2037,90.3,17170,3.7,1,7.61972421378267,0,9.662099999999999,1,0.1,True,False,False,False,False,False,True,False,False,False,False,False,False,True
Z0074,2018,354.1,17,13.7,26.3,0.0,0,0,Mbao,Dakar,14.74396,-17.3368,10.2,0.71,2037,90.3,17170,3.7,1,7.61972421378267,0,12.371099999999998,1,0.1,True,False,False,False,False,False,True,False,False,False,False,False,False,True
Z0074,2019,321.9,21,10.5,21.9,0.0,0,0,Mbao,Dakar,14.74396,-17.3368,10.2,0.71,2037,90.3,17170,3.7,1,7.61972421378267,0,9.4815,1,0.1,True,False,False,False,False,False,True,False,False,False,False,False,False,True
Z0074,2020,524.0,32,22.8,41.1,0.0,1,0,Mbao,Dakar,14.74396,-17.3368,10.2,0.71,2037,90.3,17170,3.7,1,7.61972421378267,0,20.5884,1,0.1,True,False,False,False,False,False,True,False,False,False,False,False,False,True
Z0074,2021,409.1,26,15.0,20.4,0.0,0,0,Mbao,Dakar,14.74396,-17.3368,10.2,0.71,2037,90.3,17170,3.7,1,7.61972421378267,0,13.545,1,0.1,True,False,False,False,False,False,True,False,False,False,False,False,False,True
Z0074,2022,354.1,46,15.7,27.5,0.0,0,0,Mbao,Dakar,14.74396,-17.3368,10.2,0.71,2037,90.3,17170,3.7,1,7.61972421378267,0,14.177099999999998,1,0.1,True,False,False,False,False,False,True,False,False,False,False,False,False,True
Z0074,2023,432.5,32,15.0,34.5,0.0,1,0,Mbao,Dakar,14.74396,-17.3368,10.2,0.71,2037,90.3,17170,3.7,1,7.61972421378267,0,13.545,1,0.1,True,False,False,False,False,False,True,False,False,False,False,False,False,True
Z0074,2024,455.5,32,36.6,55.4,0.0,0,0,Mbao,Dakar,14.74396,-17.3368,10.2,0.71,2037,90.3,17170,3.7,1,7.61972421378267,0,33.0498,1,0.1,True,False,False,False,False,False,True,False,False,False,False,False,False,True
Z0075,2015,247.1,16,10.0,14.8,0.0,1,0,Mbao,Dakar,14.7414,-17.34851,10.2,0.5,2195,10.3,527,3.3,0,7.694392802629421,0,1.03,0,0.0,False,False,False,True,False,True,False,False,False,False,True,False,False,False
Z0075,2016,315.3,25,13.4,21.4,0.0,0,0,Mbao,Dakar,14.7414,-17.34851,10.2,0.5,2195,10.3,527,3.3,0,7.694392802629421,0,1.3802,0,0.0,False,False,False,True,False,True,False,False,False,False,True,False,False,False
Z0075,2017,356.1,28,30.5,50.0,0.0,0,0,Mbao,Dakar,14.7414,-17.34851,10.2,0.5,2195,10.3,527,3.3,0,7.694392802629421,0,3.1415,0,0.0,False,False,False,True,False,True,False,False,False,False,True,False,False,False
Z0075,2018,688.2,44,11.0,18.5,0.0,0,0,Mbao,Dakar,14.7414,-17.34851,10.2,0.5,2195,10.3,527,3.3,0,7.694392802629421,0,1.133,0,0.0,False,False,False,True,False,True,False,False,False,False,True,False,False,False
Z0075,2019,414.3,30,19.2,35.0,0.0,0,0,Mbao,Dakar,14.7414,-17.34851,10.2,0.5,2195,10.3,527,3.3,0,7.694392802629421,0,1.9776000000000002,0,0.0,False,False,False,True,False,True,False,False,False,False,True,False,False,False
Z0075,2020,370.1,25,10.0,21.0,0.0,0,0,Mbao,Dakar,14.7414,-17.34851,10.2,0.5,2195,10.3,527,3.3,0,7.694392802629421,0,1.03,0,0.0,False,False,False,True,False,True,False,False,False,False,True,False,False,False
Z0075,2021,476.6,35,16.3,24.5,0.0,0,0,Mbao,Dakar,14.7414,-17.34851,10.2,0.5,2195,10.3,527,3.3,0,7.694392802629421,0,1.6789,0,0.0,False,False,False,True,False,True,False,False,False,False,True,False,False,False
Z0075,2022,693.0,53,19.4,32.2,0.0,0,0,Mbao,Dakar,14.7414,-17.34851,10.2,0.5,2195,10.3,527,3.3,0,7.694392802629421,0,1.9982,0,0.0,False,False,False,True,False,True,False,False,False,False,True,False,False,False
Z0075,2023,424.8,31,43.3,87.1,0.0,0,0,Mbao,Dakar,14.7414,-17.34851,10.2,0.5,2195,10.3,527,3.3,0,7.694392802629421,0,4.4599,0,0.0,False,False,False,True,False,True,False,False,False,False,True,False,False,False
Z0075,2024,604.7,52,55.7,96.5,0.0,0,0,Mbao,Dakar,14.7414,-17.34851,10.2,0.5,2195,10.3,527,3.3,0,7.694392802629421,0,5.737100000000001,0,0.0,False,False,False,True,False,True,False,False,False,False,True,False,False,False
Z0076,2015,514.8,40,15.3,33.3,0.0,0,0,Mbao,Dakar,14.74586,-17.3392,16.0,0.2,1362,63.9,8733,4.4,0,7.217443431696533,0,9.7767,2,0.0,False,False,False,False,True,False,False,True,False,False,False,True,False,False
Z0076,2016,456.8,40,25.3,48.4,0.0,0,0,Mbao,Dakar,14.74586,-17.3392,16.0,0.2,1362,63.9,8733,4.4,0,7.217443431696533,0,16.166700000000002,2,0.0,False,False,False,False,True,False,False,True,False,False,False,True,False,False
Z0076,2017,332.9,26,13.2,20.2,0.0,0,0,Mbao,Dakar,14.74586,-17.3392,16.0,0.2,1362,63.9,8733,4.4,0,7.217443431696533,0,8.4348,2,0.0,False,False,False,False,True,False,False,True,False,False,False,True,False,False
Z0076,2018,450.1,34,11.0,14.8,0.0,0,0,Mbao,Dakar,14.74586,-17.3392,16.0,0.2,1362,63.9,8733,4.4,0,7.217443431696533,0,7.029,2,0.0,False,False,False,False,True,False,False,True,False,False,False,True,False,False
Z0076,2019,379.4,24,10.0,20.5,0.0,0,0,Mbao,Dakar,14.74586,-17.3392,16.0,0.2,1362,63.9,8733,4.4,0,7.217443431696533,0,6.39,2,0.0,False,False,False,False,True,False,False,True,False,False,False,True,False,False
Z0076,2020,714.8,55,16.3,35.5,0.0,0,0,Mbao,Dakar,14.74586,-17.3392,16.0,0.2,1362,63.9,8733,4.4,0,7.217443431696533,0,10.4157,2,0.0,False,False,False,False,True,False,False,True,False,False,False,True,False,False
Z0076,2021,349.4,26,10.0,18.5,0.0,0,0,Mbao,Dakar,14.74586,-17.3392,16.0,0.2,1362,63.9,8733,4.4,0,7.217443431696533,0,6.39,2,0.0,False,False,False,False,True,False,False,True,False,False,False,True,False,False
Z0076,2022,570.1,44,16.1,28.3,0.0,0,0,Mbao,Dakar,14.74586,-17.3392,16.0,0.2,1362,63.9,8733,4.4,0,7.217443431696533,0,10.2879,2,0.0,False,False,False,False,True,False,False,True,False,False,False,True,False,False
Z0076,2023,354.4,19,21.3,42.2,0.0,0,0,Mbao,Dakar,14.74586,-17.3392,16.0,0.2,1362,63.9,8733,4.4,0,7.217443431696533,0,13.6107,2,0.0,False,False,False,False,True,False,False,True,False,False,False,True,False,False
Z0076,2024,490.1,33,12.0,23.9,0.0,0,0,Mbao,Dakar,14.74586,-17.3392,16.0,0.2,1362,63.9,8733,4.4,0,7.217443431696533,0,7.667999999999999,2,0.0,False,False,False,False,True,False,False,True,False,False,False,True,False,False
Z0077,2015,304.0,15,10.0,19.9,0.0,0,0,Mbao,Dakar,14.73941,-17.31544,16.9,0.7,1068,50.1,4466,4.9,0,6.974478911025045,0,5.01,1,0.0,True,False,False,False,False,False,False,True,False,False,False,False,False,True
Z0077,2016,422.9,33,32.6,59.9,0.0,0,0,Mbao,Dakar,14.73941,-17.31544,16.9,0.7,1068,50.1,4466,4.9,0,6.974478911025045,0,16.332600000000003,1,0.0,True,False,False,False,False,False,False,True,False,False,False,False,False,True
Z0077,2017,387.6,20,13.9,17.7,0.0,0,0,Mbao,Dakar,14.73941,-17.31544,16.9,0.7,1068,50.1,4466,4.9,0,6.974478911025045,0,6.9639,1,0.0,True,False,False,False,False,False,False,True,False,False,False,False,False,True
Z0077,2018,256.7,14,10.0,20.7,0.0,0,0,Mbao,Dakar,14.73941,-17.31544,16.9,0.7,1068,50.1,4466,4.9,0,6.974478911025045,0,5.01,1,0.0,True,False,False,False,False,False,False,True,False,False,False,False,False,True
Z0077,2019,410.5,28,47.5,64.8,0.0,0,0,Mbao,Dakar,14.73941,-17.31544,16.9,0.7,1068,50.1,4466,4.9,0,6.974478911025045,0,23.7975,1,0.0,True,False,False,False,False,False,False,True,False,False,False,False,False,True
Z0077,2020,466.9,36,17.7,32.1,0.0,1,0,Mbao,Dakar,14.73941,-17.31544,16.9,0.7,1068,50.1,4466,4.9,0,6.974478911025045,0,8.8677,1,0.0,True,False,False,False,False,False,False,True,False,False,False,False,False,True
Z0077,2021,420.5,26,22.4,39.7,0.0,0,0,Mbao,Dakar,14.73941,-17.31544,16.9,0.7,1068,50.1,4466,4.9,0,6.974478911025045,0,11.2224,1,0.0,True,False,False,False,False,False,False,True,False,False,False,False,False,True
Z0077,2022,323.4,21,14.1,29.8,0.0,0,0,Mbao,Dakar,14.73941,-17.31544,16.9,0.7,1068,50.1,4466,4.9,0,6.974478911025045,0,7.0641,1,0.0,True,False,False,False,False,False,False,True,False,False,False,False,False,True
Z0077,2023,388.6,30,11.6,17.6,0.0,0,0,Mbao,Dakar,14.73941,-17.31544,16.9,0.7,1068,50.1,4466,4.9,0,6.974478911025045,0,5.811599999999999,1,0.0,True,False,False,False,False,False,False,True,False,False,False,False,False,True
Z0077,2024,726.4,46,59.2,104.2,0.0,1,0,Mbao,Dakar,14.73941,-17.31544,16.9,0.7,1068,50.1,4466,4.9,0,6.974478911025045,0,29.659200000000002,1,0.0,True,False,False,False,False,False,False,True,False,False,False,False,False,True
Z0078,2015,337.1,19,13.3,25.7,0.0,1,0,Mbao,Dakar,14.75705,-17.32202,7.7,0.18,609,86.7,16447,3.4,2,6.413458957167357,1,11.531100000000002,0,0.2,False,False,False,False,True,False,True,False,False,False,True,False,False,False
Z0078,2016,419.8,30,10.0,20.1,0.0,0,0,Mbao,Dakar,14.75705,-17.32202,7.7,0.18,609,86.7,16447,3.4,2,6.413458957167357,1,8.67,0,0.2,False,False,False,False,True,False,True,False,False,False,True,False,False,False
Z0078,2017,445.8,30,11.9,21.3,0.0,0,0,Mbao,Dakar,14.75705,-17.32202,7.7,0.18,609,86.7,16447,3.4,2,6.413458957167357,1,10.3173,0,0.2,False,False,False,False,True,False,True,False,False,False,True,False,False,False
Z0078,2018,265.6,21,22.0,47.8,0.0,0,0,Mbao,Dakar,14.75705,-17.32202,7.7,0.18,609,86.7,16447,3.4,2,6.413458957167357,1,19.074,0,0.2,False,False,False,False,True,False,True,False,False,False,True,False,False,False
Z0078,2019,364.5,20,14.1,20.9,0.0,0,0,Mbao,Dakar,14.75705,-17.32202,7.7,0.18,609,86.7,16447,3.4,2,6.413458957167357,1,12.2247,0,0.2,False,False,False,False,True,False,True,False,False,False,True,False,False,False
Z0078,2020,444.9,32,38.1,77.5,0.0,1,0,Mbao,Dakar,14.75705,-17.32202,7.7,0.18,609,86.7,16447,3.4,2,6.413458957167357,1,33.032700000000006,0,0.2,False,False,False,False,True,False,True,False,False,False,True,False,False,False
Z0078,2021,724.0,51,16.8,26.4,0.0,0,0,Mbao,Dakar,14.75705,-17.32202,7.7,0.18,609,86.7,16447,3.4,2,6.413458957167357,1,14.565600000000002,0,0.2,False,False,False,False,True,False,True,False,False,False,True,False,False,False
Z0078,2022,411.7,23,10.2,19.0,0.0,0,0,Mbao,Dakar,14.75705,-17.32202,7.7,0.18,609,86.7,16447,3.4,2,6.413458957167357,1,8.843399999999999,0,0.2,False,False,False,False,True,False,True,False,False,False,True,False,False,False
Z0078,2023,520.4,33,15.6,34.3,0.0,0,0,Mbao,Dakar,14.75705,-17.32202,7.7,0.18,609,86.7,16447,3.4,2,6.413458957167357,1,13.5252,0,0.2,False,False,False,False,True,False,True,False,False,False,True,False,False,False
Z0078,2024,529.4,27,10.6,20.6,0.0,0,0,Mbao,Dakar,14.75705,-17.32202,7.7,0.18,609,86.7,16447,3.4,2,6.413458957167357,1,9.190199999999999,0,0.2,False,False,False,False,True,False,True,False,False,False,True,False,False,False
Z0079,2015,393.1,31,10.0,12.1,0.0,1,0,Mbao,Dakar,14.74546,-17.31381,10.2,0.4,684,91.1,19439,3.7,0,6.529418838262226,0,9.11,0,0.0,False,False,False,False,True,False,True,False,False,False,True,False,False,False
Z0079,2016,256.5,21,21.4,35.7,0.0,0,0,Mbao,Dakar,14.74546,-17.31381,10.2,0.4,684,91.1,19439,3.7,0,6.529418838262226,0,19.495399999999997,0,0.0,False,False,False,False,True,False,True,False,False,False,True,False,False,False
Z0079,2017,356.5,26,31.6,56.4,0.0,0,0,Mbao,Dakar,14.74546,-17.31381,10.2,0.4,684,91.1,19439,3.7,0,6.529418838262226,0,28.787599999999998,0,0.0,False,False,False,False,True,False,True,False,False,False,True,False,False,False
Z0079,2018,421.9,29,24.9,48.7,0.0,0,0,Mbao,Dakar,14.74546,-17.31381,10.2,0.4,684,91.1,19439,3.7,0,6.529418838262226,0,22.683899999999998,0,0.0,False,False,False,False,True,False,True,False,False,False,True,False,False,False
Z0079,2019,222.2,5,10.0,19.2,0.0,0,0,Mbao,Dakar,14.74546,-17.31381,10.2,0.4,684,91.1,19439,3.7,0,6.529418838262226,0,9.11,0,0.0,False,False,False,False,True,False,True,False,False,False,True,False,False,False
Z0079,2020,650.1,42,32.1,62.8,0.0,1,0,Mbao,Dakar,14.74546,-17.31381,10.2,0.4,684,91.1,19439,3.7,0,6.529418838262226,0,29.2431,0,0.0,False,False,False,False,True,False,True,False,False,False,True,False,False,False
Z0079,2021,496.8,41,20.1,42.7,0.0,0,0,Mbao,Dakar,14.74546,-17.31381,10.2,0.4,684,91.1,19439,3.7,0,6.529418838262226,0,18.3111,0,0.0,False,False,False,False,True,False,True,False,False,False,True,False,False,False
Z0079,2022,538.7,36,16.1,28.7,0.0,1,0,Mbao,Dakar,14.74546,-17.31381,10.2,0.4,684,91.1,19439,3.7,0,6.529418838262226,0,14.6671,0,0.0,False,False,False,False,True,False,True,False,False,False,True,False,False,False
Z0079,2023,288.9,20,10.0,19.3,0.0,0,0,Mbao,Dakar,14.74546,-17.31381,10.2,0.4,684,91.1,19439,3.7,0,6.529418838262226,0,9.11,0,0.0,False,False,False,False,True,False,True,False,False,False,True,False,False,False
Z0079,2024,452.3,29,33.6,54.4,0.0,1,0,Mbao,Dakar,14.74546,-17.31381,10.2,0.4,684,91.1,19439,3.7,0,6.529418838262226,0,30.6096,0,0.0,False,False,False,False,True,False,True,False,False,False,True,False,False,False
Z0080,2015,619.0,51,17.8,32.8,0.0,1,0,Mbao,Dakar,14.75373,-17.32992,1.2,0.76,1222,77.1,31714,3.0,2,7.109062135687172,1,13.723799999999999,1,0.2,True,False,False,False,False,False,True,False,False,False,False,False,False,True
Z0080,2016,465.3,33,14.9,32.6,0.0,1,0,Mbao,Dakar,14.75373,-17.32992,1.2,0.76,1222,77.1,31714,3.0,2,7.109062135687172,1,11.4879,1,0.2,True,False,False,False,False,False,True,False,False,False,False,False,False,True
Z0080,2017,240.3,14,15.5,28.1,0.0,1,0,Mbao,Dakar,14.75373,-17.32992,1.2,0.76,1222,77.1,31714,3.0,2,7.109062135687172,1,11.9505,1,0.2,True,False,False,False,False,False,True,False,False,False,False,False,False,True
Z0080,2018,393.6,25,16.5,28.4,0.0,0,0,Mbao,Dakar,14.75373,-17.32992,1.2,0.76,1222,77.1,31714,3.0,2,7.109062135687172,1,12.721499999999999,1,0.2,True,False,False,False,False,False,True,False,False,False,False,False,False,True
Z0080,2019,550.7,33,11.9,19.2,0.0,0,0,Mbao,Dakar,14.75373,-17.32992,1.2,0.76,1222,77.1,31714,3.0,2,7.109062135687172,1,9.174900000000001,1,0.2,True,False,False,False,False,False,True,False,False,False,False,False,False,True
Z0080,2020,611.9,53,13.7,27.9,0.0,0,0,Mbao,Dakar,14.75373,-17.32992,1.2,0.76,1222,77.1,31714,3.0,2,7.109062135687172,1,10.562699999999998,1,0.2,True,False,False,False,False,False,True,False,False,False,False,False,False,True
Z0080,2021,415.9,28,48.3,66.8,0.0,1,0,Mbao,Dakar,14.75373,-17.32992,1.2,0.76,1222,77.1,31714,3.0,2,7.109062135687172,1,37.23929999999999,1,0.2,True,False,False,False,False,False,True,False,False,False,False,False,False,True
Z0080,2022,373.5,19,22.5,47.3,0.0,1,0,Mbao,Dakar,14.75373,-17.32992,1.2,0.76,1222,77.1,31714,3.0,2,7.109062135687172,1,17.347499999999997,1,0.2,True,False,False,False,False,False,True,False,False,False,False,False,False,True
Z0080,2023,281.8,18,19.6,30.3,0.0,1,0,Mbao,Dakar,14.75373,-17.32992,1.2,0.76,1222,77.1,31714,3.0,2,7.109062135687172,1,15.111600000000001,1,0.2,True,False,False,False,False,False,True,False,False,False,False,False,False,True
Z0080,2024,456.5,33,33.9,42.8,0.0,0,0,Mbao,Dakar,14.75373,-17.32992,1.2,0.76,1222,77.1,31714,3.0,2,7.109062135687172,1,26.136899999999997,1,0.2,True,False,False,False,False,False,True,False,False,False,False,False,False,True
Z0081,2015,574.8,42,32.4,44.0,0.0,0,0,Mbao,Dakar,14.73262,-17.34469,18.4,0.5,675,89.7,10282,5.7,0,6.516193076042964,0,29.062799999999996,0,0.0,True,False,False,False,False,False,True,False,False,False,True,False,False,False
Z0081,2016,468.4,30,17.7,33.6,0.0,0,0,Mbao,Dakar,14.73262,-17.34469,18.4,0.5,675,89.7,10282,5.7,0,6.516193076042964,0,15.876900000000001,0,0.0,True,False,False,False,False,False,True,False,False,False,True,False,False,False
Z0081,2017,432.4,37,44.4,92.7,0.0,1,0,Mbao,Dakar,14.73262,-17.34469,18.4,0.5,675,89.7,10282,5.7,0,6.516193076042964,0,39.8268,0,0.0,True,False,False,False,False,False,True,False,False,False,True,False,False,False
Z0081,2018,432.1,26,28.4,53.0,0.0,0,0,Mbao,Dakar,14.73262,-17.34469,18.4,0.5,675,89.7,10282,5.7,0,6.516193076042964,0,25.474800000000002,0,0.0,True,False,False,False,False,False,True,False,False,False,True,False,False,False
Z0081,2019,397.6,30,12.0,19.5,0.0,0,0,Mbao,Dakar,14.73262,-17.34469,18.4,0.5,675,89.7,10282,5.7,0,6.516193076042964,0,10.764000000000001,0,0.0,True,False,False,False,False,False,True,False,False,False,True,False,False,False
Z0081,2020,563.1,32,36.2,69.9,0.0,1,0,Mbao,Dakar,14.73262,-17.34469,18.4,0.5,675,89.7,10282,5.7,0,6.516193076042964,0,32.4714,0,0.0,True,False,False,False,False,False,True,False,False,False,True,False,False,False
Z0081,2021,357.1,24,11.8,15.0,0.0,0,0,Mbao,Dakar,14.73262,-17.34469,18.4,0.5,675,89.7,10282,5.7,0,6.516193076042964,0,10.5846,0,0.0,True,False,False,False,False,False,True,False,False,False,True,False,False,False
Z0081,2022,505.1,40,63.0,112.6,0.0,0,0,Mbao,Dakar,14.73262,-17.34469,18.4,0.5,675,89.7,10282,5.7,0,6.516193076042964,0,56.511,0,0.0,True,False,False,False,False,False,True,False,False,False,True,False,False,False
Z0081,2023,301.8,21,10.4,16.2,0.0,0,0,Mbao,Dakar,14.73262,-17.34469,18.4,0.5,675,89.7,10282,5.7,0,6.516193076042964,0,9.328800000000001,0,0.0,True,False,False,False,False,False,True,False,False,False,True,False,False,False
Z0081,2024,468.9,31,50.2,64.0,0.0,0,0,Mbao,Dakar,14.73262,-17.34469,18.4,0.5,675,89.7,10282,5.7,0,6.516193076042964,0,45.0294,0,0.0,True,False,False,False,False,False,True,False,False,False,True,False,False,False
Z0082,2015,374.6,32,14.5,29.8,0.0,1,0,Mbao,Dakar,14.75002,-17.33594,0.9,0.2,596,51.4,7575,2.2,7,6.391917113392602,1,7.452999999999999,0,0.7,False,False,True,False,False,False,False,True,False,False,True,False,False,False
Z0082,2016,482.5,33,44.5,69.3,0.0,1,0,Mbao,Dakar,14.75002,-17.33594,0.9,0.2,596,51.4,7575,2.2,7,6.391917113392602,1,22.872999999999998,0,0.7,False,False,True,False,False,False,False,True,False,False,True,False,False,False
Z0082,2017,251.7,20,28.2,51.1,0.0,0,0,Mbao,Dakar,14.75002,-17.33594,0.9,0.2,596,51.4,7575,2.2,7,6.391917113392602,1,14.4948,0,0.7,False,False,True,False,False,False,False,True,False,False,True,False,False,False
Z0082,2018,475.7,31,29.1,47.6,0.0,1,0,Mbao,Dakar,14.75002,-17.33594,0.9,0.2,596,51.4,7575,2.2,7,6.391917113392602,1,14.9574,0,0.7,False,False,True,False,False,False,False,True,False,False,True,False,False,False
Z0082,2019,347.4,25,21.0,30.0,0.0,1,0,Mbao,Dakar,14.75002,-17.33594,0.9,0.2,596,51.4,7575,2.2,7,6.391917113392602,1,10.793999999999999,0,0.7,False,False,True,False,False,False,False,True,False,False,True,False,False,False
Z0082,2020,490.9,36,35.2,56.2,0.0,1,0,Mbao,Dakar,14.75002,-17.33594,0.9,0.2,596,51.4,7575,2.2,7,6.391917113392602,1,18.0928,0,0.7,False,False,True,False,False,False,False,True,False,False,True,False,False,False
Z0082,2021,258.0,23,10.0,19.6,0.0,0,0,Mbao,Dakar,14.75002,-17.33594,0.9,0.2,596,51.4,7575,2.2,7,6.391917113392602,1,5.14,0,0.7,False,False,True,False,False,False,False,True,False,False,True,False,False,False
Z0082,2022,455.7,28,20.0,42.2,0.0,1,0,Mbao,Dakar,14.75002,-17.33594,0.9,0.2,596,51.4,7575,2.2,7,6.391917113392602,1,10.28,0,0.7,False,False,True,False,False,False,False,True,False,False,True,False,False,False
Z0082,2023,395.4,20,26.7,39.6,0.0,1,0,Mbao,Dakar,14.75002,-17.33594,0.9,0.2,596,51.4,7575,2.2,7,6.391917113392602,1,13.723799999999999,0,0.7,False,False,True,False,False,False,False,True,False,False,True,False,False,False
Z0082,2024,519.9,39,12.5,21.6,0.0,1,0,Mbao,Dakar,14.75002,-17.33594,0.9,0.2,596,51.4,7575,2.2,7,6.391917113392602,1,6.425,0,0.7,False,False,True,False,False,False,False,True,False,False,True,False,False,False
Z0083,2015,461.0,31,39.5,48.3,0.0,0,0,Mbao,Dakar,14.73248,-17.31342,23.8,0.34,952,9.7,315,6.0,0,6.859614903654202,0,3.8314999999999997,0,0.0,False,False,True,False,False,False,False,False,True,False,True,False,False,False
Z0083,2016,384.6,27,13.8,20.5,0.0,0,0,Mbao,Dakar,14.73248,-17.31342,23.8,0.34,952,9.7,315,6.0,0,6.859614903654202,0,1.3385999999999998,0,0.0,False,False,True,False,False,False,False,False,True,False,True,False,False,False
Z0083,2017,350.6,29,10.0,13.1,0.0,0,0,Mbao,Dakar,14.73248,-17.31342,23.8,0.34,952,9.7,315,6.0,0,6.859614903654202,0,0.97,0,0.0,False,False,True,False,False,False,False,False,True,False,True,False,False,False
Z0083,2018,464.3,31,23.3,32.8,0.0,0,0,Mbao,Dakar,14.73248,-17.31342,23.8,0.34,952,9.7,315,6.0,0,6.859614903654202,0,2.2601,0,0.0,False,False,True,False,False,False,False,False,True,False,True,False,False,False
Z0083,2019,499.3,32,89.0,133.6,0.0,0,0,Mbao,Dakar,14.73248,-17.31342,23.8,0.34,952,9.7,315,6.0,0,6.859614903654202,0,8.633,0,0.0,False,False,True,False,False,False,False,False,True,False,True,False,False,False
Z0083,2020,673.0,52,35.5,65.5,0.0,0,0,Mbao,Dakar,14.73248,-17.31342,23.8,0.34,952,9.7,315,6.0,0,6.859614903654202,0,3.4435,0,0.0,False,False,True,False,False,False,False,False,True,False,True,False,False,False
Z0083,2021,461.0,19,14.4,26.4,0.0,0,0,Mbao,Dakar,14.73248,-17.31342,23.8,0.34,952,9.7,315,6.0,0,6.859614903654202,0,1.3968,0,0.0,False,False,True,False,False,False,False,False,True,False,True,False,False,False
Z0083,2022,593.7,39,25.9,42.8,0.0,0,0,Mbao,Dakar,14.73248,-17.31342,23.8,0.34,952,9.7,315,6.0,0,6.859614903654202,0,2.5122999999999998,0,0.0,False,False,True,False,False,False,False,False,True,False,True,False,False,False
Z0083,2023,330.8,24,10.0,17.0,0.0,0,0,Mbao,Dakar,14.73248,-17.31342,23.8,0.34,952,9.7,315,6.0,0,6.859614903654202,0,0.97,0,0.0,False,False,True,False,False,False,False,False,True,False,True,False,False,False
Z0083,2024,457.7,31,14.7,32.0,0.0,0,0,Mbao,Dakar,14.73248,-17.31342,23.8,0.34,952,9.7,315,6.0,0,6.859614903654202,0,1.4258999999999997,0,0.0,False,False,True,False,False,False,False,False,True,False,True,False,False,False
Z0084,2015,378.5,32,40.9,65.5,0.0,1,0,Malika,Dakar,14.78923,-17.31489,8.0,0.36,1052,36.2,248,2.0,2,6.959398512133975,0,14.805800000000001,0,0.2,False,False,True,False,False,False,False,False,False,True,True,False,False,False
Z0084,2016,350.1,26,15.4,29.3,0.0,0,0,Malika,Dakar,14.78923,-17.31489,8.0,0.36,1052,36.2,248,2.0,2,6.959398512133975,0,5.5748,0,0.2,False,False,True,False,False,False,False,False,False,True,True,False,False,False
Z0084,2017,385.2,25,10.0,14.7,0.0,0,0,Malika,Dakar,14.78923,-17.31489,8.0,0.36,1052,36.2,248,2.0,2,6.959398512133975,0,3.62,0,0.2,False,False,True,False,False,False,False,False,False,True,True,False,False,False
Z0084,2018,497.9,30,15.8,29.5,0.0,1,0,Malika,Dakar,14.78923,-17.31489,8.0,0.36,1052,36.2,248,2.0,2,6.959398512133975,0,5.719600000000001,0,0.2,False,False,True,False,False,False,False,False,False,True,True,False,False,False
Z0084,2019,268.0,16,10.0,17.3,0.0,1,0,Malika,Dakar,14.78923,-17.31489,8.0,0.36,1052,36.2,248,2.0,2,6.959398512133975,0,3.62,0,0.2,False,False,True,False,False,False,False,False,False,True,True,False,False,False
Z0084,2020,624.6,43,15.1,25.7,0.0,1,0,Malika,Dakar,14.78923,-17.31489,8.0,0.36,1052,36.2,248,2.0,2,6.959398512133975,0,5.4662,0,0.2,False,False,True,False,False,False,False,False,False,True,True,False,False,False
Z0084,2021,538.5,37,59.7,91.2,0.0,1,0,Malika,Dakar,14.78923,-17.31489,8.0,0.36,1052,36.2,248,2.0,2,6.959398512133975,0,21.611400000000003,0,0.2,False,False,True,False,False,False,False,False,False,True,True,False,False,False
Z0084,2022,569.7,47,55.4,105.4,0.0,1,0,Malika,Dakar,14.78923,-17.31489,8.0,0.36,1052,36.2,248,2.0,2,6.959398512133975,0,20.0548,0,0.2,False,False,True,False,False,False,False,False,False,True,True,False,False,False
Z0084,2023,341.1,22,10.0,20.2,0.0,1,0,Malika,Dakar,14.78923,-17.31489,8.0,0.36,1052,36.2,248,2.0,2,6.959398512133975,0,3.62,0,0.2,False,False,True,False,False,False,False,False,False,True,True,False,False,False
Z0084,2024,682.9,51,47.2,57.0,0.0,1,0,Malika,Dakar,14.78923,-17.31489,8.0,0.36,1052,36.2,248,2.0,2,6.959398512133975,0,17.086400000000005,0,0.2,False,False,True,False,False,False,False,False,False,True,True,False,False,False
Z0085,2015,332.6,28,42.8,76.3,0.0,0,0,Malika,Dakar,14.80317,-17.33333,5.2,0.34,256,74.9,9459,2.4,3,5.54907608489522,0,32.0572,1,0.3,False,True,False,False,False,False,True,False,False,False,False,False,False,True
Z0085,2016,460.7,33,10.0,19.1,0.0,1,0,Malika,Dakar,14.80317,-17.33333,5.2,0.34,256,74.9,9459,2.4,3,5.54907608489522,0,7.49,1,0.3,False,True,False,False,False,False,True,False,False,False,False,False,False,True
Z0085,2017,461.4,30,25.1,44.4,0.0,0,0,Malika,Dakar,14.80317,-17.33333,5.2,0.34,256,74.9,9459,2.4,3,5.54907608489522,0,18.7999,1,0.3,False,True,False,False,False,False,True,False,False,False,False,False,False,True
Z0085,2018,451.4,30,22.3,31.6,0.0,0,0,Malika,Dakar,14.80317,-17.33333,5.2,0.34,256,74.9,9459,2.4,3,5.54907608489522,0,16.702700000000004,1,0.3,False,True,False,False,False,False,True,False,False,False,False,False,False,True
Z0085,2019,498.9,35,41.6,90.6,0.0,1,0,Malika,Dakar,14.80317,-17.33333,5.2,0.34,256,74.9,9459,2.4,3,5.54907608489522,0,31.1584,1,0.3,False,True,False,False,False,False,True,False,False,False,False,False,False,True
Z0085,2020,453.2,29,26.9,37.1,0.0,1,0,Malika,Dakar,14.80317,-17.33333,5.2,0.34,256,74.9,9459,2.4,3,5.54907608489522,0,20.1481,1,0.3,False,True,False,False,False,False,True,False,False,False,False,False,False,True
Z0085,2021,221.4,11,10.0,19.9,0.0,0,0,Malika,Dakar,14.80317,-17.33333,5.2,0.34,256,74.9,9459,2.4,3,5.54907608489522,0,7.49,1,0.3,False,True,False,False,False,False,True,False,False,False,False,False,False,True
Z0085,2022,573.2,40,81.7,102.8,0.0,1,0,Malika,Dakar,14.80317,-17.33333,5.2,0.34,256,74.9,9459,2.4,3,5.54907608489522,0,61.19330000000001,1,0.3,False,True,False,False,False,False,True,False,False,False,False,False,False,True
Z0085,2023,572.2,38,19.3,26.4,0.0,1,0,Malika,Dakar,14.80317,-17.33333,5.2,0.34,256,74.9,9459,2.4,3,5.54907608489522,0,14.455700000000002,1,0.3,False,True,False,False,False,False,True,False,False,False,False,False,False,True
Z0085,2024,587.9,44,29.4,46.2,0.0,0,0,Malika,Dakar,14.80317,-17.33333,5.2,0.34,256,74.9,9459,2.4,3,5.54907608489522,0,22.020599999999998,1,0.3,False,True,False,False,False,False,True,False,False,False,False,False,False,True
Z0086,2015,498.9,33,15.7,24.9,0.0,0,0,Malika,Dakar,14.797,-17.3419,0.5,0.62,165,9.9,165,0.5,7,5.111987788356544,1,1.5543,0,0.7,False,False,True,False,False,False,False,False,False,True,True,False,False,False
Z0086,2016,325.0,15,22.5,31.7,0.0,1,0,Malika,Dakar,14.797,-17.3419,0.5,0.62,165,9.9,165,0.5,7,5.111987788356544,1,2.2275,0,0.7,False,False,True,False,False,False,False,False,False,True,True,False,False,False
Z0086,2017,389.8,24,36.5,78.9,0.0,1,0,Malika,Dakar,14.797,-17.3419,0.5,0.62,165,9.9,165,0.5,7,5.111987788356544,1,3.6135,0,0.7,False,False,True,False,False,False,False,False,False,True,True,False,False,False
Z0086,2018,425.1,26,27.6,48.2,0.0,1,0,Malika,Dakar,14.797,-17.3419,0.5,0.62,165,9.9,165,0.5,7,5.111987788356544,1,2.7324,0,0.7,False,False,True,False,False,False,False,False,False,True,True,False,False,False
Z0086,2019,470.9,29,10.7,22.9,0.0,1,0,Malika,Dakar,14.797,-17.3419,0.5,0.62,165,9.9,165,0.5,7,5.111987788356544,1,1.0593,0,0.7,False,False,True,False,False,False,False,False,False,True,True,False,False,False
Z0086,2020,496.5,38,10.0,18.6,0.0,0,0,Malika,Dakar,14.797,-17.3419,0.5,0.62,165,9.9,165,0.5,7,5.111987788356544,1,0.99,0,0.7,False,False,True,False,False,False,False,False,False,True,True,False,False,False
Z0086,2021,341.5,22,24.7,50.6,0.0,1,0,Malika,Dakar,14.797,-17.3419,0.5,0.62,165,9.9,165,0.5,7,5.111987788356544,1,2.4453,0,0.7,False,False,True,False,False,False,False,False,False,True,True,False,False,False
Z0086,2022,685.9,51,42.5,55.5,0.0,1,0,Malika,Dakar,14.797,-17.3419,0.5,0.62,165,9.9,165,0.5,7,5.111987788356544,1,4.2075,0,0.7,False,False,True,False,False,False,False,False,False,True,True,False,False,False
Z0086,2023,289.2,20,11.8,20.2,0.0,1,0,Malika,Dakar,14.797,-17.3419,0.5,0.62,165,9.9,165,0.5,7,5.111987788356544,1,1.1682000000000001,0,0.7,False,False,True,False,False,False,False,False,False,True,True,False,False,False
Z0086,2024,578.0,30,27.8,50.1,0.0,0,0,Malika,Dakar,14.797,-17.3419,0.5,0.62,165,9.9,165,0.5,7,5.111987788356544,1,2.7522,0,0.7,False,False,True,False,False,False,False,False,False,True,True,False,False,False
Z0087,2015,578.0,53,41.3,87.8,0.0,1,0,Malika,Dakar,14.79645,-17.33342,5.5,0.09,141,91.6,16593,3.5,3,4.955827057601261,0,37.830799999999996,1,0.3,False,False,False,False,True,False,True,False,False,False,False,False,False,True
Z0087,2016,325.4,20,10.0,13.6,0.0,1,0,Malika,Dakar,14.79645,-17.33342,5.5,0.09,141,91.6,16593,3.5,3,4.955827057601261,0,9.16,1,0.3,False,False,False,False,True,False,True,False,False,False,False,False,False,True
Z0087,2017,343.3,26,20.7,33.5,0.0,1,0,Malika,Dakar,14.79645,-17.33342,5.5,0.09,141,91.6,16593,3.5,3,4.955827057601261,0,18.961199999999998,1,0.3,False,False,False,False,True,False,True,False,False,False,False,False,False,True
Z0087,2018,478.8,33,29.2,39.6,0.0,1,0,Malika,Dakar,14.79645,-17.33342,5.5,0.09,141,91.6,16593,3.5,3,4.955827057601261,0,26.7472,1,0.3,False,False,False,False,True,False,True,False,False,False,False,False,False,True
Z0087,2019,440.9,28,10.8,17.6,0.0,0,0,Malika,Dakar,14.79645,-17.33342,5.5,0.09,141,91.6,16593,3.5,3,4.955827057601261,0,9.8928,1,0.3,False,False,False,False,True,False,True,False,False,False,False,False,False,True
Z0087,2020,333.5,29,20.2,32.7,0.0,0,0,Malika,Dakar,14.79645,-17.33342,5.5,0.09,141,91.6,16593,3.5,3,4.955827057601261,0,18.503199999999996,1,0.3,False,False,False,False,True,False,True,False,False,False,False,False,False,True
Z0087,2021,578.4,44,29.9,40.6,0.0,1,0,Malika,Dakar,14.79645,-17.33342,5.5,0.09,141,91.6,16593,3.5,3,4.955827057601261,0,27.388399999999997,1,0.3,False,False,False,False,True,False,True,False,False,False,False,False,False,True
Z0087,2022,713.1,43,23.9,32.8,0.0,1,0,Malika,Dakar,14.79645,-17.33342,5.5,0.09,141,91.6,16593,3.5,3,4.955827057601261,0,21.8924,1,0.3,False,False,False,False,True,False,True,False,False,False,False,False,False,True
Z0087,2023,367.0,26,10.0,16.5,0.0,0,0,Malika,Dakar,14.79645,-17.33342,5.5,0.09,141,91.6,16593,3.5,3,4.955827057601261,0,9.16,1,0.3,False,False,False,False,True,False,True,False,False,False,False,False,False,True
Z0087,2024,385.1,25,20.9,44.4,0.0,0,0,Malika,Dakar,14.79645,-17.33342,5.5,0.09,141,91.6,16593,3.5,3,4.955827057601261,0,19.144399999999997,1,0.3,False,False,False,False,True,False,True,False,False,False,False,False,False,True
Z0088,2015,628.1,48,10.0,13.4,0.0,1,0,Malika,Dakar,14.7707,-17.32613,3.7,0.31,73,65.0,6947,2.4,7,4.30406509320417,1,6.5,0,0.7,False,False,False,True,False,False,False,True,False,False,True,False,False,False
Z0088,2016,493.2,42,10.0,17.6,0.0,1,0,Malika,Dakar,14.7707,-17.32613,3.7,0.31,73,65.0,6947,2.4,7,4.30406509320417,1,6.5,0,0.7,False,False,False,True,False,False,False,True,False,False,True,False,False,False
Z0088,2017,320.4,32,20.4,30.7,0.0,0,0,Malika,Dakar,14.7707,-17.32613,3.7,0.31,73,65.0,6947,2.4,7,4.30406509320417,1,13.26,0,0.7,False,False,False,True,False,False,False,True,False,False,True,False,False,False
Z0088,2018,616.6,45,23.5,33.6,0.0,1,0,Malika,Dakar,14.7707,-17.32613,3.7,0.31,73,65.0,6947,2.4,7,4.30406509320417,1,15.275,0,0.7,False,False,False,True,False,False,False,True,False,False,True,False,False,False
Z0088,2019,323.3,16,22.7,34.8,0.0,1,0,Malika,Dakar,14.7707,-17.32613,3.7,0.31,73,65.0,6947,2.4,7,4.30406509320417,1,14.755,0,0.7,False,False,False,True,False,False,False,True,False,False,True,False,False,False
Z0088,2020,600.2,37,10.0,14.7,0.0,1,0,Malika,Dakar,14.7707,-17.32613,3.7,0.31,73,65.0,6947,2.4,7,4.30406509320417,1,6.5,0,0.7,False,False,False,True,False,False,False,True,False,False,True,False,False,False
Z0088,2021,495.0,35,26.3,37.8,0.0,1,0,Malika,Dakar,14.7707,-17.32613,3.7,0.31,73,65.0,6947,2.4,7,4.30406509320417,1,17.095,0,0.7,False,False,False,True,False,False,False,True,False,False,True,False,False,False
Z0088,2022,312.3,24,36.1,49.0,0.0,0,0,Malika,Dakar,14.7707,-17.32613,3.7,0.31,73,65.0,6947,2.4,7,4.30406509320417,1,23.465,0,0.7,False,False,False,True,False,False,False,True,False,False,True,False,False,False
Z0088,2023,380.7,23,15.7,24.6,0.0,0,0,Malika,Dakar,14.7707,-17.32613,3.7,0.31,73,65.0,6947,2.4,7,4.30406509320417,1,10.205,0,0.7,False,False,False,True,False,False,False,True,False,False,True,False,False,False
Z0088,2024,331.7,22,25.9,47.2,0.0,1,0,Malika,Dakar,14.7707,-17.32613,3.7,0.31,73,65.0,6947,2.4,7,4.30406509320417,1,16.835,0,0.7,False,False,False,True,False,False,False,True,False,False,True,False,False,False
Z0089,2015,305.7,16,15.8,26.5,0.0,0,0,Malika,Dakar,14.785,-17.33654,2.9,0.61,1065,50.7,8266,2.1,2,6.97166860472579,1,8.0106,1,0.2,False,False,False,True,False,False,False,True,False,False,False,False,False,True
Z0089,2016,362.3,27,12.6,25.8,0.0,0,0,Malika,Dakar,14.785,-17.33654,2.9,0.61,1065,50.7,8266,2.1,2,6.97166860472579,1,6.3882,1,0.2,False,False,False,True,False,False,False,True,False,False,False,False,False,True
Z0089,2017,368.0,19,12.8,22.5,0.0,0,0,Malika,Dakar,14.785,-17.33654,2.9,0.61,1065,50.7,8266,2.1,2,6.97166860472579,1,6.4896,1,0.2,False,False,False,True,False,False,False,True,False,False,False,False,False,True
Z0089,2018,517.1,39,10.0,14.8,0.0,0,0,Malika,Dakar,14.785,-17.33654,2.9,0.61,1065,50.7,8266,2.1,2,6.97166860472579,1,5.07,1,0.2,False,False,False,True,False,False,False,True,False,False,False,False,False,True
Z0089,2019,357.6,28,21.3,45.7,0.0,1,0,Malika,Dakar,14.785,-17.33654,2.9,0.61,1065,50.7,8266,2.1,2,6.97166860472579,1,10.799100000000001,1,0.2,False,False,False,True,False,False,False,True,False,False,False,False,False,True
Z0089,2020,479.4,41,12.4,22.2,0.0,0,0,Malika,Dakar,14.785,-17.33654,2.9,0.61,1065,50.7,8266,2.1,2,6.97166860472579,1,6.2868,1,0.2,False,False,False,True,False,False,False,True,False,False,False,False,False,True
Z0089,2021,432.7,23,22.3,31.0,0.0,1,0,Malika,Dakar,14.785,-17.33654,2.9,0.61,1065,50.7,8266,2.1,2,6.97166860472579,1,11.3061,1,0.2,False,False,False,True,False,False,False,True,False,False,False,False,False,True
Z0089,2022,520.7,39,31.2,37.9,0.0,0,0,Malika,Dakar,14.785,-17.33654,2.9,0.61,1065,50.7,8266,2.1,2,6.97166860472579,1,15.818400000000002,1,0.2,False,False,False,True,False,False,False,True,False,False,False,False,False,True
Z0089,2023,383.6,27,18.0,30.5,0.0,0,0,Malika,Dakar,14.785,-17.33654,2.9,0.61,1065,50.7,8266,2.1,2,6.97166860472579,1,9.126,1,0.2,False,False,False,True,False,False,False,True,False,False,False,False,False,True
Z0089,2024,573.5,40,62.7,100.2,0.0,1,0,Malika,Dakar,14.785,-17.33654,2.9,0.61,1065,50.7,8266,2.1,2,6.97166860472579,1,31.7889,1,0.2,False,False,False,True,False,False,False,True,False,False,False,False,False,True
Z0090,2015,249.1,17,12.6,19.5,0.0,0,0,Malika,Dakar,14.76961,-17.32527,6.6,0.87,334,98.0,11336,2.1,4,5.814130531825066,0,12.347999999999999,0,0.4,False,True,False,False,False,False,True,False,False,False,True,False,False,False
Z0090,2016,340.4,23,27.2,42.6,0.0,1,0,Malika,Dakar,14.76961,-17.32527,6.6,0.87,334,98.0,11336,2.1,4,5.814130531825066,0,26.656,0,0.4,False,True,False,False,False,False,True,False,False,False,True,False,False,False
Z0090,2017,497.3,42,11.2,24.0,0.0,0,0,Malika,Dakar,14.76961,-17.32527,6.6,0.87,334,98.0,11336,2.1,4,5.814130531825066,0,10.975999999999999,0,0.4,False,True,False,False,False,False,True,False,False,False,True,False,False,False
Z0090,2018,448.6,33,24.8,38.0,0.0,1,0,Malika,Dakar,14.76961,-17.32527,6.6,0.87,334,98.0,11336,2.1,4,5.814130531825066,0,24.304000000000002,0,0.4,False,True,False,False,False,False,True,False,False,False,True,False,False,False
Z0090,2019,352.5,22,34.8,63.4,0.0,1,0,Malika,Dakar,14.76961,-17.32527,6.6,0.87,334,98.0,11336,2.1,4,5.814130531825066,0,34.104,0,0.4,False,True,False,False,False,False,True,False,False,False,True,False,False,False
Z0090,2020,263.1,20,10.0,13.3,0.0,1,0,Malika,Dakar,14.76961,-17.32527,6.6,0.87,334,98.0,11336,2.1,4,5.814130531825066,0,9.8,0,0.4,False,True,False,False,False,False,True,False,False,False,True,False,False,False
Z0090,2021,646.8,53,63.4,109.5,0.0,1,0,Malika,Dakar,14.76961,-17.32527,6.6,0.87,334,98.0,11336,2.1,4,5.814130531825066,0,62.132,0,0.4,False,True,False,False,False,False,True,False,False,False,True,False,False,False
Z0090,2022,520.4,46,16.6,32.9,0.0,1,0,Malika,Dakar,14.76961,-17.32527,6.6,0.87,334,98.0,11336,2.1,4,5.814130531825066,0,16.268,0,0.4,False,True,False,False,False,False,True,False,False,False,True,False,False,False
Z0090,2023,378.0,32,23.9,30.4,0.0,0,0,Malika,Dakar,14.76961,-17.32527,6.6,0.87,334,98.0,11336,2.1,4,5.814130531825066,0,23.421999999999997,0,0.4,False,True,False,False,False,False,True,False,False,False,True,False,False,False
Z0090,2024,821.4,61,12.8,25.8,0.0,1,0,Malika,Dakar,14.76961,-17.32527,6.6,0.87,334,98.0,11336,2.1,4,5.814130531825066,0,12.544,0,0.4,False,True,False,False,False,False,True,False,False,False,True,False,False,False
Z0091,2015,543.7,42,38.1,77.8,0.0,1,0,Malika,Dakar,14.79606,-17.34449,5.3,1.1,155,82.0,17599,4.0,10,5.049856007249537,0,31.242000000000004,0,1.0,False,False,True,False,False,False,True,False,False,False,True,False,False,False
Z0091,2016,408.8,30,18.8,34.7,0.0,0,0,Malika,Dakar,14.79606,-17.34449,5.3,1.1,155,82.0,17599,4.0,10,5.049856007249537,0,15.416000000000002,0,1.0,False,False,True,False,False,False,True,False,False,False,True,False,False,False
Z0091,2017,322.9,22,10.0,12.8,0.0,1,0,Malika,Dakar,14.79606,-17.34449,5.3,1.1,155,82.0,17599,4.0,10,5.049856007249537,0,8.2,0,1.0,False,False,True,False,False,False,True,False,False,False,True,False,False,False
Z0091,2018,459.3,31,13.8,29.6,0.0,1,0,Malika,Dakar,14.79606,-17.34449,5.3,1.1,155,82.0,17599,4.0,10,5.049856007249537,0,11.316,0,1.0,False,False,True,False,False,False,True,False,False,False,True,False,False,False
Z0091,2019,371.7,27,13.9,22.6,0.0,1,0,Malika,Dakar,14.79606,-17.34449,5.3,1.1,155,82.0,17599,4.0,10,5.049856007249537,0,11.398,0,1.0,False,False,True,False,False,False,True,False,False,False,True,False,False,False
Z0091,2020,837.0,59,24.9,34.4,0.0,1,0,Malika,Dakar,14.79606,-17.34449,5.3,1.1,155,82.0,17599,4.0,10,5.049856007249537,0,20.418,0,1.0,False,False,True,False,False,False,True,False,False,False,True,False,False,False
Z0091,2021,498.7,46,24.8,41.7,0.0,1,0,Malika,Dakar,14.79606,-17.34449,5.3,1.1,155,82.0,17599,4.0,10,5.049856007249537,0,20.336000000000002,0,1.0,False,False,True,False,False,False,True,False,False,False,True,False,False,False
Z0091,2022,482.9,27,49.4,74.0,0.0,1,0,Malika,Dakar,14.79606,-17.34449,5.3,1.1,155,82.0,17599,4.0,10,5.049856007249537,0,40.507999999999996,0,1.0,False,False,True,False,False,False,True,False,False,False,True,False,False,False
Z0091,2023,449.8,30,23.6,45.7,0.0,1,0,Malika,Dakar,14.79606,-17.34449,5.3,1.1,155,82.0,17599,4.0,10,5.049856007249537,0,19.352,0,1.0,False,False,True,False,False,False,True,False,False,False,True,False,False,False
Z0091,2024,552.3,38,23.1,45.7,0.0,1,0,Malika,Dakar,14.79606,-17.34449,5.3,1.1,155,82.0,17599,4.0,10,5.049856007249537,0,18.942,0,1.0,False,False,True,False,False,False,True,False,False,False,True,False,False,False
Z0092,2015,494.7,25,19.1,26.0,0.0,1,0,Malika,Dakar,14.79835,-17.33308,1.8,0.99,586,26.9,211,1.0,8,6.375024819828097,1,5.137899999999999,0,0.8,False,False,True,False,False,False,False,False,False,True,True,False,False,False
Z0092,2016,523.4,47,33.9,46.5,0.0,1,0,Malika,Dakar,14.79835,-17.33308,1.8,0.99,586,26.9,211,1.0,8,6.375024819828097,1,9.1191,0,0.8,False,False,True,False,False,False,False,False,False,True,True,False,False,False
Z0092,2017,406.3,27,20.1,29.2,0.0,0,0,Malika,Dakar,14.79835,-17.33308,1.8,0.99,586,26.9,211,1.0,8,6.375024819828097,1,5.4069,0,0.8,False,False,True,False,False,False,False,False,False,True,True,False,False,False
Z0092,2018,544.6,42,13.9,22.0,0.0,1,0,Malika,Dakar,14.79835,-17.33308,1.8,0.99,586,26.9,211,1.0,8,6.375024819828097,1,3.7390999999999996,0,0.8,False,False,True,False,False,False,False,False,False,True,True,False,False,False
Z0092,2019,494.7,36,10.3,16.7,0.0,1,0,Malika,Dakar,14.79835,-17.33308,1.8,0.99,586,26.9,211,1.0,8,6.375024819828097,1,2.7706999999999997,0,0.8,False,False,True,False,False,False,False,False,False,True,True,False,False,False
Z0092,2020,623.8,47,38.5,84.2,0.0,1,0,Malika,Dakar,14.79835,-17.33308,1.8,0.99,586,26.9,211,1.0,8,6.375024819828097,1,10.356499999999999,0,0.8,False,False,True,False,False,False,False,False,False,True,True,False,False,False
Z0092,2021,442.1,29,48.4,58.6,0.0,1,0,Malika,Dakar,14.79835,-17.33308,1.8,0.99,586,26.9,211,1.0,8,6.375024819828097,1,13.019599999999999,0,0.8,False,False,True,False,False,False,False,False,False,True,True,False,False,False
Z0092,2022,819.5,53,34.0,57.6,0.0,1,0,Malika,Dakar,14.79835,-17.33308,1.8,0.99,586,26.9,211,1.0,8,6.375024819828097,1,9.145999999999999,0,0.8,False,False,True,False,False,False,False,False,False,True,True,False,False,False
Z0092,2023,479.5,29,10.0,15.3,0.0,1,0,Malika,Dakar,14.79835,-17.33308,1.8,0.99,586,26.9,211,1.0,8,6.375024819828097,1,2.69,0,0.8,False,False,True,False,False,False,False,False,False,True,True,False,False,False
Z0092,2024,378.0,21,23.0,42.0,0.0,0,0,Malika,Dakar,14.79835,-17.33308,1.8,0.99,586,26.9,211,1.0,8,6.375024819828097,1,6.186999999999999,0,0.8,False,False,True,False,False,False,False,False,False,True,True,False,False,False
Z0093,2015,322.5,22,10.0,17.8,0.0,0,0,Malika,Dakar,14.8049,-17.33338,1.8,0.26,324,39.7,8086,2.1,2,5.783825182329737,1,3.97,0,0.2,False,False,False,False,True,False,False,True,False,False,True,False,False,False
Z0093,2016,465.6,31,10.0,14.0,0.0,1,0,Malika,Dakar,14.8049,-17.33338,1.8,0.26,324,39.7,8086,2.1,2,5.783825182329737,1,3.97,0,0.2,False,False,False,False,True,False,False,True,False,False,True,False,False,False
Z0093,2017,296.3,20,18.9,41.0,0.0,1,0,Malika,Dakar,14.8049,-17.33338,1.8,0.26,324,39.7,8086,2.1,2,5.783825182329737,1,7.5033,0,0.2,False,False,False,False,True,False,False,True,False,False,True,False,False,False
Z0093,2018,407.2,29,25.9,34.5,0.0,0,0,Malika,Dakar,14.8049,-17.33338,1.8,0.26,324,39.7,8086,2.1,2,5.783825182329737,1,10.2823,0,0.2,False,False,False,False,True,False,False,True,False,False,True,False,False,False
Z0093,2019,430.0,27,18.9,49.4,0.0,1,0,Malika,Dakar,14.8049,-17.33338,1.8,0.26,324,39.7,8086,2.1,2,5.783825182329737,1,7.5033,0,0.2,False,False,False,False,True,False,False,True,False,False,True,False,False,False
Z0093,2020,505.7,37,22.4,39.2,0.0,1,0,Malika,Dakar,14.8049,-17.33338,1.8,0.26,324,39.7,8086,2.1,2,5.783825182329737,1,8.8928,0,0.2,False,False,False,False,True,False,False,True,False,False,True,False,False,False
Z0093,2021,331.2,24,10.0,15.4,0.0,0,0,Malika,Dakar,14.8049,-17.33338,1.8,0.26,324,39.7,8086,2.1,2,5.783825182329737,1,3.97,0,0.2,False,False,False,False,True,False,False,True,False,False,True,False,False,False
Z0093,2022,505.9,37,22.7,46.3,0.0,1,0,Malika,Dakar,14.8049,-17.33338,1.8,0.26,324,39.7,8086,2.1,2,5.783825182329737,1,9.0119,0,0.2,False,False,False,False,True,False,False,True,False,False,True,False,False,False
Z0093,2023,477.4,32,35.0,50.4,0.0,0,0,Malika,Dakar,14.8049,-17.33338,1.8,0.26,324,39.7,8086,2.1,2,5.783825182329737,1,13.895,0,0.2,False,False,False,False,True,False,False,True,False,False,True,False,False,False
Z0093,2024,476.0,35,13.7,28.9,0.0,1,0,Malika,Dakar,14.8049,-17.33338,1.8,0.26,324,39.7,8086,2.1,2,5.783825182329737,1,5.4389,0,0.2,False,False,False,False,True,False,False,True,False,False,True,False,False,False
Z0094,2015,306.7,23,10.0,18.8,0.0,0,0,Jaxaay,Dakar,14.76716,-17.23616,7.7,0.65,1121,29.5,106,2.1,2,7.022868086082641,1,2.95,1,0.2,False,False,True,False,False,False,False,False,False,True,False,False,False,True
Z0094,2016,277.0,25,10.0,12.7,0.0,0,0,Jaxaay,Dakar,14.76716,-17.23616,7.7,0.65,1121,29.5,106,2.1,2,7.022868086082641,1,2.95,1,0.2,False,False,True,False,False,False,False,False,False,True,False,False,False,True
Z0094,2017,283.0,15,12.0,23.6,0.0,0,0,Jaxaay,Dakar,14.76716,-17.23616,7.7,0.65,1121,29.5,106,2.1,2,7.022868086082641,1,3.54,1,0.2,False,False,True,False,False,False,False,False,False,True,False,False,False,True
Z0094,2018,599.3,39,15.4,23.5,0.0,0,0,Jaxaay,Dakar,14.76716,-17.23616,7.7,0.65,1121,29.5,106,2.1,2,7.022868086082641,1,4.543,1,0.2,False,False,True,False,False,False,False,False,False,True,False,False,False,True
Z0094,2019,508.2,37,17.2,32.2,0.0,0,0,Jaxaay,Dakar,14.76716,-17.23616,7.7,0.65,1121,29.5,106,2.1,2,7.022868086082641,1,5.074,1,0.2,False,False,True,False,False,False,False,False,False,True,False,False,False,True
Z0094,2020,483.5,38,23.7,50.3,0.0,1,0,Jaxaay,Dakar,14.76716,-17.23616,7.7,0.65,1121,29.5,106,2.1,2,7.022868086082641,1,6.991499999999999,1,0.2,False,False,True,False,False,False,False,False,False,True,False,False,False,True
Z0094,2021,422.0,30,16.6,25.7,0.0,0,0,Jaxaay,Dakar,14.76716,-17.23616,7.7,0.65,1121,29.5,106,2.1,2,7.022868086082641,1,4.897,1,0.2,False,False,True,False,False,False,False,False,False,True,False,False,False,True
Z0094,2022,677.5,43,58.4,92.8,0.0,0,0,Jaxaay,Dakar,14.76716,-17.23616,7.7,0.65,1121,29.5,106,2.1,2,7.022868086082641,1,17.227999999999998,1,0.2,False,False,True,False,False,False,False,False,False,True,False,False,False,True
Z0094,2023,589.0,52,20.8,44.0,0.0,0,0,Jaxaay,Dakar,14.76716,-17.23616,7.7,0.65,1121,29.5,106,2.1,2,7.022868086082641,1,6.136,1,0.2,False,False,True,False,False,False,False,False,False,True,False,False,False,True
Z0094,2024,483.5,32,10.0,14.9,0.0,1,0,Jaxaay,Dakar,14.76716,-17.23616,7.7,0.65,1121,29.5,106,2.1,2,7.022868086082641,1,2.95,1,0.2,False,False,True,False,False,False,False,False,False,True,False,False,False,True
Z0095,2015,374.8,24,25.0,51.2,0.0,0,0,Jaxaay,Dakar,14.78096,-17.22172,14.7,0.68,963,0.0,542,4.9,1,6.871091294610546,0,0.0,0,0.1,False,False,True,False,False,False,False,False,True,False,True,False,False,False
Z0095,2016,596.5,40,21.7,28.2,0.0,0,0,Jaxaay,Dakar,14.78096,-17.22172,14.7,0.68,963,0.0,542,4.9,1,6.871091294610546,0,0.0,0,0.1,False,False,True,False,False,False,False,False,True,False,True,False,False,False
Z0095,2017,407.7,33,10.0,21.5,0.0,0,0,Jaxaay,Dakar,14.78096,-17.22172,14.7,0.68,963,0.0,542,4.9,1,6.871091294610546,0,0.0,0,0.1,False,False,True,False,False,False,False,False,True,False,True,False,False,False
Z0095,2018,353.9,22,33.6,53.7,0.0,0,0,Jaxaay,Dakar,14.78096,-17.22172,14.7,0.68,963,0.0,542,4.9,1,6.871091294610546,0,0.0,0,0.1,False,False,True,False,False,False,False,False,True,False,True,False,False,False
Z0095,2019,334.5,27,16.9,34.5,0.0,0,0,Jaxaay,Dakar,14.78096,-17.22172,14.7,0.68,963,0.0,542,4.9,1,6.871091294610546,0,0.0,0,0.1,False,False,True,False,False,False,False,False,True,False,True,False,False,False
Z0095,2020,668.4,49,13.1,24.0,0.0,0,0,Jaxaay,Dakar,14.78096,-17.22172,14.7,0.68,963,0.0,542,4.9,1,6.871091294610546,0,0.0,0,0.1,False,False,True,False,False,False,False,False,True,False,True,False,False,False
Z0095,2021,304.6,22,10.8,15.1,0.0,0,0,Jaxaay,Dakar,14.78096,-17.22172,14.7,0.68,963,0.0,542,4.9,1,6.871091294610546,0,0.0,0,0.1,False,False,True,False,False,False,False,False,True,False,True,False,False,False
Z0095,2022,540.2,36,33.1,71.7,0.0,0,0,Jaxaay,Dakar,14.78096,-17.22172,14.7,0.68,963,0.0,542,4.9,1,6.871091294610546,0,0.0,0,0.1,False,False,True,False,False,False,False,False,True,False,True,False,False,False
Z0095,2023,419.2,25,31.8,61.1,0.0,0,0,Jaxaay,Dakar,14.78096,-17.22172,14.7,0.68,963,0.0,542,4.9,1,6.871091294610546,0,0.0,0,0.1,False,False,True,False,False,False,False,False,True,False,True,False,False,False
Z0095,2024,568.8,35,46.0,94.4,0.0,0,0,Jaxaay,Dakar,14.78096,-17.22172,14.7,0.68,963,0.0,542,4.9,1,6.871091294610546,0,0.0,0,0.1,False,False,True,False,False,False,False,False,True,False,True,False,False,False
Z0096,2015,265.3,21,17.2,36.3,0.0,0,0,Jaxaay,Dakar,14.80009,-17.23251,5.5,2.89,399,27.2,116,1.2,3,5.991464547107982,1,4.6784,1,0.3,False,False,True,False,False,False,False,False,False,True,False,False,False,True
Z0096,2016,420.5,26,24.0,30.8,0.0,0,0,Jaxaay,Dakar,14.80009,-17.23251,5.5,2.89,399,27.2,116,1.2,3,5.991464547107982,1,6.528,1,0.3,False,False,True,False,False,False,False,False,False,True,False,False,False,True
Z0096,2017,464.9,34,51.3,72.0,0.0,0,0,Jaxaay,Dakar,14.80009,-17.23251,5.5,2.89,399,27.2,116,1.2,3,5.991464547107982,1,13.9536,1,0.3,False,False,True,False,False,False,False,False,False,True,False,False,False,True
Z0096,2018,343.7,26,21.1,30.3,0.0,0,0,Jaxaay,Dakar,14.80009,-17.23251,5.5,2.89,399,27.2,116,1.2,3,5.991464547107982,1,5.7392,1,0.3,False,False,True,False,False,False,False,False,False,True,False,False,False,True
Z0096,2019,417.7,35,21.9,43.1,0.0,0,0,Jaxaay,Dakar,14.80009,-17.23251,5.5,2.89,399,27.2,116,1.2,3,5.991464547107982,1,5.956799999999999,1,0.3,False,False,True,False,False,False,False,False,False,True,False,False,False,True
Z0096,2020,527.3,36,10.6,17.5,0.0,0,0,Jaxaay,Dakar,14.80009,-17.23251,5.5,2.89,399,27.2,116,1.2,3,5.991464547107982,1,2.8832,1,0.3,False,False,True,False,False,False,False,False,False,True,False,False,False,True
Z0096,2021,337.1,27,19.6,35.6,0.0,1,0,Jaxaay,Dakar,14.80009,-17.23251,5.5,2.89,399,27.2,116,1.2,3,5.991464547107982,1,5.3312,1,0.3,False,False,True,False,False,False,False,False,False,True,False,False,False,True
Z0096,2022,426.4,27,10.0,17.1,0.0,0,0,Jaxaay,Dakar,14.80009,-17.23251,5.5,2.89,399,27.2,116,1.2,3,5.991464547107982,1,2.72,1,0.3,False,False,True,False,False,False,False,False,False,True,False,False,False,True
Z0096,2023,411.4,30,29.7,56.7,0.0,1,0,Jaxaay,Dakar,14.80009,-17.23251,5.5,2.89,399,27.2,116,1.2,3,5.991464547107982,1,8.078399999999998,1,0.3,False,False,True,False,False,False,False,False,False,True,False,False,False,True
Z0096,2024,517.2,34,10.0,13.9,0.0,0,0,Jaxaay,Dakar,14.80009,-17.23251,5.5,2.89,399,27.2,116,1.2,3,5.991464547107982,1,2.72,1,0.3,False,False,True,False,False,False,False,False,False,True,False,False,False,True
Z0097,2015,490.7,32,11.1,18.7,0.0,0,0,Jaxaay,Dakar,14.79005,-17.21972,21.6,0.09,4378,13.7,263,4.3,0,8.384575666801398,0,1.5207,1,0.0,False,False,True,False,False,False,False,False,True,False,False,False,False,True
Z0097,2016,458.4,37,37.3,78.2,0.0,0,0,Jaxaay,Dakar,14.79005,-17.21972,21.6,0.09,4378,13.7,263,4.3,0,8.384575666801398,0,5.110099999999999,1,0.0,False,False,True,False,False,False,False,False,True,False,False,False,False,True
Z0097,2017,380.0,22,20.3,41.2,0.0,0,0,Jaxaay,Dakar,14.79005,-17.21972,21.6,0.09,4378,13.7,263,4.3,0,8.384575666801398,0,2.7811000000000003,1,0.0,False,False,True,False,False,False,False,False,True,False,False,False,False,True
Z0097,2018,383.0,27,10.0,13.5,0.0,0,0,Jaxaay,Dakar,14.79005,-17.21972,21.6,0.09,4378,13.7,263,4.3,0,8.384575666801398,0,1.37,1,0.0,False,False,True,False,False,False,False,False,True,False,False,False,False,True
Z0097,2019,543.0,41,40.4,62.2,0.0,0,0,Jaxaay,Dakar,14.79005,-17.21972,21.6,0.09,4378,13.7,263,4.3,0,8.384575666801398,0,5.534799999999999,1,0.0,False,False,True,False,False,False,False,False,True,False,False,False,False,True
Z0097,2020,544.4,41,32.5,68.9,0.0,0,0,Jaxaay,Dakar,14.79005,-17.21972,21.6,0.09,4378,13.7,263,4.3,0,8.384575666801398,0,4.4525,1,0.0,False,False,True,False,False,False,False,False,True,False,False,False,False,True
Z0097,2021,373.9,19,36.6,72.9,0.0,0,0,Jaxaay,Dakar,14.79005,-17.21972,21.6,0.09,4378,13.7,263,4.3,0,8.384575666801398,0,5.0142,1,0.0,False,False,True,False,False,False,False,False,True,False,False,False,False,True
Z0097,2022,460.7,28,13.6,18.8,0.0,0,0,Jaxaay,Dakar,14.79005,-17.21972,21.6,0.09,4378,13.7,263,4.3,0,8.384575666801398,0,1.8632,1,0.0,False,False,True,False,False,False,False,False,True,False,False,False,False,True
Z0097,2023,331.0,21,14.3,17.6,0.0,0,0,Jaxaay,Dakar,14.79005,-17.21972,21.6,0.09,4378,13.7,263,4.3,0,8.384575666801398,0,1.9591,1,0.0,False,False,True,False,False,False,False,False,True,False,False,False,False,True
Z0097,2024,372.1,25,10.0,17.3,0.0,0,0,Jaxaay,Dakar,14.79005,-17.21972,21.6,0.09,4378,13.7,263,4.3,0,8.384575666801398,0,1.37,1,0.0,False,False,True,False,False,False,False,False,True,False,False,False,False,True
Z0098,2015,443.1,29,12.7,25.7,0.0,0,0,Jaxaay,Dakar,14.77263,-17.2305,8.1,1.13,853,25.2,2900,2.1,0,6.74993119378857,1,3.2003999999999997,1,0.0,False,False,False,False,True,False,False,True,False,False,False,False,False,True
Z0098,2016,430.8,28,30.8,50.3,0.0,0,0,Jaxaay,Dakar,14.77263,-17.2305,8.1,1.13,853,25.2,2900,2.1,0,6.74993119378857,1,7.7616,1,0.0,False,False,False,False,True,False,False,True,False,False,False,False,False,True
Z0098,2017,265.6,14,16.8,32.5,0.0,0,0,Jaxaay,Dakar,14.77263,-17.2305,8.1,1.13,853,25.2,2900,2.1,0,6.74993119378857,1,4.2336,1,0.0,False,False,False,False,True,False,False,True,False,False,False,False,False,True
Z0098,2018,430.8,30,41.9,88.9,0.0,0,0,Jaxaay,Dakar,14.77263,-17.2305,8.1,1.13,853,25.2,2900,2.1,0,6.74993119378857,1,10.558799999999998,1,0.0,False,False,False,False,True,False,False,True,False,False,False,False,False,True
Z0098,2019,420.4,27,10.0,18.7,0.0,0,0,Jaxaay,Dakar,14.77263,-17.2305,8.1,1.13,853,25.2,2900,2.1,0,6.74993119378857,1,2.52,1,0.0,False,False,False,False,True,False,False,True,False,False,False,False,False,True
Z0098,2020,545.2,32,50.3,61.9,0.0,0,0,Jaxaay,Dakar,14.77263,-17.2305,8.1,1.13,853,25.2,2900,2.1,0,6.74993119378857,1,12.6756,1,0.0,False,False,False,False,True,False,False,True,False,False,False,False,False,True
Z0098,2021,348.2,23,12.9,21.2,0.0,0,0,Jaxaay,Dakar,14.77263,-17.2305,8.1,1.13,853,25.2,2900,2.1,0,6.74993119378857,1,3.2508,1,0.0,False,False,False,False,True,False,False,True,False,False,False,False,False,True
Z0098,2022,504.6,32,49.2,64.5,0.0,0,0,Jaxaay,Dakar,14.77263,-17.2305,8.1,1.13,853,25.2,2900,2.1,0,6.74993119378857,1,12.398400000000002,1,0.0,False,False,False,False,True,False,False,True,False,False,False,False,False,True
Z0098,2023,414.0,32,40.6,80.1,0.0,0,0,Jaxaay,Dakar,14.77263,-17.2305,8.1,1.13,853,25.2,2900,2.1,0,6.74993119378857,1,10.2312,1,0.0,False,False,False,False,True,False,False,True,False,False,False,False,False,True
Z0098,2024,469.5,35,44.5,67.9,0.0,0,0,Jaxaay,Dakar,14.77263,-17.2305,8.1,1.13,853,25.2,2900,2.1,0,6.74993119378857,1,11.213999999999999,1,0.0,False,False,False,False,True,False,False,True,False,False,False,False,False,True
Z0099,2015,411.2,23,23.6,38.9,0.0,0,0,Jaxaay,Dakar,14.77769,-17.23491,14.7,0.88,2620,45.8,6663,3.9,0,7.8713112033234065,0,10.808800000000002,0,0.0,False,False,False,False,True,False,False,True,False,False,True,False,False,False
Z0099,2016,205.3,14,10.0,15.8,0.0,0,0,Jaxaay,Dakar,14.77769,-17.23491,14.7,0.88,2620,45.8,6663,3.9,0,7.8713112033234065,0,4.58,0,0.0,False,False,False,False,True,False,False,True,False,False,True,False,False,False
Z0099,2017,480.4,35,34.2,42.1,0.0,0,0,Jaxaay,Dakar,14.77769,-17.23491,14.7,0.88,2620,45.8,6663,3.9,0,7.8713112033234065,0,15.6636,0,0.0,False,False,False,False,True,False,False,True,False,False,True,False,False,False
Z0099,2018,532.0,44,10.0,20.1,0.0,0,0,Jaxaay,Dakar,14.77769,-17.23491,14.7,0.88,2620,45.8,6663,3.9,0,7.8713112033234065,0,4.58,0,0.0,False,False,False,False,True,False,False,True,False,False,True,False,False,False
Z0099,2019,532.0,19,10.0,15.8,0.0,0,0,Jaxaay,Dakar,14.77769,-17.23491,14.7,0.88,2620,45.8,6663,3.9,0,7.8713112033234065,0,4.58,0,0.0,False,False,False,False,True,False,False,True,False,False,True,False,False,False
Z0099,2020,556.4,40,33.6,66.0,0.0,0,0,Jaxaay,Dakar,14.77769,-17.23491,14.7,0.88,2620,45.8,6663,3.9,0,7.8713112033234065,0,15.388799999999998,0,0.0,False,False,False,False,True,False,False,True,False,False,True,False,False,False
Z0099,2021,588.0,44,43.0,57.4,0.0,1,0,Jaxaay,Dakar,14.77769,-17.23491,14.7,0.88,2620,45.8,6663,3.9,0,7.8713112033234065,0,19.694,0,0.0,False,False,False,False,True,False,False,True,False,False,True,False,False,False
Z0099,2022,556.4,44,23.1,37.5,0.0,0,0,Jaxaay,Dakar,14.77769,-17.23491,14.7,0.88,2620,45.8,6663,3.9,0,7.8713112033234065,0,10.5798,0,0.0,False,False,False,False,True,False,False,True,False,False,True,False,False,False
Z0099,2023,289.4,17,21.7,47.1,0.0,0,0,Jaxaay,Dakar,14.77769,-17.23491,14.7,0.88,2620,45.8,6663,3.9,0,7.8713112033234065,0,9.9386,0,0.0,False,False,False,False,True,False,False,True,False,False,True,False,False,False
Z0099,2024,600.7,45,37.9,63.9,0.0,0,0,Jaxaay,Dakar,14.77769,-17.23491,14.7,0.88,2620,45.8,6663,3.9,0,7.8713112033234065,0,17.3582,0,0.0,False,False,False,False,True,False,False,True,False,False,True,False,False,False
Z0100,2015,263.3,17,10.0,16.8,0.0,0,0,Jaxaay,Dakar,14.76893,-17.22383,12.1,0.57,887,66.1,15371,4.5,2,6.78897174299217,0,6.61,0,0.2,False,False,True,False,False,False,True,False,False,False,True,False,False,False
Z0100,2016,560.1,49,40.1,65.4,0.0,0,0,Jaxaay,Dakar,14.76893,-17.22383,12.1,0.57,887,66.1,15371,4.5,2,6.78897174299217,0,26.506099999999996,0,0.2,False,False,True,False,False,False,True,False,False,False,True,False,False,False
Z0100,2017,353.8,21,33.5,70.2,0.0,0,0,Jaxaay,Dakar,14.76893,-17.22383,12.1,0.57,887,66.1,15371,4.5,2,6.78897174299217,0,22.1435,0,0.2,False,False,True,False,False,False,True,False,False,False,True,False,False,False
Z0100,2018,282.3,23,10.0,15.0,0.0,0,0,Jaxaay,Dakar,14.76893,-17.22383,12.1,0.57,887,66.1,15371,4.5,2,6.78897174299217,0,6.61,0,0.2,False,False,True,False,False,False,True,False,False,False,True,False,False,False
Z0100,2019,210.2,16,11.7,24.4,0.0,0,0,Jaxaay,Dakar,14.76893,-17.22383,12.1,0.57,887,66.1,15371,4.5,2,6.78897174299217,0,7.733699999999999,0,0.2,False,False,True,False,False,False,True,False,False,False,True,False,False,False
Z0100,2020,267.6,17,10.0,18.3,0.0,0,0,Jaxaay,Dakar,14.76893,-17.22383,12.1,0.57,887,66.1,15371,4.5,2,6.78897174299217,0,6.61,0,0.2,False,False,True,False,False,False,True,False,False,False,True,False,False,False
Z0100,2021,540.4,40,31.7,58.0,0.0,1,0,Jaxaay,Dakar,14.76893,-17.22383,12.1,0.57,887,66.1,15371,4.5,2,6.78897174299217,0,20.953699999999998,0,0.2,False,False,True,False,False,False,True,False,False,False,True,False,False,False
Z0100,2022,342.6,33,27.3,45.9,0.0,1,0,Jaxaay,Dakar,14.76893,-17.22383,12.1,0.57,887,66.1,15371,4.5,2,6.78897174299217,0,18.0453,0,0.2,False,False,True,False,False,False,True,False,False,False,True,False,False,False
Z0100,2023,374.9,21,17.0,22.2,0.0,0,0,Jaxaay,Dakar,14.76893,-17.22383,12.1,0.57,887,66.1,15371,4.5,2,6.78897174299217,0,11.236999999999998,0,0.2,False,False,True,False,False,False,True,False,False,False,True,False,False,False
Z0100,2024,662.9,51,24.3,52.0,0.0,0,0,Jaxaay,Dakar,14.76893,-17.22383,12.1,0.57,887,66.1,15371,4.5,2,6.78897174299217,0,16.0623,0,0.2,False,False,True,False,False,False,True,False,False,False,True,False,False,False
Z0101,2015,405.3,18,36.8,75.9,0.0,1,0,Jaxaay,Dakar,14.78041,-17.23165,22.2,0.41,2127,13.9,109,0.2,0,7.662937850461535,0,5.1152,1,0.0,False,False,True,False,False,False,False,False,False,True,False,False,False,True
Z0101,2016,372.9,27,14.3,20.5,0.0,0,0,Jaxaay,Dakar,14.78041,-17.23165,22.2,0.41,2127,13.9,109,0.2,0,7.662937850461535,0,1.9877,1,0.0,False,False,True,False,False,False,False,False,False,True,False,False,False,True
Z0101,2017,454.9,34,21.5,44.0,0.0,0,0,Jaxaay,Dakar,14.78041,-17.23165,22.2,0.41,2127,13.9,109,0.2,0,7.662937850461535,0,2.9885,1,0.0,False,False,True,False,False,False,False,False,False,True,False,False,False,True
Z0101,2018,736.3,60,22.2,38.0,0.0,0,0,Jaxaay,Dakar,14.78041,-17.23165,22.2,0.41,2127,13.9,109,0.2,0,7.662937850461535,0,3.0858,1,0.0,False,False,True,False,False,False,False,False,False,True,False,False,False,True
Z0101,2019,501.5,31,10.0,17.8,0.0,0,0,Jaxaay,Dakar,14.78041,-17.23165,22.2,0.41,2127,13.9,109,0.2,0,7.662937850461535,0,1.39,1,0.0,False,False,True,False,False,False,False,False,False,True,False,False,False,True
Z0101,2020,571.9,36,35.7,72.2,0.0,0,0,Jaxaay,Dakar,14.78041,-17.23165,22.2,0.41,2127,13.9,109,0.2,0,7.662937850461535,0,4.962300000000001,1,0.0,False,False,True,False,False,False,False,False,False,True,False,False,False,True
Z0101,2021,258.3,13,10.0,16.2,0.0,0,0,Jaxaay,Dakar,14.78041,-17.23165,22.2,0.41,2127,13.9,109,0.2,0,7.662937850461535,0,1.39,1,0.0,False,False,True,False,False,False,False,False,False,True,False,False,False,True
Z0101,2022,447.2,29,23.9,46.9,0.0,0,0,Jaxaay,Dakar,14.78041,-17.23165,22.2,0.41,2127,13.9,109,0.2,0,7.662937850461535,0,3.3221,1,0.0,False,False,True,False,False,False,False,False,False,True,False,False,False,True
Z0101,2023,533.9,30,10.0,19.9,0.0,0,0,Jaxaay,Dakar,14.78041,-17.23165,22.2,0.41,2127,13.9,109,0.2,0,7.662937850461535,0,1.39,1,0.0,False,False,True,False,False,False,False,False,False,True,False,False,False,True
Z0101,2024,399.3,25,51.7,108.0,0.0,0,0,Jaxaay,Dakar,14.78041,-17.23165,22.2,0.41,2127,13.9,109,0.2,0,7.662937850461535,0,7.186300000000001,1,0.0,False,False,True,False,False,False,False,False,False,True,False,False,False,True
Z0102,2015,266.3,13,15.0,22.5,0.0,1,0,Jaxaay,Dakar,14.7786,-17.23854,8.0,0.11,759,81.0,23966,1.7,9,6.633318433280377,1,12.15,1,0.9,False,False,True,False,False,False,True,False,False,False,False,False,False,True
Z0102,2016,427.4,32,37.4,63.1,0.0,1,0,Jaxaay,Dakar,14.7786,-17.23854,8.0,0.11,759,81.0,23966,1.7,9,6.633318433280377,1,30.294,1,0.9,False,False,True,False,False,False,True,False,False,False,False,False,False,True
Z0102,2017,391.4,33,10.0,19.3,0.0,0,0,Jaxaay,Dakar,14.7786,-17.23854,8.0,0.11,759,81.0,23966,1.7,9,6.633318433280377,1,8.1,1,0.9,False,False,True,False,False,False,True,False,False,False,False,False,False,True
Z0102,2018,393.2,28,11.3,22.0,0.0,0,0,Jaxaay,Dakar,14.7786,-17.23854,8.0,0.11,759,81.0,23966,1.7,9,6.633318433280377,1,9.153,1,0.9,False,False,True,False,False,False,True,False,False,False,False,False,False,True
Z0102,2019,350.1,25,30.6,37.7,0.0,1,0,Jaxaay,Dakar,14.7786,-17.23854,8.0,0.11,759,81.0,23966,1.7,9,6.633318433280377,1,24.785999999999998,1,0.9,False,False,True,False,False,False,True,False,False,False,False,False,False,True
Z0102,2020,571.7,47,50.5,106.9,0.0,1,0,Jaxaay,Dakar,14.7786,-17.23854,8.0,0.11,759,81.0,23966,1.7,9,6.633318433280377,1,40.905,1,0.9,False,False,True,False,False,False,True,False,False,False,False,False,False,True
Z0102,2021,420.2,26,12.7,17.6,0.0,1,0,Jaxaay,Dakar,14.7786,-17.23854,8.0,0.11,759,81.0,23966,1.7,9,6.633318433280377,1,10.287,1,0.9,False,False,True,False,False,False,True,False,False,False,False,False,False,True
Z0102,2022,667.0,35,18.2,22.2,0.0,1,0,Jaxaay,Dakar,14.7786,-17.23854,8.0,0.11,759,81.0,23966,1.7,9,6.633318433280377,1,14.742,1,0.9,False,False,True,False,False,False,True,False,False,False,False,False,False,True
Z0102,2023,417.7,29,18.2,42.5,0.0,1,0,Jaxaay,Dakar,14.7786,-17.23854,8.0,0.11,759,81.0,23966,1.7,9,6.633318433280377,1,14.742,1,0.9,False,False,True,False,False,False,True,False,False,False,False,False,False,True
Z0102,2024,480.1,27,21.4,40.5,0.0,0,0,Jaxaay,Dakar,14.7786,-17.23854,8.0,0.11,759,81.0,23966,1.7,9,6.633318433280377,1,17.334,1,0.9,False,False,True,False,False,False,True,False,False,False,False,False,False,True
Z0103,2015,505.1,29,14.9,26.2,0.0,0,0,Rufisque,Dakar,14.71686,-17.2484,10.4,0.27,646,98.0,14540,3.3,1,6.472346294500901,0,14.602,1,0.1,False,False,False,False,True,False,True,False,False,False,False,False,False,True
Z0103,2016,286.4,31,24.7,39.4,0.0,0,0,Rufisque,Dakar,14.71686,-17.2484,10.4,0.27,646,98.0,14540,3.3,1,6.472346294500901,0,24.206,1,0.1,False,False,False,False,True,False,True,False,False,False,False,False,False,True
Z0103,2017,341.1,25,10.0,12.2,0.0,0,0,Rufisque,Dakar,14.71686,-17.2484,10.4,0.27,646,98.0,14540,3.3,1,6.472346294500901,0,9.8,1,0.1,False,False,False,False,True,False,True,False,False,False,False,False,False,True
Z0103,2018,449.6,32,20.6,44.5,0.0,0,0,Rufisque,Dakar,14.71686,-17.2484,10.4,0.27,646,98.0,14540,3.3,1,6.472346294500901,0,20.188000000000002,1,0.1,False,False,False,False,True,False,True,False,False,False,False,False,False,True
Z0103,2019,340.5,25,10.0,17.0,0.0,1,0,Rufisque,Dakar,14.71686,-17.2484,10.4,0.27,646,98.0,14540,3.3,1,6.472346294500901,0,9.8,1,0.1,False,False,False,False,True,False,True,False,False,False,False,False,False,True
Z0103,2020,448.8,34,11.4,19.9,0.0,0,0,Rufisque,Dakar,14.71686,-17.2484,10.4,0.27,646,98.0,14540,3.3,1,6.472346294500901,0,11.172,1,0.1,False,False,False,False,True,False,True,False,False,False,False,False,False,True
Z0103,2021,436.8,32,15.5,33.1,0.0,0,0,Rufisque,Dakar,14.71686,-17.2484,10.4,0.27,646,98.0,14540,3.3,1,6.472346294500901,0,15.19,1,0.1,False,False,False,False,True,False,True,False,False,False,False,False,False,True
Z0103,2022,375.8,27,11.2,19.0,0.0,0,0,Rufisque,Dakar,14.71686,-17.2484,10.4,0.27,646,98.0,14540,3.3,1,6.472346294500901,0,10.975999999999999,1,0.1,False,False,False,False,True,False,True,False,False,False,False,False,False,True
Z0103,2023,613.7,46,14.3,23.5,0.0,0,0,Rufisque,Dakar,14.71686,-17.2484,10.4,0.27,646,98.0,14540,3.3,1,6.472346294500901,0,14.014000000000001,1,0.1,False,False,False,False,True,False,True,False,False,False,False,False,False,True
Z0103,2024,358.3,25,20.2,35.1,0.0,0,0,Rufisque,Dakar,14.71686,-17.2484,10.4,0.27,646,98.0,14540,3.3,1,6.472346294500901,0,19.796,1,0.1,False,False,False,False,True,False,True,False,False,False,False,False,False,True
Z0104,2015,394.0,23,15.8,27.9,0.0,1,0,Rufisque,Dakar,14.73616,-17.26163,4.0,0.59,1311,94.6,16709,2.8,8,7.179307969504034,1,14.946800000000001,1,0.8,False,False,True,False,False,False,True,False,False,False,False,False,False,True
Z0104,2016,448.6,30,10.0,13.4,0.0,1,0,Rufisque,Dakar,14.73616,-17.26163,4.0,0.59,1311,94.6,16709,2.8,8,7.179307969504034,1,9.46,1,0.8,False,False,True,False,False,False,True,False,False,False,False,False,False,True
Z0104,2017,345.3,32,10.0,21.1,0.0,1,0,Rufisque,Dakar,14.73616,-17.26163,4.0,0.59,1311,94.6,16709,2.8,8,7.179307969504034,1,9.46,1,0.8,False,False,True,False,False,False,True,False,False,False,False,False,False,True
Z0104,2018,419.1,29,15.8,31.4,0.0,0,0,Rufisque,Dakar,14.73616,-17.26163,4.0,0.59,1311,94.6,16709,2.8,8,7.179307969504034,1,14.946800000000001,1,0.8,False,False,True,False,False,False,True,False,False,False,False,False,False,True
Z0104,2019,353.3,22,10.0,12.5,0.0,1,0,Rufisque,Dakar,14.73616,-17.26163,4.0,0.59,1311,94.6,16709,2.8,8,7.179307969504034,1,9.46,1,0.8,False,False,True,False,False,False,True,False,False,False,False,False,False,True
Z0104,2020,496.5,33,15.5,19.6,0.0,0,0,Rufisque,Dakar,14.73616,-17.26163,4.0,0.59,1311,94.6,16709,2.8,8,7.179307969504034,1,14.663,1,0.8,False,False,True,False,False,False,True,False,False,False,False,False,False,True
Z0104,2021,298.7,11,16.9,29.3,0.0,1,0,Rufisque,Dakar,14.73616,-17.26163,4.0,0.59,1311,94.6,16709,2.8,8,7.179307969504034,1,15.987399999999997,1,0.8,False,False,True,False,False,False,True,False,False,False,False,False,False,True
Z0104,2022,774.0,54,20.1,41.5,0.0,1,0,Rufisque,Dakar,14.73616,-17.26163,4.0,0.59,1311,94.6,16709,2.8,8,7.179307969504034,1,19.0146,1,0.8,False,False,True,False,False,False,True,False,False,False,False,False,False,True
Z0104,2023,376.1,24,18.4,36.9,0.0,1,0,Rufisque,Dakar,14.73616,-17.26163,4.0,0.59,1311,94.6,16709,2.8,8,7.179307969504034,1,17.406399999999998,1,0.8,False,False,True,False,False,False,True,False,False,False,False,False,False,True
Z0104,2024,587.6,41,12.7,23.8,0.0,1,0,Rufisque,Dakar,14.73616,-17.26163,4.0,0.59,1311,94.6,16709,2.8,8,7.179307969504034,1,12.014199999999999,1,0.8,False,False,True,False,False,False,True,False,False,False,False,False,False,True
Z0105,2015,295.5,24,37.9,49.0,0.0,0,0,Rufisque,Dakar,14.73277,-17.2631,5.9,0.21,1930,44.0,2332,3.9,0,7.565793282428515,1,16.676,2,0.0,False,False,False,False,True,False,False,True,False,False,False,True,False,False
Z0105,2016,590.3,37,19.8,39.8,0.0,0,0,Rufisque,Dakar,14.73277,-17.2631,5.9,0.21,1930,44.0,2332,3.9,0,7.565793282428515,1,8.712,2,0.0,False,False,False,False,True,False,False,True,False,False,False,True,False,False
Z0105,2017,612.1,48,23.7,47.4,0.0,0,0,Rufisque,Dakar,14.73277,-17.2631,5.9,0.21,1930,44.0,2332,3.9,0,7.565793282428515,1,10.427999999999999,2,0.0,False,False,False,False,True,False,False,True,False,False,False,True,False,False
Z0105,2018,382.7,31,23.7,34.3,0.0,0,0,Rufisque,Dakar,14.73277,-17.2631,5.9,0.21,1930,44.0,2332,3.9,0,7.565793282428515,1,10.427999999999999,2,0.0,False,False,False,False,True,False,False,True,False,False,False,True,False,False
Z0105,2019,530.0,40,10.0,21.8,0.0,0,0,Rufisque,Dakar,14.73277,-17.2631,5.9,0.21,1930,44.0,2332,3.9,0,7.565793282428515,1,4.4,2,0.0,False,False,False,False,True,False,False,True,False,False,False,True,False,False
Z0105,2020,649.9,47,16.9,25.3,0.0,0,0,Rufisque,Dakar,14.73277,-17.2631,5.9,0.21,1930,44.0,2332,3.9,0,7.565793282428515,1,7.435999999999999,2,0.0,False,False,False,False,True,False,False,True,False,False,False,True,False,False
Z0105,2021,493.2,33,36.2,73.9,0.0,0,0,Rufisque,Dakar,14.73277,-17.2631,5.9,0.21,1930,44.0,2332,3.9,0,7.565793282428515,1,15.928000000000003,2,0.0,False,False,False,False,True,False,False,True,False,False,False,True,False,False
Z0105,2022,443.2,29,31.8,64.8,0.0,0,0,Rufisque,Dakar,14.73277,-17.2631,5.9,0.21,1930,44.0,2332,3.9,0,7.565793282428515,1,13.992,2,0.0,False,False,False,False,True,False,False,True,False,False,False,True,False,False
Z0105,2023,335.3,24,10.0,18.4,0.0,0,0,Rufisque,Dakar,14.73277,-17.2631,5.9,0.21,1930,44.0,2332,3.9,0,7.565793282428515,1,4.4,2,0.0,False,False,False,False,True,False,False,True,False,False,False,True,False,False
Z0105,2024,594.5,47,118.4,214.0,0.0,0,0,Rufisque,Dakar,14.73277,-17.2631,5.9,0.21,1930,44.0,2332,3.9,0,7.565793282428515,1,52.096000000000004,2,0.0,False,False,False,False,True,False,False,True,False,False,False,True,False,False
Z0106,2015,412.6,24,24.0,30.5,0.0,0,0,Rufisque,Dakar,14.69455,-17.26879,6.4,0.93,799,64.6,32847,3.1,1,6.684611727667927,1,15.503999999999998,0,0.1,False,False,False,False,True,False,True,False,False,False,True,False,False,False
Z0106,2016,426.3,29,17.4,25.9,0.0,0,0,Rufisque,Dakar,14.69455,-17.26879,6.4,0.93,799,64.6,32847,3.1,1,6.684611727667927,1,11.240399999999998,0,0.1,False,False,False,False,True,False,True,False,False,False,True,False,False,False
Z0106,2017,269.1,16,10.0,12.5,0.0,1,0,Rufisque,Dakar,14.69455,-17.26879,6.4,0.93,799,64.6,32847,3.1,1,6.684611727667927,1,6.46,0,0.1,False,False,False,False,True,False,True,False,False,False,True,False,False,False
Z0106,2018,373.7,28,30.2,61.7,0.0,0,0,Rufisque,Dakar,14.69455,-17.26879,6.4,0.93,799,64.6,32847,3.1,1,6.684611727667927,1,19.5092,0,0.1,False,False,False,False,True,False,True,False,False,False,True,False,False,False
Z0106,2019,342.0,22,10.0,15.9,0.0,0,0,Rufisque,Dakar,14.69455,-17.26879,6.4,0.93,799,64.6,32847,3.1,1,6.684611727667927,1,6.46,0,0.1,False,False,False,False,True,False,True,False,False,False,True,False,False,False
Z0106,2020,651.8,47,41.6,80.0,0.0,1,0,Rufisque,Dakar,14.69455,-17.26879,6.4,0.93,799,64.6,32847,3.1,1,6.684611727667927,1,26.873599999999996,0,0.1,False,False,False,False,True,False,True,False,False,False,True,False,False,False
Z0106,2021,433.3,29,19.3,24.8,0.0,1,0,Rufisque,Dakar,14.69455,-17.26879,6.4,0.93,799,64.6,32847,3.1,1,6.684611727667927,1,12.4678,0,0.1,False,False,False,False,True,False,True,False,False,False,True,False,False,False
Z0106,2022,382.7,33,13.3,22.5,0.0,0,0,Rufisque,Dakar,14.69455,-17.26879,6.4,0.93,799,64.6,32847,3.1,1,6.684611727667927,1,8.5918,0,0.1,False,False,False,False,True,False,True,False,False,False,True,False,False,False
Z0106,2023,392.4,23,10.0,21.6,0.0,1,0,Rufisque,Dakar,14.69455,-17.26879,6.4,0.93,799,64.6,32847,3.1,1,6.684611727667927,1,6.46,0,0.1,False,False,False,False,True,False,True,False,False,False,True,False,False,False
Z0106,2024,405.2,25,11.6,21.3,0.0,1,0,Rufisque,Dakar,14.69455,-17.26879,6.4,0.93,799,64.6,32847,3.1,1,6.684611727667927,1,7.493599999999999,0,0.1,False,False,False,False,True,False,True,False,False,False,True,False,False,False
Z0107,2015,481.8,30,30.7,57.8,0.0,0,0,Rufisque,Dakar,14.72644,-17.26822,12.1,0.09,670,70.2,28017,5.5,1,6.508769136971682,0,21.551399999999997,0,0.1,False,False,False,False,True,False,True,False,False,False,True,False,False,False
Z0107,2016,314.8,20,20.9,27.3,0.0,1,0,Rufisque,Dakar,14.72644,-17.26822,12.1,0.09,670,70.2,28017,5.5,1,6.508769136971682,0,14.671800000000001,0,0.1,False,False,False,False,True,False,True,False,False,False,True,False,False,False
Z0107,2017,358.6,25,10.0,15.8,0.0,1,0,Rufisque,Dakar,14.72644,-17.26822,12.1,0.09,670,70.2,28017,5.5,1,6.508769136971682,0,7.02,0,0.1,False,False,False,False,True,False,True,False,False,False,True,False,False,False
Z0107,2018,460.8,25,14.1,19.4,0.0,0,0,Rufisque,Dakar,14.72644,-17.26822,12.1,0.09,670,70.2,28017,5.5,1,6.508769136971682,0,9.898200000000001,0,0.1,False,False,False,False,True,False,True,False,False,False,True,False,False,False
Z0107,2019,600.7,49,30.7,43.0,0.0,0,0,Rufisque,Dakar,14.72644,-17.26822,12.1,0.09,670,70.2,28017,5.5,1,6.508769136971682,0,21.551399999999997,0,0.1,False,False,False,False,True,False,True,False,False,False,True,False,False,False
Z0107,2020,501.7,31,24.1,47.7,0.0,1,0,Rufisque,Dakar,14.72644,-17.26822,12.1,0.09,670,70.2,28017,5.5,1,6.508769136971682,0,16.918200000000002,0,0.1,False,False,False,False,True,False,True,False,False,False,True,False,False,False
Z0107,2021,381.8,29,21.4,29.4,0.0,0,0,Rufisque,Dakar,14.72644,-17.26822,12.1,0.09,670,70.2,28017,5.5,1,6.508769136971682,0,15.0228,0,0.1,False,False,False,False,True,False,True,False,False,False,True,False,False,False
Z0107,2022,545.5,32,67.7,118.9,0.0,0,0,Rufisque,Dakar,14.72644,-17.26822,12.1,0.09,670,70.2,28017,5.5,1,6.508769136971682,0,47.5254,0,0.1,False,False,False,False,True,False,True,False,False,False,True,False,False,False
Z0107,2023,399.3,25,11.5,17.7,0.0,0,0,Rufisque,Dakar,14.72644,-17.26822,12.1,0.09,670,70.2,28017,5.5,1,6.508769136971682,0,8.073,0,0.1,False,False,False,False,True,False,True,False,False,False,True,False,False,False
Z0107,2024,409.0,31,27.7,43.0,0.0,0,0,Rufisque,Dakar,14.72644,-17.26822,12.1,0.09,670,70.2,28017,5.5,1,6.508769136971682,0,19.4454,0,0.1,False,False,False,False,True,False,True,False,False,False,True,False,False,False
Z0108,2015,353.6,24,10.1,18.0,0.0,0,0,Rufisque,Dakar,14.71863,-17.26058,14.4,0.89,1261,88.5,9764,4.4,0,7.140453043101158,0,8.9385,2,0.0,False,False,True,False,False,False,True,False,False,False,False,True,False,False
Z0108,2016,413.5,19,50.8,99.3,0.0,0,0,Rufisque,Dakar,14.71863,-17.26058,14.4,0.89,1261,88.5,9764,4.4,0,7.140453043101158,0,44.958,2,0.0,False,False,True,False,False,False,True,False,False,False,False,True,False,False
Z0108,2017,466.2,36,27.4,40.6,0.0,0,0,Rufisque,Dakar,14.71863,-17.26058,14.4,0.89,1261,88.5,9764,4.4,0,7.140453043101158,0,24.249000000000002,2,0.0,False,False,True,False,False,False,True,False,False,False,False,True,False,False
Z0108,2018,461.4,39,10.0,19.4,0.0,0,0,Rufisque,Dakar,14.71863,-17.26058,14.4,0.89,1261,88.5,9764,4.4,0,7.140453043101158,0,8.85,2,0.0,False,False,True,False,False,False,True,False,False,False,False,True,False,False
Z0108,2019,359.8,26,12.7,15.2,0.0,0,0,Rufisque,Dakar,14.71863,-17.26058,14.4,0.89,1261,88.5,9764,4.4,0,7.140453043101158,0,11.2395,2,0.0,False,False,True,False,False,False,True,False,False,False,False,True,False,False
Z0108,2020,371.3,31,10.0,18.7,0.0,0,0,Rufisque,Dakar,14.71863,-17.26058,14.4,0.89,1261,88.5,9764,4.4,0,7.140453043101158,0,8.85,2,0.0,False,False,True,False,False,False,True,False,False,False,False,True,False,False
Z0108,2021,321.4,18,11.7,15.2,0.0,0,0,Rufisque,Dakar,14.71863,-17.26058,14.4,0.89,1261,88.5,9764,4.4,0,7.140453043101158,0,10.3545,2,0.0,False,False,True,False,False,False,True,False,False,False,False,True,False,False
Z0108,2022,634.2,46,41.6,89.4,0.0,0,0,Rufisque,Dakar,14.71863,-17.26058,14.4,0.89,1261,88.5,9764,4.4,0,7.140453043101158,0,36.816,2,0.0,False,False,True,False,False,False,True,False,False,False,False,True,False,False
Z0108,2023,359.3,23,21.9,39.6,0.0,0,0,Rufisque,Dakar,14.71863,-17.26058,14.4,0.89,1261,88.5,9764,4.4,0,7.140453043101158,0,19.3815,2,0.0,False,False,True,False,False,False,True,False,False,False,False,True,False,False
Z0108,2024,580.2,41,20.2,37.8,0.0,0,0,Rufisque,Dakar,14.71863,-17.26058,14.4,0.89,1261,88.5,9764,4.4,0,7.140453043101158,0,17.877,2,0.0,False,False,True,False,False,False,True,False,False,False,False,True,False,False
Z0109,2015,652.2,46,23.6,43.9,0.0,0,0,Rufisque,Dakar,14.71434,-17.28233,15.5,1.41,2093,9.1,251,4.8,1,7.646831391430482,0,2.1475999999999997,0,0.1,False,False,False,False,True,False,False,False,True,False,True,False,False,False
Z0109,2016,478.0,37,33.0,59.8,0.0,0,0,Rufisque,Dakar,14.71434,-17.28233,15.5,1.41,2093,9.1,251,4.8,1,7.646831391430482,0,3.003,0,0.1,False,False,False,False,True,False,False,False,True,False,True,False,False,False
Z0109,2017,486.9,35,23.2,42.5,0.0,0,0,Rufisque,Dakar,14.71434,-17.28233,15.5,1.41,2093,9.1,251,4.8,1,7.646831391430482,0,2.1111999999999997,0,0.1,False,False,False,False,True,False,False,False,True,False,True,False,False,False
Z0109,2018,425.3,35,33.6,71.9,0.0,0,0,Rufisque,Dakar,14.71434,-17.28233,15.5,1.41,2093,9.1,251,4.8,1,7.646831391430482,0,3.0576,0,0.1,False,False,False,False,True,False,False,False,True,False,True,False,False,False
Z0109,2019,423.4,33,23.9,45.6,0.0,0,0,Rufisque,Dakar,14.71434,-17.28233,15.5,1.41,2093,9.1,251,4.8,1,7.646831391430482,0,2.1748999999999996,0,0.1,False,False,False,False,True,False,False,False,True,False,True,False,False,False
Z0109,2020,820.6,61,18.9,37.9,0.0,0,0,Rufisque,Dakar,14.71434,-17.28233,15.5,1.41,2093,9.1,251,4.8,1,7.646831391430482,0,1.7198999999999998,0,0.1,False,False,False,False,True,False,False,False,True,False,True,False,False,False
Z0109,2021,424.7,37,29.7,49.7,0.0,0,0,Rufisque,Dakar,14.71434,-17.28233,15.5,1.41,2093,9.1,251,4.8,1,7.646831391430482,0,2.7026999999999997,0,0.1,False,False,False,False,True,False,False,False,True,False,True,False,False,False
Z0109,2022,594.8,45,10.0,16.5,0.0,0,0,Rufisque,Dakar,14.71434,-17.28233,15.5,1.41,2093,9.1,251,4.8,1,7.646831391430482,0,0.91,0,0.1,False,False,False,False,True,False,False,False,True,False,True,False,False,False
Z0109,2023,617.7,47,39.4,69.3,0.0,0,0,Rufisque,Dakar,14.71434,-17.28233,15.5,1.41,2093,9.1,251,4.8,1,7.646831391430482,0,3.5853999999999995,0,0.1,False,False,False,False,True,False,False,False,True,False,True,False,False,False
Z0109,2024,649.6,35,96.3,161.9,0.0,0,0,Rufisque,Dakar,14.71434,-17.28233,15.5,1.41,2093,9.1,251,4.8,1,7.646831391430482,0,8.7633,0,0.1,False,False,False,False,True,False,False,False,True,False,True,False,False,False
Z0110,2015,468.3,25,34.4,48.4,0.0,0,0,Rufisque,Dakar,14.70813,-17.2962,10.4,1.01,1269,18.4,234,1.3,2,7.146772179452637,0,6.329599999999999,0,0.2,False,False,True,False,False,False,False,False,False,True,True,False,False,False
Z0110,2016,438.6,32,18.5,35.4,0.0,0,0,Rufisque,Dakar,14.70813,-17.2962,10.4,1.01,1269,18.4,234,1.3,2,7.146772179452637,0,3.404,0,0.2,False,False,True,False,False,False,False,False,False,True,True,False,False,False
Z0110,2017,394.4,26,10.0,18.8,0.0,0,0,Rufisque,Dakar,14.70813,-17.2962,10.4,1.01,1269,18.4,234,1.3,2,7.146772179452637,0,1.84,0,0.2,False,False,True,False,False,False,False,False,False,True,True,False,False,False
Z0110,2018,387.9,26,10.0,17.0,0.0,0,0,Rufisque,Dakar,14.70813,-17.2962,10.4,1.01,1269,18.4,234,1.3,2,7.146772179452637,0,1.84,0,0.2,False,False,True,False,False,False,False,False,False,True,True,False,False,False
Z0110,2019,353.9,27,24.9,37.3,0.0,0,0,Rufisque,Dakar,14.70813,-17.2962,10.4,1.01,1269,18.4,234,1.3,2,7.146772179452637,0,4.581599999999999,0,0.2,False,False,True,False,False,False,False,False,False,True,True,False,False,False
Z0110,2020,616.6,48,11.2,14.0,0.0,0,0,Rufisque,Dakar,14.70813,-17.2962,10.4,1.01,1269,18.4,234,1.3,2,7.146772179452637,0,2.0608,0,0.2,False,False,True,False,False,False,False,False,False,True,True,False,False,False
Z0110,2021,376.6,23,14.9,20.6,0.0,0,0,Rufisque,Dakar,14.70813,-17.2962,10.4,1.01,1269,18.4,234,1.3,2,7.146772179452637,0,2.7415999999999996,0,0.2,False,False,True,False,False,False,False,False,False,True,True,False,False,False
Z0110,2022,513.5,37,18.8,27.9,0.0,0,0,Rufisque,Dakar,14.70813,-17.2962,10.4,1.01,1269,18.4,234,1.3,2,7.146772179452637,0,3.4591999999999996,0,0.2,False,False,True,False,False,False,False,False,False,True,True,False,False,False
Z0110,2023,324.5,25,30.2,57.5,0.0,0,0,Rufisque,Dakar,14.70813,-17.2962,10.4,1.01,1269,18.4,234,1.3,2,7.146772179452637,0,5.556799999999999,0,0.2,False,False,True,False,False,False,False,False,False,True,True,False,False,False
Z0110,2024,496.3,29,17.4,37.7,0.0,0,0,Rufisque,Dakar,14.70813,-17.2962,10.4,1.01,1269,18.4,234,1.3,2,7.146772179452637,0,3.2015999999999996,0,0.2,False,False,True,False,False,False,False,False,False,True,True,False,False,False
Z0111,2015,448.0,34,22.1,32.6,0.0,0,0,Rufisque,Dakar,14.72642,-17.24225,6.7,0.19,1308,91.2,21458,3.7,1,7.1770187659099,1,20.1552,1,0.1,False,False,False,False,True,False,True,False,False,False,False,False,False,True
Z0111,2016,423.2,24,29.7,57.0,0.0,0,0,Rufisque,Dakar,14.72642,-17.24225,6.7,0.19,1308,91.2,21458,3.7,1,7.1770187659099,1,27.086399999999998,1,0.1,False,False,False,False,True,False,True,False,False,False,False,False,False,True
Z0111,2017,427.3,30,24.4,38.2,0.0,1,0,Rufisque,Dakar,14.72642,-17.24225,6.7,0.19,1308,91.2,21458,3.7,1,7.1770187659099,1,22.252799999999997,1,0.1,False,False,False,False,True,False,True,False,False,False,False,False,False,True
Z0111,2018,294.4,26,10.0,18.1,0.0,0,0,Rufisque,Dakar,14.72642,-17.24225,6.7,0.19,1308,91.2,21458,3.7,1,7.1770187659099,1,9.12,1,0.1,False,False,False,False,True,False,True,False,False,False,False,False,False,True
Z0111,2019,375.8,29,23.1,48.8,0.0,0,0,Rufisque,Dakar,14.72642,-17.24225,6.7,0.19,1308,91.2,21458,3.7,1,7.1770187659099,1,21.067200000000003,1,0.1,False,False,False,False,True,False,True,False,False,False,False,False,False,True
Z0111,2020,507.5,30,22.1,26.9,0.0,0,0,Rufisque,Dakar,14.72642,-17.24225,6.7,0.19,1308,91.2,21458,3.7,1,7.1770187659099,1,20.1552,1,0.1,False,False,False,False,True,False,True,False,False,False,False,False,False,True
Z0111,2021,487.7,28,26.5,53.5,0.0,0,0,Rufisque,Dakar,14.72642,-17.24225,6.7,0.19,1308,91.2,21458,3.7,1,7.1770187659099,1,24.168000000000003,1,0.1,False,False,False,False,True,False,True,False,False,False,False,False,False,True
Z0111,2022,476.1,29,22.0,42.1,0.0,1,0,Rufisque,Dakar,14.72642,-17.24225,6.7,0.19,1308,91.2,21458,3.7,1,7.1770187659099,1,20.064,1,0.1,False,False,False,False,True,False,True,False,False,False,False,False,False,True
Z0111,2023,487.3,33,19.0,34.2,0.0,0,0,Rufisque,Dakar,14.72642,-17.24225,6.7,0.19,1308,91.2,21458,3.7,1,7.1770187659099,1,17.328,1,0.1,False,False,False,False,True,False,True,False,False,False,False,False,False,True
Z0111,2024,889.6,64,34.3,47.9,0.0,1,0,Rufisque,Dakar,14.72642,-17.24225,6.7,0.19,1308,91.2,21458,3.7,1,7.1770187659099,1,31.281599999999997,1,0.1,False,False,False,False,True,False,True,False,False,False,False,False,False,True
Z0112,2015,527.1,37,18.5,30.5,0.0,0,0,Rufisque,Dakar,14.7172,-17.27428,13.4,0.35,466,83.7,27271,3.7,0,6.1463292576688975,0,15.4845,2,0.0,False,False,False,False,True,False,True,False,False,False,False,True,False,False
Z0112,2016,607.6,38,10.8,13.3,0.0,0,0,Rufisque,Dakar,14.7172,-17.27428,13.4,0.35,466,83.7,27271,3.7,0,6.1463292576688975,0,9.0396,2,0.0,False,False,False,False,True,False,True,False,False,False,False,True,False,False
Z0112,2017,713.6,55,14.8,25.9,0.0,0,0,Rufisque,Dakar,14.7172,-17.27428,13.4,0.35,466,83.7,27271,3.7,0,6.1463292576688975,0,12.387599999999999,2,0.0,False,False,False,False,True,False,True,False,False,False,False,True,False,False
Z0112,2018,532.9,40,21.3,35.1,0.0,0,0,Rufisque,Dakar,14.7172,-17.27428,13.4,0.35,466,83.7,27271,3.7,0,6.1463292576688975,0,17.828100000000003,2,0.0,False,False,False,False,True,False,True,False,False,False,False,True,False,False
Z0112,2019,397.1,35,10.0,17.3,0.0,0,0,Rufisque,Dakar,14.7172,-17.27428,13.4,0.35,466,83.7,27271,3.7,0,6.1463292576688975,0,8.37,2,0.0,False,False,False,False,True,False,True,False,False,False,False,True,False,False
Z0112,2020,466.5,35,13.8,24.6,0.0,0,0,Rufisque,Dakar,14.7172,-17.27428,13.4,0.35,466,83.7,27271,3.7,0,6.1463292576688975,0,11.550600000000001,2,0.0,False,False,False,False,True,False,True,False,False,False,False,True,False,False
Z0112,2021,615.0,40,50.0,94.2,0.0,0,0,Rufisque,Dakar,14.7172,-17.27428,13.4,0.35,466,83.7,27271,3.7,0,6.1463292576688975,0,41.85,2,0.0,False,False,False,False,True,False,True,False,False,False,False,True,False,False
Z0112,2022,493.0,38,52.9,88.4,0.0,0,0,Rufisque,Dakar,14.7172,-17.27428,13.4,0.35,466,83.7,27271,3.7,0,6.1463292576688975,0,44.277300000000004,2,0.0,False,False,False,False,True,False,True,False,False,False,False,True,False,False
Z0112,2023,390.7,22,21.4,34.5,0.0,0,0,Rufisque,Dakar,14.7172,-17.27428,13.4,0.35,466,83.7,27271,3.7,0,6.1463292576688975,0,17.9118,2,0.0,False,False,False,False,True,False,True,False,False,False,False,True,False,False
Z0112,2024,360.9,15,45.2,74.2,0.0,1,0,Rufisque,Dakar,14.7172,-17.27428,13.4,0.35,466,83.7,27271,3.7,0,6.1463292576688975,0,37.8324,2,0.0,False,False,False,False,True,False,True,False,False,False,False,True,False,False
Z0113,2015,375.3,29,11.1,14.7,0.0,0,0,Bargny,Dakar,14.73555,-17.23852,10.7,0.11,297,45.7,2721,4.8,1,5.697093486505405,0,5.0727,2,0.1,False,False,True,False,False,False,False,True,False,False,False,True,False,False
Z0113,2016,555.7,41,42.1,76.7,0.0,0,0,Bargny,Dakar,14.73555,-17.23852,10.7,0.11,297,45.7,2721,4.8,1,5.697093486505405,0,19.239700000000003,2,0.1,False,False,True,False,False,False,False,True,False,False,False,True,False,False
Z0113,2017,401.5,29,20.3,34.2,0.0,0,0,Bargny,Dakar,14.73555,-17.23852,10.7,0.11,297,45.7,2721,4.8,1,5.697093486505405,0,9.2771,2,0.1,False,False,True,False,False,False,False,True,False,False,False,True,False,False
Z0113,2018,464.3,29,29.3,52.2,0.0,0,0,Bargny,Dakar,14.73555,-17.23852,10.7,0.11,297,45.7,2721,4.8,1,5.697093486505405,0,13.390100000000002,2,0.1,False,False,True,False,False,False,False,True,False,False,False,True,False,False
Z0113,2019,236.4,22,10.0,15.3,0.0,0,0,Bargny,Dakar,14.73555,-17.23852,10.7,0.11,297,45.7,2721,4.8,1,5.697093486505405,0,4.57,2,0.1,False,False,True,False,False,False,False,True,False,False,False,True,False,False
Z0113,2020,516.6,38,10.0,19.6,0.0,0,0,Bargny,Dakar,14.73555,-17.23852,10.7,0.11,297,45.7,2721,4.8,1,5.697093486505405,0,4.57,2,0.1,False,False,True,False,False,False,False,True,False,False,False,True,False,False
Z0113,2021,453.1,33,34.3,43.4,0.0,0,0,Bargny,Dakar,14.73555,-17.23852,10.7,0.11,297,45.7,2721,4.8,1,5.697093486505405,0,15.6751,2,0.1,False,False,True,False,False,False,False,True,False,False,False,True,False,False
Z0113,2022,555.5,33,16.7,22.3,0.0,0,0,Bargny,Dakar,14.73555,-17.23852,10.7,0.11,297,45.7,2721,4.8,1,5.697093486505405,0,7.631900000000001,2,0.1,False,False,True,False,False,False,False,True,False,False,False,True,False,False
Z0113,2023,327.1,22,10.0,15.3,0.0,0,0,Bargny,Dakar,14.73555,-17.23852,10.7,0.11,297,45.7,2721,4.8,1,5.697093486505405,0,4.57,2,0.1,False,False,True,False,False,False,False,True,False,False,False,True,False,False
Z0113,2024,467.9,34,29.0,36.5,0.0,0,0,Bargny,Dakar,14.73555,-17.23852,10.7,0.11,297,45.7,2721,4.8,1,5.697093486505405,0,13.253000000000002,2,0.1,False,False,True,False,False,False,False,True,False,False,False,True,False,False
Z0114,2015,402.3,25,16.5,26.1,0.0,0,0,Bargny,Dakar,14.70073,-17.23962,5.3,1.18,108,42.2,4779,3.3,3,4.6913478822291435,1,6.963000000000001,0,0.3,False,False,False,False,True,False,False,True,False,False,True,False,False,False
Z0114,2016,348.3,20,21.4,42.8,0.0,0,0,Bargny,Dakar,14.70073,-17.23962,5.3,1.18,108,42.2,4779,3.3,3,4.6913478822291435,1,9.030800000000001,0,0.3,False,False,False,False,True,False,False,True,False,False,True,False,False,False
Z0114,2017,419.9,28,12.1,23.5,0.0,0,0,Bargny,Dakar,14.70073,-17.23962,5.3,1.18,108,42.2,4779,3.3,3,4.6913478822291435,1,5.1062,0,0.3,False,False,False,False,True,False,False,True,False,False,True,False,False,False
Z0114,2018,404.8,30,10.0,18.5,0.0,0,0,Bargny,Dakar,14.70073,-17.23962,5.3,1.18,108,42.2,4779,3.3,3,4.6913478822291435,1,4.22,0,0.3,False,False,False,False,True,False,False,True,False,False,True,False,False,False
Z0114,2019,308.3,19,10.0,20.8,0.0,0,0,Bargny,Dakar,14.70073,-17.23962,5.3,1.18,108,42.2,4779,3.3,3,4.6913478822291435,1,4.22,0,0.3,False,False,False,False,True,False,False,True,False,False,True,False,False,False
Z0114,2020,498.3,31,27.6,49.1,0.0,1,0,Bargny,Dakar,14.70073,-17.23962,5.3,1.18,108,42.2,4779,3.3,3,4.6913478822291435,1,11.6472,0,0.3,False,False,False,False,True,False,False,True,False,False,True,False,False,False
Z0114,2021,460.9,28,22.0,29.4,0.0,0,0,Bargny,Dakar,14.70073,-17.23962,5.3,1.18,108,42.2,4779,3.3,3,4.6913478822291435,1,9.284,0,0.3,False,False,False,False,True,False,False,True,False,False,True,False,False,False
Z0114,2022,745.9,53,86.9,189.7,0.0,1,0,Bargny,Dakar,14.70073,-17.23962,5.3,1.18,108,42.2,4779,3.3,3,4.6913478822291435,1,36.671800000000005,0,0.3,False,False,False,False,True,False,False,True,False,False,True,False,False,False
Z0114,2023,401.0,23,24.7,44.8,0.0,0,0,Bargny,Dakar,14.70073,-17.23962,5.3,1.18,108,42.2,4779,3.3,3,4.6913478822291435,1,10.4234,0,0.3,False,False,False,False,True,False,False,True,False,False,True,False,False,False
Z0114,2024,437.8,25,13.5,29.7,0.0,1,0,Bargny,Dakar,14.70073,-17.23962,5.3,1.18,108,42.2,4779,3.3,3,4.6913478822291435,1,5.697,0,0.3,False,False,False,False,True,False,False,True,False,False,True,False,False,False
Z0115,2015,368.0,19,17.3,22.9,0.0,0,0,Bargny,Dakar,14.70544,-17.22221,10.7,0.1,806,86.1,15264,5.2,1,6.693323668269949,0,14.895299999999999,0,0.1,True,False,False,False,False,False,True,False,False,False,True,False,False,False
Z0115,2016,502.7,33,11.0,19.6,0.0,0,0,Bargny,Dakar,14.70544,-17.22221,10.7,0.1,806,86.1,15264,5.2,1,6.693323668269949,0,9.470999999999998,0,0.1,True,False,False,False,False,False,True,False,False,False,True,False,False,False
Z0115,2017,292.3,22,10.0,16.2,0.0,0,0,Bargny,Dakar,14.70544,-17.22221,10.7,0.1,806,86.1,15264,5.2,1,6.693323668269949,0,8.61,0,0.1,True,False,False,False,False,False,True,False,False,False,True,False,False,False
Z0115,2018,371.6,26,34.8,72.8,0.0,0,0,Bargny,Dakar,14.70544,-17.22221,10.7,0.1,806,86.1,15264,5.2,1,6.693323668269949,0,29.962799999999998,0,0.1,True,False,False,False,False,False,True,False,False,False,True,False,False,False
Z0115,2019,496.0,39,10.6,22.5,0.0,1,0,Bargny,Dakar,14.70544,-17.22221,10.7,0.1,806,86.1,15264,5.2,1,6.693323668269949,0,9.126599999999998,0,0.1,True,False,False,False,False,False,True,False,False,False,True,False,False,False
Z0115,2020,628.5,43,27.2,51.9,0.0,0,0,Bargny,Dakar,14.70544,-17.22221,10.7,0.1,806,86.1,15264,5.2,1,6.693323668269949,0,23.419199999999996,0,0.1,True,False,False,False,False,False,True,False,False,False,True,False,False,False
Z0115,2021,443.3,24,16.9,24.9,0.0,0,0,Bargny,Dakar,14.70544,-17.22221,10.7,0.1,806,86.1,15264,5.2,1,6.693323668269949,0,14.550899999999997,0,0.1,True,False,False,False,False,False,True,False,False,False,True,False,False,False
Z0115,2022,443.3,29,15.9,29.8,0.0,0,0,Bargny,Dakar,14.70544,-17.22221,10.7,0.1,806,86.1,15264,5.2,1,6.693323668269949,0,13.6899,0,0.1,True,False,False,False,False,False,True,False,False,False,True,False,False,False
Z0115,2023,289.9,16,35.6,59.0,0.0,1,0,Bargny,Dakar,14.70544,-17.22221,10.7,0.1,806,86.1,15264,5.2,1,6.693323668269949,0,30.6516,0,0.1,True,False,False,False,False,False,True,False,False,False,True,False,False,False
Z0115,2024,538.0,31,21.6,34.9,0.0,0,0,Bargny,Dakar,14.70544,-17.22221,10.7,0.1,806,86.1,15264,5.2,1,6.693323668269949,0,18.5976,0,0.1,True,False,False,False,False,False,True,False,False,False,True,False,False,False
Z0116,2015,448.5,32,10.0,15.8,0.0,0,0,Bargny,Dakar,14.70282,-17.22198,13.9,0.81,97,40.6,2542,4.1,0,4.584967478670572,0,4.06,2,0.0,False,False,False,False,True,False,False,True,False,False,False,True,False,False
Z0116,2016,482.3,32,13.1,27.7,0.0,0,0,Bargny,Dakar,14.70282,-17.22198,13.9,0.81,97,40.6,2542,4.1,0,4.584967478670572,0,5.3186,2,0.0,False,False,False,False,True,False,False,True,False,False,False,True,False,False
Z0116,2017,377.0,27,19.6,38.0,0.0,0,0,Bargny,Dakar,14.70282,-17.22198,13.9,0.81,97,40.6,2542,4.1,0,4.584967478670572,0,7.957600000000001,2,0.0,False,False,False,False,True,False,False,True,False,False,False,True,False,False
Z0116,2018,394.8,27,10.0,15.2,0.0,0,0,Bargny,Dakar,14.70282,-17.22198,13.9,0.81,97,40.6,2542,4.1,0,4.584967478670572,0,4.06,2,0.0,False,False,False,False,True,False,False,True,False,False,False,True,False,False
Z0116,2019,225.3,12,14.4,18.2,0.0,0,0,Bargny,Dakar,14.70282,-17.22198,13.9,0.81,97,40.6,2542,4.1,0,4.584967478670572,0,5.8464,2,0.0,False,False,False,False,True,False,False,True,False,False,False,True,False,False
Z0116,2020,586.6,47,10.6,23.3,0.0,0,0,Bargny,Dakar,14.70282,-17.22198,13.9,0.81,97,40.6,2542,4.1,0,4.584967478670572,0,4.3036,2,0.0,False,False,False,False,True,False,False,True,False,False,False,True,False,False
Z0116,2021,438.2,37,22.2,46.9,0.0,0,0,Bargny,Dakar,14.70282,-17.22198,13.9,0.81,97,40.6,2542,4.1,0,4.584967478670572,0,9.013200000000001,2,0.0,False,False,False,False,True,False,False,True,False,False,False,True,False,False
Z0116,2022,558.5,39,14.4,25.5,0.0,0,0,Bargny,Dakar,14.70282,-17.22198,13.9,0.81,97,40.6,2542,4.1,0,4.584967478670572,0,5.8464,2,0.0,False,False,False,False,True,False,False,True,False,False,False,True,False,False
Z0116,2023,444.4,29,18.2,39.4,0.0,0,0,Bargny,Dakar,14.70282,-17.22198,13.9,0.81,97,40.6,2542,4.1,0,4.584967478670572,0,7.3892,2,0.0,False,False,False,False,True,False,False,True,False,False,False,True,False,False
Z0116,2024,732.5,50,66.4,144.1,0.0,0,0,Bargny,Dakar,14.70282,-17.22198,13.9,0.81,97,40.6,2542,4.1,0,4.584967478670572,0,26.9584,2,0.0,False,False,False,False,True,False,False,True,False,False,False,True,False,False
Z0117,2015,403.7,31,10.0,15.0,0.0,1,0,Bargny,Dakar,14.68992,-17.23425,10.7,0.63,498,67.1,8525,3.6,2,6.212606095751519,0,6.71,2,0.2,False,False,False,True,False,False,False,True,False,False,False,True,False,False
Z0117,2016,331.7,14,10.0,15.9,0.0,0,0,Bargny,Dakar,14.68992,-17.23425,10.7,0.63,498,67.1,8525,3.6,2,6.212606095751519,0,6.71,2,0.2,False,False,False,True,False,False,False,True,False,False,False,True,False,False
Z0117,2017,337.6,18,16.55,48.8,0.0,0,0,Bargny,Dakar,14.68992,-17.23425,10.7,0.63,498,67.1,8525,3.6,2,6.212606095751519,0,11.105049999999999,2,0.2,False,False,False,True,False,False,False,True,False,False,False,True,False,False
Z0117,2018,607.5,40,25.7,36.0,0.0,0,0,Bargny,Dakar,14.68992,-17.23425,10.7,0.63,498,67.1,8525,3.6,2,6.212606095751519,0,17.244699999999998,2,0.2,False,False,False,True,False,False,False,True,False,False,False,True,False,False
Z0117,2019,314.3,23,20.3,43.2,0.0,0,0,Bargny,Dakar,14.68992,-17.23425,10.7,0.63,498,67.1,8525,3.6,2,6.212606095751519,0,13.621299999999998,2,0.2,False,False,False,True,False,False,False,True,False,False,False,True,False,False
Z0117,2020,547.1,40,48.1,80.1,0.0,1,0,Bargny,Dakar,14.68992,-17.23425,10.7,0.63,498,67.1,8525,3.6,2,6.212606095751519,0,32.275099999999995,2,0.2,False,False,False,True,False,False,False,True,False,False,False,True,False,False
Z0117,2021,503.9,40,11.7,23.8,0.0,0,0,Bargny,Dakar,14.68992,-17.23425,10.7,0.63,498,67.1,8525,3.6,2,6.212606095751519,0,7.8507,2,0.2,False,False,False,True,False,False,False,True,False,False,False,True,False,False
Z0117,2022,398.9,28,12.8,24.3,0.0,0,0,Bargny,Dakar,14.68992,-17.23425,10.7,0.63,498,67.1,8525,3.6,2,6.212606095751519,0,8.588799999999999,2,0.2,False,False,False,True,False,False,False,True,False,False,False,True,False,False
Z0117,2023,464.3,37,47.5,89.1,0.0,0,0,Bargny,Dakar,14.68992,-17.23425,10.7,0.63,498,67.1,8525,3.6,2,6.212606095751519,0,31.872499999999995,2,0.2,False,False,False,True,False,False,False,True,False,False,False,True,False,False
Z0117,2024,412.1,31,16.55,66.9,0.0,0,0,Bargny,Dakar,14.68992,-17.23425,10.7,0.63,498,67.1,8525,3.6,2,6.212606095751519,0,11.105049999999999,2,0.2,False,False,False,True,False,False,False,True,False,False,False,True,False,False
Z0118,2015,368.2,28,12.5,15.0,0.0,0,0,Bargny,Dakar,14.69115,-17.24468,1.8,0.27,584,5.2,372,3.7,0,6.371611847231857,1,0.65,1,0.0,False,False,False,False,True,False,False,False,True,False,False,False,False,True
Z0118,2016,384.4,25,39.9,73.2,0.0,0,0,Bargny,Dakar,14.69115,-17.24468,1.8,0.27,584,5.2,372,3.7,0,6.371611847231857,1,2.0747999999999998,1,0.0,False,False,False,False,True,False,False,False,True,False,False,False,False,True
Z0118,2017,473.2,33,15.7,25.3,0.0,0,0,Bargny,Dakar,14.69115,-17.24468,1.8,0.27,584,5.2,372,3.7,0,6.371611847231857,1,0.8164,1,0.0,False,False,False,False,True,False,False,False,True,False,False,False,False,True
Z0118,2018,369.2,25,11.6,23.7,0.0,0,0,Bargny,Dakar,14.69115,-17.24468,1.8,0.27,584,5.2,372,3.7,0,6.371611847231857,1,0.6032,1,0.0,False,False,False,False,True,False,False,False,True,False,False,False,False,True
Z0118,2019,479.0,36,22.5,38.0,0.0,0,0,Bargny,Dakar,14.69115,-17.24468,1.8,0.27,584,5.2,372,3.7,0,6.371611847231857,1,1.17,1,0.0,False,False,False,False,True,False,False,False,True,False,False,False,False,True
Z0118,2020,458.9,35,45.5,82.6,0.0,0,0,Bargny,Dakar,14.69115,-17.24468,1.8,0.27,584,5.2,372,3.7,0,6.371611847231857,1,2.366,1,0.0,False,False,False,False,True,False,False,False,True,False,False,False,False,True
Z0118,2021,408.6,28,46.1,69.2,0.0,0,0,Bargny,Dakar,14.69115,-17.24468,1.8,0.27,584,5.2,372,3.7,0,6.371611847231857,1,2.3972,1,0.0,False,False,False,False,True,False,False,False,True,False,False,False,False,True
Z0118,2022,478.2,37,31.1,58.4,0.0,0,0,Bargny,Dakar,14.69115,-17.24468,1.8,0.27,584,5.2,372,3.7,0,6.371611847231857,1,1.6172,1,0.0,False,False,False,False,True,False,False,False,True,False,False,False,False,True
Z0118,2023,408.6,38,27.0,42.6,0.0,1,0,Bargny,Dakar,14.69115,-17.24468,1.8,0.27,584,5.2,372,3.7,0,6.371611847231857,1,1.4040000000000001,1,0.0,False,False,False,False,True,False,False,False,True,False,False,False,False,True
Z0118,2024,273.3,16,17.7,34.7,0.0,0,0,Bargny,Dakar,14.69115,-17.24468,1.8,0.27,584,5.2,372,3.7,0,6.371611847231857,1,0.9204000000000001,1,0.0,False,False,False,False,True,False,False,False,True,False,False,False,False,True
Z0119,2015,375.9,24,32.1,47.5,0.0,1,0,Bargny,Dakar,14.6942,-17.2432,10.9,0.31,477,31.1,165,3.0,1,6.169610732491456,0,9.9831,1,0.1,False,True,False,False,False,True,False,False,False,False,False,False,False,True
Z0119,2016,376.9,29,10.0,14.5,0.0,0,0,Bargny,Dakar,14.6942,-17.2432,10.9,0.31,477,31.1,165,3.0,1,6.169610732491456,0,3.11,1,0.1,False,True,False,False,False,True,False,False,False,False,False,False,False,True
Z0119,2017,310.8,27,10.4,12.8,0.0,0,0,Bargny,Dakar,14.6942,-17.2432,10.9,0.31,477,31.1,165,3.0,1,6.169610732491456,0,3.2344,1,0.1,False,True,False,False,False,True,False,False,False,False,False,False,False,True
Z0119,2018,644.1,49,13.8,23.2,0.0,0,0,Bargny,Dakar,14.6942,-17.2432,10.9,0.31,477,31.1,165,3.0,1,6.169610732491456,0,4.2918,1,0.1,False,True,False,False,False,True,False,False,False,False,False,False,False,True
Z0119,2019,401.6,30,23.4,46.8,0.0,0,0,Bargny,Dakar,14.6942,-17.2432,10.9,0.31,477,31.1,165,3.0,1,6.169610732491456,0,7.2774,1,0.1,False,True,False,False,False,True,False,False,False,False,False,False,False,True
Z0119,2020,498.7,37,10.0,15.6,0.0,0,0,Bargny,Dakar,14.6942,-17.2432,10.9,0.31,477,31.1,165,3.0,1,6.169610732491456,0,3.11,1,0.1,False,True,False,False,False,True,False,False,False,False,False,False,False,True
Z0119,2021,620.8,42,32.5,64.1,0.0,0,0,Bargny,Dakar,14.6942,-17.2432,10.9,0.31,477,31.1,165,3.0,1,6.169610732491456,0,10.1075,1,0.1,False,True,False,False,False,True,False,False,False,False,False,False,False,True
Z0119,2022,332.4,26,25.6,44.5,0.0,0,0,Bargny,Dakar,14.6942,-17.2432,10.9,0.31,477,31.1,165,3.0,1,6.169610732491456,0,7.961600000000001,1,0.1,False,True,False,False,False,True,False,False,False,False,False,False,False,True
Z0119,2023,337.6,22,15.0,26.2,0.0,0,0,Bargny,Dakar,14.6942,-17.2432,10.9,0.31,477,31.1,165,3.0,1,6.169610732491456,0,4.665,1,0.1,False,True,False,False,False,True,False,False,False,False,False,False,False,True
Z0119,2024,690.0,50,16.7,21.5,0.0,0,0,Bargny,Dakar,14.6942,-17.2432,10.9,0.31,477,31.1,165,3.0,1,6.169610732491456,0,5.1937,1,0.1,False,True,False,False,False,True,False,False,False,False,False,False,False,True
Z0120,2015,180.5,7,10.0,14.0,0.0,0,0,Bargny,Dakar,14.69562,-17.22149,9.4,0.68,1876,74.5,13167,2.5,0,7.537430036586509,1,7.45,1,0.0,False,False,True,False,False,False,True,False,False,False,False,False,False,True
Z0120,2016,313.9,13,10.0,13.1,0.0,0,0,Bargny,Dakar,14.69562,-17.22149,9.4,0.68,1876,74.5,13167,2.5,0,7.537430036586509,1,7.45,1,0.0,False,False,True,False,False,False,True,False,False,False,False,False,False,True
Z0120,2017,390.3,17,16.1,26.0,0.0,0,0,Bargny,Dakar,14.69562,-17.22149,9.4,0.68,1876,74.5,13167,2.5,0,7.537430036586509,1,11.9945,1,0.0,False,False,True,False,False,False,True,False,False,False,False,False,False,True
Z0120,2018,395.1,24,19.7,38.3,0.0,0,0,Bargny,Dakar,14.69562,-17.22149,9.4,0.68,1876,74.5,13167,2.5,0,7.537430036586509,1,14.676499999999999,1,0.0,False,False,True,False,False,False,True,False,False,False,False,False,False,True
Z0120,2019,350.8,32,10.0,21.2,0.0,1,0,Bargny,Dakar,14.69562,-17.22149,9.4,0.68,1876,74.5,13167,2.5,0,7.537430036586509,1,7.45,1,0.0,False,False,True,False,False,False,True,False,False,False,False,False,False,True
Z0120,2020,296.2,19,13.8,27.0,0.0,0,0,Bargny,Dakar,14.69562,-17.22149,9.4,0.68,1876,74.5,13167,2.5,0,7.537430036586509,1,10.281,1,0.0,False,False,True,False,False,False,True,False,False,False,False,False,False,True
Z0120,2021,441.3,32,23.2,50.7,0.0,1,0,Bargny,Dakar,14.69562,-17.22149,9.4,0.68,1876,74.5,13167,2.5,0,7.537430036586509,1,17.284,1,0.0,False,False,True,False,False,False,True,False,False,False,False,False,False,True
Z0120,2022,453.9,36,34.5,66.2,0.0,0,0,Bargny,Dakar,14.69562,-17.22149,9.4,0.68,1876,74.5,13167,2.5,0,7.537430036586509,1,25.7025,1,0.0,False,False,True,False,False,False,True,False,False,False,False,False,False,True
Z0120,2023,289.9,16,16.3,25.4,0.0,0,0,Bargny,Dakar,14.69562,-17.22149,9.4,0.68,1876,74.5,13167,2.5,0,7.537430036586509,1,12.143500000000001,1,0.0,False,False,True,False,False,False,True,False,False,False,False,False,False,True
Z0120,2024,363.4,17,17.1,27.9,0.0,0,0,Bargny,Dakar,14.69562,-17.22149,9.4,0.68,1876,74.5,13167,2.5,0,7.537430036586509,1,12.7395,1,0.0,False,False,True,False,False,False,True,False,False,False,False,False,False,True
Z0121,2015,455.2,31,23.7,42.4,0.0,0,0,Bargny,Dakar,14.7118,-17.22107,12.9,0.45,2136,80.8,16357,4.0,3,7.667158255319148,0,19.1496,0,0.3,False,False,False,False,True,False,True,False,False,False,True,False,False,False
Z0121,2016,220.0,19,12.6,23.0,0.0,0,0,Bargny,Dakar,14.7118,-17.22107,12.9,0.45,2136,80.8,16357,4.0,3,7.667158255319148,0,10.1808,0,0.3,False,False,False,False,True,False,True,False,False,False,True,False,False,False
Z0121,2017,493.5,41,18.3,35.5,0.0,0,0,Bargny,Dakar,14.7118,-17.22107,12.9,0.45,2136,80.8,16357,4.0,3,7.667158255319148,0,14.7864,0,0.3,False,False,False,False,True,False,True,False,False,False,True,False,False,False
Z0121,2018,349.6,27,10.6,20.7,0.0,0,0,Bargny,Dakar,14.7118,-17.22107,12.9,0.45,2136,80.8,16357,4.0,3,7.667158255319148,0,8.564799999999998,0,0.3,False,False,False,False,True,False,True,False,False,False,True,False,False,False
Z0121,2019,464.5,36,32.2,39.8,0.0,0,0,Bargny,Dakar,14.7118,-17.22107,12.9,0.45,2136,80.8,16357,4.0,3,7.667158255319148,0,26.0176,0,0.3,False,False,False,False,True,False,True,False,False,False,True,False,False,False
Z0121,2020,506.1,42,22.6,47.3,0.0,0,0,Bargny,Dakar,14.7118,-17.22107,12.9,0.45,2136,80.8,16357,4.0,3,7.667158255319148,0,18.260800000000003,0,0.3,False,False,False,False,True,False,True,False,False,False,True,False,False,False
Z0121,2021,433.0,29,14.6,23.3,0.0,0,0,Bargny,Dakar,14.7118,-17.22107,12.9,0.45,2136,80.8,16357,4.0,3,7.667158255319148,0,11.796799999999998,0,0.3,False,False,False,False,True,False,True,False,False,False,True,False,False,False
Z0121,2022,377.1,26,19.3,40.6,0.0,1,0,Bargny,Dakar,14.7118,-17.22107,12.9,0.45,2136,80.8,16357,4.0,3,7.667158255319148,0,15.5944,0,0.3,False,False,False,False,True,False,True,False,False,False,True,False,False,False
Z0121,2023,356.5,32,31.8,56.0,0.0,1,0,Bargny,Dakar,14.7118,-17.22107,12.9,0.45,2136,80.8,16357,4.0,3,7.667158255319148,0,25.6944,0,0.3,False,False,False,False,True,False,True,False,False,False,True,False,False,False
Z0121,2024,576.6,32,10.0,17.9,0.0,0,0,Bargny,Dakar,14.7118,-17.22107,12.9,0.45,2136,80.8,16357,4.0,3,7.667158255319148,0,8.08,0,0.3,False,False,False,False,True,False,True,False,False,False,True,False,False,False
Z0122,2015,418.6,27,13.8,18.2,0.0,0,0,Bargny,Dakar,14.68817,-17.23784,12.2,2.25,757,71.9,13553,4.7,0,6.630683385642372,0,9.922200000000002,0,0.0,False,True,False,False,False,False,True,False,False,False,True,False,False,False
Z0122,2016,342.0,24,20.5,31.8,0.0,0,0,Bargny,Dakar,14.68817,-17.23784,12.2,2.25,757,71.9,13553,4.7,0,6.630683385642372,0,14.7395,0,0.0,False,True,False,False,False,False,True,False,False,False,True,False,False,False
Z0122,2017,292.0,24,10.8,17.0,0.0,0,0,Bargny,Dakar,14.68817,-17.23784,12.2,2.25,757,71.9,13553,4.7,0,6.630683385642372,0,7.765200000000001,0,0.0,False,True,False,False,False,False,True,False,False,False,True,False,False,False
Z0122,2018,369.2,18,10.0,19.0,0.0,0,0,Bargny,Dakar,14.68817,-17.23784,12.2,2.25,757,71.9,13553,4.7,0,6.630683385642372,0,7.19,0,0.0,False,True,False,False,False,False,True,False,False,False,True,False,False,False
Z0122,2019,344.4,27,28.4,53.3,0.0,0,0,Bargny,Dakar,14.68817,-17.23784,12.2,2.25,757,71.9,13553,4.7,0,6.630683385642372,0,20.4196,0,0.0,False,True,False,False,False,False,True,False,False,False,True,False,False,False
Z0122,2020,551.9,46,59.9,107.8,0.0,0,0,Bargny,Dakar,14.68817,-17.23784,12.2,2.25,757,71.9,13553,4.7,0,6.630683385642372,0,43.0681,0,0.0,False,True,False,False,False,False,True,False,False,False,True,False,False,False
Z0122,2021,388.5,29,12.3,17.8,0.0,0,0,Bargny,Dakar,14.68817,-17.23784,12.2,2.25,757,71.9,13553,4.7,0,6.630683385642372,0,8.843700000000002,0,0.0,False,True,False,False,False,False,True,False,False,False,True,False,False,False
Z0122,2022,564.2,41,10.8,16.8,0.0,0,0,Bargny,Dakar,14.68817,-17.23784,12.2,2.25,757,71.9,13553,4.7,0,6.630683385642372,0,7.765200000000001,0,0.0,False,True,False,False,False,False,True,False,False,False,True,False,False,False
Z0122,2023,666.0,49,35.0,47.2,0.0,0,0,Bargny,Dakar,14.68817,-17.23784,12.2,2.25,757,71.9,13553,4.7,0,6.630683385642372,0,25.165,0,0.0,False,True,False,False,False,False,True,False,False,False,True,False,False,False
Z0122,2024,655.8,41,69.5,95.8,0.0,1,0,Bargny,Dakar,14.68817,-17.23784,12.2,2.25,757,71.9,13553,4.7,0,6.630683385642372,0,49.9705,0,0.0,False,True,False,False,False,False,True,False,False,False,True,False,False,False
Z0123,2015,349.6,25,32.7,54.9,0.0,0,0,Bargny,Dakar,14.69114,-17.24875,9.4,0.3,535,35.6,353,2.5,2,6.284134161070802,1,11.641200000000001,1,0.2,False,False,True,False,False,False,False,False,False,True,False,False,False,True
Z0123,2016,282.6,17,10.0,20.1,0.0,0,0,Bargny,Dakar,14.69114,-17.24875,9.4,0.3,535,35.6,353,2.5,2,6.284134161070802,1,3.56,1,0.2,False,False,True,False,False,False,False,False,False,True,False,False,False,True
Z0123,2017,420.0,31,30.6,66.9,0.0,0,0,Bargny,Dakar,14.69114,-17.24875,9.4,0.3,535,35.6,353,2.5,2,6.284134161070802,1,10.893600000000001,1,0.2,False,False,True,False,False,False,False,False,False,True,False,False,False,True
Z0123,2018,264.2,19,20.5,36.0,0.0,1,0,Bargny,Dakar,14.69114,-17.24875,9.4,0.3,535,35.6,353,2.5,2,6.284134161070802,1,7.298000000000001,1,0.2,False,False,True,False,False,False,False,False,False,True,False,False,False,True
Z0123,2019,280.2,20,10.0,20.7,0.0,0,0,Bargny,Dakar,14.69114,-17.24875,9.4,0.3,535,35.6,353,2.5,2,6.284134161070802,1,3.56,1,0.2,False,False,True,False,False,False,False,False,False,True,False,False,False,True
Z0123,2020,511.1,29,28.2,48.1,0.0,1,0,Bargny,Dakar,14.69114,-17.24875,9.4,0.3,535,35.6,353,2.5,2,6.284134161070802,1,10.0392,1,0.2,False,False,True,False,False,False,False,False,False,True,False,False,False,True
Z0123,2021,332.8,27,39.0,55.2,0.0,1,0,Bargny,Dakar,14.69114,-17.24875,9.4,0.3,535,35.6,353,2.5,2,6.284134161070802,1,13.884,1,0.2,False,False,True,False,False,False,False,False,False,True,False,False,False,True
Z0123,2022,371.2,20,10.0,18.7,0.0,0,0,Bargny,Dakar,14.69114,-17.24875,9.4,0.3,535,35.6,353,2.5,2,6.284134161070802,1,3.56,1,0.2,False,False,True,False,False,False,False,False,False,True,False,False,False,True
Z0123,2023,395.5,26,23.7,34.2,0.0,0,0,Bargny,Dakar,14.69114,-17.24875,9.4,0.3,535,35.6,353,2.5,2,6.284134161070802,1,8.4372,1,0.2,False,False,True,False,False,False,False,False,False,True,False,False,False,True
Z0123,2024,411.2,35,10.0,17.4,0.0,1,0,Bargny,Dakar,14.69114,-17.24875,9.4,0.3,535,35.6,353,2.5,2,6.284134161070802,1,3.56,1,0.2,False,False,True,False,False,False,False,False,False,True,False,False,False,True
Z0124,2015,489.2,29,18.6,33.3,0.0,0,0,Bargny,Dakar,14.7104,-17.23034,10.1,0.89,521,46.2,5843,2.9,1,6.257667587882639,1,8.593200000000001,0,0.1,True,False,False,False,False,False,False,True,False,False,True,False,False,False
Z0124,2016,489.2,42,20.6,30.4,0.0,0,0,Bargny,Dakar,14.7104,-17.23034,10.1,0.89,521,46.2,5843,2.9,1,6.257667587882639,1,9.5172,0,0.1,True,False,False,False,False,False,False,True,False,False,True,False,False,False
Z0124,2017,420.9,28,10.0,12.3,0.0,0,0,Bargny,Dakar,14.7104,-17.23034,10.1,0.89,521,46.2,5843,2.9,1,6.257667587882639,1,4.62,0,0.1,True,False,False,False,False,False,False,True,False,False,True,False,False,False
Z0124,2018,396.8,31,16.9,27.7,0.0,0,0,Bargny,Dakar,14.7104,-17.23034,10.1,0.89,521,46.2,5843,2.9,1,6.257667587882639,1,7.807799999999999,0,0.1,True,False,False,False,False,False,False,True,False,False,True,False,False,False
Z0124,2019,415.2,35,24.1,32.7,0.0,0,0,Bargny,Dakar,14.7104,-17.23034,10.1,0.89,521,46.2,5843,2.9,1,6.257667587882639,1,11.1342,0,0.1,True,False,False,False,False,False,False,True,False,False,True,False,False,False
Z0124,2020,510.1,38,21.5,32.9,0.0,0,0,Bargny,Dakar,14.7104,-17.23034,10.1,0.89,521,46.2,5843,2.9,1,6.257667587882639,1,9.933,0,0.1,True,False,False,False,False,False,False,True,False,False,True,False,False,False
Z0124,2021,554.5,38,48.7,78.7,0.0,0,0,Bargny,Dakar,14.7104,-17.23034,10.1,0.89,521,46.2,5843,2.9,1,6.257667587882639,1,22.4994,0,0.1,True,False,False,False,False,False,False,True,False,False,True,False,False,False
Z0124,2022,561.2,38,12.6,15.6,0.0,0,0,Bargny,Dakar,14.7104,-17.23034,10.1,0.89,521,46.2,5843,2.9,1,6.257667587882639,1,5.8212,0,0.1,True,False,False,False,False,False,False,True,False,False,True,False,False,False
Z0124,2023,387.3,30,14.7,29.8,0.0,1,0,Bargny,Dakar,14.7104,-17.23034,10.1,0.89,521,46.2,5843,2.9,1,6.257667587882639,1,6.791399999999999,0,0.1,True,False,False,False,False,False,False,True,False,False,True,False,False,False
Z0124,2024,635.7,47,20.2,33.3,0.0,0,0,Bargny,Dakar,14.7104,-17.23034,10.1,0.89,521,46.2,5843,2.9,1,6.257667587882639,1,9.3324,0,0.1,True,False,False,False,False,False,False,True,False,False,True,False,False,False
Z0125,2015,408.0,28,51.8,112.6,0.0,0,0,Bargny,Dakar,14.70054,-17.22867,16.6,0.66,139,72.2,21618,4.8,1,4.941642422609304,0,37.3996,1,0.1,False,True,False,False,False,False,True,False,False,False,False,False,False,True
Z0125,2016,413.2,30,14.4,24.9,0.0,0,0,Bargny,Dakar,14.70054,-17.22867,16.6,0.66,139,72.2,21618,4.8,1,4.941642422609304,0,10.3968,1,0.1,False,True,False,False,False,False,True,False,False,False,False,False,False,True
Z0125,2017,364.7,28,30.1,46.7,0.0,0,0,Bargny,Dakar,14.70054,-17.22867,16.6,0.66,139,72.2,21618,4.8,1,4.941642422609304,0,21.732200000000002,1,0.1,False,True,False,False,False,False,True,False,False,False,False,False,False,True
Z0125,2018,307.1,20,13.0,23.9,0.0,0,0,Bargny,Dakar,14.70054,-17.22867,16.6,0.66,139,72.2,21618,4.8,1,4.941642422609304,0,9.386000000000001,1,0.1,False,True,False,False,False,False,True,False,False,False,False,False,False,True
Z0125,2019,448.3,36,56.4,107.9,0.0,1,0,Bargny,Dakar,14.70054,-17.22867,16.6,0.66,139,72.2,21618,4.8,1,4.941642422609304,0,40.7208,1,0.1,False,True,False,False,False,False,True,False,False,False,False,False,False,True
Z0125,2020,370.0,26,10.0,19.3,0.0,0,0,Bargny,Dakar,14.70054,-17.22867,16.6,0.66,139,72.2,21618,4.8,1,4.941642422609304,0,7.22,1,0.1,False,True,False,False,False,False,True,False,False,False,False,False,False,True
Z0125,2021,364.9,23,36.7,51.0,0.0,0,0,Bargny,Dakar,14.70054,-17.22867,16.6,0.66,139,72.2,21618,4.8,1,4.941642422609304,0,26.497400000000003,1,0.1,False,True,False,False,False,False,True,False,False,False,False,False,False,True
Z0125,2022,602.4,49,16.6,62.4,0.0,0,0,Bargny,Dakar,14.70054,-17.22867,16.6,0.66,139,72.2,21618,4.8,1,4.941642422609304,0,11.985200000000003,1,0.1,False,True,False,False,False,False,True,False,False,False,False,False,False,True
Z0125,2023,334.0,24,10.3,16.8,0.0,0,0,Bargny,Dakar,14.70054,-17.22867,16.6,0.66,139,72.2,21618,4.8,1,4.941642422609304,0,7.436600000000001,1,0.1,False,True,False,False,False,False,True,False,False,False,False,False,False,True
Z0125,2024,267.8,10,16.6,25.7,0.0,0,0,Bargny,Dakar,14.70054,-17.22867,16.6,0.66,139,72.2,21618,4.8,1,4.941642422609304,0,11.985200000000003,1,0.1,False,True,False,False,False,False,True,False,False,False,False,False,False,True
Z0126,2015,621.9,41,16.2,29.7,0.0,0,0,Dakar-Plateau,Dakar,14.67052,-17.43143,21.0,0.3,1656,37.2,253,3.5,0,7.4127640174265625,0,6.0264,2,0.0,False,False,True,False,False,False,False,False,False,True,False,True,False,False
Z0126,2016,514.6,27,39.6,65.1,0.0,0,0,Dakar-Plateau,Dakar,14.67052,-17.43143,21.0,0.3,1656,37.2,253,3.5,0,7.4127640174265625,0,14.731200000000001,2,0.0,False,False,True,False,False,False,False,False,False,True,False,True,False,False
Z0126,2017,369.5,25,14.7,17.9,0.0,0,0,Dakar-Plateau,Dakar,14.67052,-17.43143,21.0,0.3,1656,37.2,253,3.5,0,7.4127640174265625,0,5.4684,2,0.0,False,False,True,False,False,False,False,False,False,True,False,True,False,False
Z0126,2018,199.3,14,14.6,20.5,0.0,0,0,Dakar-Plateau,Dakar,14.67052,-17.43143,21.0,0.3,1656,37.2,253,3.5,0,7.4127640174265625,0,5.4312000000000005,2,0.0,False,False,True,False,False,False,False,False,False,True,False,True,False,False
Z0126,2019,571.2,33,10.0,13.6,0.0,0,0,Dakar-Plateau,Dakar,14.67052,-17.43143,21.0,0.3,1656,37.2,253,3.5,0,7.4127640174265625,0,3.72,2,0.0,False,False,True,False,False,False,False,False,False,True,False,True,False,False
Z0126,2020,575.9,39,60.4,122.9,0.0,0,0,Dakar-Plateau,Dakar,14.67052,-17.43143,21.0,0.3,1656,37.2,253,3.5,0,7.4127640174265625,0,22.4688,2,0.0,False,False,True,False,False,False,False,False,False,True,False,True,False,False
Z0126,2021,514.6,20,16.6,23.8,0.0,0,0,Dakar-Plateau,Dakar,14.67052,-17.43143,21.0,0.3,1656,37.2,253,3.5,0,7.4127640174265625,0,6.175200000000001,2,0.0,False,False,True,False,False,False,False,False,False,True,False,True,False,False
Z0126,2022,514.6,43,17.0,27.7,0.0,0,0,Dakar-Plateau,Dakar,14.67052,-17.43143,21.0,0.3,1656,37.2,253,3.5,0,7.4127640174265625,0,6.324000000000001,2,0.0,False,False,True,False,False,False,False,False,False,True,False,True,False,False
Z0126,2023,470.1,34,16.6,42.3,0.0,0,0,Dakar-Plateau,Dakar,14.67052,-17.43143,21.0,0.3,1656,37.2,253,3.5,0,7.4127640174265625,0,6.175200000000001,2,0.0,False,False,True,False,False,False,False,False,False,True,False,True,False,False
Z0126,2024,288.5,29,17.5,22.7,0.0,0,0,Dakar-Plateau,Dakar,14.67052,-17.43143,21.0,0.3,1656,37.2,253,3.5,0,7.4127640174265625,0,6.51,2,0.0,False,False,True,False,False,False,False,False,False,True,False,True,False,False
Z0127,2015,324.2,18,10.0,21.2,0.0,0,0,Dakar-Plateau,Dakar,14.66946,-17.43927,6.3,1.42,787,8.5,244,1.6,0,6.669498089857879,1,0.85,1,0.0,False,False,True,False,False,False,False,False,False,True,False,False,False,True
Z0127,2016,532.0,33,21.1,33.1,0.0,0,0,Dakar-Plateau,Dakar,14.66946,-17.43927,6.3,1.42,787,8.5,244,1.6,0,6.669498089857879,1,1.7935000000000003,1,0.0,False,False,True,False,False,False,False,False,False,True,False,False,False,True
Z0127,2017,391.8,27,17.7,27.9,0.0,0,0,Dakar-Plateau,Dakar,14.66946,-17.43927,6.3,1.42,787,8.5,244,1.6,0,6.669498089857879,1,1.5045,1,0.0,False,False,True,False,False,False,False,False,False,True,False,False,False,True
Z0127,2018,345.5,24,15.6,31.6,0.0,0,0,Dakar-Plateau,Dakar,14.66946,-17.43927,6.3,1.42,787,8.5,244,1.6,0,6.669498089857879,1,1.3259999999999998,1,0.0,False,False,True,False,False,False,False,False,False,True,False,False,False,True
Z0127,2019,443.5,31,10.0,12.3,0.0,0,0,Dakar-Plateau,Dakar,14.66946,-17.43927,6.3,1.42,787,8.5,244,1.6,0,6.669498089857879,1,0.85,1,0.0,False,False,True,False,False,False,False,False,False,True,False,False,False,True
Z0127,2020,444.0,33,27.1,47.3,0.0,0,0,Dakar-Plateau,Dakar,14.66946,-17.43927,6.3,1.42,787,8.5,244,1.6,0,6.669498089857879,1,2.3035,1,0.0,False,False,True,False,False,False,False,False,False,True,False,False,False,True
Z0127,2021,491.9,25,14.6,29.8,0.0,0,0,Dakar-Plateau,Dakar,14.66946,-17.43927,6.3,1.42,787,8.5,244,1.6,0,6.669498089857879,1,1.2409999999999999,1,0.0,False,False,True,False,False,False,False,False,False,True,False,False,False,True
Z0127,2022,608.5,40,80.5,125.8,0.0,1,0,Dakar-Plateau,Dakar,14.66946,-17.43927,6.3,1.42,787,8.5,244,1.6,0,6.669498089857879,1,6.8425,1,0.0,False,False,True,False,False,False,False,False,False,True,False,False,False,True
Z0127,2023,415.3,34,12.6,27.5,0.0,0,0,Dakar-Plateau,Dakar,14.66946,-17.43927,6.3,1.42,787,8.5,244,1.6,0,6.669498089857879,1,1.071,1,0.0,False,False,True,False,False,False,False,False,False,True,False,False,False,True
Z0127,2024,410.2,29,17.6,34.1,0.0,0,0,Dakar-Plateau,Dakar,14.66946,-17.43927,6.3,1.42,787,8.5,244,1.6,0,6.669498089857879,1,1.4960000000000002,1,0.0,False,False,True,False,False,False,False,False,False,True,False,False,False,True
Z0128,2015,399.3,27,23.7,29.9,0.0,0,0,Dakar-Plateau,Dakar,14.64892,-17.43605,25.3,0.26,1169,83.7,11754,3.5,0,7.064759027791802,0,19.8369,2,0.0,False,False,False,False,True,False,True,False,False,False,False,True,False,False
Z0128,2016,465.9,32,13.4,17.9,0.0,0,0,Dakar-Plateau,Dakar,14.64892,-17.43605,25.3,0.26,1169,83.7,11754,3.5,0,7.064759027791802,0,11.215800000000002,2,0.0,False,False,False,False,True,False,True,False,False,False,False,True,False,False
Z0128,2017,338.2,29,23.7,31.9,0.0,0,0,Dakar-Plateau,Dakar,14.64892,-17.43605,25.3,0.26,1169,83.7,11754,3.5,0,7.064759027791802,0,19.8369,2,0.0,False,False,False,False,True,False,True,False,False,False,False,True,False,False
Z0128,2018,430.3,30,27.8,52.7,0.0,0,0,Dakar-Plateau,Dakar,14.64892,-17.43605,25.3,0.26,1169,83.7,11754,3.5,0,7.064759027791802,0,23.268600000000003,2,0.0,False,False,False,False,True,False,True,False,False,False,False,True,False,False
Z0128,2019,463.3,33,21.4,37.4,0.0,0,0,Dakar-Plateau,Dakar,14.64892,-17.43605,25.3,0.26,1169,83.7,11754,3.5,0,7.064759027791802,0,17.9118,2,0.0,False,False,False,False,True,False,True,False,False,False,False,True,False,False
Z0128,2020,853.6,70,34.5,62.5,0.0,0,0,Dakar-Plateau,Dakar,14.64892,-17.43605,25.3,0.26,1169,83.7,11754,3.5,0,7.064759027791802,0,28.8765,2,0.0,False,False,False,False,True,False,True,False,False,False,False,True,False,False
Z0128,2021,524.2,35,10.7,22.4,0.0,0,0,Dakar-Plateau,Dakar,14.64892,-17.43605,25.3,0.26,1169,83.7,11754,3.5,0,7.064759027791802,0,8.9559,2,0.0,False,False,False,False,True,False,True,False,False,False,False,True,False,False
Z0128,2022,633.9,46,46.6,95.5,0.0,0,0,Dakar-Plateau,Dakar,14.64892,-17.43605,25.3,0.26,1169,83.7,11754,3.5,0,7.064759027791802,0,39.0042,2,0.0,False,False,False,False,True,False,True,False,False,False,False,True,False,False
Z0128,2023,383.6,24,15.6,30.0,0.0,0,0,Dakar-Plateau,Dakar,14.64892,-17.43605,25.3,0.26,1169,83.7,11754,3.5,0,7.064759027791802,0,13.0572,2,0.0,False,False,False,False,True,False,True,False,False,False,False,True,False,False
Z0128,2024,690.3,50,28.1,59.0,0.0,0,0,Dakar-Plateau,Dakar,14.64892,-17.43605,25.3,0.26,1169,83.7,11754,3.5,0,7.064759027791802,0,23.519700000000004,2,0.0,False,False,False,False,True,False,True,False,False,False,False,True,False,False
Z0129,2015,328.0,27,11.3,19.2,0.0,0,0,Dakar-Plateau,Dakar,14.6858,-17.41935,13.8,2.37,2316,62.8,11997,3.8,0,7.748028524432376,1,7.0964,2,0.0,False,False,False,True,False,False,False,True,False,False,False,True,False,False
Z0129,2016,472.0,31,37.5,66.4,0.0,0,0,Dakar-Plateau,Dakar,14.6858,-17.41935,13.8,2.37,2316,62.8,11997,3.8,0,7.748028524432376,1,23.55,2,0.0,False,False,False,True,False,False,False,True,False,False,False,True,False,False
Z0129,2017,350.7,21,10.0,13.0,0.0,0,0,Dakar-Plateau,Dakar,14.6858,-17.41935,13.8,2.37,2316,62.8,11997,3.8,0,7.748028524432376,1,6.28,2,0.0,False,False,False,True,False,False,False,True,False,False,False,True,False,False
Z0129,2018,442.7,24,12.6,16.4,0.0,0,0,Dakar-Plateau,Dakar,14.6858,-17.41935,13.8,2.37,2316,62.8,11997,3.8,0,7.748028524432376,1,7.9128,2,0.0,False,False,False,True,False,False,False,True,False,False,False,True,False,False
Z0129,2019,633.4,40,76.4,137.7,0.0,0,0,Dakar-Plateau,Dakar,14.6858,-17.41935,13.8,2.37,2316,62.8,11997,3.8,0,7.748028524432376,1,47.9792,2,0.0,False,False,False,True,False,False,False,True,False,False,False,True,False,False
Z0129,2020,473.5,31,33.8,42.3,0.0,1,0,Dakar-Plateau,Dakar,14.6858,-17.41935,13.8,2.37,2316,62.8,11997,3.8,0,7.748028524432376,1,21.226399999999998,2,0.0,False,False,False,True,False,False,False,True,False,False,False,True,False,False
Z0129,2021,320.4,20,12.6,18.6,0.0,0,0,Dakar-Plateau,Dakar,14.6858,-17.41935,13.8,2.37,2316,62.8,11997,3.8,0,7.748028524432376,1,7.9128,2,0.0,False,False,False,True,False,False,False,True,False,False,False,True,False,False
Z0129,2022,447.3,26,13.4,23.9,0.0,0,0,Dakar-Plateau,Dakar,14.6858,-17.41935,13.8,2.37,2316,62.8,11997,3.8,0,7.748028524432376,1,8.4152,2,0.0,False,False,False,True,False,False,False,True,False,False,False,True,False,False
Z0129,2023,251.6,20,10.0,14.2,0.0,1,0,Dakar-Plateau,Dakar,14.6858,-17.41935,13.8,2.37,2316,62.8,11997,3.8,0,7.748028524432376,1,6.28,2,0.0,False,False,False,True,False,False,False,True,False,False,False,True,False,False
Z0129,2024,510.5,34,33.9,61.8,0.0,0,0,Dakar-Plateau,Dakar,14.6858,-17.41935,13.8,2.37,2316,62.8,11997,3.8,0,7.748028524432376,1,21.289199999999997,2,0.0,False,False,False,True,False,False,False,True,False,False,False,True,False,False
Z0130,2015,537.4,39,31.6,52.9,0.0,0,0,Dakar-Plateau,Dakar,14.68289,-17.45114,11.1,0.18,1074,92.7,15095,4.7,0,6.980075940561763,1,29.293200000000002,2,0.0,False,False,True,False,False,False,True,False,False,False,False,True,False,False
Z0130,2016,235.2,18,21.4,38.8,0.0,0,0,Dakar-Plateau,Dakar,14.68289,-17.45114,11.1,0.18,1074,92.7,15095,4.7,0,6.980075940561763,1,19.8378,2,0.0,False,False,True,False,False,False,True,False,False,False,False,True,False,False
Z0130,2017,421.7,26,22.6,48.3,0.0,0,0,Dakar-Plateau,Dakar,14.68289,-17.45114,11.1,0.18,1074,92.7,15095,4.7,0,6.980075940561763,1,20.9502,2,0.0,False,False,True,False,False,False,True,False,False,False,False,True,False,False
Z0130,2018,264.2,16,10.0,21.6,0.0,0,0,Dakar-Plateau,Dakar,14.68289,-17.45114,11.1,0.18,1074,92.7,15095,4.7,0,6.980075940561763,1,9.27,2,0.0,False,False,True,False,False,False,True,False,False,False,False,True,False,False
Z0130,2019,397.5,25,43.4,62.7,0.0,0,0,Dakar-Plateau,Dakar,14.68289,-17.45114,11.1,0.18,1074,92.7,15095,4.7,0,6.980075940561763,1,40.2318,2,0.0,False,False,True,False,False,False,True,False,False,False,False,True,False,False
Z0130,2020,436.7,31,41.7,81.6,0.0,0,0,Dakar-Plateau,Dakar,14.68289,-17.45114,11.1,0.18,1074,92.7,15095,4.7,0,6.980075940561763,1,38.6559,2,0.0,False,False,True,False,False,False,True,False,False,False,False,True,False,False
Z0130,2021,263.8,21,11.5,24.3,0.0,0,0,Dakar-Plateau,Dakar,14.68289,-17.45114,11.1,0.18,1074,92.7,15095,4.7,0,6.980075940561763,1,10.660499999999999,2,0.0,False,False,True,False,False,False,True,False,False,False,False,True,False,False
Z0130,2022,313.4,15,17.5,25.4,0.0,0,0,Dakar-Plateau,Dakar,14.68289,-17.45114,11.1,0.18,1074,92.7,15095,4.7,0,6.980075940561763,1,16.2225,2,0.0,False,False,True,False,False,False,True,False,False,False,False,True,False,False
Z0130,2023,455.5,34,10.0,20.6,0.0,0,0,Dakar-Plateau,Dakar,14.68289,-17.45114,11.1,0.18,1074,92.7,15095,4.7,0,6.980075940561763,1,9.27,2,0.0,False,False,True,False,False,False,True,False,False,False,False,True,False,False
Z0130,2024,621.0,44,29.9,57.6,0.0,0,0,Dakar-Plateau,Dakar,14.68289,-17.45114,11.1,0.18,1074,92.7,15095,4.7,0,6.980075940561763,1,27.7173,2,0.0,False,False,True,False,False,False,True,False,False,False,False,True,False,False
Z0131,2015,524.7,38,18.9,31.7,0.0,0,0,Dakar-Plateau,Dakar,14.66856,-17.4521,23.8,2.2,1258,85.7,8977,8.3,0,7.138073034044347,0,16.1973,2,0.0,True,False,False,False,False,False,True,False,False,False,False,True,False,False
Z0131,2016,424.8,31,14.4,18.8,0.0,0,0,Dakar-Plateau,Dakar,14.66856,-17.4521,23.8,2.2,1258,85.7,8977,8.3,0,7.138073034044347,0,12.340800000000002,2,0.0,True,False,False,False,False,False,True,False,False,False,False,True,False,False
Z0131,2017,380.5,30,15.5,20.6,0.0,0,0,Dakar-Plateau,Dakar,14.66856,-17.4521,23.8,2.2,1258,85.7,8977,8.3,0,7.138073034044347,0,13.283500000000002,2,0.0,True,False,False,False,False,False,True,False,False,False,False,True,False,False
Z0131,2018,529.6,41,10.9,14.7,0.0,0,0,Dakar-Plateau,Dakar,14.66856,-17.4521,23.8,2.2,1258,85.7,8977,8.3,0,7.138073034044347,0,9.3413,2,0.0,True,False,False,False,False,False,True,False,False,False,False,True,False,False
Z0131,2019,458.8,34,33.8,62.8,0.0,0,0,Dakar-Plateau,Dakar,14.66856,-17.4521,23.8,2.2,1258,85.7,8977,8.3,0,7.138073034044347,0,28.9666,2,0.0,True,False,False,False,False,False,True,False,False,False,False,True,False,False
Z0131,2020,451.7,36,11.4,21.7,0.0,0,0,Dakar-Plateau,Dakar,14.66856,-17.4521,23.8,2.2,1258,85.7,8977,8.3,0,7.138073034044347,0,9.7698,2,0.0,True,False,False,False,False,False,True,False,False,False,False,True,False,False
Z0131,2021,335.8,16,21.3,29.6,0.0,0,0,Dakar-Plateau,Dakar,14.66856,-17.4521,23.8,2.2,1258,85.7,8977,8.3,0,7.138073034044347,0,18.2541,2,0.0,True,False,False,False,False,False,True,False,False,False,False,True,False,False
Z0131,2022,413.1,36,12.7,24.8,0.0,0,0,Dakar-Plateau,Dakar,14.66856,-17.4521,23.8,2.2,1258,85.7,8977,8.3,0,7.138073034044347,0,10.883899999999999,2,0.0,True,False,False,False,False,False,True,False,False,False,False,True,False,False
Z0131,2023,306.8,18,15.2,31.1,0.0,0,0,Dakar-Plateau,Dakar,14.66856,-17.4521,23.8,2.2,1258,85.7,8977,8.3,0,7.138073034044347,0,13.026399999999999,2,0.0,True,False,False,False,False,False,True,False,False,False,False,True,False,False
Z0131,2024,452.3,30,59.6,94.8,0.0,0,0,Dakar-Plateau,Dakar,14.66856,-17.4521,23.8,2.2,1258,85.7,8977,8.3,0,7.138073034044347,0,51.077200000000005,2,0.0,True,False,False,False,False,False,True,False,False,False,False,True,False,False
Z0132,2015,353.8,22,11.8,15.4,0.0,0,0,Dakar-Plateau,Dakar,14.66194,-17.44092,21.7,3.48,1270,79.0,24471,4.9,0,7.147559271189454,0,9.322000000000001,2,0.0,False,False,False,False,True,False,True,False,False,False,False,True,False,False
Z0132,2016,482.6,35,27.0,33.9,0.0,0,0,Dakar-Plateau,Dakar,14.66194,-17.44092,21.7,3.48,1270,79.0,24471,4.9,0,7.147559271189454,0,21.33,2,0.0,False,False,False,False,True,False,True,False,False,False,False,True,False,False
Z0132,2017,419.6,23,17.3,31.7,0.0,0,0,Dakar-Plateau,Dakar,14.66194,-17.44092,21.7,3.48,1270,79.0,24471,4.9,0,7.147559271189454,0,13.667,2,0.0,False,False,False,False,True,False,True,False,False,False,False,True,False,False
Z0132,2018,472.6,36,36.5,64.5,0.0,0,0,Dakar-Plateau,Dakar,14.66194,-17.44092,21.7,3.48,1270,79.0,24471,4.9,0,7.147559271189454,0,28.835,2,0.0,False,False,False,False,True,False,True,False,False,False,False,True,False,False
Z0132,2019,635.9,43,70.4,128.6,0.0,0,0,Dakar-Plateau,Dakar,14.66194,-17.44092,21.7,3.48,1270,79.0,24471,4.9,0,7.147559271189454,0,55.61600000000001,2,0.0,False,False,False,False,True,False,True,False,False,False,False,True,False,False
Z0132,2020,703.3,47,39.4,72.0,0.0,0,0,Dakar-Plateau,Dakar,14.66194,-17.44092,21.7,3.48,1270,79.0,24471,4.9,0,7.147559271189454,0,31.125999999999998,2,0.0,False,False,False,False,True,False,True,False,False,False,False,True,False,False
Z0132,2021,608.2,45,56.9,115.7,0.0,0,0,Dakar-Plateau,Dakar,14.66194,-17.44092,21.7,3.48,1270,79.0,24471,4.9,0,7.147559271189454,0,44.95099999999999,2,0.0,False,False,False,False,True,False,True,False,False,False,False,True,False,False
Z0132,2022,340.6,31,18.3,37.5,0.0,0,0,Dakar-Plateau,Dakar,14.66194,-17.44092,21.7,3.48,1270,79.0,24471,4.9,0,7.147559271189454,0,14.457,2,0.0,False,False,False,False,True,False,True,False,False,False,False,True,False,False
Z0132,2023,375.3,21,15.8,33.3,0.0,0,0,Dakar-Plateau,Dakar,14.66194,-17.44092,21.7,3.48,1270,79.0,24471,4.9,0,7.147559271189454,0,12.482000000000001,2,0.0,False,False,False,False,True,False,True,False,False,False,False,True,False,False
Z0132,2024,675.2,47,25.0,37.4,0.0,0,0,Dakar-Plateau,Dakar,14.66194,-17.44092,21.7,3.48,1270,79.0,24471,4.9,0,7.147559271189454,0,19.75,2,0.0,False,False,False,False,True,False,True,False,False,False,False,True,False,False
Z0133,2015,556.5,31,10.0,13.6,0.0,0,0,Dakar-Plateau,Dakar,14.65159,-17.45065,21.0,0.25,1692,98.0,22599,5.9,0,7.4342573821331355,0,9.8,2,0.0,False,False,False,False,True,False,True,False,False,False,False,True,False,False
Z0133,2016,518.0,41,10.0,20.5,0.0,0,0,Dakar-Plateau,Dakar,14.65159,-17.45065,21.0,0.25,1692,98.0,22599,5.9,0,7.4342573821331355,0,9.8,2,0.0,False,False,False,False,True,False,True,False,False,False,False,True,False,False
Z0133,2017,459.4,29,17.4,37.0,0.0,0,0,Dakar-Plateau,Dakar,14.65159,-17.45065,21.0,0.25,1692,98.0,22599,5.9,0,7.4342573821331355,0,17.052,2,0.0,False,False,False,False,True,False,True,False,False,False,False,True,False,False
Z0133,2018,344.1,21,26.5,45.4,0.0,0,0,Dakar-Plateau,Dakar,14.65159,-17.45065,21.0,0.25,1692,98.0,22599,5.9,0,7.4342573821331355,0,25.97,2,0.0,False,False,False,False,True,False,True,False,False,False,False,True,False,False
Z0133,2019,369.1,18,11.3,16.6,0.0,0,0,Dakar-Plateau,Dakar,14.65159,-17.45065,21.0,0.25,1692,98.0,22599,5.9,0,7.4342573821331355,0,11.074000000000002,2,0.0,False,False,False,False,True,False,True,False,False,False,False,True,False,False
Z0133,2020,299.6,18,22.7,41.5,0.0,0,0,Dakar-Plateau,Dakar,14.65159,-17.45065,21.0,0.25,1692,98.0,22599,5.9,0,7.4342573821331355,0,22.246,2,0.0,False,False,False,False,True,False,True,False,False,False,False,True,False,False
Z0133,2021,360.3,23,31.8,43.9,0.0,0,0,Dakar-Plateau,Dakar,14.65159,-17.45065,21.0,0.25,1692,98.0,22599,5.9,0,7.4342573821331355,0,31.164,2,0.0,False,False,False,False,True,False,True,False,False,False,False,True,False,False
Z0133,2022,476.3,34,10.0,13.5,0.0,0,0,Dakar-Plateau,Dakar,14.65159,-17.45065,21.0,0.25,1692,98.0,22599,5.9,0,7.4342573821331355,0,9.8,2,0.0,False,False,False,False,True,False,True,False,False,False,False,True,False,False
Z0133,2023,210.6,10,12.7,27.5,0.0,0,0,Dakar-Plateau,Dakar,14.65159,-17.45065,21.0,0.25,1692,98.0,22599,5.9,0,7.4342573821331355,0,12.446,2,0.0,False,False,False,False,True,False,True,False,False,False,False,True,False,False
Z0133,2024,369.1,37,35.2,75.4,0.0,0,0,Dakar-Plateau,Dakar,14.65159,-17.45065,21.0,0.25,1692,98.0,22599,5.9,0,7.4342573821331355,0,34.496,2,0.0,False,False,False,False,True,False,True,False,False,False,False,True,False,False
Z0134,2015,575.5,43,32.9,53.7,0.0,0,0,Dakar-Plateau,Dakar,14.66342,-17.44149,21.1,1.69,2455,74.8,12247,7.5,0,7.806289289267033,0,24.609199999999998,1,0.0,False,False,False,False,True,False,True,False,False,False,False,False,False,True
Z0134,2016,262.7,17,11.3,15.8,0.0,0,0,Dakar-Plateau,Dakar,14.66342,-17.44149,21.1,1.69,2455,74.8,12247,7.5,0,7.806289289267033,0,8.4524,1,0.0,False,False,False,False,True,False,True,False,False,False,False,False,False,True
Z0134,2017,287.5,27,20.8,36.1,0.0,0,0,Dakar-Plateau,Dakar,14.66342,-17.44149,21.1,1.69,2455,74.8,12247,7.5,0,7.806289289267033,0,15.558399999999999,1,0.0,False,False,False,False,True,False,True,False,False,False,False,False,False,True
Z0134,2018,466.4,38,32.9,74.1,0.0,0,0,Dakar-Plateau,Dakar,14.66342,-17.44149,21.1,1.69,2455,74.8,12247,7.5,0,7.806289289267033,0,24.609199999999998,1,0.0,False,False,False,False,True,False,True,False,False,False,False,False,False,True
Z0134,2019,412.1,32,17.0,31.6,0.0,0,0,Dakar-Plateau,Dakar,14.66342,-17.44149,21.1,1.69,2455,74.8,12247,7.5,0,7.806289289267033,0,12.716,1,0.0,False,False,False,False,True,False,True,False,False,False,False,False,False,True
Z0134,2020,360.8,27,15.2,31.1,0.0,0,0,Dakar-Plateau,Dakar,14.66342,-17.44149,21.1,1.69,2455,74.8,12247,7.5,0,7.806289289267033,0,11.369599999999998,1,0.0,False,False,False,False,True,False,True,False,False,False,False,False,False,True
Z0134,2021,543.1,36,36.2,75.7,0.0,0,0,Dakar-Plateau,Dakar,14.66342,-17.44149,21.1,1.69,2455,74.8,12247,7.5,0,7.806289289267033,0,27.077600000000004,1,0.0,False,False,False,False,True,False,True,False,False,False,False,False,False,True
Z0134,2022,575.4,43,53.4,91.9,0.0,0,0,Dakar-Plateau,Dakar,14.66342,-17.44149,21.1,1.69,2455,74.8,12247,7.5,0,7.806289289267033,0,39.9432,1,0.0,False,False,False,False,True,False,True,False,False,False,False,False,False,True
Z0134,2023,555.8,34,46.1,98.5,0.0,0,0,Dakar-Plateau,Dakar,14.66342,-17.44149,21.1,1.69,2455,74.8,12247,7.5,0,7.806289289267033,0,34.482800000000005,1,0.0,False,False,False,False,True,False,True,False,False,False,False,False,False,True
Z0134,2024,465.6,41,37.1,60.3,0.0,0,0,Dakar-Plateau,Dakar,14.66342,-17.44149,21.1,1.69,2455,74.8,12247,7.5,0,7.806289289267033,0,27.750799999999998,1,0.0,False,False,False,False,True,False,True,False,False,False,False,False,False,True
Z0135,2015,278.2,19,29.5,61.0,0.0,1,0,Médina,Dakar,14.68164,-17.43602,5.8,0.48,669,82.9,8468,3.3,4,6.507277712385012,1,24.4555,1,0.4,False,False,True,False,False,False,True,False,False,False,False,False,False,True
Z0135,2016,412.5,29,13.9,20.5,0.0,1,0,Médina,Dakar,14.68164,-17.43602,5.8,0.48,669,82.9,8468,3.3,4,6.507277712385012,1,11.523100000000001,1,0.4,False,False,True,False,False,False,True,False,False,False,False,False,False,True
Z0135,2017,308.9,26,10.0,19.0,0.0,0,0,Médina,Dakar,14.68164,-17.43602,5.8,0.48,669,82.9,8468,3.3,4,6.507277712385012,1,8.29,1,0.4,False,False,True,False,False,False,True,False,False,False,False,False,False,True
Z0135,2018,460.5,23,37.3,47.6,0.0,1,0,Médina,Dakar,14.68164,-17.43602,5.8,0.48,669,82.9,8468,3.3,4,6.507277712385012,1,30.9217,1,0.4,False,False,True,False,False,False,True,False,False,False,False,False,False,True
Z0135,2019,405.8,26,10.7,12.8,0.0,1,0,Médina,Dakar,14.68164,-17.43602,5.8,0.48,669,82.9,8468,3.3,4,6.507277712385012,1,8.8703,1,0.4,False,False,True,False,False,False,True,False,False,False,False,False,False,True
Z0135,2020,422.9,29,15.2,25.6,0.0,0,0,Médina,Dakar,14.68164,-17.43602,5.8,0.48,669,82.9,8468,3.3,4,6.507277712385012,1,12.6008,1,0.4,False,False,True,False,False,False,True,False,False,False,False,False,False,True
Z0135,2021,623.6,43,10.2,17.8,0.0,0,0,Médina,Dakar,14.68164,-17.43602,5.8,0.48,669,82.9,8468,3.3,4,6.507277712385012,1,8.4558,1,0.4,False,False,True,False,False,False,True,False,False,False,False,False,False,True
Z0135,2022,522.4,25,21.0,32.6,0.0,0,0,Médina,Dakar,14.68164,-17.43602,5.8,0.48,669,82.9,8468,3.3,4,6.507277712385012,1,17.409000000000002,1,0.4,False,False,True,False,False,False,True,False,False,False,False,False,False,True
Z0135,2023,308.9,20,23.3,34.9,0.0,0,0,Médina,Dakar,14.68164,-17.43602,5.8,0.48,669,82.9,8468,3.3,4,6.507277712385012,1,19.315700000000003,1,0.4,False,False,True,False,False,False,True,False,False,False,False,False,False,True
Z0135,2024,376.6,27,10.0,19.0,0.0,0,0,Médina,Dakar,14.68164,-17.43602,5.8,0.48,669,82.9,8468,3.3,4,6.507277712385012,1,8.29,1,0.4,False,False,True,False,False,False,True,False,False,False,False,False,False,True
Z0136,2015,614.2,33,32.6,60.8,0.0,0,0,Médina,Dakar,14.67527,-17.44466,12.8,0.73,4812,16.1,277,5.5,1,8.47907586930311,0,5.2486,1,0.1,True,False,False,False,False,False,False,False,True,False,False,False,False,True
Z0136,2016,498.6,43,65.6,100.3,0.0,0,0,Médina,Dakar,14.67527,-17.44466,12.8,0.73,4812,16.1,277,5.5,1,8.47907586930311,0,10.5616,1,0.1,True,False,False,False,False,False,False,False,True,False,False,False,False,True
Z0136,2017,343.3,24,31.3,43.7,0.0,0,0,Médina,Dakar,14.67527,-17.44466,12.8,0.73,4812,16.1,277,5.5,1,8.47907586930311,0,5.039300000000001,1,0.1,True,False,False,False,False,False,False,False,True,False,False,False,False,True
Z0136,2018,578.9,44,33.7,58.1,0.0,0,0,Médina,Dakar,14.67527,-17.44466,12.8,0.73,4812,16.1,277,5.5,1,8.47907586930311,0,5.425700000000001,1,0.1,True,False,False,False,False,False,False,False,True,False,False,False,False,True
Z0136,2019,408.9,23,10.0,13.0,0.0,0,0,Médina,Dakar,14.67527,-17.44466,12.8,0.73,4812,16.1,277,5.5,1,8.47907586930311,0,1.61,1,0.1,True,False,False,False,False,False,False,False,True,False,False,False,False,True
Z0136,2020,391.8,25,10.0,13.8,0.0,0,0,Médina,Dakar,14.67527,-17.44466,12.8,0.73,4812,16.1,277,5.5,1,8.47907586930311,0,1.61,1,0.1,True,False,False,False,False,False,False,False,True,False,False,False,False,True
Z0136,2021,342.8,26,11.0,17.9,0.0,0,0,Médina,Dakar,14.67527,-17.44466,12.8,0.73,4812,16.1,277,5.5,1,8.47907586930311,0,1.7710000000000001,1,0.1,True,False,False,False,False,False,False,False,True,False,False,False,False,True
Z0136,2022,606.8,41,12.8,19.5,0.0,0,0,Médina,Dakar,14.67527,-17.44466,12.8,0.73,4812,16.1,277,5.5,1,8.47907586930311,0,2.0608000000000004,1,0.1,True,False,False,False,False,False,False,False,True,False,False,False,False,True
Z0136,2023,531.0,33,10.0,20.3,0.0,0,0,Médina,Dakar,14.67527,-17.44466,12.8,0.73,4812,16.1,277,5.5,1,8.47907586930311,0,1.61,1,0.1,True,False,False,False,False,False,False,False,True,False,False,False,False,True
Z0136,2024,475.0,36,48.2,59.0,0.0,0,0,Médina,Dakar,14.67527,-17.44466,12.8,0.73,4812,16.1,277,5.5,1,8.47907586930311,0,7.760200000000001,1,0.1,True,False,False,False,False,False,False,False,True,False,False,False,False,True
Z0137,2015,613.4,50,32.3,46.2,0.0,0,0,Médina,Dakar,14.66695,-17.4439,17.1,1.36,376,37.6,200,3.2,1,5.932245187448011,0,12.1448,2,0.1,False,False,True,False,False,False,False,False,False,True,False,True,False,False
Z0137,2016,371.8,29,12.1,23.0,0.0,0,0,Médina,Dakar,14.66695,-17.4439,17.1,1.36,376,37.6,200,3.2,1,5.932245187448011,0,4.5496,2,0.1,False,False,True,False,False,False,False,False,False,True,False,True,False,False
Z0137,2017,373.7,24,23.0,46.2,0.0,0,0,Médina,Dakar,14.66695,-17.4439,17.1,1.36,376,37.6,200,3.2,1,5.932245187448011,0,8.648000000000001,2,0.1,False,False,True,False,False,False,False,False,False,True,False,True,False,False
Z0137,2018,456.1,33,12.1,40.5,0.0,0,0,Médina,Dakar,14.66695,-17.4439,17.1,1.36,376,37.6,200,3.2,1,5.932245187448011,0,4.5496,2,0.1,False,False,True,False,False,False,False,False,False,True,False,True,False,False
Z0137,2019,311.5,26,10.0,12.8,0.0,0,0,Médina,Dakar,14.66695,-17.4439,17.1,1.36,376,37.6,200,3.2,1,5.932245187448011,0,3.76,2,0.1,False,False,True,False,False,False,False,False,False,True,False,True,False,False
Z0137,2020,302.9,24,13.6,23.8,0.0,0,0,Médina,Dakar,14.66695,-17.4439,17.1,1.36,376,37.6,200,3.2,1,5.932245187448011,0,5.1136,2,0.1,False,False,True,False,False,False,False,False,False,True,False,True,False,False
Z0137,2021,236.9,19,10.0,18.8,0.0,0,0,Médina,Dakar,14.66695,-17.4439,17.1,1.36,376,37.6,200,3.2,1,5.932245187448011,0,3.76,2,0.1,False,False,True,False,False,False,False,False,False,True,False,True,False,False
Z0137,2022,530.3,36,10.0,13.6,0.0,0,0,Médina,Dakar,14.66695,-17.4439,17.1,1.36,376,37.6,200,3.2,1,5.932245187448011,0,3.76,2,0.1,False,False,True,False,False,False,False,False,False,True,False,True,False,False
Z0137,2023,430.5,34,10.0,12.6,0.0,0,0,Médina,Dakar,14.66695,-17.4439,17.1,1.36,376,37.6,200,3.2,1,5.932245187448011,0,3.76,2,0.1,False,False,True,False,False,False,False,False,False,True,False,True,False,False
Z0137,2024,420.6,29,17.2,26.9,0.0,0,0,Médina,Dakar,14.66695,-17.4439,17.1,1.36,376,37.6,200,3.2,1,5.932245187448011,0,6.4672,2,0.1,False,False,True,False,False,False,False,False,False,True,False,True,False,False
Z0138,2015,536.1,39,12.8,25.1,0.0,0,0,Médina,Dakar,14.70647,-17.45959,14.0,1.38,569,83.0,22648,2.4,2,6.345636360828596,0,10.624,0,0.2,False,False,True,False,False,False,True,False,False,False,True,False,False,False
Z0138,2016,256.3,17,13.8,18.0,0.0,0,0,Médina,Dakar,14.70647,-17.45959,14.0,1.38,569,83.0,22648,2.4,2,6.345636360828596,0,11.454,0,0.2,False,False,True,False,False,False,True,False,False,False,True,False,False,False
Z0138,2017,343.9,28,15.8,28.9,0.0,0,0,Médina,Dakar,14.70647,-17.45959,14.0,1.38,569,83.0,22648,2.4,2,6.345636360828596,0,13.114,0,0.2,False,False,True,False,False,False,True,False,False,False,True,False,False,False
Z0138,2018,375.3,18,17.3,57.4,0.0,1,0,Médina,Dakar,14.70647,-17.45959,14.0,1.38,569,83.0,22648,2.4,2,6.345636360828596,0,14.359000000000002,0,0.2,False,False,True,False,False,False,True,False,False,False,True,False,False,False
Z0138,2019,452.8,31,17.3,41.9,0.0,0,0,Médina,Dakar,14.70647,-17.45959,14.0,1.38,569,83.0,22648,2.4,2,6.345636360828596,0,14.359000000000002,0,0.2,False,False,True,False,False,False,True,False,False,False,True,False,False,False
Z0138,2020,460.8,36,20.0,37.8,0.0,1,0,Médina,Dakar,14.70647,-17.45959,14.0,1.38,569,83.0,22648,2.4,2,6.345636360828596,0,16.6,0,0.2,False,False,True,False,False,False,True,False,False,False,True,False,False,False
Z0138,2021,368.7,28,15.5,21.3,0.0,1,0,Médina,Dakar,14.70647,-17.45959,14.0,1.38,569,83.0,22648,2.4,2,6.345636360828596,0,12.865,0,0.2,False,False,True,False,False,False,True,False,False,False,True,False,False,False
Z0138,2022,502.2,43,23.4,47.7,0.0,0,0,Médina,Dakar,14.70647,-17.45959,14.0,1.38,569,83.0,22648,2.4,2,6.345636360828596,0,19.421999999999997,0,0.2,False,False,True,False,False,False,True,False,False,False,True,False,False,False
Z0138,2023,451.9,29,29.4,63.3,0.0,0,0,Médina,Dakar,14.70647,-17.45959,14.0,1.38,569,83.0,22648,2.4,2,6.345636360828596,0,24.401999999999997,0,0.2,False,False,True,False,False,False,True,False,False,False,True,False,False,False
Z0138,2024,347.0,25,18.8,28.8,0.0,1,0,Médina,Dakar,14.70647,-17.45959,14.0,1.38,569,83.0,22648,2.4,2,6.345636360828596,0,15.604000000000001,0,0.2,False,False,True,False,False,False,True,False,False,False,True,False,False,False
Z0139,2015,157.0,8,10.0,16.2,0.0,0,0,Médina,Dakar,14.6899,-17.45522,19.9,0.2,1019,36.1,136,1.7,0,6.927557906278317,0,3.61,2,0.0,False,False,True,False,False,False,False,False,False,True,False,True,False,False
Z0139,2016,423.9,37,19.5,23.6,0.0,0,0,Médina,Dakar,14.6899,-17.45522,19.9,0.2,1019,36.1,136,1.7,0,6.927557906278317,0,7.0395,2,0.0,False,False,True,False,False,False,False,False,False,True,False,True,False,False
Z0139,2017,367.4,29,25.7,56.3,0.0,0,0,Médina,Dakar,14.6899,-17.45522,19.9,0.2,1019,36.1,136,1.7,0,6.927557906278317,0,9.2777,2,0.0,False,False,True,False,False,False,False,False,False,True,False,True,False,False
Z0139,2018,421.2,33,10.4,15.1,0.0,0,0,Médina,Dakar,14.6899,-17.45522,19.9,0.2,1019,36.1,136,1.7,0,6.927557906278317,0,3.7544000000000004,2,0.0,False,False,True,False,False,False,False,False,False,True,False,True,False,False
Z0139,2019,441.9,16,47.4,71.9,0.0,0,0,Médina,Dakar,14.6899,-17.45522,19.9,0.2,1019,36.1,136,1.7,0,6.927557906278317,0,17.1114,2,0.0,False,False,True,False,False,False,False,False,False,True,False,True,False,False
Z0139,2020,362.5,23,22.9,34.1,0.0,0,0,Médina,Dakar,14.6899,-17.45522,19.9,0.2,1019,36.1,136,1.7,0,6.927557906278317,0,8.2669,2,0.0,False,False,True,False,False,False,False,False,False,True,False,True,False,False
Z0139,2021,370.3,26,29.3,37.0,0.0,0,0,Médina,Dakar,14.6899,-17.45522,19.9,0.2,1019,36.1,136,1.7,0,6.927557906278317,0,10.577300000000001,2,0.0,False,False,True,False,False,False,False,False,False,True,False,True,False,False
Z0139,2022,356.6,27,13.9,19.5,0.0,0,0,Médina,Dakar,14.6899,-17.45522,19.9,0.2,1019,36.1,136,1.7,0,6.927557906278317,0,5.0179,2,0.0,False,False,True,False,False,False,False,False,False,True,False,True,False,False
Z0139,2023,353.2,21,42.2,57.9,0.0,0,0,Médina,Dakar,14.6899,-17.45522,19.9,0.2,1019,36.1,136,1.7,0,6.927557906278317,0,15.234200000000001,2,0.0,False,False,True,False,False,False,False,False,False,True,False,True,False,False
Z0139,2024,713.6,46,35.0,49.8,0.0,0,0,Médina,Dakar,14.6899,-17.45522,19.9,0.2,1019,36.1,136,1.7,0,6.927557906278317,0,12.635,2,0.0,False,False,True,False,False,False,False,False,False,True,False,True,False,False
Z0140,2015,477.0,35,12.3,22.6,0.0,0,0,Médina,Dakar,14.68781,-17.45632,10.9,0.55,2822,0.0,566,2.9,0,7.945555428253489,1,0.0,2,0.0,False,False,False,False,True,False,False,False,True,False,False,True,False,False
Z0140,2016,458.1,30,14.7,31.5,0.0,0,0,Médina,Dakar,14.68781,-17.45632,10.9,0.55,2822,0.0,566,2.9,0,7.945555428253489,1,0.0,2,0.0,False,False,False,False,True,False,False,False,True,False,False,True,False,False
Z0140,2017,235.6,14,10.0,17.9,0.0,0,0,Médina,Dakar,14.68781,-17.45632,10.9,0.55,2822,0.0,566,2.9,0,7.945555428253489,1,0.0,2,0.0,False,False,False,False,True,False,False,False,True,False,False,True,False,False
Z0140,2018,566.9,37,14.7,25.8,0.0,0,0,Médina,Dakar,14.68781,-17.45632,10.9,0.55,2822,0.0,566,2.9,0,7.945555428253489,1,0.0,2,0.0,False,False,False,False,True,False,False,False,True,False,False,True,False,False
Z0140,2019,318.2,18,24.8,41.0,0.0,0,0,Médina,Dakar,14.68781,-17.45632,10.9,0.55,2822,0.0,566,2.9,0,7.945555428253489,1,0.0,2,0.0,False,False,False,False,True,False,False,False,True,False,False,True,False,False
Z0140,2020,471.0,37,10.0,14.8,0.0,0,0,Médina,Dakar,14.68781,-17.45632,10.9,0.55,2822,0.0,566,2.9,0,7.945555428253489,1,0.0,2,0.0,False,False,False,False,True,False,False,False,True,False,False,True,False,False
Z0140,2021,325.8,25,38.0,58.9,0.0,0,0,Médina,Dakar,14.68781,-17.45632,10.9,0.55,2822,0.0,566,2.9,0,7.945555428253489,1,0.0,2,0.0,False,False,False,False,True,False,False,False,True,False,False,True,False,False
Z0140,2022,684.8,48,25.4,35.1,0.0,0,0,Médina,Dakar,14.68781,-17.45632,10.9,0.55,2822,0.0,566,2.9,0,7.945555428253489,1,0.0,2,0.0,False,False,False,False,True,False,False,False,True,False,False,True,False,False
Z0140,2023,430.7,32,26.8,34.8,0.0,0,0,Médina,Dakar,14.68781,-17.45632,10.9,0.55,2822,0.0,566,2.9,0,7.945555428253489,1,0.0,2,0.0,False,False,False,False,True,False,False,False,True,False,False,True,False,False
Z0140,2024,458.1,35,10.0,16.5,0.0,0,0,Médina,Dakar,14.68781,-17.45632,10.9,0.55,2822,0.0,566,2.9,0,7.945555428253489,1,0.0,2,0.0,False,False,False,False,True,False,False,False,True,False,False,True,False,False
Z0141,2015,435.8,26,16.0,28.2,0.0,0,0,Médina,Dakar,14.67266,-17.4657,12.2,1.46,800,83.9,33010,5.1,0,6.68586094706836,1,13.424000000000001,1,0.0,False,False,False,False,True,False,True,False,False,False,False,False,False,True
Z0141,2016,131.7,8,15.9,22.2,0.0,1,0,Médina,Dakar,14.67266,-17.4657,12.2,1.46,800,83.9,33010,5.1,0,6.68586094706836,1,13.340100000000001,1,0.0,False,False,False,False,True,False,True,False,False,False,False,False,False,True
Z0141,2017,578.9,31,25.2,47.7,0.0,0,0,Médina,Dakar,14.67266,-17.4657,12.2,1.46,800,83.9,33010,5.1,0,6.68586094706836,1,21.1428,1,0.0,False,False,False,False,True,False,True,False,False,False,False,False,False,True
Z0141,2018,346.5,24,17.7,28.3,0.0,0,0,Médina,Dakar,14.67266,-17.4657,12.2,1.46,800,83.9,33010,5.1,0,6.68586094706836,1,14.850299999999999,1,0.0,False,False,False,False,True,False,True,False,False,False,False,False,False,True
Z0141,2019,363.6,21,12.7,17.7,0.0,0,0,Médina,Dakar,14.67266,-17.4657,12.2,1.46,800,83.9,33010,5.1,0,6.68586094706836,1,10.6553,1,0.0,False,False,False,False,True,False,True,False,False,False,False,False,False,True
Z0141,2020,500.2,39,10.0,20.2,0.0,0,0,Médina,Dakar,14.67266,-17.4657,12.2,1.46,800,83.9,33010,5.1,0,6.68586094706836,1,8.39,1,0.0,False,False,False,False,True,False,True,False,False,False,False,False,False,True
Z0141,2021,311.1,22,10.0,18.1,0.0,0,0,Médina,Dakar,14.67266,-17.4657,12.2,1.46,800,83.9,33010,5.1,0,6.68586094706836,1,8.39,1,0.0,False,False,False,False,True,False,True,False,False,False,False,False,False,True
Z0141,2022,471.3,36,41.1,70.5,0.0,0,0,Médina,Dakar,14.67266,-17.4657,12.2,1.46,800,83.9,33010,5.1,0,6.68586094706836,1,34.4829,1,0.0,False,False,False,False,True,False,True,False,False,False,False,False,False,True
Z0141,2023,297.6,26,10.0,21.7,0.0,0,0,Médina,Dakar,14.67266,-17.4657,12.2,1.46,800,83.9,33010,5.1,0,6.68586094706836,1,8.39,1,0.0,False,False,False,False,True,False,True,False,False,False,False,False,False,True
Z0141,2024,784.5,54,31.8,39.7,0.0,0,0,Médina,Dakar,14.67266,-17.4657,12.2,1.46,800,83.9,33010,5.1,0,6.68586094706836,1,26.680200000000003,1,0.0,False,False,False,False,True,False,True,False,False,False,False,False,False,True
Z0142,2015,353.6,23,17.8,29.5,0.0,0,0,Médina,Dakar,14.68707,-17.45621,12.7,0.46,539,63.6,8781,4.4,1,6.29156913955832,1,11.320800000000002,2,0.1,False,False,True,False,False,False,False,True,False,False,False,True,False,False
Z0142,2016,334.9,27,10.5,14.1,0.0,0,0,Médina,Dakar,14.68707,-17.45621,12.7,0.46,539,63.6,8781,4.4,1,6.29156913955832,1,6.678000000000001,2,0.1,False,False,True,False,False,False,False,True,False,False,False,True,False,False
Z0142,2017,455.5,33,44.7,55.3,0.0,0,0,Médina,Dakar,14.68707,-17.45621,12.7,0.46,539,63.6,8781,4.4,1,6.29156913955832,1,28.4292,2,0.1,False,False,True,False,False,False,False,True,False,False,False,True,False,False
Z0142,2018,489.5,39,21.9,40.8,0.0,0,0,Médina,Dakar,14.68707,-17.45621,12.7,0.46,539,63.6,8781,4.4,1,6.29156913955832,1,13.9284,2,0.1,False,False,True,False,False,False,False,True,False,False,False,True,False,False
Z0142,2019,458.2,36,26.2,47.7,0.0,0,0,Médina,Dakar,14.68707,-17.45621,12.7,0.46,539,63.6,8781,4.4,1,6.29156913955832,1,16.6632,2,0.1,False,False,True,False,False,False,False,True,False,False,False,True,False,False
Z0142,2020,571.1,46,42.9,72.4,0.0,0,0,Médina,Dakar,14.68707,-17.45621,12.7,0.46,539,63.6,8781,4.4,1,6.29156913955832,1,27.2844,2,0.1,False,False,True,False,False,False,False,True,False,False,False,True,False,False
Z0142,2021,495.6,37,36.2,73.7,0.0,0,0,Médina,Dakar,14.68707,-17.45621,12.7,0.46,539,63.6,8781,4.4,1,6.29156913955832,1,23.023200000000003,2,0.1,False,False,True,False,False,False,False,True,False,False,False,True,False,False
Z0142,2022,524.0,32,17.8,36.9,0.0,0,0,Médina,Dakar,14.68707,-17.45621,12.7,0.46,539,63.6,8781,4.4,1,6.29156913955832,1,11.320800000000002,2,0.1,False,False,True,False,False,False,False,True,False,False,False,True,False,False
Z0142,2023,476.2,35,17.8,25.3,0.0,0,0,Médina,Dakar,14.68707,-17.45621,12.7,0.46,539,63.6,8781,4.4,1,6.29156913955832,1,11.320800000000002,2,0.1,False,False,True,False,False,False,False,True,False,False,False,True,False,False
Z0142,2024,520.5,40,23.9,42.4,0.0,0,0,Médina,Dakar,14.68707,-17.45621,12.7,0.46,539,63.6,8781,4.4,1,6.29156913955832,1,15.2004,2,0.1,False,False,True,False,False,False,False,True,False,False,False,True,False,False
Z0143,2015,369.6,23,15.1,29.7,0.0,0,0,Médina,Dakar,14.69841,-17.46542,19.4,0.58,2297,86.0,10651,5.2,0,7.739794458408701,0,12.985999999999999,2,0.0,False,False,True,False,False,False,True,False,False,False,False,True,False,False
Z0143,2016,440.1,32,19.0,29.4,0.0,0,0,Médina,Dakar,14.69841,-17.46542,19.4,0.58,2297,86.0,10651,5.2,0,7.739794458408701,0,16.34,2,0.0,False,False,True,False,False,False,True,False,False,False,False,True,False,False
Z0143,2017,498.0,41,10.4,22.2,0.0,0,0,Médina,Dakar,14.69841,-17.46542,19.4,0.58,2297,86.0,10651,5.2,0,7.739794458408701,0,8.943999999999999,2,0.0,False,False,True,False,False,False,True,False,False,False,False,True,False,False
Z0143,2018,321.0,28,17.0,16.9,0.0,0,0,Médina,Dakar,14.69841,-17.46542,19.4,0.58,2297,86.0,10651,5.2,0,7.739794458408701,0,14.62,2,0.0,False,False,True,False,False,False,True,False,False,False,False,True,False,False
Z0143,2019,430.6,25,24.7,38.2,0.0,0,0,Médina,Dakar,14.69841,-17.46542,19.4,0.58,2297,86.0,10651,5.2,0,7.739794458408701,0,21.241999999999997,2,0.0,False,False,True,False,False,False,True,False,False,False,False,True,False,False
Z0143,2020,549.3,39,33.7,47.4,0.0,0,0,Médina,Dakar,14.69841,-17.46542,19.4,0.58,2297,86.0,10651,5.2,0,7.739794458408701,0,28.982000000000003,2,0.0,False,False,True,False,False,False,True,False,False,False,False,True,False,False
Z0143,2021,631.0,47,16.5,34.6,0.0,0,0,Médina,Dakar,14.69841,-17.46542,19.4,0.58,2297,86.0,10651,5.2,0,7.739794458408701,0,14.19,2,0.0,False,False,True,False,False,False,True,False,False,False,False,True,False,False
Z0143,2022,645.2,41,26.1,32.9,0.0,0,0,Médina,Dakar,14.69841,-17.46542,19.4,0.58,2297,86.0,10651,5.2,0,7.739794458408701,0,22.445999999999998,2,0.0,False,False,True,False,False,False,True,False,False,False,False,True,False,False
Z0143,2023,284.1,29,10.0,18.5,0.0,0,0,Médina,Dakar,14.69841,-17.46542,19.4,0.58,2297,86.0,10651,5.2,0,7.739794458408701,0,8.6,2,0.0,False,False,True,False,False,False,True,False,False,False,False,True,False,False
Z0143,2024,496.8,39,17.0,33.5,0.0,0,0,Médina,Dakar,14.69841,-17.46542,19.4,0.58,2297,86.0,10651,5.2,0,7.739794458408701,0,14.62,2,0.0,False,False,True,False,False,False,True,False,False,False,False,True,False,False
Z0144,2015,412.5,29,30.4,51.0,0.0,0,0,Grand Yoff,Dakar,14.73204,-17.45446,21.3,0.68,2815,75.3,23287,3.8,1,7.943072717277933,0,22.891199999999998,0,0.1,True,False,False,False,False,False,True,False,False,False,True,False,False,False
Z0144,2016,606.7,46,15.0,21.0,0.0,0,0,Grand Yoff,Dakar,14.73204,-17.45446,21.3,0.68,2815,75.3,23287,3.8,1,7.943072717277933,0,11.295,0,0.1,True,False,False,False,False,False,True,False,False,False,True,False,False,False
Z0144,2017,499.9,38,26.9,56.1,0.0,0,0,Grand Yoff,Dakar,14.73204,-17.45446,21.3,0.68,2815,75.3,23287,3.8,1,7.943072717277933,0,20.255699999999997,0,0.1,True,False,False,False,False,False,True,False,False,False,True,False,False,False
Z0144,2018,347.6,20,21.2,43.9,0.0,0,0,Grand Yoff,Dakar,14.73204,-17.45446,21.3,0.68,2815,75.3,23287,3.8,1,7.943072717277933,0,15.9636,0,0.1,True,False,False,False,False,False,True,False,False,False,True,False,False,False
Z0144,2019,368.8,26,10.0,21.4,0.0,0,0,Grand Yoff,Dakar,14.73204,-17.45446,21.3,0.68,2815,75.3,23287,3.8,1,7.943072717277933,0,7.53,0,0.1,True,False,False,False,False,False,True,False,False,False,True,False,False,False
Z0144,2020,498.7,39,46.5,77.3,0.0,0,0,Grand Yoff,Dakar,14.73204,-17.45446,21.3,0.68,2815,75.3,23287,3.8,1,7.943072717277933,0,35.0145,0,0.1,True,False,False,False,False,False,True,False,False,False,True,False,False,False
Z0144,2021,449.5,27,10.0,15.9,0.0,0,0,Grand Yoff,Dakar,14.73204,-17.45446,21.3,0.68,2815,75.3,23287,3.8,1,7.943072717277933,0,7.53,0,0.1,True,False,False,False,False,False,True,False,False,False,True,False,False,False
Z0144,2022,393.0,21,38.9,84.0,0.0,0,0,Grand Yoff,Dakar,14.73204,-17.45446,21.3,0.68,2815,75.3,23287,3.8,1,7.943072717277933,0,29.291699999999995,0,0.1,True,False,False,False,False,False,True,False,False,False,True,False,False,False
Z0144,2023,399.0,31,10.0,15.5,0.0,0,0,Grand Yoff,Dakar,14.73204,-17.45446,21.3,0.68,2815,75.3,23287,3.8,1,7.943072717277933,0,7.53,0,0.1,True,False,False,False,False,False,True,False,False,False,True,False,False,False
Z0144,2024,467.8,30,20.2,39.2,0.0,1,0,Grand Yoff,Dakar,14.73204,-17.45446,21.3,0.68,2815,75.3,23287,3.8,1,7.943072717277933,0,15.2106,0,0.1,True,False,False,False,False,False,True,False,False,False,True,False,False,False
Z0145,2015,511.8,35,37.8,52.1,0.0,1,0,Grand Yoff,Dakar,14.73424,-17.46499,16.4,0.66,750,58.0,5150,6.1,0,6.621405651764134,0,21.923999999999996,1,0.0,False,False,False,False,True,False,False,True,False,False,False,False,False,True
Z0145,2016,381.0,22,10.0,13.1,0.0,0,0,Grand Yoff,Dakar,14.73424,-17.46499,16.4,0.66,750,58.0,5150,6.1,0,6.621405651764134,0,5.8,1,0.0,False,False,False,False,True,False,False,True,False,False,False,False,False,True
Z0145,2017,499.2,35,15.4,22.2,0.0,0,0,Grand Yoff,Dakar,14.73424,-17.46499,16.4,0.66,750,58.0,5150,6.1,0,6.621405651764134,0,8.932,1,0.0,False,False,False,False,True,False,False,True,False,False,False,False,False,True
Z0145,2018,443.8,33,10.0,20.7,0.0,0,0,Grand Yoff,Dakar,14.73424,-17.46499,16.4,0.66,750,58.0,5150,6.1,0,6.621405651764134,0,5.8,1,0.0,False,False,False,False,True,False,False,True,False,False,False,False,False,True
Z0145,2019,627.2,40,18.5,26.7,0.0,0,0,Grand Yoff,Dakar,14.73424,-17.46499,16.4,0.66,750,58.0,5150,6.1,0,6.621405651764134,0,10.73,1,0.0,False,False,False,False,True,False,False,True,False,False,False,False,False,True
Z0145,2020,533.4,34,21.0,37.3,0.0,0,0,Grand Yoff,Dakar,14.73424,-17.46499,16.4,0.66,750,58.0,5150,6.1,0,6.621405651764134,0,12.18,1,0.0,False,False,False,False,True,False,False,True,False,False,False,False,False,True
Z0145,2021,354.2,18,10.0,18.3,0.0,0,0,Grand Yoff,Dakar,14.73424,-17.46499,16.4,0.66,750,58.0,5150,6.1,0,6.621405651764134,0,5.8,1,0.0,False,False,False,False,True,False,False,True,False,False,False,False,False,True
Z0145,2022,595.2,41,18.1,24.4,0.0,0,0,Grand Yoff,Dakar,14.73424,-17.46499,16.4,0.66,750,58.0,5150,6.1,0,6.621405651764134,0,10.498000000000001,1,0.0,False,False,False,False,True,False,False,True,False,False,False,False,False,True
Z0145,2023,375.2,36,36.8,79.0,0.0,0,0,Grand Yoff,Dakar,14.73424,-17.46499,16.4,0.66,750,58.0,5150,6.1,0,6.621405651764134,0,21.343999999999998,1,0.0,False,False,False,False,True,False,False,True,False,False,False,False,False,True
Z0145,2024,482.7,28,19.9,40.2,0.0,0,0,Grand Yoff,Dakar,14.73424,-17.46499,16.4,0.66,750,58.0,5150,6.1,0,6.621405651764134,0,11.541999999999998,1,0.0,False,False,False,False,True,False,False,True,False,False,False,False,False,True
Z0146,2015,530.6,42,10.0,21.8,0.0,0,0,Grand Yoff,Dakar,14.76824,-17.47781,9.0,0.11,1919,25.4,368,2.4,0,7.560080465021827,1,2.54,2,0.0,False,False,True,False,False,False,False,False,False,True,False,True,False,False
Z0146,2016,440.4,31,20.0,35.8,0.0,0,0,Grand Yoff,Dakar,14.76824,-17.47781,9.0,0.11,1919,25.4,368,2.4,0,7.560080465021827,1,5.08,2,0.0,False,False,True,False,False,False,False,False,False,True,False,True,False,False
Z0146,2017,493.8,41,53.7,86.2,0.0,0,0,Grand Yoff,Dakar,14.76824,-17.47781,9.0,0.11,1919,25.4,368,2.4,0,7.560080465021827,1,13.639800000000001,2,0.0,False,False,True,False,False,False,False,False,False,True,False,True,False,False
Z0146,2018,457.2,32,23.5,43.0,0.0,0,0,Grand Yoff,Dakar,14.76824,-17.47781,9.0,0.11,1919,25.4,368,2.4,0,7.560080465021827,1,5.968999999999999,2,0.0,False,False,True,False,False,False,False,False,False,True,False,True,False,False
Z0146,2019,406.9,31,30.8,66.0,0.0,0,0,Grand Yoff,Dakar,14.76824,-17.47781,9.0,0.11,1919,25.4,368,2.4,0,7.560080465021827,1,7.823199999999999,2,0.0,False,False,True,False,False,False,False,False,False,True,False,True,False,False
Z0146,2020,534.7,38,18.3,29.9,0.0,0,0,Grand Yoff,Dakar,14.76824,-17.47781,9.0,0.11,1919,25.4,368,2.4,0,7.560080465021827,1,4.6482,2,0.0,False,False,True,False,False,False,False,False,False,True,False,True,False,False
Z0146,2021,647.2,49,49.7,95.6,0.0,1,0,Grand Yoff,Dakar,14.76824,-17.47781,9.0,0.11,1919,25.4,368,2.4,0,7.560080465021827,1,12.623800000000001,2,0.0,False,False,True,False,False,False,False,False,False,True,False,True,False,False
Z0146,2022,500.1,33,21.7,37.8,0.0,0,0,Grand Yoff,Dakar,14.76824,-17.47781,9.0,0.11,1919,25.4,368,2.4,0,7.560080465021827,1,5.511799999999999,2,0.0,False,False,True,False,False,False,False,False,False,True,False,True,False,False
Z0146,2023,293.3,20,17.5,27.6,0.0,0,0,Grand Yoff,Dakar,14.76824,-17.47781,9.0,0.11,1919,25.4,368,2.4,0,7.560080465021827,1,4.445,2,0.0,False,False,True,False,False,False,False,False,False,True,False,True,False,False
Z0146,2024,627.2,38,21.6,47.1,0.0,0,0,Grand Yoff,Dakar,14.76824,-17.47781,9.0,0.11,1919,25.4,368,2.4,0,7.560080465021827,1,5.4864,2,0.0,False,False,True,False,False,False,False,False,False,True,False,True,False,False
Z0147,2015,423.5,19,27.1,49.8,0.0,1,0,Grand Yoff,Dakar,14.73194,-17.47609,26.9,0.95,856,19.4,125,6.3,0,6.75343791859778,0,5.2574000000000005,2,0.0,False,False,True,False,False,True,False,False,False,False,False,True,False,False
Z0147,2016,417.3,35,16.4,34.7,0.0,0,0,Grand Yoff,Dakar,14.73194,-17.47609,26.9,0.95,856,19.4,125,6.3,0,6.75343791859778,0,3.1815999999999995,2,0.0,False,False,True,False,False,True,False,False,False,False,False,True,False,False
Z0147,2017,391.7,28,13.3,19.3,0.0,0,0,Grand Yoff,Dakar,14.73194,-17.47609,26.9,0.95,856,19.4,125,6.3,0,6.75343791859778,0,2.5801999999999996,2,0.0,False,False,True,False,False,True,False,False,False,False,False,True,False,False
Z0147,2018,343.3,35,16.3,29.8,0.0,0,0,Grand Yoff,Dakar,14.73194,-17.47609,26.9,0.95,856,19.4,125,6.3,0,6.75343791859778,0,3.1622,2,0.0,False,False,True,False,False,True,False,False,False,False,False,True,False,False
Z0147,2019,307.7,21,10.0,15.2,0.0,0,0,Grand Yoff,Dakar,14.73194,-17.47609,26.9,0.95,856,19.4,125,6.3,0,6.75343791859778,0,1.94,2,0.0,False,False,True,False,False,True,False,False,False,False,False,True,False,False
Z0147,2020,670.4,44,22.2,31.5,0.0,0,0,Grand Yoff,Dakar,14.73194,-17.47609,26.9,0.95,856,19.4,125,6.3,0,6.75343791859778,0,4.306799999999999,2,0.0,False,False,True,False,False,True,False,False,False,False,False,True,False,False
Z0147,2021,451.5,32,19.3,40.5,0.0,0,0,Grand Yoff,Dakar,14.73194,-17.47609,26.9,0.95,856,19.4,125,6.3,0,6.75343791859778,0,3.7441999999999998,2,0.0,False,False,True,False,False,True,False,False,False,False,False,True,False,False
Z0147,2022,411.5,29,10.0,19.4,0.0,0,0,Grand Yoff,Dakar,14.73194,-17.47609,26.9,0.95,856,19.4,125,6.3,0,6.75343791859778,0,1.94,2,0.0,False,False,True,False,False,True,False,False,False,False,False,True,False,False
Z0147,2023,407.2,29,10.0,20.7,0.0,0,0,Grand Yoff,Dakar,14.73194,-17.47609,26.9,0.95,856,19.4,125,6.3,0,6.75343791859778,0,1.94,2,0.0,False,False,True,False,False,True,False,False,False,False,False,True,False,False
Z0147,2024,770.1,56,44.7,59.2,0.0,0,0,Grand Yoff,Dakar,14.73194,-17.47609,26.9,0.95,856,19.4,125,6.3,0,6.75343791859778,0,8.6718,2,0.0,False,False,True,False,False,True,False,False,False,False,False,True,False,False
Z0148,2015,308.3,17,11.4,17.4,0.0,0,0,Grand Yoff,Dakar,14.73059,-17.4777,13.9,0.51,1279,17.9,197,3.8,1,7.154615356913663,0,2.0406,0,0.1,False,False,True,False,False,True,False,False,False,False,True,False,False,False
Z0148,2016,202.4,16,10.0,12.1,0.0,0,0,Grand Yoff,Dakar,14.73059,-17.4777,13.9,0.51,1279,17.9,197,3.8,1,7.154615356913663,0,1.79,0,0.1,False,False,True,False,False,True,False,False,False,False,True,False,False,False
Z0148,2017,318.9,26,13.5,23.9,0.0,0,0,Grand Yoff,Dakar,14.73059,-17.4777,13.9,0.51,1279,17.9,197,3.8,1,7.154615356913663,0,2.4164999999999996,0,0.1,False,False,True,False,False,True,False,False,False,False,True,False,False,False
Z0148,2018,400.9,26,48.1,80.0,0.0,1,0,Grand Yoff,Dakar,14.73059,-17.4777,13.9,0.51,1279,17.9,197,3.8,1,7.154615356913663,0,8.6099,0,0.1,False,False,True,False,False,True,False,False,False,False,True,False,False,False
Z0148,2019,472.2,31,35.0,73.5,0.0,1,0,Grand Yoff,Dakar,14.73059,-17.4777,13.9,0.51,1279,17.9,197,3.8,1,7.154615356913663,0,6.265,0,0.1,False,False,True,False,False,True,False,False,False,False,True,False,False,False
Z0148,2020,416.9,31,24.4,50.5,0.0,0,0,Grand Yoff,Dakar,14.73059,-17.4777,13.9,0.51,1279,17.9,197,3.8,1,7.154615356913663,0,4.3675999999999995,0,0.1,False,False,True,False,False,True,False,False,False,False,True,False,False,False
Z0148,2021,334.6,22,10.0,21.2,0.0,0,0,Grand Yoff,Dakar,14.73059,-17.4777,13.9,0.51,1279,17.9,197,3.8,1,7.154615356913663,0,1.79,0,0.1,False,False,True,False,False,True,False,False,False,False,True,False,False,False
Z0148,2022,465.9,33,18.9,22.9,0.0,0,0,Grand Yoff,Dakar,14.73059,-17.4777,13.9,0.51,1279,17.9,197,3.8,1,7.154615356913663,0,3.3830999999999993,0,0.1,False,False,True,False,False,True,False,False,False,False,True,False,False,False
Z0148,2023,337.3,21,10.0,21.5,0.0,0,0,Grand Yoff,Dakar,14.73059,-17.4777,13.9,0.51,1279,17.9,197,3.8,1,7.154615356913663,0,1.79,0,0.1,False,False,True,False,False,True,False,False,False,False,True,False,False,False
Z0148,2024,406.0,28,15.0,18.9,0.0,0,0,Grand Yoff,Dakar,14.73059,-17.4777,13.9,0.51,1279,17.9,197,3.8,1,7.154615356913663,0,2.685,0,0.1,False,False,True,False,False,True,False,False,False,False,True,False,False,False
Z0149,2015,263.3,23,19.3,36.5,0.0,0,0,Grand Yoff,Dakar,14.73215,-17.46616,4.3,0.3,2214,9.8,111,2.1,0,7.703007682479236,1,1.8914000000000002,2,0.0,False,False,False,False,True,False,False,False,True,False,False,True,False,False
Z0149,2016,303.7,20,36.7,52.5,0.0,0,0,Grand Yoff,Dakar,14.73215,-17.46616,4.3,0.3,2214,9.8,111,2.1,0,7.703007682479236,1,3.596600000000001,2,0.0,False,False,False,False,True,False,False,False,True,False,False,True,False,False
Z0149,2017,318.4,18,31.9,64.6,0.0,0,0,Grand Yoff,Dakar,14.73215,-17.46616,4.3,0.3,2214,9.8,111,2.1,0,7.703007682479236,1,3.1262,2,0.0,False,False,False,False,True,False,False,False,True,False,False,True,False,False
Z0149,2018,309.4,17,10.0,12.2,0.0,0,0,Grand Yoff,Dakar,14.73215,-17.46616,4.3,0.3,2214,9.8,111,2.1,0,7.703007682479236,1,0.98,2,0.0,False,False,False,False,True,False,False,False,True,False,False,True,False,False
Z0149,2019,449.9,32,26.5,46.0,0.0,0,0,Grand Yoff,Dakar,14.73215,-17.46616,4.3,0.3,2214,9.8,111,2.1,0,7.703007682479236,1,2.5970000000000004,2,0.0,False,False,False,False,True,False,False,False,True,False,False,True,False,False
Z0149,2020,592.6,38,10.0,21.1,0.0,0,0,Grand Yoff,Dakar,14.73215,-17.46616,4.3,0.3,2214,9.8,111,2.1,0,7.703007682479236,1,0.98,2,0.0,False,False,False,False,True,False,False,False,True,False,False,True,False,False
Z0149,2021,429.5,33,25.0,40.4,0.0,0,0,Grand Yoff,Dakar,14.73215,-17.46616,4.3,0.3,2214,9.8,111,2.1,0,7.703007682479236,1,2.45,2,0.0,False,False,False,False,True,False,False,False,True,False,False,True,False,False
Z0149,2022,654.4,47,10.0,17.1,0.0,0,0,Grand Yoff,Dakar,14.73215,-17.46616,4.3,0.3,2214,9.8,111,2.1,0,7.703007682479236,1,0.98,2,0.0,False,False,False,False,True,False,False,False,True,False,False,True,False,False
Z0149,2023,318.2,24,10.0,18.3,0.0,0,0,Grand Yoff,Dakar,14.73215,-17.46616,4.3,0.3,2214,9.8,111,2.1,0,7.703007682479236,1,0.98,2,0.0,False,False,False,False,True,False,False,False,True,False,False,True,False,False
Z0149,2024,585.8,44,69.1,148.6,0.0,0,0,Grand Yoff,Dakar,14.73215,-17.46616,4.3,0.3,2214,9.8,111,2.1,0,7.703007682479236,1,6.7718,2,0.0,False,False,False,False,True,False,False,False,True,False,False,True,False,False
Z0150,2015,357.9,23,17.7,25.7,0.0,0,0,Grand Yoff,Dakar,14.72536,-17.4644,9.1,1.71,1311,46.2,6997,3.9,0,7.179307969504034,1,8.1774,2,0.0,True,False,False,False,False,False,False,True,False,False,False,True,False,False
Z0150,2016,534.7,42,10.0,13.4,0.0,0,0,Grand Yoff,Dakar,14.72536,-17.4644,9.1,1.71,1311,46.2,6997,3.9,0,7.179307969504034,1,4.62,2,0.0,True,False,False,False,False,False,False,True,False,False,False,True,False,False
Z0150,2017,362.1,27,29.3,45.7,0.0,0,0,Grand Yoff,Dakar,14.72536,-17.4644,9.1,1.71,1311,46.2,6997,3.9,0,7.179307969504034,1,13.5366,2,0.0,True,False,False,False,False,False,False,True,False,False,False,True,False,False
Z0150,2018,362.1,36,43.9,80.1,0.0,0,0,Grand Yoff,Dakar,14.72536,-17.4644,9.1,1.71,1311,46.2,6997,3.9,0,7.179307969504034,1,20.2818,2,0.0,True,False,False,False,False,False,False,True,False,False,False,True,False,False
Z0150,2019,282.9,15,10.0,17.9,0.0,0,0,Grand Yoff,Dakar,14.72536,-17.4644,9.1,1.71,1311,46.2,6997,3.9,0,7.179307969504034,1,4.62,2,0.0,True,False,False,False,False,False,False,True,False,False,False,True,False,False
Z0150,2020,288.0,20,12.5,20.6,0.0,0,0,Grand Yoff,Dakar,14.72536,-17.4644,9.1,1.71,1311,46.2,6997,3.9,0,7.179307969504034,1,5.775,2,0.0,True,False,False,False,False,False,False,True,False,False,False,True,False,False
Z0150,2021,284.7,17,14.0,19.6,0.0,0,0,Grand Yoff,Dakar,14.72536,-17.4644,9.1,1.71,1311,46.2,6997,3.9,0,7.179307969504034,1,6.468000000000001,2,0.0,True,False,False,False,False,False,False,True,False,False,False,True,False,False
Z0150,2022,543.2,40,23.0,31.3,0.0,0,0,Grand Yoff,Dakar,14.72536,-17.4644,9.1,1.71,1311,46.2,6997,3.9,0,7.179307969504034,1,10.626000000000001,2,0.0,True,False,False,False,False,False,False,True,False,False,False,True,False,False
Z0150,2023,469.4,27,32.5,43.6,0.0,0,0,Grand Yoff,Dakar,14.72536,-17.4644,9.1,1.71,1311,46.2,6997,3.9,0,7.179307969504034,1,15.015,2,0.0,True,False,False,False,False,False,False,True,False,False,False,True,False,False
Z0150,2024,521.4,39,10.0,21.5,0.0,0,0,Grand Yoff,Dakar,14.72536,-17.4644,9.1,1.71,1311,46.2,6997,3.9,0,7.179307969504034,1,4.62,2,0.0,True,False,False,False,False,False,False,True,False,False,False,True,False,False
Z0151,2015,575.5,44,36.5,58.3,0.0,0,0,Grand Yoff,Dakar,14.73892,-17.4665,15.7,0.31,2777,50.6,13283,4.6,0,7.9294865233142895,0,18.469,1,0.0,False,False,False,False,True,False,False,True,False,False,False,False,False,True
Z0151,2016,565.8,38,31.6,69.7,0.0,0,0,Grand Yoff,Dakar,14.73892,-17.4665,15.7,0.31,2777,50.6,13283,4.6,0,7.9294865233142895,0,15.989600000000001,1,0.0,False,False,False,False,True,False,False,True,False,False,False,False,False,True
Z0151,2017,207.6,17,10.0,18.8,0.0,0,0,Grand Yoff,Dakar,14.73892,-17.4665,15.7,0.31,2777,50.6,13283,4.6,0,7.9294865233142895,0,5.06,1,0.0,False,False,False,False,True,False,False,True,False,False,False,False,False,True
Z0151,2018,192.5,13,10.0,12.3,0.0,0,0,Grand Yoff,Dakar,14.73892,-17.4665,15.7,0.31,2777,50.6,13283,4.6,0,7.9294865233142895,0,5.06,1,0.0,False,False,False,False,True,False,False,True,False,False,False,False,False,True
Z0151,2019,452.8,31,17.1,29.5,0.0,0,0,Grand Yoff,Dakar,14.73892,-17.4665,15.7,0.31,2777,50.6,13283,4.6,0,7.9294865233142895,0,8.652600000000001,1,0.0,False,False,False,False,True,False,False,True,False,False,False,False,False,True
Z0151,2020,574.8,38,33.9,49.6,0.0,0,0,Grand Yoff,Dakar,14.73892,-17.4665,15.7,0.31,2777,50.6,13283,4.6,0,7.9294865233142895,0,17.153399999999998,1,0.0,False,False,False,False,True,False,False,True,False,False,False,False,False,True
Z0151,2021,464.9,31,71.0,124.4,0.0,0,0,Grand Yoff,Dakar,14.73892,-17.4665,15.7,0.31,2777,50.6,13283,4.6,0,7.9294865233142895,0,35.926,1,0.0,False,False,False,False,True,False,False,True,False,False,False,False,False,True
Z0151,2022,608.9,48,31.6,45.9,0.0,0,0,Grand Yoff,Dakar,14.73892,-17.4665,15.7,0.31,2777,50.6,13283,4.6,0,7.9294865233142895,0,15.989600000000001,1,0.0,False,False,False,False,True,False,False,True,False,False,False,False,False,True
Z0151,2023,356.2,20,15.7,25.6,0.0,0,0,Grand Yoff,Dakar,14.73892,-17.4665,15.7,0.31,2777,50.6,13283,4.6,0,7.9294865233142895,0,7.9441999999999995,1,0.0,False,False,False,False,True,False,False,True,False,False,False,False,False,True
Z0151,2024,728.5,54,75.7,115.1,0.0,0,0,Grand Yoff,Dakar,14.73892,-17.4665,15.7,0.31,2777,50.6,13283,4.6,0,7.9294865233142895,0,38.3042,1,0.0,False,False,False,False,True,False,False,True,False,False,False,False,False,True
Z0152,2015,277.2,10,12.6,15.3,0.0,0,0,Grand Yoff,Dakar,14.7194,-17.47307,23.3,1.04,1874,60.4,3418,6.0,0,7.536363938404511,0,7.610399999999999,1,0.0,True,False,False,False,False,False,False,True,False,False,False,False,False,True
Z0152,2016,388.3,21,23.5,43.4,0.0,0,0,Grand Yoff,Dakar,14.7194,-17.47307,23.3,1.04,1874,60.4,3418,6.0,0,7.536363938404511,0,14.193999999999999,1,0.0,True,False,False,False,False,False,False,True,False,False,False,False,False,True
Z0152,2017,322.8,20,27.2,40.8,0.0,0,0,Grand Yoff,Dakar,14.7194,-17.47307,23.3,1.04,1874,60.4,3418,6.0,0,7.536363938404511,0,16.4288,1,0.0,True,False,False,False,False,False,False,True,False,False,False,False,False,True
Z0152,2018,439.2,35,31.1,54.1,0.0,0,0,Grand Yoff,Dakar,14.7194,-17.47307,23.3,1.04,1874,60.4,3418,6.0,0,7.536363938404511,0,18.7844,1,0.0,True,False,False,False,False,False,False,True,False,False,False,False,False,True
Z0152,2019,502.4,33,41.1,63.7,0.0,1,0,Grand Yoff,Dakar,14.7194,-17.47307,23.3,1.04,1874,60.4,3418,6.0,0,7.536363938404511,0,24.8244,1,0.0,True,False,False,False,False,False,False,True,False,False,False,False,False,True
Z0152,2020,554.8,38,14.8,23.5,0.0,0,0,Grand Yoff,Dakar,14.7194,-17.47307,23.3,1.04,1874,60.4,3418,6.0,0,7.536363938404511,0,8.939200000000001,1,0.0,True,False,False,False,False,False,False,True,False,False,False,False,False,True
Z0152,2021,598.9,46,48.4,105.4,0.0,0,0,Grand Yoff,Dakar,14.7194,-17.47307,23.3,1.04,1874,60.4,3418,6.0,0,7.536363938404511,0,29.233599999999996,1,0.0,True,False,False,False,False,False,False,True,False,False,False,False,False,True
Z0152,2022,429.9,28,10.0,14.9,0.0,0,0,Grand Yoff,Dakar,14.7194,-17.47307,23.3,1.04,1874,60.4,3418,6.0,0,7.536363938404511,0,6.04,1,0.0,True,False,False,False,False,False,False,True,False,False,False,False,False,True
Z0152,2023,310.2,26,10.2,13.5,0.0,0,0,Grand Yoff,Dakar,14.7194,-17.47307,23.3,1.04,1874,60.4,3418,6.0,0,7.536363938404511,0,6.160799999999999,1,0.0,True,False,False,False,False,False,False,True,False,False,False,False,False,True
Z0152,2024,456.4,38,23.5,35.6,0.0,0,0,Grand Yoff,Dakar,14.7194,-17.47307,23.3,1.04,1874,60.4,3418,6.0,0,7.536363938404511,0,14.193999999999999,1,0.0,True,False,False,False,False,False,False,True,False,False,False,False,False,True
Z0153,2015,443.2,37,10.0,13.9,0.0,0,0,Grand Yoff,Dakar,14.70957,-17.45297,8.0,1.38,591,80.2,12585,3.5,0,6.3835066348840055,1,8.02,2,0.0,False,False,False,False,True,False,True,False,False,False,False,True,False,False
Z0153,2016,307.7,15,26.6,56.3,0.0,0,0,Grand Yoff,Dakar,14.70957,-17.45297,8.0,1.38,591,80.2,12585,3.5,0,6.3835066348840055,1,21.3332,2,0.0,False,False,False,False,True,False,True,False,False,False,False,True,False,False
Z0153,2017,483.2,26,11.8,21.3,0.0,0,0,Grand Yoff,Dakar,14.70957,-17.45297,8.0,1.38,591,80.2,12585,3.5,0,6.3835066348840055,1,9.463600000000001,2,0.0,False,False,False,False,True,False,True,False,False,False,False,True,False,False
Z0153,2018,649.6,48,18.9,38.6,0.0,0,0,Grand Yoff,Dakar,14.70957,-17.45297,8.0,1.38,591,80.2,12585,3.5,0,6.3835066348840055,1,15.1578,2,0.0,False,False,False,False,True,False,True,False,False,False,False,True,False,False
Z0153,2019,511.1,33,19.6,37.2,0.0,0,0,Grand Yoff,Dakar,14.70957,-17.45297,8.0,1.38,591,80.2,12585,3.5,0,6.3835066348840055,1,15.7192,2,0.0,False,False,False,False,True,False,True,False,False,False,False,True,False,False
Z0153,2020,483.2,34,36.3,73.9,0.0,0,0,Grand Yoff,Dakar,14.70957,-17.45297,8.0,1.38,591,80.2,12585,3.5,0,6.3835066348840055,1,29.112599999999997,2,0.0,False,False,False,False,True,False,True,False,False,False,False,True,False,False
Z0153,2021,442.4,38,10.0,20.3,0.0,0,0,Grand Yoff,Dakar,14.70957,-17.45297,8.0,1.38,591,80.2,12585,3.5,0,6.3835066348840055,1,8.02,2,0.0,False,False,False,False,True,False,True,False,False,False,False,True,False,False
Z0153,2022,708.8,47,34.4,51.4,0.0,0,0,Grand Yoff,Dakar,14.70957,-17.45297,8.0,1.38,591,80.2,12585,3.5,0,6.3835066348840055,1,27.588800000000003,2,0.0,False,False,False,False,True,False,True,False,False,False,False,True,False,False
Z0153,2023,438.0,32,56.7,101.7,0.0,1,0,Grand Yoff,Dakar,14.70957,-17.45297,8.0,1.38,591,80.2,12585,3.5,0,6.3835066348840055,1,45.4734,2,0.0,False,False,False,False,True,False,True,False,False,False,False,True,False,False
Z0153,2024,629.7,52,10.0,15.4,0.0,0,0,Grand Yoff,Dakar,14.70957,-17.45297,8.0,1.38,591,80.2,12585,3.5,0,6.3835066348840055,1,8.02,2,0.0,False,False,False,False,True,False,True,False,False,False,False,True,False,False
Z0154,2015,419.9,31,16.2,34.0,0.0,0,0,Grand Yoff,Dakar,14.70614,-17.4644,3.7,0.26,692,53.7,3142,2.2,2,6.541029999189903,1,8.6994,1,0.2,False,True,False,False,False,False,False,True,False,False,False,False,False,True
Z0154,2016,445.6,32,52.6,91.6,0.0,0,0,Grand Yoff,Dakar,14.70614,-17.4644,3.7,0.26,692,53.7,3142,2.2,2,6.541029999189903,1,28.2462,1,0.2,False,True,False,False,False,False,False,True,False,False,False,False,False,True
Z0154,2017,410.9,30,33.1,71.4,0.0,1,0,Grand Yoff,Dakar,14.70614,-17.4644,3.7,0.26,692,53.7,3142,2.2,2,6.541029999189903,1,17.774700000000003,1,0.2,False,True,False,False,False,False,False,True,False,False,False,False,False,True
Z0154,2018,283.8,21,12.9,19.9,0.0,0,0,Grand Yoff,Dakar,14.70614,-17.4644,3.7,0.26,692,53.7,3142,2.2,2,6.541029999189903,1,6.9273,1,0.2,False,True,False,False,False,False,False,True,False,False,False,False,False,True
Z0154,2019,607.1,46,35.3,72.6,0.0,0,0,Grand Yoff,Dakar,14.70614,-17.4644,3.7,0.26,692,53.7,3142,2.2,2,6.541029999189903,1,18.9561,1,0.2,False,True,False,False,False,False,False,True,False,False,False,False,False,True
Z0154,2020,682.4,51,52.9,72.4,0.0,0,0,Grand Yoff,Dakar,14.70614,-17.4644,3.7,0.26,692,53.7,3142,2.2,2,6.541029999189903,1,28.4073,1,0.2,False,True,False,False,False,False,False,True,False,False,False,False,False,True
Z0154,2021,405.3,26,38.1,67.0,0.0,1,0,Grand Yoff,Dakar,14.70614,-17.4644,3.7,0.26,692,53.7,3142,2.2,2,6.541029999189903,1,20.4597,1,0.2,False,True,False,False,False,False,False,True,False,False,False,False,False,True
Z0154,2022,561.3,39,29.0,58.0,0.0,1,0,Grand Yoff,Dakar,14.70614,-17.4644,3.7,0.26,692,53.7,3142,2.2,2,6.541029999189903,1,15.573000000000002,1,0.2,False,True,False,False,False,False,False,True,False,False,False,False,False,True
Z0154,2023,492.8,39,31.1,54.1,0.0,1,0,Grand Yoff,Dakar,14.70614,-17.4644,3.7,0.26,692,53.7,3142,2.2,2,6.541029999189903,1,16.7007,1,0.2,False,True,False,False,False,False,False,True,False,False,False,False,False,True
Z0154,2024,649.8,53,23.3,46.8,0.0,0,0,Grand Yoff,Dakar,14.70614,-17.4644,3.7,0.26,692,53.7,3142,2.2,2,6.541029999189903,1,12.5121,1,0.2,False,True,False,False,False,False,False,True,False,False,False,False,False,True
Z0155,2015,474.0,37,27.5,47.2,0.0,0,0,Grand Yoff,Dakar,14.7435,-17.4662,18.8,0.49,2224,39.6,2119,6.1,0,7.707512194600341,0,10.89,1,0.0,False,False,False,False,True,False,False,True,False,False,False,False,False,True
Z0155,2016,283.8,17,16.5,22.8,0.0,0,0,Grand Yoff,Dakar,14.7435,-17.4662,18.8,0.49,2224,39.6,2119,6.1,0,7.707512194600341,0,6.534,1,0.0,False,False,False,False,True,False,False,True,False,False,False,False,False,True
Z0155,2017,546.7,43,16.0,31.3,0.0,0,0,Grand Yoff,Dakar,14.7435,-17.4662,18.8,0.49,2224,39.6,2119,6.1,0,7.707512194600341,0,6.336,1,0.0,False,False,False,False,True,False,False,True,False,False,False,False,False,True
Z0155,2018,359.8,25,10.0,16.3,0.0,0,0,Grand Yoff,Dakar,14.7435,-17.4662,18.8,0.49,2224,39.6,2119,6.1,0,7.707512194600341,0,3.96,1,0.0,False,False,False,False,True,False,False,True,False,False,False,False,False,True
Z0155,2019,423.8,31,10.0,13.3,0.0,0,0,Grand Yoff,Dakar,14.7435,-17.4662,18.8,0.49,2224,39.6,2119,6.1,0,7.707512194600341,0,3.96,1,0.0,False,False,False,False,True,False,False,True,False,False,False,False,False,True
Z0155,2020,681.7,46,44.9,79.3,0.0,0,0,Grand Yoff,Dakar,14.7435,-17.4662,18.8,0.49,2224,39.6,2119,6.1,0,7.707512194600341,0,17.7804,1,0.0,False,False,False,False,True,False,False,True,False,False,False,False,False,True
Z0155,2021,387.4,30,10.4,12.7,0.0,0,0,Grand Yoff,Dakar,14.7435,-17.4662,18.8,0.49,2224,39.6,2119,6.1,0,7.707512194600341,0,4.1184,1,0.0,False,False,False,False,True,False,False,True,False,False,False,False,False,True
Z0155,2022,491.7,31,27.4,36.2,0.0,0,0,Grand Yoff,Dakar,14.7435,-17.4662,18.8,0.49,2224,39.6,2119,6.1,0,7.707512194600341,0,10.8504,1,0.0,False,False,False,False,True,False,False,True,False,False,False,False,False,True
Z0155,2023,268.1,21,11.1,14.7,0.0,0,0,Grand Yoff,Dakar,14.7435,-17.4662,18.8,0.49,2224,39.6,2119,6.1,0,7.707512194600341,0,4.3956,1,0.0,False,False,False,False,True,False,False,True,False,False,False,False,False,True
Z0155,2024,566.2,42,20.7,37.6,0.0,0,0,Grand Yoff,Dakar,14.7435,-17.4662,18.8,0.49,2224,39.6,2119,6.1,0,7.707512194600341,0,8.1972,1,0.0,False,False,False,False,True,False,False,True,False,False,False,False,False,True
Z0156,2015,346.3,24,12.2,21.4,0.0,0,0,Grand Yoff,Dakar,14.74519,-17.45574,9.3,0.12,2542,71.8,12980,2.7,2,7.841099765422119,1,8.759599999999999,1,0.2,False,False,False,False,True,False,True,False,False,False,False,False,False,True
Z0156,2016,338.3,22,10.0,14.7,0.0,0,0,Grand Yoff,Dakar,14.74519,-17.45574,9.3,0.12,2542,71.8,12980,2.7,2,7.841099765422119,1,7.18,1,0.2,False,False,False,False,True,False,True,False,False,False,False,False,False,True
Z0156,2017,441.1,28,21.1,36.7,0.0,1,0,Grand Yoff,Dakar,14.74519,-17.45574,9.3,0.12,2542,71.8,12980,2.7,2,7.841099765422119,1,15.1498,1,0.2,False,False,False,False,True,False,True,False,False,False,False,False,False,True
Z0156,2018,531.3,32,16.6,24.3,0.0,0,0,Grand Yoff,Dakar,14.74519,-17.45574,9.3,0.12,2542,71.8,12980,2.7,2,7.841099765422119,1,11.918800000000001,1,0.2,False,False,False,False,True,False,True,False,False,False,False,False,False,True
Z0156,2019,314.1,26,18.5,31.2,0.0,0,0,Grand Yoff,Dakar,14.74519,-17.45574,9.3,0.12,2542,71.8,12980,2.7,2,7.841099765422119,1,13.283,1,0.2,False,False,False,False,True,False,True,False,False,False,False,False,False,True
Z0156,2020,343.0,22,10.0,15.5,0.0,0,0,Grand Yoff,Dakar,14.74519,-17.45574,9.3,0.12,2542,71.8,12980,2.7,2,7.841099765422119,1,7.18,1,0.2,False,False,False,False,True,False,True,False,False,False,False,False,False,True
Z0156,2021,438.6,34,17.3,33.3,0.0,1,0,Grand Yoff,Dakar,14.74519,-17.45574,9.3,0.12,2542,71.8,12980,2.7,2,7.841099765422119,1,12.4214,1,0.2,False,False,False,False,True,False,True,False,False,False,False,False,False,True
Z0156,2022,495.6,35,36.4,73.8,0.0,0,0,Grand Yoff,Dakar,14.74519,-17.45574,9.3,0.12,2542,71.8,12980,2.7,2,7.841099765422119,1,26.1352,1,0.2,False,False,False,False,True,False,True,False,False,False,False,False,False,True
Z0156,2023,574.0,43,17.8,24.7,0.0,0,0,Grand Yoff,Dakar,14.74519,-17.45574,9.3,0.12,2542,71.8,12980,2.7,2,7.841099765422119,1,12.7804,1,0.2,False,False,False,False,True,False,True,False,False,False,False,False,False,True
Z0156,2024,536.4,31,23.5,29.6,0.0,0,0,Grand Yoff,Dakar,14.74519,-17.45574,9.3,0.12,2542,71.8,12980,2.7,2,7.841099765422119,1,16.873,1,0.2,False,False,False,False,True,False,True,False,False,False,False,False,False,True
Z0157,2015,324.7,19,12.2,21.5,0.0,0,0,Grand Yoff,Dakar,14.7282,-17.47032,6.4,1.31,2224,60.1,34964,2.5,2,7.707512194600341,1,7.3322,1,0.2,False,False,False,False,True,False,True,False,False,False,False,False,False,True
Z0157,2016,302.1,20,20.1,27.8,0.0,0,0,Grand Yoff,Dakar,14.7282,-17.47032,6.4,1.31,2224,60.1,34964,2.5,2,7.707512194600341,1,12.080100000000002,1,0.2,False,False,False,False,True,False,True,False,False,False,False,False,False,True
Z0157,2017,360.1,23,29.4,52.2,0.0,0,0,Grand Yoff,Dakar,14.7282,-17.47032,6.4,1.31,2224,60.1,34964,2.5,2,7.707512194600341,1,17.6694,1,0.2,False,False,False,False,True,False,True,False,False,False,False,False,False,True
Z0157,2018,445.7,38,35.6,69.7,0.0,0,0,Grand Yoff,Dakar,14.7282,-17.47032,6.4,1.31,2224,60.1,34964,2.5,2,7.707512194600341,1,21.395599999999998,1,0.2,False,False,False,False,True,False,True,False,False,False,False,False,False,True
Z0157,2019,495.9,34,33.1,60.3,0.0,1,0,Grand Yoff,Dakar,14.7282,-17.47032,6.4,1.31,2224,60.1,34964,2.5,2,7.707512194600341,1,19.8931,1,0.2,False,False,False,False,True,False,True,False,False,False,False,False,False,True
Z0157,2020,489.2,30,24.7,37.2,0.0,0,0,Grand Yoff,Dakar,14.7282,-17.47032,6.4,1.31,2224,60.1,34964,2.5,2,7.707512194600341,1,14.8447,1,0.2,False,False,False,False,True,False,True,False,False,False,False,False,False,True
Z0157,2021,241.5,14,10.0,14.7,0.0,0,0,Grand Yoff,Dakar,14.7282,-17.47032,6.4,1.31,2224,60.1,34964,2.5,2,7.707512194600341,1,6.01,1,0.2,False,False,False,False,True,False,True,False,False,False,False,False,False,True
Z0157,2022,617.5,47,30.4,55.8,0.0,0,0,Grand Yoff,Dakar,14.7282,-17.47032,6.4,1.31,2224,60.1,34964,2.5,2,7.707512194600341,1,18.2704,1,0.2,False,False,False,False,True,False,True,False,False,False,False,False,False,True
Z0157,2023,464.9,29,10.0,16.3,0.0,0,0,Grand Yoff,Dakar,14.7282,-17.47032,6.4,1.31,2224,60.1,34964,2.5,2,7.707512194600341,1,6.01,1,0.2,False,False,False,False,True,False,True,False,False,False,False,False,False,True
Z0157,2024,445.7,46,13.0,18.6,0.0,0,0,Grand Yoff,Dakar,14.7282,-17.47032,6.4,1.31,2224,60.1,34964,2.5,2,7.707512194600341,1,7.813000000000001,1,0.2,False,False,False,False,True,False,True,False,False,False,False,False,False,True
Z0158,2015,459.0,30,15.0,24.5,0.0,0,0,Parcelles Assainies,Dakar,14.76157,-17.42324,20.8,0.3,1237,2.8,286,8.0,0,7.121252453244542,0,0.42,0,0.0,False,True,False,False,False,False,False,False,True,False,True,False,False,False
Z0158,2016,517.5,37,26.4,32.9,0.0,0,0,Parcelles Assainies,Dakar,14.76157,-17.42324,20.8,0.3,1237,2.8,286,8.0,0,7.121252453244542,0,0.7391999999999999,0,0.0,False,True,False,False,False,False,False,False,True,False,True,False,False,False
Z0158,2017,389.4,24,23.1,28.8,0.0,0,0,Parcelles Assainies,Dakar,14.76157,-17.42324,20.8,0.3,1237,2.8,286,8.0,0,7.121252453244542,0,0.6468,0,0.0,False,True,False,False,False,False,False,False,True,False,True,False,False,False
Z0158,2018,442.3,31,31.4,62.1,0.0,0,0,Parcelles Assainies,Dakar,14.76157,-17.42324,20.8,0.3,1237,2.8,286,8.0,0,7.121252453244542,0,0.8791999999999999,0,0.0,False,True,False,False,False,False,False,False,True,False,True,False,False,False
Z0158,2019,329.4,12,10.0,13.9,0.0,0,0,Parcelles Assainies,Dakar,14.76157,-17.42324,20.8,0.3,1237,2.8,286,8.0,0,7.121252453244542,0,0.28,0,0.0,False,True,False,False,False,False,False,False,True,False,True,False,False,False
Z0158,2020,746.3,59,54.8,66.6,0.0,0,0,Parcelles Assainies,Dakar,14.76157,-17.42324,20.8,0.3,1237,2.8,286,8.0,0,7.121252453244542,0,1.5343999999999998,0,0.0,False,True,False,False,False,False,False,False,True,False,True,False,False,False
Z0158,2021,459.0,31,10.0,12.9,0.0,0,0,Parcelles Assainies,Dakar,14.76157,-17.42324,20.8,0.3,1237,2.8,286,8.0,0,7.121252453244542,0,0.28,0,0.0,False,True,False,False,False,False,False,False,True,False,True,False,False,False
Z0158,2022,538.5,36,36.4,53.8,0.0,0,0,Parcelles Assainies,Dakar,14.76157,-17.42324,20.8,0.3,1237,2.8,286,8.0,0,7.121252453244542,0,1.0191999999999999,0,0.0,False,True,False,False,False,False,False,False,True,False,True,False,False,False
Z0158,2023,320.9,27,10.0,19.1,0.0,0,0,Parcelles Assainies,Dakar,14.76157,-17.42324,20.8,0.3,1237,2.8,286,8.0,0,7.121252453244542,0,0.28,0,0.0,False,True,False,False,False,False,False,False,True,False,True,False,False,False
Z0158,2024,567.2,37,16.1,28.6,0.0,0,0,Parcelles Assainies,Dakar,14.76157,-17.42324,20.8,0.3,1237,2.8,286,8.0,0,7.121252453244542,0,0.4508,0,0.0,False,True,False,False,False,False,False,False,True,False,True,False,False,False
Z0159,2015,384.0,28,10.0,15.3,0.0,1,0,Parcelles Assainies,Dakar,14.76218,-17.44181,10.8,0.22,983,81.1,12347,5.6,1,6.891625897052253,1,8.11,1,0.1,False,False,False,True,False,False,True,False,False,False,False,False,False,True
Z0159,2016,292.2,18,14.6,27.3,0.0,0,0,Parcelles Assainies,Dakar,14.76218,-17.44181,10.8,0.22,983,81.1,12347,5.6,1,6.891625897052253,1,11.8406,1,0.1,False,False,False,True,False,False,True,False,False,False,False,False,False,True
Z0159,2017,355.3,25,10.0,14.7,0.0,0,0,Parcelles Assainies,Dakar,14.76218,-17.44181,10.8,0.22,983,81.1,12347,5.6,1,6.891625897052253,1,8.11,1,0.1,False,False,False,True,False,False,True,False,False,False,False,False,False,True
Z0159,2018,312.4,19,26.2,41.2,0.0,1,0,Parcelles Assainies,Dakar,14.76218,-17.44181,10.8,0.22,983,81.1,12347,5.6,1,6.891625897052253,1,21.248199999999997,1,0.1,False,False,False,True,False,False,True,False,False,False,False,False,False,True
Z0159,2019,516.4,30,30.7,64.1,0.0,0,0,Parcelles Assainies,Dakar,14.76218,-17.44181,10.8,0.22,983,81.1,12347,5.6,1,6.891625897052253,1,24.8977,1,0.1,False,False,False,True,False,False,True,False,False,False,False,False,False,True
Z0159,2020,545.0,34,10.0,19.0,0.0,0,0,Parcelles Assainies,Dakar,14.76218,-17.44181,10.8,0.22,983,81.1,12347,5.6,1,6.891625897052253,1,8.11,1,0.1,False,False,False,True,False,False,True,False,False,False,False,False,False,True
Z0159,2021,576.3,39,34.9,67.2,0.0,0,0,Parcelles Assainies,Dakar,14.76218,-17.44181,10.8,0.22,983,81.1,12347,5.6,1,6.891625897052253,1,28.3039,1,0.1,False,False,False,True,False,False,True,False,False,False,False,False,False,True
Z0159,2022,379.1,25,14.0,23.4,0.0,0,0,Parcelles Assainies,Dakar,14.76218,-17.44181,10.8,0.22,983,81.1,12347,5.6,1,6.891625897052253,1,11.354,1,0.1,False,False,False,True,False,False,True,False,False,False,False,False,False,True
Z0159,2023,384.0,44,37.5,53.3,0.0,0,0,Parcelles Assainies,Dakar,14.76218,-17.44181,10.8,0.22,983,81.1,12347,5.6,1,6.891625897052253,1,30.4125,1,0.1,False,False,False,True,False,False,True,False,False,False,False,False,False,True
Z0159,2024,685.7,39,14.6,29.9,0.0,0,0,Parcelles Assainies,Dakar,14.76218,-17.44181,10.8,0.22,983,81.1,12347,5.6,1,6.891625897052253,1,11.8406,1,0.1,False,False,False,True,False,False,True,False,False,False,False,False,False,True
Z0160,2015,562.8,43,12.7,20.6,0.0,1,0,Parcelles Assainies,Dakar,14.7896,-17.4278,10.4,0.06,993,93.6,26197,2.8,1,6.901737206656574,1,11.887199999999998,1,0.1,False,True,False,False,False,False,True,False,False,False,False,False,True,False
Z0160,2016,630.2,50,58.9,120.5,0.0,1,0,Parcelles Assainies,Dakar,14.7896,-17.4278,10.4,0.06,993,93.6,26197,2.8,1,6.901737206656574,1,55.1304,1,0.1,False,True,False,False,False,False,True,False,False,False,False,False,True,False
Z0160,2017,395.8,28,10.0,16.6,0.0,0,0,Parcelles Assainies,Dakar,14.7896,-17.4278,10.4,0.06,993,93.6,26197,2.8,1,6.901737206656574,1,9.36,1,0.1,False,True,False,False,False,False,True,False,False,False,False,False,True,False
Z0160,2018,495.4,32,36.2,49.5,0.0,0,0,Parcelles Assainies,Dakar,14.7896,-17.4278,10.4,0.06,993,93.6,26197,2.8,1,6.901737206656574,1,33.8832,1,0.1,False,True,False,False,False,False,True,False,False,False,False,False,True,False
Z0160,2019,347.3,23,11.7,24.9,0.0,0,0,Parcelles Assainies,Dakar,14.7896,-17.4278,10.4,0.06,993,93.6,26197,2.8,1,6.901737206656574,1,10.951199999999998,1,0.1,False,True,False,False,False,False,True,False,False,False,False,False,True,False
Z0160,2020,679.4,48,10.0,14.4,0.0,0,0,Parcelles Assainies,Dakar,14.7896,-17.4278,10.4,0.06,993,93.6,26197,2.8,1,6.901737206656574,1,9.36,1,0.1,False,True,False,False,False,False,True,False,False,False,False,False,True,False
Z0160,2021,442.2,33,10.0,12.4,0.0,0,0,Parcelles Assainies,Dakar,14.7896,-17.4278,10.4,0.06,993,93.6,26197,2.8,1,6.901737206656574,1,9.36,1,0.1,False,True,False,False,False,False,True,False,False,False,False,False,True,False
Z0160,2022,446.9,27,18.8,23.6,0.0,1,0,Parcelles Assainies,Dakar,14.7896,-17.4278,10.4,0.06,993,93.6,26197,2.8,1,6.901737206656574,1,17.5968,1,0.1,False,True,False,False,False,False,True,False,False,False,False,False,True,False
Z0160,2023,354.7,27,16.1,25.6,0.0,0,0,Parcelles Assainies,Dakar,14.7896,-17.4278,10.4,0.06,993,93.6,26197,2.8,1,6.901737206656574,1,15.069600000000001,1,0.1,False,True,False,False,False,False,True,False,False,False,False,False,True,False
Z0160,2024,395.6,21,13.0,26.4,0.0,0,0,Parcelles Assainies,Dakar,14.7896,-17.4278,10.4,0.06,993,93.6,26197,2.8,1,6.901737206656574,1,12.168,1,0.1,False,True,False,False,False,False,True,False,False,False,False,False,True,False
Z0161,2015,388.2,24,10.1,16.3,0.0,0,0,Parcelles Assainies,Dakar,14.76351,-17.41666,13.3,2.79,2660,87.6,10720,4.6,0,7.886457270977689,0,8.847599999999998,1,0.0,False,True,False,False,False,False,True,False,False,False,False,False,False,True
Z0161,2016,289.3,26,16.4,30.7,0.0,0,0,Parcelles Assainies,Dakar,14.76351,-17.41666,13.3,2.79,2660,87.6,10720,4.6,0,7.886457270977689,0,14.366399999999999,1,0.0,False,True,False,False,False,False,True,False,False,False,False,False,False,True
Z0161,2017,305.6,18,10.0,18.8,0.0,0,0,Parcelles Assainies,Dakar,14.76351,-17.41666,13.3,2.79,2660,87.6,10720,4.6,0,7.886457270977689,0,8.76,1,0.0,False,True,False,False,False,False,True,False,False,False,False,False,False,True
Z0161,2018,354.2,23,10.0,17.2,0.0,0,0,Parcelles Assainies,Dakar,14.76351,-17.41666,13.3,2.79,2660,87.6,10720,4.6,0,7.886457270977689,0,8.76,1,0.0,False,True,False,False,False,False,True,False,False,False,False,False,False,True
Z0161,2019,331.5,29,10.1,34.5,0.0,0,0,Parcelles Assainies,Dakar,14.76351,-17.41666,13.3,2.79,2660,87.6,10720,4.6,0,7.886457270977689,0,8.847599999999998,1,0.0,False,True,False,False,False,False,True,False,False,False,False,False,False,True
Z0161,2020,520.2,35,10.0,21.1,0.0,0,0,Parcelles Assainies,Dakar,14.76351,-17.41666,13.3,2.79,2660,87.6,10720,4.6,0,7.886457270977689,0,8.76,1,0.0,False,True,False,False,False,False,True,False,False,False,False,False,False,True
Z0161,2021,349.8,30,10.0,19.0,0.0,0,0,Parcelles Assainies,Dakar,14.76351,-17.41666,13.3,2.79,2660,87.6,10720,4.6,0,7.886457270977689,0,8.76,1,0.0,False,True,False,False,False,False,True,False,False,False,False,False,False,True
Z0161,2022,465.2,34,23.5,49.8,0.0,0,0,Parcelles Assainies,Dakar,14.76351,-17.41666,13.3,2.79,2660,87.6,10720,4.6,0,7.886457270977689,0,20.586,1,0.0,False,True,False,False,False,False,True,False,False,False,False,False,False,True
Z0161,2023,366.8,25,26.6,53.7,0.0,0,0,Parcelles Assainies,Dakar,14.76351,-17.41666,13.3,2.79,2660,87.6,10720,4.6,0,7.886457270977689,0,23.301599999999997,1,0.0,False,True,False,False,False,False,True,False,False,False,False,False,False,True
Z0161,2024,631.3,49,17.5,34.1,0.0,0,0,Parcelles Assainies,Dakar,14.76351,-17.41666,13.3,2.79,2660,87.6,10720,4.6,0,7.886457270977689,0,15.33,1,0.0,False,True,False,False,False,False,True,False,False,False,False,False,False,True
Z0162,2015,307.8,34,10.0,21.9,0.0,1,0,Parcelles Assainies,Dakar,14.75642,-17.43541,7.3,1.46,1831,4.9,111,4.2,0,7.513163545234075,1,0.49,0,0.0,False,True,False,False,False,True,False,False,False,False,True,False,False,False
Z0162,2016,395.1,21,29.0,61.3,0.0,0,0,Parcelles Assainies,Dakar,14.75642,-17.43541,7.3,1.46,1831,4.9,111,4.2,0,7.513163545234075,1,1.4210000000000003,0,0.0,False,True,False,False,False,True,False,False,False,False,True,False,False,False
Z0162,2017,426.9,28,11.3,14.4,0.0,0,0,Parcelles Assainies,Dakar,14.75642,-17.43541,7.3,1.46,1831,4.9,111,4.2,0,7.513163545234075,1,0.5537000000000001,0,0.0,False,True,False,False,False,True,False,False,False,False,True,False,False,False
Z0162,2018,395.1,21,18.3,39.9,0.0,0,0,Parcelles Assainies,Dakar,14.75642,-17.43541,7.3,1.46,1831,4.9,111,4.2,0,7.513163545234075,1,0.8967000000000002,0,0.0,False,True,False,False,False,True,False,False,False,False,True,False,False,False
Z0162,2019,290.8,12,10.0,18.7,0.0,0,0,Parcelles Assainies,Dakar,14.75642,-17.43541,7.3,1.46,1831,4.9,111,4.2,0,7.513163545234075,1,0.49,0,0.0,False,True,False,False,False,True,False,False,False,False,True,False,False,False
Z0162,2020,904.9,68,71.2,93.6,0.0,0,0,Parcelles Assainies,Dakar,14.75642,-17.43541,7.3,1.46,1831,4.9,111,4.2,0,7.513163545234075,1,3.4888000000000003,0,0.0,False,True,False,False,False,True,False,False,False,False,True,False,False,False
Z0162,2021,308.2,21,14.6,27.4,0.0,0,0,Parcelles Assainies,Dakar,14.75642,-17.43541,7.3,1.46,1831,4.9,111,4.2,0,7.513163545234075,1,0.7154,0,0.0,False,True,False,False,False,True,False,False,False,False,True,False,False,False
Z0162,2022,393.4,22,12.7,21.0,0.0,0,0,Parcelles Assainies,Dakar,14.75642,-17.43541,7.3,1.46,1831,4.9,111,4.2,0,7.513163545234075,1,0.6223000000000001,0,0.0,False,True,False,False,False,True,False,False,False,False,True,False,False,False
Z0162,2023,416.3,27,14.6,21.5,0.0,0,0,Parcelles Assainies,Dakar,14.75642,-17.43541,7.3,1.46,1831,4.9,111,4.2,0,7.513163545234075,1,0.7154,0,0.0,False,True,False,False,False,True,False,False,False,False,True,False,False,False
Z0162,2024,396.8,27,20.8,35.8,0.0,0,0,Parcelles Assainies,Dakar,14.75642,-17.43541,7.3,1.46,1831,4.9,111,4.2,0,7.513163545234075,1,1.0192,0,0.0,False,True,False,False,False,True,False,False,False,False,True,False,False,False
Z0163,2015,274.6,19,10.0,20.9,0.0,0,0,Parcelles Assainies,Dakar,14.75767,-17.45147,11.3,1.22,3217,2.7,276,3.9,0,8.076515327552329,1,0.27,2,0.0,False,False,False,False,True,False,False,False,True,False,False,True,False,False
Z0163,2016,517.5,35,27.9,59.5,0.0,0,0,Parcelles Assainies,Dakar,14.75767,-17.45147,11.3,1.22,3217,2.7,276,3.9,0,8.076515327552329,1,0.7533,2,0.0,False,False,False,False,True,False,False,False,True,False,False,True,False,False
Z0163,2017,518.5,44,16.7,30.5,0.0,0,0,Parcelles Assainies,Dakar,14.75767,-17.45147,11.3,1.22,3217,2.7,276,3.9,0,8.076515327552329,1,0.4509,2,0.0,False,False,False,False,True,False,False,False,True,False,False,True,False,False
Z0163,2018,462.9,33,21.0,41.0,0.0,0,0,Parcelles Assainies,Dakar,14.75767,-17.45147,11.3,1.22,3217,2.7,276,3.9,0,8.076515327552329,1,0.5670000000000001,2,0.0,False,False,False,False,True,False,False,False,True,False,False,True,False,False
Z0163,2019,396.4,18,18.8,27.8,0.0,0,0,Parcelles Assainies,Dakar,14.75767,-17.45147,11.3,1.22,3217,2.7,276,3.9,0,8.076515327552329,1,0.5076,2,0.0,False,False,False,False,True,False,False,False,True,False,False,True,False,False
Z0163,2020,499.9,36,54.4,118.8,0.0,0,0,Parcelles Assainies,Dakar,14.75767,-17.45147,11.3,1.22,3217,2.7,276,3.9,0,8.076515327552329,1,1.4687999999999999,2,0.0,False,False,False,False,True,False,False,False,True,False,False,True,False,False
Z0163,2021,499.9,21,19.8,35.3,0.0,0,0,Parcelles Assainies,Dakar,14.75767,-17.45147,11.3,1.22,3217,2.7,276,3.9,0,8.076515327552329,1,0.5346000000000001,2,0.0,False,False,False,False,True,False,False,False,True,False,False,True,False,False
Z0163,2022,561.6,36,44.5,57.1,0.0,0,0,Parcelles Assainies,Dakar,14.75767,-17.45147,11.3,1.22,3217,2.7,276,3.9,0,8.076515327552329,1,1.2015,2,0.0,False,False,False,False,True,False,False,False,True,False,False,True,False,False
Z0163,2023,449.3,34,14.4,24.2,0.0,0,0,Parcelles Assainies,Dakar,14.75767,-17.45147,11.3,1.22,3217,2.7,276,3.9,0,8.076515327552329,1,0.38880000000000003,2,0.0,False,False,False,False,True,False,False,False,True,False,False,True,False,False
Z0163,2024,521.9,38,25.3,34.8,0.0,0,0,Parcelles Assainies,Dakar,14.75767,-17.45147,11.3,1.22,3217,2.7,276,3.9,0,8.076515327552329,1,0.6831,2,0.0,False,False,False,False,True,False,False,False,True,False,False,True,False,False
Z0164,2015,515.2,33,20.9,40.6,0.0,0,0,Parcelles Assainies,Dakar,14.75308,-17.42966,15.8,4.06,1465,20.5,205,1.7,0,7.290292882446597,0,4.2844999999999995,1,0.0,False,False,True,False,False,False,False,False,False,True,False,False,False,True
Z0164,2016,286.1,17,10.0,12.6,0.0,0,0,Parcelles Assainies,Dakar,14.75308,-17.42966,15.8,4.06,1465,20.5,205,1.7,0,7.290292882446597,0,2.05,1,0.0,False,False,True,False,False,False,False,False,False,True,False,False,False,True
Z0164,2017,307.0,24,10.0,16.5,0.0,0,0,Parcelles Assainies,Dakar,14.75308,-17.42966,15.8,4.06,1465,20.5,205,1.7,0,7.290292882446597,0,2.05,1,0.0,False,False,True,False,False,False,False,False,False,True,False,False,False,True
Z0164,2018,346.2,29,18.0,23.9,0.0,0,0,Parcelles Assainies,Dakar,14.75308,-17.42966,15.8,4.06,1465,20.5,205,1.7,0,7.290292882446597,0,3.69,1,0.0,False,False,True,False,False,False,False,False,False,True,False,False,False,True
Z0164,2019,320.1,17,10.0,18.6,0.0,0,0,Parcelles Assainies,Dakar,14.75308,-17.42966,15.8,4.06,1465,20.5,205,1.7,0,7.290292882446597,0,2.05,1,0.0,False,False,True,False,False,False,False,False,False,True,False,False,False,True
Z0164,2020,534.9,37,14.8,28.1,0.0,0,0,Parcelles Assainies,Dakar,14.75308,-17.42966,15.8,4.06,1465,20.5,205,1.7,0,7.290292882446597,0,3.0340000000000003,1,0.0,False,False,True,False,False,False,False,False,False,True,False,False,False,True
Z0164,2021,327.1,18,23.6,37.4,0.0,0,0,Parcelles Assainies,Dakar,14.75308,-17.42966,15.8,4.06,1465,20.5,205,1.7,0,7.290292882446597,0,4.838,1,0.0,False,False,True,False,False,False,False,False,False,True,False,False,False,True
Z0164,2022,580.4,42,35.3,75.9,0.0,0,0,Parcelles Assainies,Dakar,14.75308,-17.42966,15.8,4.06,1465,20.5,205,1.7,0,7.290292882446597,0,7.2364999999999995,1,0.0,False,False,True,False,False,False,False,False,False,True,False,False,False,True
Z0164,2023,245.4,19,25.0,42.7,0.0,0,0,Parcelles Assainies,Dakar,14.75308,-17.42966,15.8,4.06,1465,20.5,205,1.7,0,7.290292882446597,0,5.125,1,0.0,False,False,True,False,False,False,False,False,False,True,False,False,False,True
Z0164,2024,426.0,25,12.7,26.4,0.0,0,0,Parcelles Assainies,Dakar,14.75308,-17.42966,15.8,4.06,1465,20.5,205,1.7,0,7.290292882446597,0,2.6034999999999995,1,0.0,False,False,True,False,False,False,False,False,False,True,False,False,False,True
Z0165,2015,229.6,19,10.0,13.6,0.0,0,0,Parcelles Assainies,Dakar,14.77052,-17.44417,3.2,1.39,579,15.2,363,2.8,0,6.363028103540465,1,1.52,2,0.0,True,False,False,False,False,False,False,False,True,False,False,True,False,False
Z0165,2016,470.9,32,10.0,13.2,0.0,0,0,Parcelles Assainies,Dakar,14.77052,-17.44417,3.2,1.39,579,15.2,363,2.8,0,6.363028103540465,1,1.52,2,0.0,True,False,False,False,False,False,False,False,True,False,False,True,False,False
Z0165,2017,380.8,26,10.0,15.3,0.0,0,0,Parcelles Assainies,Dakar,14.77052,-17.44417,3.2,1.39,579,15.2,363,2.8,0,6.363028103540465,1,1.52,2,0.0,True,False,False,False,False,False,False,False,True,False,False,True,False,False
Z0165,2018,500.1,29,10.0,21.6,0.0,0,0,Parcelles Assainies,Dakar,14.77052,-17.44417,3.2,1.39,579,15.2,363,2.8,0,6.363028103540465,1,1.52,2,0.0,True,False,False,False,False,False,False,False,True,False,False,True,False,False
Z0165,2019,294.7,23,11.4,18.3,0.0,0,0,Parcelles Assainies,Dakar,14.77052,-17.44417,3.2,1.39,579,15.2,363,2.8,0,6.363028103540465,1,1.7328000000000001,2,0.0,True,False,False,False,False,False,False,False,True,False,False,True,False,False
Z0165,2020,518.2,37,11.4,42.1,0.0,0,0,Parcelles Assainies,Dakar,14.77052,-17.44417,3.2,1.39,579,15.2,363,2.8,0,6.363028103540465,1,1.7328000000000001,2,0.0,True,False,False,False,False,False,False,False,True,False,False,True,False,False
Z0165,2021,500.1,37,44.9,94.7,0.0,0,0,Parcelles Assainies,Dakar,14.77052,-17.44417,3.2,1.39,579,15.2,363,2.8,0,6.363028103540465,1,6.824799999999999,2,0.0,True,False,False,False,False,False,False,False,True,False,False,True,False,False
Z0165,2022,491.4,32,14.7,21.8,0.0,1,0,Parcelles Assainies,Dakar,14.77052,-17.44417,3.2,1.39,579,15.2,363,2.8,0,6.363028103540465,1,2.2343999999999995,2,0.0,True,False,False,False,False,False,False,False,True,False,False,True,False,False
Z0165,2023,321.1,28,19.6,23.8,0.0,0,0,Parcelles Assainies,Dakar,14.77052,-17.44417,3.2,1.39,579,15.2,363,2.8,0,6.363028103540465,1,2.9792,2,0.0,True,False,False,False,False,False,False,False,True,False,False,True,False,False
Z0165,2024,441.5,27,13.3,21.0,0.0,0,0,Parcelles Assainies,Dakar,14.77052,-17.44417,3.2,1.39,579,15.2,363,2.8,0,6.363028103540465,1,2.0216,2,0.0,True,False,False,False,False,False,False,False,True,False,False,True,False,False
Z0166,2015,355.9,23,10.0,15.2,0.0,0,0,Parcelles Assainies,Dakar,14.77096,-17.46583,12.0,0.22,653,82.0,21914,5.0,1,6.483107351457199,0,8.2,0,0.1,False,True,False,False,False,False,True,False,False,False,True,False,False,False
Z0166,2016,683.1,49,48.9,101.3,0.0,1,0,Parcelles Assainies,Dakar,14.77096,-17.46583,12.0,0.22,653,82.0,21914,5.0,1,6.483107351457199,0,40.098,0,0.1,False,True,False,False,False,False,True,False,False,False,True,False,False,False
Z0166,2017,481.4,39,10.0,20.5,0.0,0,0,Parcelles Assainies,Dakar,14.77096,-17.46583,12.0,0.22,653,82.0,21914,5.0,1,6.483107351457199,0,8.2,0,0.1,False,True,False,False,False,False,True,False,False,False,True,False,False,False
Z0166,2018,561.1,42,42.0,62.1,0.0,0,0,Parcelles Assainies,Dakar,14.77096,-17.46583,12.0,0.22,653,82.0,21914,5.0,1,6.483107351457199,0,34.44,0,0.1,False,True,False,False,False,False,True,False,False,False,True,False,False,False
Z0166,2019,502.3,33,37.9,63.1,0.0,0,0,Parcelles Assainies,Dakar,14.77096,-17.46583,12.0,0.22,653,82.0,21914,5.0,1,6.483107351457199,0,31.077999999999996,0,0.1,False,True,False,False,False,False,True,False,False,False,True,False,False,False
Z0166,2020,440.7,26,35.5,68.0,0.0,0,0,Parcelles Assainies,Dakar,14.77096,-17.46583,12.0,0.22,653,82.0,21914,5.0,1,6.483107351457199,0,29.11,0,0.1,False,True,False,False,False,False,True,False,False,False,True,False,False,False
Z0166,2021,358.1,28,12.7,20.7,0.0,0,0,Parcelles Assainies,Dakar,14.77096,-17.46583,12.0,0.22,653,82.0,21914,5.0,1,6.483107351457199,0,10.413999999999998,0,0.1,False,True,False,False,False,False,True,False,False,False,True,False,False,False
Z0166,2022,465.6,35,21.0,25.6,0.0,0,0,Parcelles Assainies,Dakar,14.77096,-17.46583,12.0,0.22,653,82.0,21914,5.0,1,6.483107351457199,0,17.22,0,0.1,False,True,False,False,False,False,True,False,False,False,True,False,False,False
Z0166,2023,364.9,35,20.0,28.9,0.0,0,0,Parcelles Assainies,Dakar,14.77096,-17.46583,12.0,0.22,653,82.0,21914,5.0,1,6.483107351457199,0,16.4,0,0.1,False,True,False,False,False,False,True,False,False,False,True,False,False,False
Z0166,2024,659.6,47,45.0,70.7,0.0,1,0,Parcelles Assainies,Dakar,14.77096,-17.46583,12.0,0.22,653,82.0,21914,5.0,1,6.483107351457199,0,36.9,0,0.1,False,True,False,False,False,False,True,False,False,False,True,False,False,False
Z0167,2015,403.3,20,16.1,27.1,0.0,0,0,Parcelles Assainies,Dakar,14.78546,-17.41686,11.8,0.77,2373,42.4,9156,2.6,0,7.772331575169614,0,6.8264,2,0.0,False,True,False,False,False,False,False,True,False,False,False,True,False,False
Z0167,2016,472.0,41,11.2,19.6,0.0,0,0,Parcelles Assainies,Dakar,14.78546,-17.41686,11.8,0.77,2373,42.4,9156,2.6,0,7.772331575169614,0,4.748799999999999,2,0.0,False,True,False,False,False,False,False,True,False,False,False,True,False,False
Z0167,2017,573.6,48,47.6,81.0,0.0,0,0,Parcelles Assainies,Dakar,14.78546,-17.41686,11.8,0.77,2373,42.4,9156,2.6,0,7.772331575169614,0,20.1824,2,0.0,False,True,False,False,False,False,False,True,False,False,False,True,False,False
Z0167,2018,301.2,19,17.6,29.2,0.0,0,0,Parcelles Assainies,Dakar,14.78546,-17.41686,11.8,0.77,2373,42.4,9156,2.6,0,7.772331575169614,0,7.4624,2,0.0,False,True,False,False,False,False,False,True,False,False,False,True,False,False
Z0167,2019,496.4,35,39.2,84.8,0.0,0,0,Parcelles Assainies,Dakar,14.78546,-17.41686,11.8,0.77,2373,42.4,9156,2.6,0,7.772331575169614,0,16.620800000000003,2,0.0,False,True,False,False,False,False,False,True,False,False,False,True,False,False
Z0167,2020,788.0,61,36.5,79.2,0.0,0,0,Parcelles Assainies,Dakar,14.78546,-17.41686,11.8,0.77,2373,42.4,9156,2.6,0,7.772331575169614,0,15.475999999999999,2,0.0,False,True,False,False,False,False,False,True,False,False,False,True,False,False
Z0167,2021,468.2,39,38.8,66.4,0.0,0,0,Parcelles Assainies,Dakar,14.78546,-17.41686,11.8,0.77,2373,42.4,9156,2.6,0,7.772331575169614,0,16.4512,2,0.0,False,True,False,False,False,False,False,True,False,False,False,True,False,False
Z0167,2022,517.7,34,15.1,25.8,0.0,0,0,Parcelles Assainies,Dakar,14.78546,-17.41686,11.8,0.77,2373,42.4,9156,2.6,0,7.772331575169614,0,6.4024,2,0.0,False,True,False,False,False,False,False,True,False,False,False,True,False,False
Z0167,2023,328.9,20,28.4,50.2,0.0,0,0,Parcelles Assainies,Dakar,14.78546,-17.41686,11.8,0.77,2373,42.4,9156,2.6,0,7.772331575169614,0,12.041599999999999,2,0.0,False,True,False,False,False,False,False,True,False,False,False,True,False,False
Z0167,2024,523.2,45,64.5,133.2,0.0,0,0,Parcelles Assainies,Dakar,14.78546,-17.41686,11.8,0.77,2373,42.4,9156,2.6,0,7.772331575169614,0,27.348,2,0.0,False,True,False,False,False,False,False,True,False,False,False,True,False,False
Z0168,2015,323.2,24,16.5,22.4,0.0,0,0,Parcelles Assainies,Dakar,14.76255,-17.45381,20.2,0.07,1168,86.7,21481,4.1,1,7.063903961472068,0,14.3055,2,0.1,False,False,True,False,False,False,True,False,False,False,False,True,False,False
Z0168,2016,358.9,28,13.7,22.2,0.0,0,0,Parcelles Assainies,Dakar,14.76255,-17.45381,20.2,0.07,1168,86.7,21481,4.1,1,7.063903961472068,0,11.8779,2,0.1,False,False,True,False,False,False,True,False,False,False,False,True,False,False
Z0168,2017,526.4,38,14.8,23.4,0.0,0,0,Parcelles Assainies,Dakar,14.76255,-17.45381,20.2,0.07,1168,86.7,21481,4.1,1,7.063903961472068,0,12.831600000000002,2,0.1,False,False,True,False,False,False,True,False,False,False,False,True,False,False
Z0168,2018,367.3,23,16.7,23.0,0.0,0,0,Parcelles Assainies,Dakar,14.76255,-17.45381,20.2,0.07,1168,86.7,21481,4.1,1,7.063903961472068,0,14.4789,2,0.1,False,False,True,False,False,False,True,False,False,False,False,True,False,False
Z0168,2019,317.4,23,11.8,17.3,0.0,0,0,Parcelles Assainies,Dakar,14.76255,-17.45381,20.2,0.07,1168,86.7,21481,4.1,1,7.063903961472068,0,10.2306,2,0.1,False,False,True,False,False,False,True,False,False,False,False,True,False,False
Z0168,2020,706.7,50,32.6,41.0,0.0,0,0,Parcelles Assainies,Dakar,14.76255,-17.45381,20.2,0.07,1168,86.7,21481,4.1,1,7.063903961472068,0,28.264200000000002,2,0.1,False,False,True,False,False,False,True,False,False,False,False,True,False,False
Z0168,2021,377.0,22,27.7,35.1,0.0,0,0,Parcelles Assainies,Dakar,14.76255,-17.45381,20.2,0.07,1168,86.7,21481,4.1,1,7.063903961472068,0,24.015900000000002,2,0.1,False,False,True,False,False,False,True,False,False,False,False,True,False,False
Z0168,2022,521.4,32,10.0,16.9,0.0,0,0,Parcelles Assainies,Dakar,14.76255,-17.45381,20.2,0.07,1168,86.7,21481,4.1,1,7.063903961472068,0,8.67,2,0.1,False,False,True,False,False,False,True,False,False,False,False,True,False,False
Z0168,2023,449.6,33,14.8,77.7,0.0,0,0,Parcelles Assainies,Dakar,14.76255,-17.45381,20.2,0.07,1168,86.7,21481,4.1,1,7.063903961472068,0,12.831600000000002,2,0.1,False,False,True,False,False,False,True,False,False,False,False,True,False,False
Z0168,2024,329.7,24,10.0,21.3,0.0,1,0,Parcelles Assainies,Dakar,14.76255,-17.45381,20.2,0.07,1168,86.7,21481,4.1,1,7.063903961472068,0,8.67,2,0.1,False,False,True,False,False,False,True,False,False,False,False,True,False,False
Z0169,2015,372.9,33,30.2,43.5,0.0,0,0,Ouakam,Dakar,14.71628,-17.48794,23.4,3.05,2625,41.1,7508,4.4,0,7.873217054862741,0,12.4122,0,0.0,True,False,False,False,False,False,False,True,False,False,True,False,False,False
Z0169,2016,228.7,12,10.0,18.4,0.0,0,0,Ouakam,Dakar,14.71628,-17.48794,23.4,3.05,2625,41.1,7508,4.4,0,7.873217054862741,0,4.11,0,0.0,True,False,False,False,False,False,False,True,False,False,True,False,False,False
Z0169,2017,355.4,31,25.0,30.5,0.0,0,0,Ouakam,Dakar,14.71628,-17.48794,23.4,3.05,2625,41.1,7508,4.4,0,7.873217054862741,0,10.275,0,0.0,True,False,False,False,False,False,False,True,False,False,True,False,False,False
Z0169,2018,407.3,25,20.0,41.7,0.0,0,0,Ouakam,Dakar,14.71628,-17.48794,23.4,3.05,2625,41.1,7508,4.4,0,7.873217054862741,0,8.22,0,0.0,True,False,False,False,False,False,False,True,False,False,True,False,False,False
Z0169,2019,358.2,25,15.1,25.3,0.0,0,0,Ouakam,Dakar,14.71628,-17.48794,23.4,3.05,2625,41.1,7508,4.4,0,7.873217054862741,0,6.2061,0,0.0,True,False,False,False,False,False,False,True,False,False,True,False,False,False
Z0169,2020,400.1,26,21.2,36.9,0.0,0,0,Ouakam,Dakar,14.71628,-17.48794,23.4,3.05,2625,41.1,7508,4.4,0,7.873217054862741,0,8.7132,0,0.0,True,False,False,False,False,False,False,True,False,False,True,False,False,False
Z0169,2021,523.6,39,52.0,83.1,0.0,0,0,Ouakam,Dakar,14.71628,-17.48794,23.4,3.05,2625,41.1,7508,4.4,0,7.873217054862741,0,21.372000000000003,0,0.0,True,False,False,False,False,False,False,True,False,False,True,False,False,False
Z0169,2022,727.6,52,89.1,113.9,0.0,0,0,Ouakam,Dakar,14.71628,-17.48794,23.4,3.05,2625,41.1,7508,4.4,0,7.873217054862741,0,36.6201,0,0.0,True,False,False,False,False,False,False,True,False,False,True,False,False,False
Z0169,2023,366.7,25,13.6,25.3,0.0,0,0,Ouakam,Dakar,14.71628,-17.48794,23.4,3.05,2625,41.1,7508,4.4,0,7.873217054862741,0,5.589600000000001,0,0.0,True,False,False,False,False,False,False,True,False,False,True,False,False,False
Z0169,2024,498.1,37,19.9,34.6,0.0,0,0,Ouakam,Dakar,14.71628,-17.48794,23.4,3.05,2625,41.1,7508,4.4,0,7.873217054862741,0,8.1789,0,0.0,True,False,False,False,False,False,False,True,False,False,True,False,False,False
Z0170,2015,367.3,30,10.0,21.4,0.0,0,0,Ouakam,Dakar,14.69987,-17.49436,34.4,0.69,418,14.2,200,7.8,0,6.037870919922137,0,1.42,2,0.0,False,False,False,True,False,True,False,False,False,False,False,True,False,False
Z0170,2016,375.9,22,10.0,20.8,0.0,0,0,Ouakam,Dakar,14.69987,-17.49436,34.4,0.69,418,14.2,200,7.8,0,6.037870919922137,0,1.42,2,0.0,False,False,False,True,False,True,False,False,False,False,False,True,False,False
Z0170,2017,348.4,20,23.8,24.0,0.0,0,0,Ouakam,Dakar,14.69987,-17.49436,34.4,0.69,418,14.2,200,7.8,0,6.037870919922137,0,3.3796,2,0.0,False,False,False,True,False,True,False,False,False,False,False,True,False,False
Z0170,2018,331.3,16,37.0,74.8,0.0,0,0,Ouakam,Dakar,14.69987,-17.49436,34.4,0.69,418,14.2,200,7.8,0,6.037870919922137,0,5.254,2,0.0,False,False,False,True,False,True,False,False,False,False,False,True,False,False
Z0170,2019,510.2,34,61.1,118.1,0.0,0,0,Ouakam,Dakar,14.69987,-17.49436,34.4,0.69,418,14.2,200,7.8,0,6.037870919922137,0,8.6762,2,0.0,False,False,False,True,False,True,False,False,False,False,False,True,False,False
Z0170,2020,424.9,30,23.8,31.4,0.0,0,0,Ouakam,Dakar,14.69987,-17.49436,34.4,0.69,418,14.2,200,7.8,0,6.037870919922137,0,3.3796,2,0.0,False,False,False,True,False,True,False,False,False,False,False,True,False,False
Z0170,2021,470.7,28,14.2,24.0,0.0,0,0,Ouakam,Dakar,14.69987,-17.49436,34.4,0.69,418,14.2,200,7.8,0,6.037870919922137,0,2.0164,2,0.0,False,False,False,True,False,True,False,False,False,False,False,True,False,False
Z0170,2022,419.4,26,11.3,18.0,0.0,0,0,Ouakam,Dakar,14.69987,-17.49436,34.4,0.69,418,14.2,200,7.8,0,6.037870919922137,0,1.6046,2,0.0,False,False,False,True,False,True,False,False,False,False,False,True,False,False
Z0170,2023,344.1,25,35.1,71.7,0.0,0,0,Ouakam,Dakar,14.69987,-17.49436,34.4,0.69,418,14.2,200,7.8,0,6.037870919922137,0,4.9842,2,0.0,False,False,False,True,False,True,False,False,False,False,False,True,False,False
Z0170,2024,661.8,47,43.3,93.8,0.0,0,0,Ouakam,Dakar,14.69987,-17.49436,34.4,0.69,418,14.2,200,7.8,0,6.037870919922137,0,6.148599999999999,2,0.0,False,False,False,True,False,True,False,False,False,False,False,True,False,False
Z0171,2015,544.4,36,24.6,48.8,0.0,0,0,Ouakam,Dakar,14.73221,-17.47891,23.1,0.12,3172,91.4,7274,7.7,0,8.062432791583195,0,22.4844,1,0.0,False,False,True,False,False,False,True,False,False,False,False,False,True,False
Z0171,2016,426.2,31,17.3,22.0,0.0,0,0,Ouakam,Dakar,14.73221,-17.47891,23.1,0.12,3172,91.4,7274,7.7,0,8.062432791583195,0,15.812200000000002,1,0.0,False,False,True,False,False,False,True,False,False,False,False,False,True,False
Z0171,2017,297.8,26,23.3,32.3,0.0,0,0,Ouakam,Dakar,14.73221,-17.47891,23.1,0.12,3172,91.4,7274,7.7,0,8.062432791583195,0,21.296200000000002,1,0.0,False,False,True,False,False,False,True,False,False,False,False,False,True,False
Z0171,2018,472.9,37,39.9,76.8,0.0,0,0,Ouakam,Dakar,14.73221,-17.47891,23.1,0.12,3172,91.4,7274,7.7,0,8.062432791583195,0,36.4686,1,0.0,False,False,True,False,False,False,True,False,False,False,False,False,True,False
Z0171,2019,258.2,19,29.8,42.4,0.0,0,0,Ouakam,Dakar,14.73221,-17.47891,23.1,0.12,3172,91.4,7274,7.7,0,8.062432791583195,0,27.2372,1,0.0,False,False,True,False,False,False,True,False,False,False,False,False,True,False
Z0171,2020,443.6,33,10.4,20.5,0.0,0,0,Ouakam,Dakar,14.73221,-17.47891,23.1,0.12,3172,91.4,7274,7.7,0,8.062432791583195,0,9.505600000000001,1,0.0,False,False,True,False,False,False,True,False,False,False,False,False,True,False
Z0171,2021,240.7,17,10.0,14.4,0.0,0,0,Ouakam,Dakar,14.73221,-17.47891,23.1,0.12,3172,91.4,7274,7.7,0,8.062432791583195,0,9.14,1,0.0,False,False,True,False,False,False,True,False,False,False,False,False,True,False
Z0171,2022,567.8,38,84.8,168.9,0.0,0,0,Ouakam,Dakar,14.73221,-17.47891,23.1,0.12,3172,91.4,7274,7.7,0,8.062432791583195,0,77.5072,1,0.0,False,False,True,False,False,False,True,False,False,False,False,False,True,False
Z0171,2023,322.8,24,23.3,24.7,0.0,0,0,Ouakam,Dakar,14.73221,-17.47891,23.1,0.12,3172,91.4,7274,7.7,0,8.062432791583195,0,21.296200000000002,1,0.0,False,False,True,False,False,False,True,False,False,False,False,False,True,False
Z0171,2024,345.6,23,11.4,16.4,0.0,0,0,Ouakam,Dakar,14.73221,-17.47891,23.1,0.12,3172,91.4,7274,7.7,0,8.062432791583195,0,10.4196,1,0.0,False,False,True,False,False,False,True,False,False,False,False,False,True,False
Z0172,2015,462.4,29,11.4,16.8,0.0,0,0,Ouakam,Dakar,14.72291,-17.506,43.1,3.99,2016,63.1,30098,8.9,0,7.6093665379542115,0,7.1934000000000005,1,0.0,False,False,True,False,False,False,True,False,False,False,False,False,False,True
Z0172,2016,420.1,35,16.7,26.6,0.0,0,0,Ouakam,Dakar,14.72291,-17.506,43.1,3.99,2016,63.1,30098,8.9,0,7.6093665379542115,0,10.5377,1,0.0,False,False,True,False,False,False,True,False,False,False,False,False,False,True
Z0172,2017,565.0,36,29.3,53.4,0.0,0,0,Ouakam,Dakar,14.72291,-17.506,43.1,3.99,2016,63.1,30098,8.9,0,7.6093665379542115,0,18.488300000000002,1,0.0,False,False,True,False,False,False,True,False,False,False,False,False,False,True
Z0172,2018,436.1,31,15.6,26.9,0.0,0,0,Ouakam,Dakar,14.72291,-17.506,43.1,3.99,2016,63.1,30098,8.9,0,7.6093665379542115,0,9.8436,1,0.0,False,False,True,False,False,False,True,False,False,False,False,False,False,True
Z0172,2019,447.6,28,12.4,15.2,0.0,0,0,Ouakam,Dakar,14.72291,-17.506,43.1,3.99,2016,63.1,30098,8.9,0,7.6093665379542115,0,7.824400000000001,1,0.0,False,False,True,False,False,False,True,False,False,False,False,False,False,True
Z0172,2020,499.3,32,13.7,20.6,0.0,0,0,Ouakam,Dakar,14.72291,-17.506,43.1,3.99,2016,63.1,30098,8.9,0,7.6093665379542115,0,8.6447,1,0.0,False,False,True,False,False,False,True,False,False,False,False,False,False,True
Z0172,2021,503.1,29,47.2,67.0,0.0,0,0,Ouakam,Dakar,14.72291,-17.506,43.1,3.99,2016,63.1,30098,8.9,0,7.6093665379542115,0,29.7832,1,0.0,False,False,True,False,False,False,True,False,False,False,False,False,False,True
Z0172,2022,462.4,38,21.9,38.7,0.0,0,0,Ouakam,Dakar,14.72291,-17.506,43.1,3.99,2016,63.1,30098,8.9,0,7.6093665379542115,0,13.8189,1,0.0,False,False,True,False,False,False,True,False,False,False,False,False,False,True
Z0172,2023,391.1,18,15.6,14.6,0.0,0,0,Ouakam,Dakar,14.72291,-17.506,43.1,3.99,2016,63.1,30098,8.9,0,7.6093665379542115,0,9.8436,1,0.0,False,False,True,False,False,False,True,False,False,False,False,False,False,True
Z0172,2024,496.2,29,12.7,18.8,0.0,0,0,Ouakam,Dakar,14.72291,-17.506,43.1,3.99,2016,63.1,30098,8.9,0,7.6093665379542115,0,8.0137,1,0.0,False,False,True,False,False,False,True,False,False,False,False,False,False,True
Z0173,2015,833.0,63,13.1,18.5,0.0,0,0,Ouakam,Dakar,14.71328,-17.49431,22.8,1.04,2984,80.1,6138,5.4,0,8.001355025826703,1,10.4931,1,0.0,False,True,False,False,False,False,True,False,False,False,False,False,False,True
Z0173,2016,297.6,19,12.1,26.0,0.0,0,0,Ouakam,Dakar,14.71328,-17.49431,22.8,1.04,2984,80.1,6138,5.4,0,8.001355025826703,1,9.6921,1,0.0,False,True,False,False,False,False,True,False,False,False,False,False,False,True
Z0173,2017,293.8,21,15.7,25.9,0.0,0,0,Ouakam,Dakar,14.71328,-17.49431,22.8,1.04,2984,80.1,6138,5.4,0,8.001355025826703,1,12.5757,1,0.0,False,True,False,False,False,False,True,False,False,False,False,False,False,True
Z0173,2018,349.1,24,23.8,40.0,0.0,0,0,Ouakam,Dakar,14.71328,-17.49431,22.8,1.04,2984,80.1,6138,5.4,0,8.001355025826703,1,19.0638,1,0.0,False,True,False,False,False,False,True,False,False,False,False,False,False,True
Z0173,2019,415.5,33,10.0,12.9,0.0,0,0,Ouakam,Dakar,14.71328,-17.49431,22.8,1.04,2984,80.1,6138,5.4,0,8.001355025826703,1,8.01,1,0.0,False,True,False,False,False,False,True,False,False,False,False,False,False,True
Z0173,2020,584.1,47,78.7,124.5,0.0,1,0,Ouakam,Dakar,14.71328,-17.49431,22.8,1.04,2984,80.1,6138,5.4,0,8.001355025826703,1,63.0387,1,0.0,False,True,False,False,False,False,True,False,False,False,False,False,False,True
Z0173,2021,415.5,24,10.0,20.6,0.0,0,0,Ouakam,Dakar,14.71328,-17.49431,22.8,1.04,2984,80.1,6138,5.4,0,8.001355025826703,1,8.01,1,0.0,False,True,False,False,False,False,True,False,False,False,False,False,False,True
Z0173,2022,576.4,39,63.9,103.5,0.0,0,0,Ouakam,Dakar,14.71328,-17.49431,22.8,1.04,2984,80.1,6138,5.4,0,8.001355025826703,1,51.183899999999994,1,0.0,False,True,False,False,False,False,True,False,False,False,False,False,False,True
Z0173,2023,402.8,29,24.3,30.8,0.0,0,0,Ouakam,Dakar,14.71328,-17.49431,22.8,1.04,2984,80.1,6138,5.4,0,8.001355025826703,1,19.464299999999998,1,0.0,False,True,False,False,False,False,True,False,False,False,False,False,False,True
Z0173,2024,422.6,25,60.3,131.1,0.0,0,0,Ouakam,Dakar,14.71328,-17.49431,22.8,1.04,2984,80.1,6138,5.4,0,8.001355025826703,1,48.3003,1,0.0,False,True,False,False,False,False,True,False,False,False,False,False,False,True
Z0174,2015,358.1,22,10.7,16.6,0.0,0,0,Ouakam,Dakar,14.73839,-17.49537,27.2,0.53,2818,41.4,192,1.0,2,7.9441374911141125,0,4.429799999999999,1,0.2,False,False,True,False,False,False,False,False,False,True,False,False,False,True
Z0174,2016,373.8,23,19.6,24.6,0.0,0,0,Ouakam,Dakar,14.73839,-17.49537,27.2,0.53,2818,41.4,192,1.0,2,7.9441374911141125,0,8.1144,1,0.2,False,False,True,False,False,False,False,False,False,True,False,False,False,True
Z0174,2017,606.7,41,26.5,50.6,0.0,0,0,Ouakam,Dakar,14.73839,-17.49537,27.2,0.53,2818,41.4,192,1.0,2,7.9441374911141125,0,10.970999999999998,1,0.2,False,False,True,False,False,False,False,False,False,True,False,False,False,True
Z0174,2018,457.0,26,10.0,15.9,0.0,0,0,Ouakam,Dakar,14.73839,-17.49537,27.2,0.53,2818,41.4,192,1.0,2,7.9441374911141125,0,4.14,1,0.2,False,False,True,False,False,False,False,False,False,True,False,False,False,True
Z0174,2019,381.3,20,18.3,36.7,0.0,0,0,Ouakam,Dakar,14.73839,-17.49537,27.2,0.53,2818,41.4,192,1.0,2,7.9441374911141125,0,7.5762,1,0.2,False,False,True,False,False,False,False,False,False,True,False,False,False,True
Z0174,2020,554.6,31,36.4,69.1,0.0,0,0,Ouakam,Dakar,14.73839,-17.49537,27.2,0.53,2818,41.4,192,1.0,2,7.9441374911141125,0,15.069599999999998,1,0.2,False,False,True,False,False,False,False,False,False,True,False,False,False,True
Z0174,2021,529.2,42,24.0,43.5,0.0,0,0,Ouakam,Dakar,14.73839,-17.49537,27.2,0.53,2818,41.4,192,1.0,2,7.9441374911141125,0,9.936,1,0.2,False,False,True,False,False,False,False,False,False,True,False,False,False,True
Z0174,2022,677.1,42,19.6,86.5,0.0,0,0,Ouakam,Dakar,14.73839,-17.49537,27.2,0.53,2818,41.4,192,1.0,2,7.9441374911141125,0,8.1144,1,0.2,False,False,True,False,False,False,False,False,False,True,False,False,False,True
Z0174,2023,507.1,31,10.0,16.2,0.0,0,0,Ouakam,Dakar,14.73839,-17.49537,27.2,0.53,2818,41.4,192,1.0,2,7.9441374911141125,0,4.14,1,0.2,False,False,True,False,False,False,False,False,False,True,False,False,False,True
Z0174,2024,607.2,40,35.6,56.5,0.0,0,0,Ouakam,Dakar,14.73839,-17.49537,27.2,0.53,2818,41.4,192,1.0,2,7.9441374911141125,0,14.738399999999999,1,0.2,False,False,True,False,False,False,False,False,False,True,False,False,False,True
Z0175,2015,315.1,21,13.7,18.4,0.0,0,0,Ouakam,Dakar,14.72375,-17.48094,22.6,0.51,863,6.6,260,5.6,0,6.761572768804055,1,0.9041999999999999,2,0.0,False,False,False,True,False,True,False,False,False,False,False,True,False,False
Z0175,2016,551.3,41,44.1,87.0,0.0,0,0,Ouakam,Dakar,14.72375,-17.48094,22.6,0.51,863,6.6,260,5.6,0,6.761572768804055,1,2.9106,2,0.0,False,False,False,True,False,True,False,False,False,False,False,True,False,False
Z0175,2017,474.7,32,28.6,55.0,0.0,0,0,Ouakam,Dakar,14.72375,-17.48094,22.6,0.51,863,6.6,260,5.6,0,6.761572768804055,1,1.8876,2,0.0,False,False,False,True,False,True,False,False,False,False,False,True,False,False
Z0175,2018,474.7,52,29.0,52.2,0.0,0,0,Ouakam,Dakar,14.72375,-17.48094,22.6,0.51,863,6.6,260,5.6,0,6.761572768804055,1,1.9139999999999997,2,0.0,False,False,False,True,False,True,False,False,False,False,False,True,False,False
Z0175,2019,343.3,22,20.3,39.4,0.0,0,0,Ouakam,Dakar,14.72375,-17.48094,22.6,0.51,863,6.6,260,5.6,0,6.761572768804055,1,1.3397999999999999,2,0.0,False,False,False,True,False,True,False,False,False,False,False,True,False,False
Z0175,2020,460.9,31,10.0,18.9,0.0,0,0,Ouakam,Dakar,14.72375,-17.48094,22.6,0.51,863,6.6,260,5.6,0,6.761572768804055,1,0.66,2,0.0,False,False,False,True,False,True,False,False,False,False,False,True,False,False
Z0175,2021,592.0,37,13.5,16.6,0.0,0,0,Ouakam,Dakar,14.72375,-17.48094,22.6,0.51,863,6.6,260,5.6,0,6.761572768804055,1,0.8909999999999999,2,0.0,False,False,False,True,False,True,False,False,False,False,False,True,False,False
Z0175,2022,618.2,43,35.5,57.5,0.0,0,0,Ouakam,Dakar,14.72375,-17.48094,22.6,0.51,863,6.6,260,5.6,0,6.761572768804055,1,2.343,2,0.0,False,False,False,True,False,True,False,False,False,False,False,True,False,False
Z0175,2023,394.6,26,10.0,15.0,0.0,0,0,Ouakam,Dakar,14.72375,-17.48094,22.6,0.51,863,6.6,260,5.6,0,6.761572768804055,1,0.66,2,0.0,False,False,False,True,False,True,False,False,False,False,False,True,False,False
Z0175,2024,497.1,28,19.3,32.8,0.0,0,0,Ouakam,Dakar,14.72375,-17.48094,22.6,0.51,863,6.6,260,5.6,0,6.761572768804055,1,1.2738,2,0.0,False,False,False,True,False,True,False,False,False,False,False,True,False,False
Z0176,2015,152.0,5,14.1,23.7,0.0,0,0,Ouakam,Dakar,14.7161,-17.4893,14.4,0.33,2573,54.0,1556,4.2,2,7.853216388156072,1,7.614,1,0.2,False,False,False,False,True,False,False,True,False,False,False,False,False,True
Z0176,2016,453.1,31,17.5,26.0,0.0,0,0,Ouakam,Dakar,14.7161,-17.4893,14.4,0.33,2573,54.0,1556,4.2,2,7.853216388156072,1,9.45,1,0.2,False,False,False,False,True,False,False,True,False,False,False,False,False,True
Z0176,2017,396.7,20,36.1,56.2,0.0,0,0,Ouakam,Dakar,14.7161,-17.4893,14.4,0.33,2573,54.0,1556,4.2,2,7.853216388156072,1,19.494,1,0.2,False,False,False,False,True,False,False,True,False,False,False,False,False,True
Z0176,2018,159.4,7,10.0,13.2,0.0,0,0,Ouakam,Dakar,14.7161,-17.4893,14.4,0.33,2573,54.0,1556,4.2,2,7.853216388156072,1,5.4,1,0.2,False,False,False,False,True,False,False,True,False,False,False,False,False,True
Z0176,2019,385.0,22,13.8,22.1,0.0,0,0,Ouakam,Dakar,14.7161,-17.4893,14.4,0.33,2573,54.0,1556,4.2,2,7.853216388156072,1,7.452000000000001,1,0.2,False,False,False,False,True,False,False,True,False,False,False,False,False,True
Z0176,2020,423.6,33,23.3,37.1,0.0,0,0,Ouakam,Dakar,14.7161,-17.4893,14.4,0.33,2573,54.0,1556,4.2,2,7.853216388156072,1,12.582,1,0.2,False,False,False,False,True,False,False,True,False,False,False,False,False,True
Z0176,2021,455.4,22,28.4,44.1,0.0,0,0,Ouakam,Dakar,14.7161,-17.4893,14.4,0.33,2573,54.0,1556,4.2,2,7.853216388156072,1,15.335999999999999,1,0.2,False,False,False,False,True,False,False,True,False,False,False,False,False,True
Z0176,2022,607.4,43,30.7,51.1,0.0,1,0,Ouakam,Dakar,14.7161,-17.4893,14.4,0.33,2573,54.0,1556,4.2,2,7.853216388156072,1,16.578,1,0.2,False,False,False,False,True,False,False,True,False,False,False,False,False,True
Z0176,2023,271.7,20,10.0,12.6,0.0,0,0,Ouakam,Dakar,14.7161,-17.4893,14.4,0.33,2573,54.0,1556,4.2,2,7.853216388156072,1,5.4,1,0.2,False,False,False,False,True,False,False,True,False,False,False,False,False,True
Z0176,2024,728.7,54,32.7,51.7,0.0,0,0,Ouakam,Dakar,14.7161,-17.4893,14.4,0.33,2573,54.0,1556,4.2,2,7.853216388156072,1,17.658,1,0.2,False,False,False,False,True,False,False,True,False,False,False,False,False,True
Z0177,2015,286.8,19,19.1,24.4,0.0,0,0,Ouakam,Dakar,14.71957,-17.49587,13.3,6.68,2478,8.8,196,0.2,0,7.8156105320351905,1,1.6808,1,0.0,False,False,True,False,False,False,False,False,False,True,False,False,False,True
Z0177,2016,461.3,37,10.0,19.4,0.0,0,0,Ouakam,Dakar,14.71957,-17.49587,13.3,6.68,2478,8.8,196,0.2,0,7.8156105320351905,1,0.88,1,0.0,False,False,True,False,False,False,False,False,False,True,False,False,False,True
Z0177,2017,417.9,26,19.1,34.1,0.0,0,0,Ouakam,Dakar,14.71957,-17.49587,13.3,6.68,2478,8.8,196,0.2,0,7.8156105320351905,1,1.6808,1,0.0,False,False,True,False,False,False,False,False,False,True,False,False,False,True
Z0177,2018,450.7,31,16.4,26.2,0.0,0,0,Ouakam,Dakar,14.71957,-17.49587,13.3,6.68,2478,8.8,196,0.2,0,7.8156105320351905,1,1.4432,1,0.0,False,False,True,False,False,False,False,False,False,True,False,False,False,True
Z0177,2019,477.9,31,29.9,36.9,0.0,0,0,Ouakam,Dakar,14.71957,-17.49587,13.3,6.68,2478,8.8,196,0.2,0,7.8156105320351905,1,2.6312,1,0.0,False,False,True,False,False,False,False,False,False,True,False,False,False,True
Z0177,2020,460.0,35,24.7,32.5,0.0,0,0,Ouakam,Dakar,14.71957,-17.49587,13.3,6.68,2478,8.8,196,0.2,0,7.8156105320351905,1,2.1736,1,0.0,False,False,True,False,False,False,False,False,False,True,False,False,False,True
Z0177,2021,460.9,29,12.9,25.2,0.0,0,0,Ouakam,Dakar,14.71957,-17.49587,13.3,6.68,2478,8.8,196,0.2,0,7.8156105320351905,1,1.1352000000000002,1,0.0,False,False,True,False,False,False,False,False,False,True,False,False,False,True
Z0177,2022,347.4,24,25.4,37.4,0.0,0,0,Ouakam,Dakar,14.71957,-17.49587,13.3,6.68,2478,8.8,196,0.2,0,7.8156105320351905,1,2.2352000000000003,1,0.0,False,False,True,False,False,False,False,False,False,True,False,False,False,True
Z0177,2023,287.0,19,10.0,12.8,0.0,0,0,Ouakam,Dakar,14.71957,-17.49587,13.3,6.68,2478,8.8,196,0.2,0,7.8156105320351905,1,0.88,1,0.0,False,False,True,False,False,False,False,False,False,True,False,False,False,True
Z0177,2024,563.7,39,40.4,78.9,0.0,0,0,Ouakam,Dakar,14.71957,-17.49587,13.3,6.68,2478,8.8,196,0.2,0,7.8156105320351905,1,3.5552000000000006,1,0.0,False,False,True,False,False,False,False,False,False,True,False,False,False,True
Z0178,2015,574.6,38,17.7,49.5,0.0,0,0,Ouakam,Dakar,14.72372,-17.50475,20.7,1.68,1107,24.6,124,1.6,1,7.010311867307229,1,4.3542000000000005,1,0.1,False,False,True,False,False,False,False,False,False,True,False,False,False,True
Z0178,2016,308.1,18,10.0,14.4,0.0,0,0,Ouakam,Dakar,14.72372,-17.50475,20.7,1.68,1107,24.6,124,1.6,1,7.010311867307229,1,2.46,1,0.1,False,False,True,False,False,False,False,False,False,True,False,False,False,True
Z0178,2017,487.3,35,12.6,16.7,0.0,0,0,Ouakam,Dakar,14.72372,-17.50475,20.7,1.68,1107,24.6,124,1.6,1,7.010311867307229,1,3.0996000000000006,1,0.1,False,False,True,False,False,False,False,False,False,True,False,False,False,True
Z0178,2018,487.1,29,27.3,36.6,0.0,0,0,Ouakam,Dakar,14.72372,-17.50475,20.7,1.68,1107,24.6,124,1.6,1,7.010311867307229,1,6.715800000000001,1,0.1,False,False,True,False,False,False,False,False,False,True,False,False,False,True
Z0178,2019,334.2,27,17.7,30.4,0.0,0,0,Ouakam,Dakar,14.72372,-17.50475,20.7,1.68,1107,24.6,124,1.6,1,7.010311867307229,1,4.3542000000000005,1,0.1,False,False,True,False,False,False,False,False,False,True,False,False,False,True
Z0178,2020,741.3,50,58.9,126.9,0.0,0,0,Ouakam,Dakar,14.72372,-17.50475,20.7,1.68,1107,24.6,124,1.6,1,7.010311867307229,1,14.4894,1,0.1,False,False,True,False,False,False,False,False,False,True,False,False,False,True
Z0178,2021,553.3,34,14.2,23.4,0.0,0,0,Ouakam,Dakar,14.72372,-17.50475,20.7,1.68,1107,24.6,124,1.6,1,7.010311867307229,1,3.4932,1,0.1,False,False,True,False,False,False,False,False,False,True,False,False,False,True
Z0178,2022,564.2,44,20.9,42.5,0.0,0,0,Ouakam,Dakar,14.72372,-17.50475,20.7,1.68,1107,24.6,124,1.6,1,7.010311867307229,1,5.1414,1,0.1,False,False,True,False,False,False,False,False,False,True,False,False,False,True
Z0178,2023,394.3,24,16.8,23.4,0.0,0,0,Ouakam,Dakar,14.72372,-17.50475,20.7,1.68,1107,24.6,124,1.6,1,7.010311867307229,1,4.1328000000000005,1,0.1,False,False,True,False,False,False,False,False,False,True,False,False,False,True
Z0178,2024,493.7,32,23.0,33.3,0.0,0,0,Ouakam,Dakar,14.72372,-17.50475,20.7,1.68,1107,24.6,124,1.6,1,7.010311867307229,1,5.658,1,0.1,False,False,True,False,False,False,False,False,False,True,False,False,False,True
Z0179,2015,446.4,26,31.7,45.2,0.0,0,0,Ouakam,Dakar,14.72216,-17.47992,28.5,0.35,1609,75.4,13764,6.2,0,7.383989457978509,0,23.9018,1,0.0,False,False,False,False,True,False,True,False,False,False,False,False,True,False
Z0179,2016,296.7,14,10.0,13.8,0.0,0,0,Ouakam,Dakar,14.72216,-17.47992,28.5,0.35,1609,75.4,13764,6.2,0,7.383989457978509,0,7.54,1,0.0,False,False,False,False,True,False,True,False,False,False,False,False,True,False
Z0179,2017,513.7,34,20.1,27.4,0.0,0,0,Ouakam,Dakar,14.72216,-17.47992,28.5,0.35,1609,75.4,13764,6.2,0,7.383989457978509,0,15.155400000000002,1,0.0,False,False,False,False,True,False,True,False,False,False,False,False,True,False
Z0179,2018,281.9,24,26.0,32.1,0.0,0,0,Ouakam,Dakar,14.72216,-17.47992,28.5,0.35,1609,75.4,13764,6.2,0,7.383989457978509,0,19.604,1,0.0,False,False,False,False,True,False,True,False,False,False,False,False,True,False
Z0179,2019,434.0,31,47.9,104.3,0.0,0,0,Ouakam,Dakar,14.72216,-17.47992,28.5,0.35,1609,75.4,13764,6.2,0,7.383989457978509,0,36.116600000000005,1,0.0,False,False,False,False,True,False,True,False,False,False,False,False,True,False
Z0179,2020,409.4,35,11.0,21.9,0.0,0,0,Ouakam,Dakar,14.72216,-17.47992,28.5,0.35,1609,75.4,13764,6.2,0,7.383989457978509,0,8.294,1,0.0,False,False,False,False,True,False,True,False,False,False,False,False,True,False
Z0179,2021,352.5,25,10.0,13.0,0.0,0,0,Ouakam,Dakar,14.72216,-17.47992,28.5,0.35,1609,75.4,13764,6.2,0,7.383989457978509,0,7.54,1,0.0,False,False,False,False,True,False,True,False,False,False,False,False,True,False
Z0179,2022,474.5,31,85.3,142.6,0.0,0,0,Ouakam,Dakar,14.72216,-17.47992,28.5,0.35,1609,75.4,13764,6.2,0,7.383989457978509,0,64.3162,1,0.0,False,False,False,False,True,False,True,False,False,False,False,False,True,False
Z0179,2023,569.2,45,62.4,132.9,0.0,0,0,Ouakam,Dakar,14.72216,-17.47992,28.5,0.35,1609,75.4,13764,6.2,0,7.383989457978509,0,47.0496,1,0.0,False,False,False,False,True,False,True,False,False,False,False,False,True,False
Z0179,2024,654.2,47,32.2,40.8,0.0,0,0,Ouakam,Dakar,14.72216,-17.47992,28.5,0.35,1609,75.4,13764,6.2,0,7.383989457978509,0,24.278800000000004,1,0.0,False,False,False,False,True,False,True,False,False,False,False,False,True,False
Z0180,2015,584.2,48,18.9,40.6,0.0,0,0,Yoff,Dakar,14.76533,-17.47655,10.1,0.65,1017,74.5,7601,4.0,0,6.925595197110468,1,14.080499999999999,1,0.0,False,True,False,False,False,False,True,False,False,False,False,False,False,True
Z0180,2016,384.5,19,15.8,25.9,0.0,0,0,Yoff,Dakar,14.76533,-17.47655,10.1,0.65,1017,74.5,7601,4.0,0,6.925595197110468,1,11.771,1,0.0,False,True,False,False,False,False,True,False,False,False,False,False,False,True
Z0180,2017,393.9,27,10.0,20.1,0.0,0,0,Yoff,Dakar,14.76533,-17.47655,10.1,0.65,1017,74.5,7601,4.0,0,6.925595197110468,1,7.45,1,0.0,False,True,False,False,False,False,True,False,False,False,False,False,False,True
Z0180,2018,709.6,46,60.6,110.2,0.0,0,0,Yoff,Dakar,14.76533,-17.47655,10.1,0.65,1017,74.5,7601,4.0,0,6.925595197110468,1,45.147,1,0.0,False,True,False,False,False,False,True,False,False,False,False,False,False,True
Z0180,2019,412.1,24,28.5,50.9,0.0,0,0,Yoff,Dakar,14.76533,-17.47655,10.1,0.65,1017,74.5,7601,4.0,0,6.925595197110468,1,21.2325,1,0.0,False,True,False,False,False,False,True,False,False,False,False,False,False,True
Z0180,2020,388.0,23,41.1,76.0,0.0,0,0,Yoff,Dakar,14.76533,-17.47655,10.1,0.65,1017,74.5,7601,4.0,0,6.925595197110468,1,30.619500000000002,1,0.0,False,True,False,False,False,False,True,False,False,False,False,False,False,True
Z0180,2021,376.3,17,24.6,51.9,0.0,0,0,Yoff,Dakar,14.76533,-17.47655,10.1,0.65,1017,74.5,7601,4.0,0,6.925595197110468,1,18.327,1,0.0,False,True,False,False,False,False,True,False,False,False,False,False,False,True
Z0180,2022,531.9,43,11.4,17.3,0.0,0,0,Yoff,Dakar,14.76533,-17.47655,10.1,0.65,1017,74.5,7601,4.0,0,6.925595197110468,1,8.493,1,0.0,False,True,False,False,False,False,True,False,False,False,False,False,False,True
Z0180,2023,387.2,35,17.6,22.3,0.0,0,0,Yoff,Dakar,14.76533,-17.47655,10.1,0.65,1017,74.5,7601,4.0,0,6.925595197110468,1,13.112,1,0.0,False,True,False,False,False,False,True,False,False,False,False,False,False,True
Z0180,2024,506.2,30,12.6,17.0,0.0,0,0,Yoff,Dakar,14.76533,-17.47655,10.1,0.65,1017,74.5,7601,4.0,0,6.925595197110468,1,9.386999999999999,1,0.0,False,True,False,False,False,False,True,False,False,False,False,False,False,True
Z0181,2015,365.0,28,31.9,39.8,0.0,0,0,Yoff,Dakar,14.73665,-17.46128,6.0,0.12,459,77.7,21298,2.7,2,6.131226489483141,1,24.7863,1,0.2,False,False,False,False,True,False,True,False,False,False,False,False,False,True
Z0181,2016,307.0,22,10.0,18.6,0.0,0,0,Yoff,Dakar,14.73665,-17.46128,6.0,0.12,459,77.7,21298,2.7,2,6.131226489483141,1,7.77,1,0.2,False,False,False,False,True,False,True,False,False,False,False,False,False,True
Z0181,2017,434.9,34,27.7,44.7,0.0,1,0,Yoff,Dakar,14.73665,-17.46128,6.0,0.12,459,77.7,21298,2.7,2,6.131226489483141,1,21.5229,1,0.2,False,False,False,False,True,False,True,False,False,False,False,False,False,True
Z0181,2018,519.1,34,46.9,100.6,0.0,0,0,Yoff,Dakar,14.73665,-17.46128,6.0,0.12,459,77.7,21298,2.7,2,6.131226489483141,1,36.4413,1,0.2,False,False,False,False,True,False,True,False,False,False,False,False,False,True
Z0181,2019,279.2,17,21.9,42.7,0.0,1,0,Yoff,Dakar,14.73665,-17.46128,6.0,0.12,459,77.7,21298,2.7,2,6.131226489483141,1,17.016299999999998,1,0.2,False,False,False,False,True,False,True,False,False,False,False,False,False,True
Z0181,2020,466.1,30,20.3,24.8,0.0,0,0,Yoff,Dakar,14.73665,-17.46128,6.0,0.12,459,77.7,21298,2.7,2,6.131226489483141,1,15.773100000000001,1,0.2,False,False,False,False,True,False,True,False,False,False,False,False,False,True
Z0181,2021,295.6,10,10.0,12.9,0.0,0,0,Yoff,Dakar,14.73665,-17.46128,6.0,0.12,459,77.7,21298,2.7,2,6.131226489483141,1,7.77,1,0.2,False,False,False,False,True,False,True,False,False,False,False,False,False,True
Z0181,2022,881.6,62,38.6,83.1,0.0,1,0,Yoff,Dakar,14.73665,-17.46128,6.0,0.12,459,77.7,21298,2.7,2,6.131226489483141,1,29.992200000000004,1,0.2,False,False,False,False,True,False,True,False,False,False,False,False,False,True
Z0181,2023,379.3,32,30.1,62.7,0.0,0,0,Yoff,Dakar,14.73665,-17.46128,6.0,0.12,459,77.7,21298,2.7,2,6.131226489483141,1,23.3877,1,0.2,False,False,False,False,True,False,True,False,False,False,False,False,False,True
Z0181,2024,655.2,45,23.4,37.6,0.0,1,0,Yoff,Dakar,14.73665,-17.46128,6.0,0.12,459,77.7,21298,2.7,2,6.131226489483141,1,18.1818,1,0.2,False,False,False,False,True,False,True,False,False,False,False,False,False,True
Z0182,2015,373.4,29,10.0,12.7,0.0,0,0,Yoff,Dakar,14.75527,-17.45836,17.6,0.05,1042,97.9,16974,4.4,2,6.949856455000773,0,9.79,0,0.2,False,True,False,False,False,False,True,False,False,False,True,False,False,False
Z0182,2016,392.5,30,10.0,12.0,0.0,0,0,Yoff,Dakar,14.75527,-17.45836,17.6,0.05,1042,97.9,16974,4.4,2,6.949856455000773,0,9.79,0,0.2,False,True,False,False,False,False,True,False,False,False,True,False,False,False
Z0182,2017,292.1,32,14.6,27.6,0.0,0,0,Yoff,Dakar,14.75527,-17.45836,17.6,0.05,1042,97.9,16974,4.4,2,6.949856455000773,0,14.293400000000002,0,0.2,False,True,False,False,False,False,True,False,False,False,True,False,False,False
Z0182,2018,402.3,24,10.0,13.3,0.0,0,0,Yoff,Dakar,14.75527,-17.45836,17.6,0.05,1042,97.9,16974,4.4,2,6.949856455000773,0,9.79,0,0.2,False,True,False,False,False,False,True,False,False,False,True,False,False,False
Z0182,2019,509.9,36,10.0,14.5,0.0,0,0,Yoff,Dakar,14.75527,-17.45836,17.6,0.05,1042,97.9,16974,4.4,2,6.949856455000773,0,9.79,0,0.2,False,True,False,False,False,False,True,False,False,False,True,False,False,False
Z0182,2020,622.1,42,11.4,16.6,0.0,1,0,Yoff,Dakar,14.75527,-17.45836,17.6,0.05,1042,97.9,16974,4.4,2,6.949856455000773,0,11.160600000000002,0,0.2,False,True,False,False,False,False,True,False,False,False,True,False,False,False
Z0182,2021,703.9,51,32.3,63.0,0.0,0,0,Yoff,Dakar,14.75527,-17.45836,17.6,0.05,1042,97.9,16974,4.4,2,6.949856455000773,0,31.6217,0,0.2,False,True,False,False,False,False,True,False,False,False,True,False,False,False
Z0182,2022,502.4,32,22.6,29.3,0.0,1,0,Yoff,Dakar,14.75527,-17.45836,17.6,0.05,1042,97.9,16974,4.4,2,6.949856455000773,0,22.125400000000003,0,0.2,False,True,False,False,False,False,True,False,False,False,True,False,False,False
Z0182,2023,485.7,28,31.2,59.2,0.0,0,0,Yoff,Dakar,14.75527,-17.45836,17.6,0.05,1042,97.9,16974,4.4,2,6.949856455000773,0,30.5448,0,0.2,False,True,False,False,False,False,True,False,False,False,True,False,False,False
Z0182,2024,485.7,33,12.0,16.5,0.0,1,0,Yoff,Dakar,14.75527,-17.45836,17.6,0.05,1042,97.9,16974,4.4,2,6.949856455000773,0,11.748000000000001,0,0.2,False,True,False,False,False,False,True,False,False,False,True,False,False,False
Z0183,2015,514.5,34,21.4,29.6,0.0,0,0,Yoff,Dakar,14.74673,-17.48669,7.3,0.05,2254,98.0,18921,4.3,1,7.720905251936779,1,20.971999999999998,1,0.1,False,True,False,False,False,False,True,False,False,False,False,False,False,True
Z0183,2016,264.8,21,10.0,20.0,0.0,0,0,Yoff,Dakar,14.74673,-17.48669,7.3,0.05,2254,98.0,18921,4.3,1,7.720905251936779,1,9.8,1,0.1,False,True,False,False,False,False,True,False,False,False,False,False,False,True
Z0183,2017,439.9,27,17.5,21.2,0.0,0,0,Yoff,Dakar,14.74673,-17.48669,7.3,0.05,2254,98.0,18921,4.3,1,7.720905251936779,1,17.15,1,0.1,False,True,False,False,False,False,True,False,False,False,False,False,False,True
Z0183,2018,545.4,45,40.8,73.2,0.0,0,0,Yoff,Dakar,14.74673,-17.48669,7.3,0.05,2254,98.0,18921,4.3,1,7.720905251936779,1,39.983999999999995,1,0.1,False,True,False,False,False,False,True,False,False,False,False,False,False,True
Z0183,2019,583.3,43,21.3,19.4,0.0,0,0,Yoff,Dakar,14.74673,-17.48669,7.3,0.05,2254,98.0,18921,4.3,1,7.720905251936779,1,20.874000000000002,1,0.1,False,True,False,False,False,False,True,False,False,False,False,False,False,True
Z0183,2020,767.4,54,43.9,94.2,0.0,0,0,Yoff,Dakar,14.74673,-17.48669,7.3,0.05,2254,98.0,18921,4.3,1,7.720905251936779,1,43.022,1,0.1,False,True,False,False,False,False,True,False,False,False,False,False,False,True
Z0183,2021,586.3,34,38.9,82.5,0.0,0,0,Yoff,Dakar,14.74673,-17.48669,7.3,0.05,2254,98.0,18921,4.3,1,7.720905251936779,1,38.122,1,0.1,False,True,False,False,False,False,True,False,False,False,False,False,False,True
Z0183,2022,584.3,50,21.3,31.0,0.0,0,0,Yoff,Dakar,14.74673,-17.48669,7.3,0.05,2254,98.0,18921,4.3,1,7.720905251936779,1,20.874000000000002,1,0.1,False,True,False,False,False,False,True,False,False,False,False,False,False,True
Z0183,2023,303.9,26,10.0,17.6,0.0,0,0,Yoff,Dakar,14.74673,-17.48669,7.3,0.05,2254,98.0,18921,4.3,1,7.720905251936779,1,9.8,1,0.1,False,True,False,False,False,False,True,False,False,False,False,False,False,True
Z0183,2024,348.2,27,10.0,20.8,0.0,0,0,Yoff,Dakar,14.74673,-17.48669,7.3,0.05,2254,98.0,18921,4.3,1,7.720905251936779,1,9.8,1,0.1,False,True,False,False,False,False,True,False,False,False,False,False,False,True
Z0184,2015,362.7,23,13.8,17.7,0.0,0,0,Yoff,Dakar,14.74774,-17.47389,11.5,1.35,1814,85.6,19030,3.05,0,7.503840746698951,0,11.8128,1,0.0,False,False,False,False,True,False,True,False,False,False,False,False,False,True
Z0184,2016,220.8,6,10.0,18.2,0.0,0,0,Yoff,Dakar,14.74774,-17.47389,11.5,1.35,1814,85.6,19030,3.05,0,7.503840746698951,0,8.56,1,0.0,False,False,False,False,True,False,True,False,False,False,False,False,False,True
Z0184,2017,646.7,40,17.1,20.8,0.0,1,0,Yoff,Dakar,14.74774,-17.47389,11.5,1.35,1814,85.6,19030,3.05,0,7.503840746698951,0,14.637599999999999,1,0.0,False,False,False,False,True,False,True,False,False,False,False,False,False,True
Z0184,2018,420.8,35,14.3,31.4,0.0,0,0,Yoff,Dakar,14.74774,-17.47389,11.5,1.35,1814,85.6,19030,3.05,0,7.503840746698951,0,12.2408,1,0.0,False,False,False,False,True,False,True,False,False,False,False,False,False,True
Z0184,2019,362.7,19,12.2,15.5,0.0,0,0,Yoff,Dakar,14.74774,-17.47389,11.5,1.35,1814,85.6,19030,3.05,0,7.503840746698951,0,10.4432,1,0.0,False,False,False,False,True,False,True,False,False,False,False,False,False,True
Z0184,2020,302.5,24,10.0,15.8,0.0,0,0,Yoff,Dakar,14.74774,-17.47389,11.5,1.35,1814,85.6,19030,3.05,0,7.503840746698951,0,8.56,1,0.0,False,False,False,False,True,False,True,False,False,False,False,False,False,True
Z0184,2021,420.0,32,29.5,58.4,0.0,1,0,Yoff,Dakar,14.74774,-17.47389,11.5,1.35,1814,85.6,19030,3.05,0,7.503840746698951,0,25.252,1,0.0,False,False,False,False,True,False,True,False,False,False,False,False,False,True
Z0184,2022,349.2,23,14.3,18.6,0.0,0,0,Yoff,Dakar,14.74774,-17.47389,11.5,1.35,1814,85.6,19030,3.05,0,7.503840746698951,0,12.2408,1,0.0,False,False,False,False,True,False,True,False,False,False,False,False,False,True
Z0184,2023,247.5,19,17.0,35.2,0.0,0,0,Yoff,Dakar,14.74774,-17.47389,11.5,1.35,1814,85.6,19030,3.05,0,7.503840746698951,0,14.551999999999998,1,0.0,False,False,False,False,True,False,True,False,False,False,False,False,False,True
Z0184,2024,398.2,27,25.3,41.5,0.0,0,0,Yoff,Dakar,14.74774,-17.47389,11.5,1.35,1814,85.6,19030,3.05,0,7.503840746698951,0,21.656799999999997,1,0.0,False,False,False,False,True,False,True,False,False,False,False,False,False,True
Z0185,2015,478.7,43,27.0,37.2,0.0,1,0,Yoff,Dakar,14.73893,-17.46575,9.2,0.58,487,21.7,132,1.6,3,6.1903154058531475,1,5.859,0,0.3,False,False,True,False,False,False,False,False,False,True,True,False,False,False
Z0185,2016,431.2,35,21.9,47.1,0.0,0,0,Yoff,Dakar,14.73893,-17.46575,9.2,0.58,487,21.7,132,1.6,3,6.1903154058531475,1,4.7523,0,0.3,False,False,True,False,False,False,False,False,False,True,True,False,False,False
Z0185,2017,198.3,14,17.6,31.2,0.0,0,0,Yoff,Dakar,14.73893,-17.46575,9.2,0.58,487,21.7,132,1.6,3,6.1903154058531475,1,3.8192000000000004,0,0.3,False,False,True,False,False,False,False,False,False,True,True,False,False,False
Z0185,2018,489.8,30,45.9,71.9,0.0,0,0,Yoff,Dakar,14.73893,-17.46575,9.2,0.58,487,21.7,132,1.6,3,6.1903154058531475,1,9.9603,0,0.3,False,False,True,False,False,False,False,False,False,True,True,False,False,False
Z0185,2019,460.7,30,13.7,23.5,0.0,1,0,Yoff,Dakar,14.73893,-17.46575,9.2,0.58,487,21.7,132,1.6,3,6.1903154058531475,1,2.9728999999999997,0,0.3,False,False,True,False,False,False,False,False,False,True,True,False,False,False
Z0185,2020,493.0,36,10.0,12.2,0.0,0,0,Yoff,Dakar,14.73893,-17.46575,9.2,0.58,487,21.7,132,1.6,3,6.1903154058531475,1,2.17,0,0.3,False,False,True,False,False,False,False,False,False,True,True,False,False,False
Z0185,2021,282.7,18,20.6,35.6,0.0,0,0,Yoff,Dakar,14.73893,-17.46575,9.2,0.58,487,21.7,132,1.6,3,6.1903154058531475,1,4.4702,0,0.3,False,False,True,False,False,False,False,False,False,True,True,False,False,False
Z0185,2022,578.6,41,17.4,25.8,0.0,1,0,Yoff,Dakar,14.73893,-17.46575,9.2,0.58,487,21.7,132,1.6,3,6.1903154058531475,1,3.7758,0,0.3,False,False,True,False,False,False,False,False,False,True,True,False,False,False
Z0185,2023,584.7,42,14.6,24.5,0.0,0,0,Yoff,Dakar,14.73893,-17.46575,9.2,0.58,487,21.7,132,1.6,3,6.1903154058531475,1,3.1682,0,0.3,False,False,True,False,False,False,False,False,False,True,True,False,False,False
Z0185,2024,627.9,49,14.7,31.1,0.0,0,0,Yoff,Dakar,14.73893,-17.46575,9.2,0.58,487,21.7,132,1.6,3,6.1903154058531475,1,3.1898999999999997,0,0.3,False,False,True,False,False,False,False,False,False,True,True,False,False,False
Z0186,2015,493.6,38,34.8,64.9,0.0,0,0,Yoff,Dakar,14.75659,-17.48393,18.3,0.24,763,51.9,6760,4.5,0,6.638567789166521,0,18.0612,1,0.0,False,False,True,False,False,False,False,True,False,False,False,False,False,True
Z0186,2016,358.4,29,19.3,35.1,0.0,0,0,Yoff,Dakar,14.75659,-17.48393,18.3,0.24,763,51.9,6760,4.5,0,6.638567789166521,0,10.0167,1,0.0,False,False,True,False,False,False,False,True,False,False,False,False,False,True
Z0186,2017,571.4,42,25.0,50.9,0.0,0,0,Yoff,Dakar,14.75659,-17.48393,18.3,0.24,763,51.9,6760,4.5,0,6.638567789166521,0,12.975,1,0.0,False,False,True,False,False,False,False,True,False,False,False,False,False,True
Z0186,2018,280.4,19,12.7,18.8,0.0,0,0,Yoff,Dakar,14.75659,-17.48393,18.3,0.24,763,51.9,6760,4.5,0,6.638567789166521,0,6.5913,1,0.0,False,False,True,False,False,False,False,True,False,False,False,False,False,True
Z0186,2019,425.8,28,28.1,43.9,0.0,0,0,Yoff,Dakar,14.75659,-17.48393,18.3,0.24,763,51.9,6760,4.5,0,6.638567789166521,0,14.583900000000002,1,0.0,False,False,True,False,False,False,False,True,False,False,False,False,False,True
Z0186,2020,628.1,47,39.0,73.4,0.0,1,0,Yoff,Dakar,14.75659,-17.48393,18.3,0.24,763,51.9,6760,4.5,0,6.638567789166521,0,20.241,1,0.0,False,False,True,False,False,False,False,True,False,False,False,False,False,True
Z0186,2021,601.3,40,10.0,20.2,0.0,0,0,Yoff,Dakar,14.75659,-17.48393,18.3,0.24,763,51.9,6760,4.5,0,6.638567789166521,0,5.19,1,0.0,False,False,True,False,False,False,False,True,False,False,False,False,False,True
Z0186,2022,599.7,46,14.3,28.9,0.0,0,0,Yoff,Dakar,14.75659,-17.48393,18.3,0.24,763,51.9,6760,4.5,0,6.638567789166521,0,7.4217,1,0.0,False,False,True,False,False,False,False,True,False,False,False,False,False,True
Z0186,2023,526.4,37,56.4,94.7,0.0,0,0,Yoff,Dakar,14.75659,-17.48393,18.3,0.24,763,51.9,6760,4.5,0,6.638567789166521,0,29.2716,1,0.0,False,False,True,False,False,False,False,True,False,False,False,False,False,True
Z0186,2024,507.9,33,10.5,20.3,0.0,0,0,Yoff,Dakar,14.75659,-17.48393,18.3,0.24,763,51.9,6760,4.5,0,6.638567789166521,0,5.4495,1,0.0,False,False,True,False,False,False,False,True,False,False,False,False,False,True
Z0187,2015,333.6,27,11.5,14.6,0.0,0,0,Yoff,Dakar,14.74759,-17.45014,16.7,0.59,1141,67.0,7549,3.05,0,7.040536390215956,0,7.705,2,0.0,False,False,True,False,False,False,False,True,False,False,False,True,False,False
Z0187,2016,505.5,39,15.9,24.0,0.0,0,0,Yoff,Dakar,14.74759,-17.45014,16.7,0.59,1141,67.0,7549,3.05,0,7.040536390215956,0,10.652999999999999,2,0.0,False,False,True,False,False,False,False,True,False,False,False,True,False,False
Z0187,2017,505.8,33,34.7,47.6,0.0,0,0,Yoff,Dakar,14.74759,-17.45014,16.7,0.59,1141,67.0,7549,3.05,0,7.040536390215956,0,23.249000000000002,2,0.0,False,False,True,False,False,False,False,True,False,False,False,True,False,False
Z0187,2018,510.5,35,10.0,16.8,0.0,0,0,Yoff,Dakar,14.74759,-17.45014,16.7,0.59,1141,67.0,7549,3.05,0,7.040536390215956,0,6.7,2,0.0,False,False,True,False,False,False,False,True,False,False,False,True,False,False
Z0187,2019,305.4,18,16.5,33.8,0.0,0,0,Yoff,Dakar,14.74759,-17.45014,16.7,0.59,1141,67.0,7549,3.05,0,7.040536390215956,0,11.055,2,0.0,False,False,True,False,False,False,False,True,False,False,False,True,False,False
Z0187,2020,468.7,37,27.2,43.2,0.0,0,0,Yoff,Dakar,14.74759,-17.45014,16.7,0.59,1141,67.0,7549,3.05,0,7.040536390215956,0,18.224,2,0.0,False,False,True,False,False,False,False,True,False,False,False,True,False,False
Z0187,2021,313.8,23,14.5,19.3,0.0,0,0,Yoff,Dakar,14.74759,-17.45014,16.7,0.59,1141,67.0,7549,3.05,0,7.040536390215956,0,9.715,2,0.0,False,False,True,False,False,False,False,True,False,False,False,True,False,False
Z0187,2022,457.9,36,18.1,27.0,0.0,0,0,Yoff,Dakar,14.74759,-17.45014,16.7,0.59,1141,67.0,7549,3.05,0,7.040536390215956,0,12.127,2,0.0,False,False,True,False,False,False,False,True,False,False,False,True,False,False
Z0187,2023,316.0,25,10.0,19.6,0.0,0,0,Yoff,Dakar,14.74759,-17.45014,16.7,0.59,1141,67.0,7549,3.05,0,7.040536390215956,0,6.7,2,0.0,False,False,True,False,False,False,False,True,False,False,False,True,False,False
Z0187,2024,534.2,38,15.7,33.7,0.0,0,0,Yoff,Dakar,14.74759,-17.45014,16.7,0.59,1141,67.0,7549,3.05,0,7.040536390215956,0,10.518999999999998,2,0.0,False,False,True,False,False,False,False,True,False,False,False,True,False,False
Z0188,2015,328.6,20,13.4,23.6,0.0,0,0,Yoff,Dakar,14.7581,-17.48409,11.5,0.46,1220,91.9,14249,2.8,0,7.107425474110705,0,12.3146,2,0.0,False,False,False,False,True,False,True,False,False,False,False,True,False,False
Z0188,2016,296.9,21,26.3,56.4,0.0,0,0,Yoff,Dakar,14.7581,-17.48409,11.5,0.46,1220,91.9,14249,2.8,0,7.107425474110705,0,24.169700000000002,2,0.0,False,False,False,False,True,False,True,False,False,False,False,True,False,False
Z0188,2017,281.8,24,18.8,25.8,0.0,0,0,Yoff,Dakar,14.7581,-17.48409,11.5,0.46,1220,91.9,14249,2.8,0,7.107425474110705,0,17.277200000000004,2,0.0,False,False,False,False,True,False,True,False,False,False,False,True,False,False
Z0188,2018,276.2,14,19.9,37.1,0.0,0,0,Yoff,Dakar,14.7581,-17.48409,11.5,0.46,1220,91.9,14249,2.8,0,7.107425474110705,0,18.2881,2,0.0,False,False,False,False,True,False,True,False,False,False,False,True,False,False
Z0188,2019,533.7,36,34.0,71.1,0.0,0,0,Yoff,Dakar,14.7581,-17.48409,11.5,0.46,1220,91.9,14249,2.8,0,7.107425474110705,0,31.246000000000002,2,0.0,False,False,False,False,True,False,True,False,False,False,False,True,False,False
Z0188,2020,413.9,24,17.2,28.9,0.0,0,0,Yoff,Dakar,14.7581,-17.48409,11.5,0.46,1220,91.9,14249,2.8,0,7.107425474110705,0,15.8068,2,0.0,False,False,False,False,True,False,True,False,False,False,False,True,False,False
Z0188,2021,577.7,37,73.1,140.3,0.0,0,0,Yoff,Dakar,14.7581,-17.48409,11.5,0.46,1220,91.9,14249,2.8,0,7.107425474110705,0,67.1789,2,0.0,False,False,False,False,True,False,True,False,False,False,False,True,False,False
Z0188,2022,517.7,34,16.4,33.0,0.0,0,0,Yoff,Dakar,14.7581,-17.48409,11.5,0.46,1220,91.9,14249,2.8,0,7.107425474110705,0,15.071599999999998,2,0.0,False,False,False,False,True,False,True,False,False,False,False,True,False,False
Z0188,2023,412.0,30,21.3,43.3,0.0,1,0,Yoff,Dakar,14.7581,-17.48409,11.5,0.46,1220,91.9,14249,2.8,0,7.107425474110705,0,19.574700000000004,2,0.0,False,False,False,False,True,False,True,False,False,False,False,True,False,False
Z0188,2024,626.3,47,31.0,63.5,0.0,1,0,Yoff,Dakar,14.7581,-17.48409,11.5,0.46,1220,91.9,14249,2.8,0,7.107425474110705,0,28.489,2,0.0,False,False,False,False,True,False,True,False,False,False,False,True,False,False
Z0189,2015,326.7,22,14.6,25.8,0.0,0,0,Yoff,Dakar,14.75279,-17.46994,14.7,0.86,2329,10.8,130,4.3,0,7.753623546559746,0,1.5768,1,0.0,False,False,True,False,False,True,False,False,False,False,False,False,False,True
Z0189,2016,409.9,29,16.6,27.7,0.0,0,0,Yoff,Dakar,14.75279,-17.46994,14.7,0.86,2329,10.8,130,4.3,0,7.753623546559746,0,1.7928000000000004,1,0.0,False,False,True,False,False,True,False,False,False,False,False,False,False,True
Z0189,2017,348.9,29,25.4,40.2,0.0,0,0,Yoff,Dakar,14.75279,-17.46994,14.7,0.86,2329,10.8,130,4.3,0,7.753623546559746,0,2.7432,1,0.0,False,False,True,False,False,True,False,False,False,False,False,False,False,True
Z0189,2018,609.2,43,12.0,22.5,0.0,0,0,Yoff,Dakar,14.75279,-17.46994,14.7,0.86,2329,10.8,130,4.3,0,7.753623546559746,0,1.2960000000000003,1,0.0,False,False,True,False,False,True,False,False,False,False,False,False,False,True
Z0189,2019,362.7,26,10.0,14.2,0.0,0,0,Yoff,Dakar,14.75279,-17.46994,14.7,0.86,2329,10.8,130,4.3,0,7.753623546559746,0,1.08,1,0.0,False,False,True,False,False,True,False,False,False,False,False,False,False,True
Z0189,2020,478.4,30,20.7,39.6,0.0,0,0,Yoff,Dakar,14.75279,-17.46994,14.7,0.86,2329,10.8,130,4.3,0,7.753623546559746,0,2.2356,1,0.0,False,False,True,False,False,True,False,False,False,False,False,False,False,True
Z0189,2021,251.6,16,10.0,16.3,0.0,0,0,Yoff,Dakar,14.75279,-17.46994,14.7,0.86,2329,10.8,130,4.3,0,7.753623546559746,0,1.08,1,0.0,False,False,True,False,False,True,False,False,False,False,False,False,False,True
Z0189,2022,659.5,44,25.8,36.1,0.0,0,0,Yoff,Dakar,14.75279,-17.46994,14.7,0.86,2329,10.8,130,4.3,0,7.753623546559746,0,2.7864000000000004,1,0.0,False,False,True,False,False,True,False,False,False,False,False,False,False,True
Z0189,2023,396.5,22,43.7,84.3,0.0,0,0,Yoff,Dakar,14.75279,-17.46994,14.7,0.86,2329,10.8,130,4.3,0,7.753623546559746,0,4.719600000000001,1,0.0,False,False,True,False,False,True,False,False,False,False,False,False,False,True
Z0189,2024,419.0,29,35.1,58.5,0.0,0,0,Yoff,Dakar,14.75279,-17.46994,14.7,0.86,2329,10.8,130,4.3,0,7.753623546559746,0,3.7908000000000004,1,0.0,False,False,True,False,False,True,False,False,False,False,False,False,False,True
Z0190,2015,407.4,30,44.4,91.5,0.0,0,0,Yoff,Dakar,14.76312,-17.48194,15.1,1.04,1668,81.6,15194,3.3,1,7.419979923661835,0,36.230399999999996,1,0.1,False,True,False,False,False,False,True,False,False,False,False,False,False,True
Z0190,2016,648.4,51,27.3,47.6,0.0,0,0,Yoff,Dakar,14.76312,-17.48194,15.1,1.04,1668,81.6,15194,3.3,1,7.419979923661835,0,22.276799999999998,1,0.1,False,True,False,False,False,False,True,False,False,False,False,False,False,True
Z0190,2017,457.2,26,68.1,105.1,0.0,1,0,Yoff,Dakar,14.76312,-17.48194,15.1,1.04,1668,81.6,15194,3.3,1,7.419979923661835,0,55.569599999999994,1,0.1,False,True,False,False,False,False,True,False,False,False,False,False,False,True
Z0190,2018,455.0,25,19.7,37.8,0.0,0,0,Yoff,Dakar,14.76312,-17.48194,15.1,1.04,1668,81.6,15194,3.3,1,7.419979923661835,0,16.0752,1,0.1,False,True,False,False,False,False,True,False,False,False,False,False,False,True
Z0190,2019,232.4,18,10.5,16.9,0.0,0,0,Yoff,Dakar,14.76312,-17.48194,15.1,1.04,1668,81.6,15194,3.3,1,7.419979923661835,0,8.568,1,0.1,False,True,False,False,False,False,True,False,False,False,False,False,False,True
Z0190,2020,274.4,9,10.0,19.6,0.0,0,0,Yoff,Dakar,14.76312,-17.48194,15.1,1.04,1668,81.6,15194,3.3,1,7.419979923661835,0,8.16,1,0.1,False,True,False,False,False,False,True,False,False,False,False,False,False,True
Z0190,2021,489.4,38,24.3,39.0,0.0,0,0,Yoff,Dakar,14.76312,-17.48194,15.1,1.04,1668,81.6,15194,3.3,1,7.419979923661835,0,19.828799999999998,1,0.1,False,True,False,False,False,False,True,False,False,False,False,False,False,True
Z0190,2022,662.5,45,33.5,70.1,0.0,0,0,Yoff,Dakar,14.76312,-17.48194,15.1,1.04,1668,81.6,15194,3.3,1,7.419979923661835,0,27.336,1,0.1,False,True,False,False,False,False,True,False,False,False,False,False,False,True
Z0190,2023,386.2,28,23.9,48.8,0.0,0,0,Yoff,Dakar,14.76312,-17.48194,15.1,1.04,1668,81.6,15194,3.3,1,7.419979923661835,0,19.502399999999998,1,0.1,False,True,False,False,False,False,True,False,False,False,False,False,False,True
Z0190,2024,387.6,28,10.4,21.2,0.0,0,0,Yoff,Dakar,14.76312,-17.48194,15.1,1.04,1668,81.6,15194,3.3,1,7.419979923661835,0,8.4864,1,0.1,False,True,False,False,False,False,True,False,False,False,False,False,False,True
Z0191,2015,580.6,46,10.0,20.1,0.0,0,0,Yoff,Dakar,14.78017,-17.46809,0.5,0.04,709,60.7,5967,2.4,0,6.565264970035361,1,6.07,2,0.0,False,False,False,False,True,False,False,True,False,False,False,True,False,False
Z0191,2016,508.8,43,16.5,20.9,0.0,0,0,Yoff,Dakar,14.78017,-17.46809,0.5,0.04,709,60.7,5967,2.4,0,6.565264970035361,1,10.015500000000001,2,0.0,False,False,False,False,True,False,False,True,False,False,False,True,False,False
Z0191,2017,307.9,18,16.5,34.8,0.0,0,0,Yoff,Dakar,14.78017,-17.46809,0.5,0.04,709,60.7,5967,2.4,0,6.565264970035361,1,10.015500000000001,2,0.0,False,False,False,False,True,False,False,True,False,False,False,True,False,False
Z0191,2018,376.3,25,20.4,28.2,0.0,0,0,Yoff,Dakar,14.78017,-17.46809,0.5,0.04,709,60.7,5967,2.4,0,6.565264970035361,1,12.3828,2,0.0,False,False,False,False,True,False,False,True,False,False,False,True,False,False
Z0191,2019,387.1,24,15.6,28.0,0.0,0,0,Yoff,Dakar,14.78017,-17.46809,0.5,0.04,709,60.7,5967,2.4,0,6.565264970035361,1,9.4692,2,0.0,False,False,False,False,True,False,False,True,False,False,False,True,False,False
Z0191,2020,447.1,32,47.1,78.2,0.0,1,0,Yoff,Dakar,14.78017,-17.46809,0.5,0.04,709,60.7,5967,2.4,0,6.565264970035361,1,28.589700000000004,2,0.0,False,False,False,False,True,False,False,True,False,False,False,True,False,False
Z0191,2021,582.2,39,13.5,24.8,0.0,0,0,Yoff,Dakar,14.78017,-17.46809,0.5,0.04,709,60.7,5967,2.4,0,6.565264970035361,1,8.1945,2,0.0,False,False,False,False,True,False,False,True,False,False,False,True,False,False
Z0191,2022,308.7,26,16.6,22.3,0.0,0,0,Yoff,Dakar,14.78017,-17.46809,0.5,0.04,709,60.7,5967,2.4,0,6.565264970035361,1,10.076200000000002,2,0.0,False,False,False,False,True,False,False,True,False,False,False,True,False,False
Z0191,2023,505.4,36,16.5,51.0,0.0,1,0,Yoff,Dakar,14.78017,-17.46809,0.5,0.04,709,60.7,5967,2.4,0,6.565264970035361,1,10.015500000000001,2,0.0,False,False,False,False,True,False,False,True,False,False,False,True,False,False
Z0191,2024,524.6,38,22.7,48.1,0.0,0,0,Yoff,Dakar,14.78017,-17.46809,0.5,0.04,709,60.7,5967,2.4,0,6.565264970035361,1,13.7789,2,0.0,False,False,False,False,True,False,False,True,False,False,False,True,False,False
Z0192,2015,334.8,17,32.8,44.4,0.0,1,0,Yoff,Dakar,14.75794,-17.46955,10.5,0.46,736,28.2,108,1.1,2,6.602587892189336,1,9.2496,0,0.2,False,False,True,False,False,False,False,False,False,True,True,False,False,False
Z0192,2016,423.0,28,10.0,12.5,0.0,0,0,Yoff,Dakar,14.75794,-17.46955,10.5,0.46,736,28.2,108,1.1,2,6.602587892189336,1,2.82,0,0.2,False,False,True,False,False,False,False,False,False,True,True,False,False,False
Z0192,2017,307.4,28,14.7,19.7,0.0,0,0,Yoff,Dakar,14.75794,-17.46955,10.5,0.46,736,28.2,108,1.1,2,6.602587892189336,1,4.1453999999999995,0,0.2,False,False,True,False,False,False,False,False,False,True,True,False,False,False
Z0192,2018,293.1,21,10.0,12.8,0.0,0,0,Yoff,Dakar,14.75794,-17.46955,10.5,0.46,736,28.2,108,1.1,2,6.602587892189336,1,2.82,0,0.2,False,False,True,False,False,False,False,False,False,True,True,False,False,False
Z0192,2019,430.6,28,10.0,14.6,0.0,1,0,Yoff,Dakar,14.75794,-17.46955,10.5,0.46,736,28.2,108,1.1,2,6.602587892189336,1,2.82,0,0.2,False,False,True,False,False,False,False,False,False,True,True,False,False,False
Z0192,2020,563.5,36,11.7,23.9,0.0,0,0,Yoff,Dakar,14.75794,-17.46955,10.5,0.46,736,28.2,108,1.1,2,6.602587892189336,1,3.2994,0,0.2,False,False,True,False,False,False,False,False,False,True,True,False,False,False
Z0192,2021,503.1,40,15.6,22.2,0.0,0,0,Yoff,Dakar,14.75794,-17.46955,10.5,0.46,736,28.2,108,1.1,2,6.602587892189336,1,4.3991999999999996,0,0.2,False,False,True,False,False,False,False,False,False,True,True,False,False,False
Z0192,2022,315.9,24,10.3,19.2,0.0,0,0,Yoff,Dakar,14.75794,-17.46955,10.5,0.46,736,28.2,108,1.1,2,6.602587892189336,1,2.9046000000000003,0,0.2,False,False,True,False,False,False,False,False,False,True,True,False,False,False
Z0192,2023,423.0,33,10.0,17.5,0.0,0,0,Yoff,Dakar,14.75794,-17.46955,10.5,0.46,736,28.2,108,1.1,2,6.602587892189336,1,2.82,0,0.2,False,False,True,False,False,False,False,False,False,True,True,False,False,False
Z0192,2024,543.7,40,27.1,56.3,0.0,0,0,Yoff,Dakar,14.75794,-17.46955,10.5,0.46,736,28.2,108,1.1,2,6.602587892189336,1,7.6422,0,0.2,False,False,True,False,False,False,False,False,False,True,True,False,False,False
Z0193,2015,407.8,32,12.0,21.1,0.0,0,0,Yoff,Dakar,14.75579,-17.48904,13.4,0.95,1077,53.9,2470,2.7,0,6.982862751468942,0,6.468,2,0.0,False,True,False,False,False,False,False,True,False,False,False,True,False,False
Z0193,2016,503.7,34,28.1,46.2,0.0,0,0,Yoff,Dakar,14.75579,-17.48904,13.4,0.95,1077,53.9,2470,2.7,0,6.982862751468942,0,15.145900000000001,2,0.0,False,True,False,False,False,False,False,True,False,False,False,True,False,False
Z0193,2017,453.3,33,12.3,26.5,0.0,0,0,Yoff,Dakar,14.75579,-17.48904,13.4,0.95,1077,53.9,2470,2.7,0,6.982862751468942,0,6.629700000000001,2,0.0,False,True,False,False,False,False,False,True,False,False,False,True,False,False
Z0193,2018,398.1,26,20.7,39.9,0.0,0,0,Yoff,Dakar,14.75579,-17.48904,13.4,0.95,1077,53.9,2470,2.7,0,6.982862751468942,0,11.1573,2,0.0,False,True,False,False,False,False,False,True,False,False,False,True,False,False
Z0193,2019,350.1,32,21.2,46.2,0.0,0,0,Yoff,Dakar,14.75579,-17.48904,13.4,0.95,1077,53.9,2470,2.7,0,6.982862751468942,0,11.426799999999998,2,0.0,False,True,False,False,False,False,False,True,False,False,False,True,False,False
Z0193,2020,294.9,23,10.0,15.9,0.0,0,0,Yoff,Dakar,14.75579,-17.48904,13.4,0.95,1077,53.9,2470,2.7,0,6.982862751468942,0,5.39,2,0.0,False,True,False,False,False,False,False,True,False,False,False,True,False,False
Z0193,2021,366.1,25,22.7,44.9,0.0,0,0,Yoff,Dakar,14.75579,-17.48904,13.4,0.95,1077,53.9,2470,2.7,0,6.982862751468942,0,12.2353,2,0.0,False,True,False,False,False,False,False,True,False,False,False,True,False,False
Z0193,2022,568.5,37,35.4,47.5,0.0,0,0,Yoff,Dakar,14.75579,-17.48904,13.4,0.95,1077,53.9,2470,2.7,0,6.982862751468942,0,19.0806,2,0.0,False,True,False,False,False,False,False,True,False,False,False,True,False,False
Z0193,2023,406.4,26,10.0,15.8,0.0,0,0,Yoff,Dakar,14.75579,-17.48904,13.4,0.95,1077,53.9,2470,2.7,0,6.982862751468942,0,5.39,2,0.0,False,True,False,False,False,False,False,True,False,False,False,True,False,False
Z0193,2024,590.8,39,21.0,44.7,0.0,0,0,Yoff,Dakar,14.75579,-17.48904,13.4,0.95,1077,53.9,2470,2.7,0,6.982862751468942,0,11.318999999999999,2,0.0,False,True,False,False,False,False,False,True,False,False,False,True,False,False
Z0194,2015,705.1,43,21.4,27.0,0.0,0,0,Kaolack,Kaolack,14.15848,-16.06817,7.1,0.7,376,84.7,12607,2.3,3,5.932245187448011,0,18.125799999999998,0,0.3,False,False,False,True,False,False,True,False,False,False,True,False,False,False
Z0194,2016,690.8,53,122.0,259.9,0.0,1,0,Kaolack,Kaolack,14.15848,-16.06817,7.1,0.7,376,84.7,12607,2.3,3,5.932245187448011,0,103.334,0,0.3,False,False,False,True,False,False,True,False,False,False,True,False,False,False
Z0194,2017,460.7,33,17.5,35.5,0.0,0,0,Kaolack,Kaolack,14.15848,-16.06817,7.1,0.7,376,84.7,12607,2.3,3,5.932245187448011,0,14.8225,0,0.3,False,False,False,True,False,False,True,False,False,False,True,False,False,False
Z0194,2018,560.1,34,43.5,71.9,0.0,1,0,Kaolack,Kaolack,14.15848,-16.06817,7.1,0.7,376,84.7,12607,2.3,3,5.932245187448011,0,36.844500000000004,0,0.3,False,False,False,True,False,False,True,False,False,False,True,False,False,False
Z0194,2019,927.3,67,67.1,130.8,0.0,0,0,Kaolack,Kaolack,14.15848,-16.06817,7.1,0.7,376,84.7,12607,2.3,3,5.932245187448011,0,56.8337,0,0.3,False,False,False,True,False,False,True,False,False,False,True,False,False,False
Z0194,2020,1019.6,72,37.4,49.3,0.0,0,0,Kaolack,Kaolack,14.15848,-16.06817,7.1,0.7,376,84.7,12607,2.3,3,5.932245187448011,0,31.6778,0,0.3,False,False,False,True,False,False,True,False,False,False,True,False,False,False
Z0194,2021,683.9,53,14.7,26.1,0.0,1,0,Kaolack,Kaolack,14.15848,-16.06817,7.1,0.7,376,84.7,12607,2.3,3,5.932245187448011,0,12.450899999999999,0,0.3,False,False,False,True,False,False,True,False,False,False,True,False,False,False
Z0194,2022,649.7,56,30.0,50.2,0.0,0,0,Kaolack,Kaolack,14.15848,-16.06817,7.1,0.7,376,84.7,12607,2.3,3,5.932245187448011,0,25.41,0,0.3,False,False,False,True,False,False,True,False,False,False,True,False,False,False
Z0194,2023,784.4,51,39.4,49.1,0.0,1,0,Kaolack,Kaolack,14.15848,-16.06817,7.1,0.7,376,84.7,12607,2.3,3,5.932245187448011,0,33.3718,0,0.3,False,False,False,True,False,False,True,False,False,False,True,False,False,False
Z0194,2024,754.3,52,100.2,171.3,0.0,1,0,Kaolack,Kaolack,14.15848,-16.06817,7.1,0.7,376,84.7,12607,2.3,3,5.932245187448011,0,84.8694,0,0.3,False,False,False,True,False,False,True,False,False,False,True,False,False,False
Z0195,2015,854.9,60,99.0,212.9,0.0,0,0,Kaolack,Kaolack,14.13608,-16.08179,15.3,0.14,965,48.5,3042,3.9,0,6.873163834212518,0,48.015,0,0.0,False,False,False,False,True,False,False,True,False,False,True,False,False,False
Z0195,2016,669.9,50,25.0,46.3,0.0,0,0,Kaolack,Kaolack,14.13608,-16.08179,15.3,0.14,965,48.5,3042,3.9,0,6.873163834212518,0,12.125,0,0.0,False,False,False,False,True,False,False,True,False,False,True,False,False,False
Z0195,2017,754.1,55,26.5,51.6,0.0,0,0,Kaolack,Kaolack,14.13608,-16.08179,15.3,0.14,965,48.5,3042,3.9,0,6.873163834212518,0,12.8525,0,0.0,False,False,False,False,True,False,False,True,False,False,True,False,False,False
Z0195,2018,1056.8,71,110.0,241.8,0.0,1,0,Kaolack,Kaolack,14.13608,-16.08179,15.3,0.14,965,48.5,3042,3.9,0,6.873163834212518,0,53.35,0,0.0,False,False,False,False,True,False,False,True,False,False,True,False,False,False
Z0195,2019,569.4,38,18.8,40.8,0.0,0,0,Kaolack,Kaolack,14.13608,-16.08179,15.3,0.14,965,48.5,3042,3.9,0,6.873163834212518,0,9.118,0,0.0,False,False,False,False,True,False,False,True,False,False,True,False,False,False
Z0195,2020,679.2,48,33.2,44.2,0.0,0,0,Kaolack,Kaolack,14.13608,-16.08179,15.3,0.14,965,48.5,3042,3.9,0,6.873163834212518,0,16.102,0,0.0,False,False,False,False,True,False,False,True,False,False,True,False,False,False
Z0195,2021,545.5,34,46.0,76.2,0.0,0,0,Kaolack,Kaolack,14.13608,-16.08179,15.3,0.14,965,48.5,3042,3.9,0,6.873163834212518,0,22.31,0,0.0,False,False,False,False,True,False,False,True,False,False,True,False,False,False
Z0195,2022,571.0,37,35.9,45.0,0.0,0,0,Kaolack,Kaolack,14.13608,-16.08179,15.3,0.14,965,48.5,3042,3.9,0,6.873163834212518,0,17.4115,0,0.0,False,False,False,False,True,False,False,True,False,False,True,False,False,False
Z0195,2023,673.0,46,13.9,22.4,0.0,0,0,Kaolack,Kaolack,14.13608,-16.08179,15.3,0.14,965,48.5,3042,3.9,0,6.873163834212518,0,6.741499999999999,0,0.0,False,False,False,False,True,False,False,True,False,False,True,False,False,False
Z0195,2024,888.9,63,17.4,31.8,0.0,0,0,Kaolack,Kaolack,14.13608,-16.08179,15.3,0.14,965,48.5,3042,3.9,0,6.873163834212518,0,8.439,0,0.0,False,False,False,False,True,False,False,True,False,False,True,False,False,False
Z0196,2015,493.1,31,15.1,27.6,0.0,0,0,Kaolack,Kaolack,14.14481,-16.06172,3.1,0.46,1175,56.1,7106,0.9,5,7.069874128458572,1,8.4711,0,0.5,False,True,False,False,False,False,False,True,False,False,True,False,False,False
Z0196,2016,468.1,33,28.8,60.2,0.0,0,0,Kaolack,Kaolack,14.14481,-16.06172,3.1,0.46,1175,56.1,7106,0.9,5,7.069874128458572,1,16.1568,0,0.5,False,True,False,False,False,False,False,True,False,False,True,False,False,False
Z0196,2017,720.0,50,34.2,45.9,0.0,1,0,Kaolack,Kaolack,14.14481,-16.06172,3.1,0.46,1175,56.1,7106,0.9,5,7.069874128458572,1,19.1862,0,0.5,False,True,False,False,False,False,False,True,False,False,True,False,False,False
Z0196,2018,771.6,53,60.8,95.3,0.0,0,0,Kaolack,Kaolack,14.14481,-16.06172,3.1,0.46,1175,56.1,7106,0.9,5,7.069874128458572,1,34.1088,0,0.5,False,True,False,False,False,False,False,True,False,False,True,False,False,False
Z0196,2019,488.4,30,15.6,20.8,0.0,1,0,Kaolack,Kaolack,14.14481,-16.06172,3.1,0.46,1175,56.1,7106,0.9,5,7.069874128458572,1,8.7516,0,0.5,False,True,False,False,False,False,False,True,False,False,True,False,False,False
Z0196,2020,845.1,63,51.4,110.4,0.0,1,0,Kaolack,Kaolack,14.14481,-16.06172,3.1,0.46,1175,56.1,7106,0.9,5,7.069874128458572,1,28.8354,0,0.5,False,True,False,False,False,False,False,True,False,False,True,False,False,False
Z0196,2021,690.5,52,10.0,15.7,0.0,1,0,Kaolack,Kaolack,14.14481,-16.06172,3.1,0.46,1175,56.1,7106,0.9,5,7.069874128458572,1,5.61,0,0.5,False,True,False,False,False,False,False,True,False,False,True,False,False,False
Z0196,2022,1012.0,74,40.0,86.9,0.0,1,0,Kaolack,Kaolack,14.14481,-16.06172,3.1,0.46,1175,56.1,7106,0.9,5,7.069874128458572,1,22.44,0,0.5,False,True,False,False,False,False,False,True,False,False,True,False,False,False
Z0196,2023,881.0,63,35.2,65.5,0.0,0,0,Kaolack,Kaolack,14.14481,-16.06172,3.1,0.46,1175,56.1,7106,0.9,5,7.069874128458572,1,19.747200000000003,0,0.5,False,True,False,False,False,False,False,True,False,False,True,False,False,False
Z0196,2024,732.7,59,32.0,57.6,0.0,0,0,Kaolack,Kaolack,14.14481,-16.06172,3.1,0.46,1175,56.1,7106,0.9,5,7.069874128458572,1,17.952,0,0.5,False,True,False,False,False,False,False,True,False,False,True,False,False,False
Z0197,2015,784.5,56,41.2,66.2,0.0,0,0,Kaolack,Kaolack,14.15775,-16.06744,13.2,0.04,2708,44.3,3743,5.0,0,7.904334842085095,0,18.2516,1,0.0,False,True,False,False,False,False,False,True,False,False,False,False,False,True
Z0197,2016,770.2,53,26.1,55.3,0.0,0,0,Kaolack,Kaolack,14.15775,-16.06744,13.2,0.04,2708,44.3,3743,5.0,0,7.904334842085095,0,11.5623,1,0.0,False,True,False,False,False,False,False,True,False,False,False,False,False,True
Z0197,2017,865.1,63,17.0,32.1,0.0,0,0,Kaolack,Kaolack,14.15775,-16.06744,13.2,0.04,2708,44.3,3743,5.0,0,7.904334842085095,0,7.530999999999999,1,0.0,False,True,False,False,False,False,False,True,False,False,False,False,False,True
Z0197,2018,816.4,54,42.8,58.9,0.0,0,0,Kaolack,Kaolack,14.15775,-16.06744,13.2,0.04,2708,44.3,3743,5.0,0,7.904334842085095,0,18.960399999999996,1,0.0,False,True,False,False,False,False,False,True,False,False,False,False,False,True
Z0197,2019,752.6,47,46.8,102.5,0.0,0,0,Kaolack,Kaolack,14.15775,-16.06744,13.2,0.04,2708,44.3,3743,5.0,0,7.904334842085095,0,20.7324,1,0.0,False,True,False,False,False,False,False,True,False,False,False,False,False,True
Z0197,2020,956.6,66,68.6,129.1,0.0,0,0,Kaolack,Kaolack,14.15775,-16.06744,13.2,0.04,2708,44.3,3743,5.0,0,7.904334842085095,0,30.389799999999994,1,0.0,False,True,False,False,False,False,False,True,False,False,False,False,False,True
Z0197,2021,764.6,62,41.2,74.4,0.0,0,0,Kaolack,Kaolack,14.15775,-16.06744,13.2,0.04,2708,44.3,3743,5.0,0,7.904334842085095,0,18.2516,1,0.0,False,True,False,False,False,False,False,True,False,False,False,False,False,True
Z0197,2022,914.1,61,15.8,25.4,0.0,0,0,Kaolack,Kaolack,14.15775,-16.06744,13.2,0.04,2708,44.3,3743,5.0,0,7.904334842085095,0,6.9994,1,0.0,False,True,False,False,False,False,False,True,False,False,False,False,False,True
Z0197,2023,596.1,41,45.6,57.8,0.0,0,0,Kaolack,Kaolack,14.15775,-16.06744,13.2,0.04,2708,44.3,3743,5.0,0,7.904334842085095,0,20.2008,1,0.0,False,True,False,False,False,False,False,True,False,False,False,False,False,True
Z0197,2024,833.2,53,30.6,63.1,0.0,0,0,Kaolack,Kaolack,14.15775,-16.06744,13.2,0.04,2708,44.3,3743,5.0,0,7.904334842085095,0,13.5558,1,0.0,False,True,False,False,False,False,False,True,False,False,False,False,False,True
Z0198,2015,853.2,66,29.2,41.6,0.0,0,0,Kaolack,Kaolack,14.153,-16.06389,5.0,0.49,433,19.9,235,3.7,0,6.073044534100405,1,5.8107999999999995,2,0.0,True,False,False,False,False,True,False,False,False,False,False,True,False,False
Z0198,2016,942.0,64,17.3,24.4,0.0,0,0,Kaolack,Kaolack,14.153,-16.06389,5.0,0.49,433,19.9,235,3.7,0,6.073044534100405,1,3.4427,2,0.0,True,False,False,False,False,True,False,False,False,False,False,True,False,False
Z0198,2017,524.6,32,31.3,46.1,0.0,0,0,Kaolack,Kaolack,14.153,-16.06389,5.0,0.49,433,19.9,235,3.7,0,6.073044534100405,1,6.2287,2,0.0,True,False,False,False,False,True,False,False,False,False,False,True,False,False
Z0198,2018,675.1,49,39.7,85.9,0.0,0,0,Kaolack,Kaolack,14.153,-16.06389,5.0,0.49,433,19.9,235,3.7,0,6.073044534100405,1,7.9003,2,0.0,True,False,False,False,False,True,False,False,False,False,False,True,False,False
Z0198,2019,1156.4,81,42.2,58.7,0.0,0,0,Kaolack,Kaolack,14.153,-16.06389,5.0,0.49,433,19.9,235,3.7,0,6.073044534100405,1,8.3978,2,0.0,True,False,False,False,False,True,False,False,False,False,False,True,False,False
Z0198,2020,881.0,62,30.9,40.3,0.0,0,0,Kaolack,Kaolack,14.153,-16.06389,5.0,0.49,433,19.9,235,3.7,0,6.073044534100405,1,6.1491,2,0.0,True,False,False,False,False,True,False,False,False,False,False,True,False,False
Z0198,2021,604.8,39,22.3,46.8,0.0,0,0,Kaolack,Kaolack,14.153,-16.06389,5.0,0.49,433,19.9,235,3.7,0,6.073044534100405,1,4.4376999999999995,2,0.0,True,False,False,False,False,True,False,False,False,False,False,True,False,False
Z0198,2022,1129.3,82,34.4,46.2,0.0,0,0,Kaolack,Kaolack,14.153,-16.06389,5.0,0.49,433,19.9,235,3.7,0,6.073044534100405,1,6.845599999999999,2,0.0,True,False,False,False,False,True,False,False,False,False,False,True,False,False
Z0198,2023,739.7,54,37.8,64.9,0.0,0,0,Kaolack,Kaolack,14.153,-16.06389,5.0,0.49,433,19.9,235,3.7,0,6.073044534100405,1,7.522199999999999,2,0.0,True,False,False,False,False,True,False,False,False,False,False,True,False,False
Z0198,2024,626.7,46,34.0,66.0,0.0,0,0,Kaolack,Kaolack,14.153,-16.06389,5.0,0.49,433,19.9,235,3.7,0,6.073044534100405,1,6.765999999999999,2,0.0,True,False,False,False,False,True,False,False,False,False,False,True,False,False
Z0199,2015,500.3,34,46.1,69.7,0.0,1,0,Kaolack,Kaolack,14.15552,-16.08299,1.8,1.17,447,98.0,16291,1.6,10,6.104793232414985,1,45.178000000000004,0,1.0,True,False,False,False,False,False,True,False,False,False,True,False,False,False
Z0199,2016,915.4,67,51.7,65.0,0.0,1,0,Kaolack,Kaolack,14.15552,-16.08299,1.8,1.17,447,98.0,16291,1.6,10,6.104793232414985,1,50.666000000000004,0,1.0,True,False,False,False,False,False,True,False,False,False,True,False,False,False
Z0199,2017,691.7,54,10.0,14.1,0.0,1,0,Kaolack,Kaolack,14.15552,-16.08299,1.8,1.17,447,98.0,16291,1.6,10,6.104793232414985,1,9.8,0,1.0,True,False,False,False,False,False,True,False,False,False,True,False,False,False
Z0199,2018,614.0,42,31.1,46.3,0.0,1,0,Kaolack,Kaolack,14.15552,-16.08299,1.8,1.17,447,98.0,16291,1.6,10,6.104793232414985,1,30.478,0,1.0,True,False,False,False,False,False,True,False,False,False,True,False,False,False
Z0199,2019,738.2,54,35.8,58.1,0.0,1,0,Kaolack,Kaolack,14.15552,-16.08299,1.8,1.17,447,98.0,16291,1.6,10,6.104793232414985,1,35.083999999999996,0,1.0,True,False,False,False,False,False,True,False,False,False,True,False,False,False
Z0199,2020,604.8,38,19.5,34.7,0.0,1,0,Kaolack,Kaolack,14.15552,-16.08299,1.8,1.17,447,98.0,16291,1.6,10,6.104793232414985,1,19.11,0,1.0,True,False,False,False,False,False,True,False,False,False,True,False,False,False
Z0199,2021,652.7,44,35.8,77.8,0.0,1,0,Kaolack,Kaolack,14.15552,-16.08299,1.8,1.17,447,98.0,16291,1.6,10,6.104793232414985,1,35.083999999999996,0,1.0,True,False,False,False,False,False,True,False,False,False,True,False,False,False
Z0199,2022,856.6,63,84.6,152.5,0.0,1,0,Kaolack,Kaolack,14.15552,-16.08299,1.8,1.17,447,98.0,16291,1.6,10,6.104793232414985,1,82.90799999999999,0,1.0,True,False,False,False,False,False,True,False,False,False,True,False,False,False
Z0199,2023,841.3,61,10.0,18.1,0.0,1,0,Kaolack,Kaolack,14.15552,-16.08299,1.8,1.17,447,98.0,16291,1.6,10,6.104793232414985,1,9.8,0,1.0,True,False,False,False,False,False,True,False,False,False,True,False,False,False
Z0199,2024,1095.6,76,90.3,195.4,0.0,1,0,Kaolack,Kaolack,14.15552,-16.08299,1.8,1.17,447,98.0,16291,1.6,10,6.104793232414985,1,88.494,0,1.0,True,False,False,False,False,False,True,False,False,False,True,False,False,False
Z0200,2015,1011.6,70,46.7,62.9,0.0,0,0,Kaolack,Kaolack,14.16769,-16.04307,12.4,0.2,519,53.1,14881,3.7,1,6.253828811575473,0,24.797700000000006,0,0.1,False,True,False,False,False,False,False,True,False,False,True,False,False,False
Z0200,2016,803.7,60,26.7,40.4,0.0,0,0,Kaolack,Kaolack,14.16769,-16.04307,12.4,0.2,519,53.1,14881,3.7,1,6.253828811575473,0,14.1777,0,0.1,False,True,False,False,False,False,False,True,False,False,True,False,False,False
Z0200,2017,750.9,58,10.5,15.7,0.0,0,0,Kaolack,Kaolack,14.16769,-16.04307,12.4,0.2,519,53.1,14881,3.7,1,6.253828811575473,0,5.575500000000001,0,0.1,False,True,False,False,False,False,False,True,False,False,True,False,False,False
Z0200,2018,916.9,67,36.7,53.9,0.0,1,0,Kaolack,Kaolack,14.16769,-16.04307,12.4,0.2,519,53.1,14881,3.7,1,6.253828811575473,0,19.487700000000004,0,0.1,False,True,False,False,False,False,False,True,False,False,True,False,False,False
Z0200,2019,684.2,46,30.8,39.1,0.0,0,0,Kaolack,Kaolack,14.16769,-16.04307,12.4,0.2,519,53.1,14881,3.7,1,6.253828811575473,0,16.3548,0,0.1,False,True,False,False,False,False,False,True,False,False,True,False,False,False
Z0200,2020,744.8,50,71.4,141.2,0.0,0,0,Kaolack,Kaolack,14.16769,-16.04307,12.4,0.2,519,53.1,14881,3.7,1,6.253828811575473,0,37.9134,0,0.1,False,True,False,False,False,False,False,True,False,False,True,False,False,False
Z0200,2021,541.5,37,20.0,41.6,0.0,0,0,Kaolack,Kaolack,14.16769,-16.04307,12.4,0.2,519,53.1,14881,3.7,1,6.253828811575473,0,10.62,0,0.1,False,True,False,False,False,False,False,True,False,False,True,False,False,False
Z0200,2022,1567.3,90,124.5,200.9,0.0,1,0,Kaolack,Kaolack,14.16769,-16.04307,12.4,0.2,519,53.1,14881,3.7,1,6.253828811575473,0,66.1095,0,0.1,False,True,False,False,False,False,False,True,False,False,True,False,False,False
Z0200,2023,747.4,51,53.1,113.4,0.0,0,0,Kaolack,Kaolack,14.16769,-16.04307,12.4,0.2,519,53.1,14881,3.7,1,6.253828811575473,0,28.1961,0,0.1,False,True,False,False,False,False,False,True,False,False,True,False,False,False
Z0200,2024,889.6,63,42.7,71.3,0.0,0,0,Kaolack,Kaolack,14.16769,-16.04307,12.4,0.2,519,53.1,14881,3.7,1,6.253828811575473,0,22.673700000000004,0,0.1,False,True,False,False,False,False,False,True,False,False,True,False,False,False
Z0201,2015,800.7,55,30.6,51.0,0.0,0,0,Kaolack,Kaolack,14.1462,-16.0589,8.0,0.12,1857,78.1,18270,4.0,2,7.527255919373784,0,23.898600000000002,0,0.2,False,True,False,False,False,False,True,False,False,False,True,False,False,False
Z0201,2016,633.9,44,22.8,43.0,0.0,0,0,Kaolack,Kaolack,14.1462,-16.0589,8.0,0.12,1857,78.1,18270,4.0,2,7.527255919373784,0,17.8068,0,0.2,False,True,False,False,False,False,True,False,False,False,True,False,False,False
Z0201,2017,840.5,64,49.3,73.5,0.0,0,0,Kaolack,Kaolack,14.1462,-16.0589,8.0,0.12,1857,78.1,18270,4.0,2,7.527255919373784,0,38.503299999999996,0,0.2,False,True,False,False,False,False,True,False,False,False,True,False,False,False
Z0201,2018,525.9,35,10.0,20.0,0.0,0,0,Kaolack,Kaolack,14.1462,-16.0589,8.0,0.12,1857,78.1,18270,4.0,2,7.527255919373784,0,7.81,0,0.2,False,True,False,False,False,False,True,False,False,False,True,False,False,False
Z0201,2019,555.7,46,28.1,57.6,0.0,1,0,Kaolack,Kaolack,14.1462,-16.0589,8.0,0.12,1857,78.1,18270,4.0,2,7.527255919373784,0,21.9461,0,0.2,False,True,False,False,False,False,True,False,False,False,True,False,False,False
Z0201,2020,643.6,42,75.9,162.1,0.0,1,0,Kaolack,Kaolack,14.1462,-16.0589,8.0,0.12,1857,78.1,18270,4.0,2,7.527255919373784,0,59.2779,0,0.2,False,True,False,False,False,False,True,False,False,False,True,False,False,False
Z0201,2021,752.5,49,32.2,65.7,0.0,1,0,Kaolack,Kaolack,14.1462,-16.0589,8.0,0.12,1857,78.1,18270,4.0,2,7.527255919373784,0,25.148200000000003,0,0.2,False,True,False,False,False,False,True,False,False,False,True,False,False,False
Z0201,2022,753.1,55,25.4,36.4,0.0,0,0,Kaolack,Kaolack,14.1462,-16.0589,8.0,0.12,1857,78.1,18270,4.0,2,7.527255919373784,0,19.8374,0,0.2,False,True,False,False,False,False,True,False,False,False,True,False,False,False
Z0201,2023,555.1,26,20.6,44.6,0.0,1,0,Kaolack,Kaolack,14.1462,-16.0589,8.0,0.12,1857,78.1,18270,4.0,2,7.527255919373784,0,16.0886,0,0.2,False,True,False,False,False,False,True,False,False,False,True,False,False,False
Z0201,2024,610.5,45,18.2,22.6,0.0,0,0,Kaolack,Kaolack,14.1462,-16.0589,8.0,0.12,1857,78.1,18270,4.0,2,7.527255919373784,0,14.214199999999998,0,0.2,False,True,False,False,False,False,True,False,False,False,True,False,False,False
Z0202,2015,497.3,36,23.7,44.3,0.0,0,0,Kaolack,Kaolack,14.16404,-16.07917,4.6,0.49,2372,87.4,15711,2.2,4,7.771910256435763,1,20.713800000000003,0,0.4,True,False,False,False,False,False,True,False,False,False,True,False,False,False
Z0202,2016,752.8,56,18.9,23.5,0.0,0,0,Kaolack,Kaolack,14.16404,-16.07917,4.6,0.49,2372,87.4,15711,2.2,4,7.771910256435763,1,16.5186,0,0.4,True,False,False,False,False,False,True,False,False,False,True,False,False,False
Z0202,2017,866.5,65,39.8,54.6,0.0,1,0,Kaolack,Kaolack,14.16404,-16.07917,4.6,0.49,2372,87.4,15711,2.2,4,7.771910256435763,1,34.7852,0,0.4,True,False,False,False,False,False,True,False,False,False,True,False,False,False
Z0202,2018,752.8,57,63.5,127.3,0.0,1,0,Kaolack,Kaolack,14.16404,-16.07917,4.6,0.49,2372,87.4,15711,2.2,4,7.771910256435763,1,55.499,0,0.4,True,False,False,False,False,False,True,False,False,False,True,False,False,False
Z0202,2019,612.2,44,30.1,48.5,0.0,1,0,Kaolack,Kaolack,14.16404,-16.07917,4.6,0.49,2372,87.4,15711,2.2,4,7.771910256435763,1,26.3074,0,0.4,True,False,False,False,False,False,True,False,False,False,True,False,False,False
Z0202,2020,875.0,60,87.9,171.2,0.0,1,0,Kaolack,Kaolack,14.16404,-16.07917,4.6,0.49,2372,87.4,15711,2.2,4,7.771910256435763,1,76.8246,0,0.4,True,False,False,False,False,False,True,False,False,False,True,False,False,False
Z0202,2021,720.2,47,49.7,80.7,0.0,1,0,Kaolack,Kaolack,14.16404,-16.07917,4.6,0.49,2372,87.4,15711,2.2,4,7.771910256435763,1,43.43780000000001,0,0.4,True,False,False,False,False,False,True,False,False,False,True,False,False,False
Z0202,2022,761.1,58,20.4,26.3,0.0,0,0,Kaolack,Kaolack,14.16404,-16.07917,4.6,0.49,2372,87.4,15711,2.2,4,7.771910256435763,1,17.8296,0,0.4,True,False,False,False,False,False,True,False,False,False,True,False,False,False
Z0202,2023,627.3,40,10.0,17.7,0.0,0,0,Kaolack,Kaolack,14.16404,-16.07917,4.6,0.49,2372,87.4,15711,2.2,4,7.771910256435763,1,8.74,0,0.4,True,False,False,False,False,False,True,False,False,False,True,False,False,False
Z0202,2024,789.3,56,30.2,41.8,0.0,1,0,Kaolack,Kaolack,14.16404,-16.07917,4.6,0.49,2372,87.4,15711,2.2,4,7.771910256435763,1,26.3948,0,0.4,True,False,False,False,False,False,True,False,False,False,True,False,False,False
Z0203,2015,918.4,73,65.5,129.0,0.0,1,0,Kaolack,Kaolack,14.15065,-16.05981,1.3,0.82,1265,96.1,20917,2.6,1,7.143617602704121,1,62.945499999999996,0,0.1,False,False,False,False,True,False,True,False,False,False,True,False,False,False
Z0203,2016,390.4,28,13.3,20.0,0.0,0,0,Kaolack,Kaolack,14.15065,-16.05981,1.3,0.82,1265,96.1,20917,2.6,1,7.143617602704121,1,12.781299999999998,0,0.1,False,False,False,False,True,False,True,False,False,False,True,False,False,False
Z0203,2017,605.7,43,35.0,44.2,0.0,0,0,Kaolack,Kaolack,14.15065,-16.05981,1.3,0.82,1265,96.1,20917,2.6,1,7.143617602704121,1,33.635,0,0.1,False,False,False,False,True,False,True,False,False,False,True,False,False,False
Z0203,2018,608.2,38,24.4,35.0,0.0,1,0,Kaolack,Kaolack,14.15065,-16.05981,1.3,0.82,1265,96.1,20917,2.6,1,7.143617602704121,1,23.448399999999996,0,0.1,False,False,False,False,True,False,True,False,False,False,True,False,False,False
Z0203,2019,527.9,40,10.0,16.5,0.0,1,0,Kaolack,Kaolack,14.15065,-16.05981,1.3,0.82,1265,96.1,20917,2.6,1,7.143617602704121,1,9.61,0,0.1,False,False,False,False,True,False,True,False,False,False,True,False,False,False
Z0203,2020,1074.1,75,26.9,42.2,0.0,0,0,Kaolack,Kaolack,14.15065,-16.05981,1.3,0.82,1265,96.1,20917,2.6,1,7.143617602704121,1,25.850899999999996,0,0.1,False,False,False,False,True,False,True,False,False,False,True,False,False,False
Z0203,2021,758.8,48,25.7,39.0,0.0,1,0,Kaolack,Kaolack,14.15065,-16.05981,1.3,0.82,1265,96.1,20917,2.6,1,7.143617602704121,1,24.6977,0,0.1,False,False,False,False,True,False,True,False,False,False,True,False,False,False
Z0203,2022,1145.8,81,38.8,80.7,0.0,1,0,Kaolack,Kaolack,14.15065,-16.05981,1.3,0.82,1265,96.1,20917,2.6,1,7.143617602704121,1,37.28679999999999,0,0.1,False,False,False,False,True,False,True,False,False,False,True,False,False,False
Z0203,2023,770.4,52,16.0,30.4,0.0,0,0,Kaolack,Kaolack,14.15065,-16.05981,1.3,0.82,1265,96.1,20917,2.6,1,7.143617602704121,1,15.376,0,0.1,False,False,False,False,True,False,True,False,False,False,True,False,False,False
Z0203,2024,538.0,34,18.1,26.6,0.0,0,0,Kaolack,Kaolack,14.15065,-16.05981,1.3,0.82,1265,96.1,20917,2.6,1,7.143617602704121,1,17.3941,0,0.1,False,False,False,False,True,False,True,False,False,False,True,False,False,False
Z0204,2015,818.6,59,15.5,21.6,0.0,0,0,Kaolack,Kaolack,14.14657,-16.07824,7.2,0.19,1228,98.0,13313,2.0,3,7.113956109566034,0,15.19,1,0.3,False,False,True,False,False,False,True,False,False,False,False,False,False,True
Z0204,2016,505.6,34,25.6,39.6,0.0,0,0,Kaolack,Kaolack,14.14657,-16.07824,7.2,0.19,1228,98.0,13313,2.0,3,7.113956109566034,0,25.088,1,0.3,False,False,True,False,False,False,True,False,False,False,False,False,False,True
Z0204,2017,706.9,54,66.3,120.2,0.0,0,0,Kaolack,Kaolack,14.14657,-16.07824,7.2,0.19,1228,98.0,13313,2.0,3,7.113956109566034,0,64.97399999999999,1,0.3,False,False,True,False,False,False,True,False,False,False,False,False,False,True
Z0204,2018,589.2,48,11.8,16.7,0.0,1,0,Kaolack,Kaolack,14.14657,-16.07824,7.2,0.19,1228,98.0,13313,2.0,3,7.113956109566034,0,11.564,1,0.3,False,False,True,False,False,False,True,False,False,False,False,False,False,True
Z0204,2019,713.8,56,17.2,30.1,0.0,0,0,Kaolack,Kaolack,14.14657,-16.07824,7.2,0.19,1228,98.0,13313,2.0,3,7.113956109566034,0,16.855999999999998,1,0.3,False,False,True,False,False,False,True,False,False,False,False,False,False,True
Z0204,2020,873.1,57,49.8,72.7,0.0,0,0,Kaolack,Kaolack,14.14657,-16.07824,7.2,0.19,1228,98.0,13313,2.0,3,7.113956109566034,0,48.803999999999995,1,0.3,False,False,True,False,False,False,True,False,False,False,False,False,False,True
Z0204,2021,629.5,45,10.0,19.0,0.0,0,0,Kaolack,Kaolack,14.14657,-16.07824,7.2,0.19,1228,98.0,13313,2.0,3,7.113956109566034,0,9.8,1,0.3,False,False,True,False,False,False,True,False,False,False,False,False,False,True
Z0204,2022,958.1,77,47.3,86.3,0.0,0,0,Kaolack,Kaolack,14.14657,-16.07824,7.2,0.19,1228,98.0,13313,2.0,3,7.113956109566034,0,46.354,1,0.3,False,False,True,False,False,False,True,False,False,False,False,False,False,True
Z0204,2023,743.4,54,43.6,90.7,0.0,1,0,Kaolack,Kaolack,14.14657,-16.07824,7.2,0.19,1228,98.0,13313,2.0,3,7.113956109566034,0,42.728,1,0.3,False,False,True,False,False,False,True,False,False,False,False,False,False,True
Z0204,2024,1020.8,76,51.3,73.9,0.0,0,0,Kaolack,Kaolack,14.14657,-16.07824,7.2,0.19,1228,98.0,13313,2.0,3,7.113956109566034,0,50.273999999999994,1,0.3,False,False,True,False,False,False,True,False,False,False,False,False,False,True
Z0205,2015,599.3,36,10.0,13.0,0.0,0,0,Kaolack,Kaolack,14.17138,-16.09182,10.0,0.99,385,72.6,16834,3.8,1,5.955837369464831,0,7.26,0,0.1,True,False,False,False,False,False,True,False,False,False,True,False,False,False
Z0205,2016,582.0,45,16.3,19.7,0.0,0,0,Kaolack,Kaolack,14.17138,-16.09182,10.0,0.99,385,72.6,16834,3.8,1,5.955837369464831,0,11.833799999999998,0,0.1,True,False,False,False,False,False,True,False,False,False,True,False,False,False
Z0205,2017,771.9,58,10.0,20.7,0.0,1,0,Kaolack,Kaolack,14.17138,-16.09182,10.0,0.99,385,72.6,16834,3.8,1,5.955837369464831,0,7.26,0,0.1,True,False,False,False,False,False,True,False,False,False,True,False,False,False
Z0205,2018,589.6,38,35.4,56.8,0.0,0,0,Kaolack,Kaolack,14.17138,-16.09182,10.0,0.99,385,72.6,16834,3.8,1,5.955837369464831,0,25.700399999999995,0,0.1,True,False,False,False,False,False,True,False,False,False,True,False,False,False
Z0205,2019,782.4,50,48.1,87.8,0.0,1,0,Kaolack,Kaolack,14.17138,-16.09182,10.0,0.99,385,72.6,16834,3.8,1,5.955837369464831,0,34.9206,0,0.1,True,False,False,False,False,False,True,False,False,False,True,False,False,False
Z0205,2020,477.1,41,20.5,41.0,0.0,0,0,Kaolack,Kaolack,14.17138,-16.09182,10.0,0.99,385,72.6,16834,3.8,1,5.955837369464831,0,14.883,0,0.1,True,False,False,False,False,False,True,False,False,False,True,False,False,False
Z0205,2021,851.5,67,67.1,83.4,0.0,1,0,Kaolack,Kaolack,14.17138,-16.09182,10.0,0.99,385,72.6,16834,3.8,1,5.955837369464831,0,48.71459999999999,0,0.1,True,False,False,False,False,False,True,False,False,False,True,False,False,False
Z0205,2022,1306.2,89,17.7,37.7,0.0,0,0,Kaolack,Kaolack,14.17138,-16.09182,10.0,0.99,385,72.6,16834,3.8,1,5.955837369464831,0,12.850199999999997,0,0.1,True,False,False,False,False,False,True,False,False,False,True,False,False,False
Z0205,2023,732.3,52,19.6,37.9,0.0,0,0,Kaolack,Kaolack,14.17138,-16.09182,10.0,0.99,385,72.6,16834,3.8,1,5.955837369464831,0,14.2296,0,0.1,True,False,False,False,False,False,True,False,False,False,True,False,False,False
Z0205,2024,1072.9,76,55.2,104.1,0.0,0,0,Kaolack,Kaolack,14.17138,-16.09182,10.0,0.99,385,72.6,16834,3.8,1,5.955837369464831,0,40.0752,0,0.1,True,False,False,False,False,False,True,False,False,False,True,False,False,False
Z0206,2015,940.6,66,34.0,52.8,0.0,0,0,Kaolack,Kaolack,14.16763,-16.07389,5.2,0.61,675,85.0,22391,1.7,3,6.516193076042964,1,28.9,0,0.3,False,True,False,False,False,False,True,False,False,False,True,False,False,False
Z0206,2016,731.8,52,41.7,79.7,0.0,1,0,Kaolack,Kaolack,14.16763,-16.07389,5.2,0.61,675,85.0,22391,1.7,3,6.516193076042964,1,35.44500000000001,0,0.3,False,True,False,False,False,False,True,False,False,False,True,False,False,False
Z0206,2017,585.7,39,14.8,32.6,0.0,1,0,Kaolack,Kaolack,14.16763,-16.07389,5.2,0.61,675,85.0,22391,1.7,3,6.516193076042964,1,12.58,0,0.3,False,True,False,False,False,False,True,False,False,False,True,False,False,False
Z0206,2018,643.7,42,43.9,86.2,0.0,0,0,Kaolack,Kaolack,14.16763,-16.07389,5.2,0.61,675,85.0,22391,1.7,3,6.516193076042964,1,37.315,0,0.3,False,True,False,False,False,False,True,False,False,False,True,False,False,False
Z0206,2019,870.5,55,12.2,15.5,0.0,0,0,Kaolack,Kaolack,14.16763,-16.07389,5.2,0.61,675,85.0,22391,1.7,3,6.516193076042964,1,10.37,0,0.3,False,True,False,False,False,False,True,False,False,False,True,False,False,False
Z0206,2020,610.7,36,51.5,102.7,0.0,1,0,Kaolack,Kaolack,14.16763,-16.07389,5.2,0.61,675,85.0,22391,1.7,3,6.516193076042964,1,43.775,0,0.3,False,True,False,False,False,False,True,False,False,False,True,False,False,False
Z0206,2021,607.6,37,42.9,76.6,0.0,1,0,Kaolack,Kaolack,14.16763,-16.07389,5.2,0.61,675,85.0,22391,1.7,3,6.516193076042964,1,36.465,0,0.3,False,True,False,False,False,False,True,False,False,False,True,False,False,False
Z0206,2022,724.3,50,47.8,84.0,0.0,0,0,Kaolack,Kaolack,14.16763,-16.07389,5.2,0.61,675,85.0,22391,1.7,3,6.516193076042964,1,40.629999999999995,0,0.3,False,True,False,False,False,False,True,False,False,False,True,False,False,False
Z0206,2023,523.7,44,21.2,41.5,0.0,0,0,Kaolack,Kaolack,14.16763,-16.07389,5.2,0.61,675,85.0,22391,1.7,3,6.516193076042964,1,18.02,0,0.3,False,True,False,False,False,False,True,False,False,False,True,False,False,False
Z0206,2024,1219.5,89,75.1,99.6,0.0,1,0,Kaolack,Kaolack,14.16763,-16.07389,5.2,0.61,675,85.0,22391,1.7,3,6.516193076042964,1,63.834999999999994,0,0.3,False,True,False,False,False,False,True,False,False,False,True,False,False,False
Z0207,2015,628.5,39,24.4,39.8,0.0,0,0,Touba,Diourbel,14.84873,-15.88383,43.7,1.2,575,72.4,19001,10.4,0,6.3561076606958915,1,17.665599999999998,2,0.0,False,True,False,False,False,False,True,False,False,False,False,True,False,False
Z0207,2016,632.1,46,66.0,117.3,0.0,0,0,Touba,Diourbel,14.84873,-15.88383,43.7,1.2,575,72.4,19001,10.4,0,6.3561076606958915,1,47.784000000000006,2,0.0,False,True,False,False,False,False,True,False,False,False,False,True,False,False
Z0207,2017,691.1,52,22.5,47.4,0.0,1,0,Touba,Diourbel,14.84873,-15.88383,43.7,1.2,575,72.4,19001,10.4,0,6.3561076606958915,1,16.290000000000003,2,0.0,False,True,False,False,False,False,True,False,False,False,False,True,False,False
Z0207,2018,374.5,28,13.9,17.4,0.0,0,0,Touba,Diourbel,14.84873,-15.88383,43.7,1.2,575,72.4,19001,10.4,0,6.3561076606958915,1,10.063600000000001,2,0.0,False,True,False,False,False,False,True,False,False,False,False,True,False,False
Z0207,2019,436.9,28,10.9,19.6,0.0,0,0,Touba,Diourbel,14.84873,-15.88383,43.7,1.2,575,72.4,19001,10.4,0,6.3561076606958915,1,7.8916,2,0.0,False,True,False,False,False,False,True,False,False,False,False,True,False,False
Z0207,2020,597.1,40,28.7,57.5,0.0,0,0,Touba,Diourbel,14.84873,-15.88383,43.7,1.2,575,72.4,19001,10.4,0,6.3561076606958915,1,20.7788,2,0.0,False,True,False,False,False,False,True,False,False,False,False,True,False,False
Z0207,2021,713.4,52,97.6,123.7,0.0,1,0,Touba,Diourbel,14.84873,-15.88383,43.7,1.2,575,72.4,19001,10.4,0,6.3561076606958915,1,70.66239999999999,2,0.0,False,True,False,False,False,False,True,False,False,False,False,True,False,False
Z0207,2022,769.2,58,43.6,75.0,0.0,0,0,Touba,Diourbel,14.84873,-15.88383,43.7,1.2,575,72.4,19001,10.4,0,6.3561076606958915,1,31.5664,2,0.0,False,True,False,False,False,False,True,False,False,False,False,True,False,False
Z0207,2023,492.8,36,51.3,102.8,0.0,1,0,Touba,Diourbel,14.84873,-15.88383,43.7,1.2,575,72.4,19001,10.4,0,6.3561076606958915,1,37.1412,2,0.0,False,True,False,False,False,False,True,False,False,False,False,True,False,False
Z0207,2024,461.9,36,10.6,12.9,0.0,0,0,Touba,Diourbel,14.84873,-15.88383,43.7,1.2,575,72.4,19001,10.4,0,6.3561076606958915,1,7.6744,2,0.0,False,True,False,False,False,False,True,False,False,False,False,True,False,False
Z0208,2015,472.7,31,14.9,22.8,0.0,0,0,Touba,Diourbel,14.87883,-15.87911,51.3,4.72,1059,21.0,148,2.8,1,6.966024187106113,0,3.1290000000000004,1,0.1,False,False,True,False,False,False,False,False,False,True,False,False,False,True
Z0208,2016,413.3,30,20.2,31.9,0.0,0,0,Touba,Diourbel,14.87883,-15.87911,51.3,4.72,1059,21.0,148,2.8,1,6.966024187106113,0,4.242,1,0.1,False,False,True,False,False,False,False,False,False,True,False,False,False,True
Z0208,2017,445.2,33,21.8,43.1,0.0,0,0,Touba,Diourbel,14.87883,-15.87911,51.3,4.72,1059,21.0,148,2.8,1,6.966024187106113,0,4.578,1,0.1,False,False,True,False,False,False,False,False,False,True,False,False,False,True
Z0208,2018,431.2,31,24.4,46.1,0.0,0,0,Touba,Diourbel,14.87883,-15.87911,51.3,4.72,1059,21.0,148,2.8,1,6.966024187106113,0,5.124,1,0.1,False,False,True,False,False,False,False,False,False,True,False,False,False,True
Z0208,2019,570.4,42,10.0,13.5,0.0,0,0,Touba,Diourbel,14.87883,-15.87911,51.3,4.72,1059,21.0,148,2.8,1,6.966024187106113,0,2.1,1,0.1,False,False,True,False,False,False,False,False,False,True,False,False,False,True
Z0208,2020,617.1,37,26.8,39.6,0.0,0,0,Touba,Diourbel,14.87883,-15.87911,51.3,4.72,1059,21.0,148,2.8,1,6.966024187106113,0,5.628000000000001,1,0.1,False,False,True,False,False,False,False,False,False,True,False,False,False,True
Z0208,2021,376.1,27,10.0,17.2,0.0,0,0,Touba,Diourbel,14.87883,-15.87911,51.3,4.72,1059,21.0,148,2.8,1,6.966024187106113,0,2.1,1,0.1,False,False,True,False,False,False,False,False,False,True,False,False,False,True
Z0208,2022,504.3,32,10.1,19.0,0.0,0,0,Touba,Diourbel,14.87883,-15.87911,51.3,4.72,1059,21.0,148,2.8,1,6.966024187106113,0,2.121,1,0.1,False,False,True,False,False,False,False,False,False,True,False,False,False,True
Z0208,2023,376.0,32,32.0,45.7,0.0,0,0,Touba,Diourbel,14.87883,-15.87911,51.3,4.72,1059,21.0,148,2.8,1,6.966024187106113,0,6.72,1,0.1,False,False,True,False,False,False,False,False,False,True,False,False,False,True
Z0208,2024,673.1,46,18.1,29.0,0.0,0,0,Touba,Diourbel,14.87883,-15.87911,51.3,4.72,1059,21.0,148,2.8,1,6.966024187106113,0,3.801,1,0.1,False,False,True,False,False,False,False,False,False,True,False,False,False,True
Z0209,2015,450.2,28,44.2,71.4,0.0,1,0,Touba,Diourbel,14.84616,-15.88107,16.1,2.7,1931,52.9,2735,6.3,7,7.566311014772463,1,23.381800000000002,1,0.7,True,False,False,False,False,False,False,True,False,False,False,False,False,True
Z0209,2016,597.9,37,56.4,108.6,0.0,1,0,Touba,Diourbel,14.84616,-15.88107,16.1,2.7,1931,52.9,2735,6.3,7,7.566311014772463,1,29.8356,1,0.7,True,False,False,False,False,False,False,True,False,False,False,False,False,True
Z0209,2017,396.2,24,36.1,68.3,0.0,0,0,Touba,Diourbel,14.84616,-15.88107,16.1,2.7,1931,52.9,2735,6.3,7,7.566311014772463,1,19.0969,1,0.7,True,False,False,False,False,False,False,True,False,False,False,False,False,True
Z0209,2018,363.2,21,10.0,17.8,0.0,0,0,Touba,Diourbel,14.84616,-15.88107,16.1,2.7,1931,52.9,2735,6.3,7,7.566311014772463,1,5.29,1,0.7,True,False,False,False,False,False,False,True,False,False,False,False,False,True
Z0209,2019,508.3,36,13.4,29.1,0.0,0,0,Touba,Diourbel,14.84616,-15.88107,16.1,2.7,1931,52.9,2735,6.3,7,7.566311014772463,1,7.0886000000000005,1,0.7,True,False,False,False,False,False,False,True,False,False,False,False,False,True
Z0209,2020,528.0,42,15.5,29.9,0.0,1,0,Touba,Diourbel,14.84616,-15.88107,16.1,2.7,1931,52.9,2735,6.3,7,7.566311014772463,1,8.199499999999999,1,0.7,True,False,False,False,False,False,False,True,False,False,False,False,False,True
Z0209,2021,413.7,27,25.6,40.4,0.0,1,0,Touba,Diourbel,14.84616,-15.88107,16.1,2.7,1931,52.9,2735,6.3,7,7.566311014772463,1,13.5424,1,0.7,True,False,False,False,False,False,False,True,False,False,False,False,False,True
Z0209,2022,666.7,48,10.0,15.2,0.0,0,0,Touba,Diourbel,14.84616,-15.88107,16.1,2.7,1931,52.9,2735,6.3,7,7.566311014772463,1,5.29,1,0.7,True,False,False,False,False,False,False,True,False,False,False,False,False,True
Z0209,2023,438.4,24,13.2,22.4,0.0,1,0,Touba,Diourbel,14.84616,-15.88107,16.1,2.7,1931,52.9,2735,6.3,7,7.566311014772463,1,6.9828,1,0.7,True,False,False,False,False,False,False,True,False,False,False,False,False,True
Z0209,2024,935.1,65,42.1,92.1,0.0,1,0,Touba,Diourbel,14.84616,-15.88107,16.1,2.7,1931,52.9,2735,6.3,7,7.566311014772463,1,22.2709,1,0.7,True,False,False,False,False,False,False,True,False,False,False,False,False,True
Z0210,2015,591.6,42,38.2,53.2,0.0,0,0,Touba,Diourbel,14.85043,-15.86966,41.0,1.65,2005,0.0,252,8.3,0,7.603897968521881,1,0.0,0,0.0,False,False,False,False,True,True,False,False,False,False,True,False,False,False
Z0210,2016,692.1,49,23.9,50.3,0.0,0,0,Touba,Diourbel,14.85043,-15.86966,41.0,1.65,2005,0.0,252,8.3,0,7.603897968521881,1,0.0,0,0.0,False,False,False,False,True,True,False,False,False,False,True,False,False,False
Z0210,2017,370.3,25,42.8,75.1,0.0,0,0,Touba,Diourbel,14.85043,-15.86966,41.0,1.65,2005,0.0,252,8.3,0,7.603897968521881,1,0.0,0,0.0,False,False,False,False,True,True,False,False,False,False,True,False,False,False
Z0210,2018,331.9,33,10.0,16.1,0.0,0,0,Touba,Diourbel,14.85043,-15.86966,41.0,1.65,2005,0.0,252,8.3,0,7.603897968521881,1,0.0,0,0.0,False,False,False,False,True,True,False,False,False,False,True,False,False,False
Z0210,2019,435.1,33,37.7,71.3,0.0,0,0,Touba,Diourbel,14.85043,-15.86966,41.0,1.65,2005,0.0,252,8.3,0,7.603897968521881,1,0.0,0,0.0,False,False,False,False,True,True,False,False,False,False,True,False,False,False
Z0210,2020,663.7,47,42.5,71.7,0.0,0,0,Touba,Diourbel,14.85043,-15.86966,41.0,1.65,2005,0.0,252,8.3,0,7.603897968521881,1,0.0,0,0.0,False,False,False,False,True,True,False,False,False,False,True,False,False,False
Z0210,2021,339.3,25,11.5,16.0,0.0,0,0,Touba,Diourbel,14.85043,-15.86966,41.0,1.65,2005,0.0,252,8.3,0,7.603897968521881,1,0.0,0,0.0,False,False,False,False,True,True,False,False,False,False,True,False,False,False
Z0210,2022,630.3,43,24.6,40.3,0.0,0,0,Touba,Diourbel,14.85043,-15.86966,41.0,1.65,2005,0.0,252,8.3,0,7.603897968521881,1,0.0,0,0.0,False,False,False,False,True,True,False,False,False,False,True,False,False,False
Z0210,2023,388.8,25,21.9,40.9,0.0,0,0,Touba,Diourbel,14.85043,-15.86966,41.0,1.65,2005,0.0,252,8.3,0,7.603897968521881,1,0.0,0,0.0,False,False,False,False,True,True,False,False,False,False,True,False,False,False
Z0210,2024,563.6,41,26.4,46.4,0.0,0,0,Touba,Diourbel,14.85043,-15.86966,41.0,1.65,2005,0.0,252,8.3,0,7.603897968521881,1,0.0,0,0.0,False,False,False,False,True,True,False,False,False,False,True,False,False,False
Z0211,2015,401.6,34,13.3,20.0,0.0,0,0,Touba,Diourbel,14.87015,-15.86466,18.5,1.76,4454,27.2,98,2.0,9,8.40178233990491,1,3.6176,1,0.9,False,False,True,False,False,False,False,False,False,True,False,False,False,True
Z0211,2016,517.8,32,27.8,40.3,0.0,0,0,Touba,Diourbel,14.87015,-15.86466,18.5,1.76,4454,27.2,98,2.0,9,8.40178233990491,1,7.561599999999999,1,0.9,False,False,True,False,False,False,False,False,False,True,False,False,False,True
Z0211,2017,491.8,27,20.0,31.2,0.0,1,0,Touba,Diourbel,14.87015,-15.86466,18.5,1.76,4454,27.2,98,2.0,9,8.40178233990491,1,5.44,1,0.9,False,False,True,False,False,False,False,False,False,True,False,False,False,True
Z0211,2018,620.5,45,24.5,38.1,0.0,0,0,Touba,Diourbel,14.87015,-15.86466,18.5,1.76,4454,27.2,98,2.0,9,8.40178233990491,1,6.664,1,0.9,False,False,True,False,False,False,False,False,False,True,False,False,False,True
Z0211,2019,348.2,22,17.2,30.8,0.0,1,0,Touba,Diourbel,14.87015,-15.86466,18.5,1.76,4454,27.2,98,2.0,9,8.40178233990491,1,4.6784,1,0.9,False,False,True,False,False,False,False,False,False,True,False,False,False,True
Z0211,2020,631.8,36,10.0,20.8,0.0,1,0,Touba,Diourbel,14.87015,-15.86466,18.5,1.76,4454,27.2,98,2.0,9,8.40178233990491,1,2.72,1,0.9,False,False,True,False,False,False,False,False,False,True,False,False,False,True
Z0211,2021,452.6,30,19.9,41.3,0.0,1,0,Touba,Diourbel,14.87015,-15.86466,18.5,1.76,4454,27.2,98,2.0,9,8.40178233990491,1,5.4128,1,0.9,False,False,True,False,False,False,False,False,False,True,False,False,False,True
Z0211,2022,915.0,69,14.9,26.7,0.0,1,0,Touba,Diourbel,14.87015,-15.86466,18.5,1.76,4454,27.2,98,2.0,9,8.40178233990491,1,4.0527999999999995,1,0.9,False,False,True,False,False,False,False,False,False,True,False,False,False,True
Z0211,2023,557.9,44,29.0,55.7,0.0,1,0,Touba,Diourbel,14.87015,-15.86466,18.5,1.76,4454,27.2,98,2.0,9,8.40178233990491,1,7.888,1,0.9,False,False,True,False,False,False,False,False,False,True,False,False,False,True
Z0211,2024,623.7,47,19.9,22.4,0.0,1,0,Touba,Diourbel,14.87015,-15.86466,18.5,1.76,4454,27.2,98,2.0,9,8.40178233990491,1,5.4128,1,0.9,False,False,True,False,False,False,False,False,False,True,False,False,False,True
Z0212,2015,587.5,44,79.7,120.0,0.0,0,0,Touba,Diourbel,14.84046,-15.88397,57.7,1.25,1068,50.1,4943,12.3,0,6.974478911025045,0,39.929700000000004,0,0.0,True,False,False,False,False,False,False,True,False,False,True,False,False,False
Z0212,2016,355.5,24,16.2,30.2,0.0,0,0,Touba,Diourbel,14.84046,-15.88397,57.7,1.25,1068,50.1,4943,12.3,0,6.974478911025045,0,8.1162,0,0.0,True,False,False,False,False,False,False,True,False,False,True,False,False,False
Z0212,2017,397.4,29,10.0,15.7,0.0,0,0,Touba,Diourbel,14.84046,-15.88397,57.7,1.25,1068,50.1,4943,12.3,0,6.974478911025045,0,5.01,0,0.0,True,False,False,False,False,False,False,True,False,False,True,False,False,False
Z0212,2018,643.0,49,30.3,49.6,0.0,0,0,Touba,Diourbel,14.84046,-15.88397,57.7,1.25,1068,50.1,4943,12.3,0,6.974478911025045,0,15.180299999999999,0,0.0,True,False,False,False,False,False,False,True,False,False,True,False,False,False
Z0212,2019,468.3,37,19.4,42.1,0.0,0,0,Touba,Diourbel,14.84046,-15.88397,57.7,1.25,1068,50.1,4943,12.3,0,6.974478911025045,0,9.7194,0,0.0,True,False,False,False,False,False,False,True,False,False,True,False,False,False
Z0212,2020,708.8,51,81.3,172.2,0.0,0,0,Touba,Diourbel,14.84046,-15.88397,57.7,1.25,1068,50.1,4943,12.3,0,6.974478911025045,0,40.731300000000005,0,0.0,True,False,False,False,False,False,False,True,False,False,True,False,False,False
Z0212,2021,442.0,31,11.6,20.8,0.0,0,0,Touba,Diourbel,14.84046,-15.88397,57.7,1.25,1068,50.1,4943,12.3,0,6.974478911025045,0,5.811599999999999,0,0.0,True,False,False,False,False,False,False,True,False,False,True,False,False,False
Z0212,2022,571.2,43,29.8,47.4,0.0,0,0,Touba,Diourbel,14.84046,-15.88397,57.7,1.25,1068,50.1,4943,12.3,0,6.974478911025045,0,14.9298,0,0.0,True,False,False,False,False,False,False,True,False,False,True,False,False,False
Z0212,2023,593.1,41,30.4,37.6,0.0,0,0,Touba,Diourbel,14.84046,-15.88397,57.7,1.25,1068,50.1,4943,12.3,0,6.974478911025045,0,15.2304,0,0.0,True,False,False,False,False,False,False,True,False,False,True,False,False,False
Z0212,2024,508.5,37,26.6,41.1,0.0,0,0,Touba,Diourbel,14.84046,-15.88397,57.7,1.25,1068,50.1,4943,12.3,0,6.974478911025045,0,13.326600000000001,0,0.0,True,False,False,False,False,False,False,True,False,False,True,False,False,False
Z0213,2015,695.6,40,67.6,132.8,0.0,0,0,Touba,Diourbel,14.85238,-15.88162,74.3,1.0,827,17.4,258,14.1,0,6.71901315438526,0,11.762399999999998,1,0.0,True,False,False,False,False,True,False,False,False,False,False,False,False,True
Z0213,2016,477.1,21,40.4,63.8,0.0,0,0,Touba,Diourbel,14.85238,-15.88162,74.3,1.0,827,17.4,258,14.1,0,6.71901315438526,0,7.029599999999999,1,0.0,True,False,False,False,False,True,False,False,False,False,False,False,False,True
Z0213,2017,556.1,42,38.0,60.5,0.0,0,0,Touba,Diourbel,14.85238,-15.88162,74.3,1.0,827,17.4,258,14.1,0,6.71901315438526,0,6.611999999999999,1,0.0,True,False,False,False,False,True,False,False,False,False,False,False,False,True
Z0213,2018,729.6,50,62.6,120.0,0.0,0,0,Touba,Diourbel,14.85238,-15.88162,74.3,1.0,827,17.4,258,14.1,0,6.71901315438526,0,10.8924,1,0.0,True,False,False,False,False,True,False,False,False,False,False,False,False,True
Z0213,2019,570.0,37,41.3,53.6,0.0,0,0,Touba,Diourbel,14.85238,-15.88162,74.3,1.0,827,17.4,258,14.1,0,6.71901315438526,0,7.186199999999999,1,0.0,True,False,False,False,False,True,False,False,False,False,False,False,False,True
Z0213,2020,438.8,28,10.0,15.3,0.0,0,0,Touba,Diourbel,14.85238,-15.88162,74.3,1.0,827,17.4,258,14.1,0,6.71901315438526,0,1.74,1,0.0,True,False,False,False,False,True,False,False,False,False,False,False,False,True
Z0213,2021,424.3,34,25.5,42.6,0.0,0,0,Touba,Diourbel,14.85238,-15.88162,74.3,1.0,827,17.4,258,14.1,0,6.71901315438526,0,4.437,1,0.0,True,False,False,False,False,True,False,False,False,False,False,False,False,True
Z0213,2022,877.2,58,21.6,33.3,0.0,0,0,Touba,Diourbel,14.85238,-15.88162,74.3,1.0,827,17.4,258,14.1,0,6.71901315438526,0,3.7584,1,0.0,True,False,False,False,False,True,False,False,False,False,False,False,False,True
Z0213,2023,863.6,62,39.1,55.0,0.0,0,0,Touba,Diourbel,14.85238,-15.88162,74.3,1.0,827,17.4,258,14.1,0,6.71901315438526,0,6.803399999999999,1,0.0,True,False,False,False,False,True,False,False,False,False,False,False,False,True
Z0213,2024,679.2,43,74.9,133.3,0.0,0,0,Touba,Diourbel,14.85238,-15.88162,74.3,1.0,827,17.4,258,14.1,0,6.71901315438526,0,13.0326,1,0.0,True,False,False,False,False,True,False,False,False,False,False,False,False,True
Z0214,2015,284.2,21,13.0,16.2,0.0,0,0,Touba,Diourbel,14.84791,-15.87013,76.0,1.33,636,82.8,14578,14.3,0,6.456769655572163,0,10.764,0,0.0,False,False,True,False,False,False,True,False,False,False,True,False,False,False
Z0214,2016,473.2,36,13.8,25.9,0.0,0,0,Touba,Diourbel,14.84791,-15.87013,76.0,1.33,636,82.8,14578,14.3,0,6.456769655572163,0,11.426400000000001,0,0.0,False,False,True,False,False,False,True,False,False,False,True,False,False,False
Z0214,2017,694.9,47,24.5,49.7,0.0,0,0,Touba,Diourbel,14.84791,-15.87013,76.0,1.33,636,82.8,14578,14.3,0,6.456769655572163,0,20.285999999999998,0,0.0,False,False,True,False,False,False,True,False,False,False,True,False,False,False
Z0214,2018,432.1,29,20.0,35.5,0.0,0,0,Touba,Diourbel,14.84791,-15.87013,76.0,1.33,636,82.8,14578,14.3,0,6.456769655572163,0,16.56,0,0.0,False,False,True,False,False,False,True,False,False,False,True,False,False,False
Z0214,2019,409.5,36,11.0,22.7,0.0,0,0,Touba,Diourbel,14.84791,-15.87013,76.0,1.33,636,82.8,14578,14.3,0,6.456769655572163,0,9.107999999999999,0,0.0,False,False,True,False,False,False,True,False,False,False,True,False,False,False
Z0214,2020,586.3,42,66.7,85.0,0.0,0,0,Touba,Diourbel,14.84791,-15.87013,76.0,1.33,636,82.8,14578,14.3,0,6.456769655572163,0,55.2276,0,0.0,False,False,True,False,False,False,True,False,False,False,True,False,False,False
Z0214,2021,553.0,41,10.0,18.5,0.0,0,0,Touba,Diourbel,14.84791,-15.87013,76.0,1.33,636,82.8,14578,14.3,0,6.456769655572163,0,8.28,0,0.0,False,False,True,False,False,False,True,False,False,False,True,False,False,False
Z0214,2022,619.8,38,16.4,23.4,0.0,0,0,Touba,Diourbel,14.84791,-15.87013,76.0,1.33,636,82.8,14578,14.3,0,6.456769655572163,0,13.579199999999998,0,0.0,False,False,True,False,False,False,True,False,False,False,True,False,False,False
Z0214,2023,432.9,35,30.0,45.9,0.0,0,0,Touba,Diourbel,14.84791,-15.87013,76.0,1.33,636,82.8,14578,14.3,0,6.456769655572163,0,24.84,0,0.0,False,False,True,False,False,False,True,False,False,False,True,False,False,False
Z0214,2024,635.3,45,19.0,23.9,0.0,0,0,Touba,Diourbel,14.84791,-15.87013,76.0,1.33,636,82.8,14578,14.3,0,6.456769655572163,0,15.732000000000001,0,0.0,False,False,True,False,False,False,True,False,False,False,True,False,False,False
Z0215,2015,553.6,36,27.5,49.8,0.0,1,0,Touba,Diourbel,14.86171,-15.87625,33.7,1.18,7159,29.2,154,2.3,6,8.87626525995469,1,8.03,1,0.6,False,False,True,False,False,False,False,False,False,True,False,False,False,True
Z0215,2016,538.6,40,23.3,35.5,0.0,0,0,Touba,Diourbel,14.86171,-15.87625,33.7,1.18,7159,29.2,154,2.3,6,8.87626525995469,1,6.8036,1,0.6,False,False,True,False,False,False,False,False,False,True,False,False,False,True
Z0215,2017,498.0,33,19.0,31.4,0.0,0,0,Touba,Diourbel,14.86171,-15.87625,33.7,1.18,7159,29.2,154,2.3,6,8.87626525995469,1,5.547999999999999,1,0.6,False,False,True,False,False,False,False,False,False,True,False,False,False,True
Z0215,2018,397.6,24,13.6,16.8,0.0,0,0,Touba,Diourbel,14.86171,-15.87625,33.7,1.18,7159,29.2,154,2.3,6,8.87626525995469,1,3.9712,1,0.6,False,False,True,False,False,False,False,False,False,True,False,False,False,True
Z0215,2019,540.2,38,58.6,118.5,0.0,1,0,Touba,Diourbel,14.86171,-15.87625,33.7,1.18,7159,29.2,154,2.3,6,8.87626525995469,1,17.1112,1,0.6,False,False,True,False,False,False,False,False,False,True,False,False,False,True
Z0215,2020,599.4,49,30.8,48.6,0.0,0,0,Touba,Diourbel,14.86171,-15.87625,33.7,1.18,7159,29.2,154,2.3,6,8.87626525995469,1,8.9936,1,0.6,False,False,True,False,False,False,False,False,False,True,False,False,False,True
Z0215,2021,380.5,22,15.1,24.3,0.0,1,0,Touba,Diourbel,14.86171,-15.87625,33.7,1.18,7159,29.2,154,2.3,6,8.87626525995469,1,4.409199999999999,1,0.6,False,False,True,False,False,False,False,False,False,True,False,False,False,True
Z0215,2022,494.5,33,16.7,22.2,0.0,1,0,Touba,Diourbel,14.86171,-15.87625,33.7,1.18,7159,29.2,154,2.3,6,8.87626525995469,1,4.8764,1,0.6,False,False,True,False,False,False,False,False,False,True,False,False,False,True
Z0215,2023,253.5,22,21.3,27.8,0.0,0,0,Touba,Diourbel,14.86171,-15.87625,33.7,1.18,7159,29.2,154,2.3,6,8.87626525995469,1,6.219600000000001,1,0.6,False,False,True,False,False,False,False,False,False,True,False,False,False,True
Z0215,2024,579.6,36,39.9,82.6,0.0,0,0,Touba,Diourbel,14.86171,-15.87625,33.7,1.18,7159,29.2,154,2.3,6,8.87626525995469,1,11.650799999999998,1,0.6,False,False,True,False,False,False,False,False,False,True,False,False,False,True
Z0216,2015,488.7,33,39.9,50.9,0.0,0,0,Touba,Diourbel,14.84919,-15.88647,53.2,4.11,1632,82.0,10249,10.5,0,7.398174092970465,0,32.717999999999996,1,0.0,False,False,False,False,True,False,True,False,False,False,False,False,False,True
Z0216,2016,579.7,39,61.3,107.3,0.0,0,0,Touba,Diourbel,14.84919,-15.88647,53.2,4.11,1632,82.0,10249,10.5,0,7.398174092970465,0,50.26599999999999,1,0.0,False,False,False,False,True,False,True,False,False,False,False,False,False,True
Z0216,2017,428.7,35,28.1,56.9,0.0,0,0,Touba,Diourbel,14.84919,-15.88647,53.2,4.11,1632,82.0,10249,10.5,0,7.398174092970465,0,23.042,1,0.0,False,False,False,False,True,False,True,False,False,False,False,False,False,True
Z0216,2018,393.7,33,12.4,25.1,0.0,0,0,Touba,Diourbel,14.84919,-15.88647,53.2,4.11,1632,82.0,10249,10.5,0,7.398174092970465,0,10.168000000000001,1,0.0,False,False,False,False,True,False,True,False,False,False,False,False,False,True
Z0216,2019,589.4,38,18.7,35.3,0.0,0,0,Touba,Diourbel,14.84919,-15.88647,53.2,4.11,1632,82.0,10249,10.5,0,7.398174092970465,0,15.333999999999998,1,0.0,False,False,False,False,True,False,True,False,False,False,False,False,False,True
Z0216,2020,848.9,64,45.6,87.5,0.0,0,0,Touba,Diourbel,14.84919,-15.88647,53.2,4.11,1632,82.0,10249,10.5,0,7.398174092970465,0,37.392,1,0.0,False,False,False,False,True,False,True,False,False,False,False,False,False,True
Z0216,2021,506.5,36,18.7,56.2,0.0,0,0,Touba,Diourbel,14.84919,-15.88647,53.2,4.11,1632,82.0,10249,10.5,0,7.398174092970465,0,15.333999999999998,1,0.0,False,False,False,False,True,False,True,False,False,False,False,False,False,True
Z0216,2022,513.6,42,10.0,17.0,0.0,0,0,Touba,Diourbel,14.84919,-15.88647,53.2,4.11,1632,82.0,10249,10.5,0,7.398174092970465,0,8.2,1,0.0,False,False,False,False,True,False,True,False,False,False,False,False,False,True
Z0216,2023,349.0,27,10.0,12.6,0.0,0,0,Touba,Diourbel,14.84919,-15.88647,53.2,4.11,1632,82.0,10249,10.5,0,7.398174092970465,0,8.2,1,0.0,False,False,False,False,True,False,True,False,False,False,False,False,False,True
Z0216,2024,269.4,16,10.0,21.6,0.0,0,0,Touba,Diourbel,14.84919,-15.88647,53.2,4.11,1632,82.0,10249,10.5,0,7.398174092970465,0,8.2,1,0.0,False,False,False,False,True,False,True,False,False,False,False,False,False,True
Z0217,2015,711.3,46,16.5,29.8,0.0,0,0,Touba,Diourbel,14.84564,-15.86288,58.7,1.37,1031,77.7,12086,12.5,0,6.939253946041508,0,12.8205,1,0.0,False,False,False,True,False,False,True,False,False,False,False,False,False,True
Z0217,2016,397.6,26,22.2,46.5,0.0,0,0,Touba,Diourbel,14.84564,-15.86288,58.7,1.37,1031,77.7,12086,12.5,0,6.939253946041508,0,17.2494,1,0.0,False,False,False,True,False,False,True,False,False,False,False,False,False,True
Z0217,2017,549.0,39,20.8,25.4,0.0,0,0,Touba,Diourbel,14.84564,-15.86288,58.7,1.37,1031,77.7,12086,12.5,0,6.939253946041508,0,16.1616,1,0.0,False,False,False,True,False,False,True,False,False,False,False,False,False,True
Z0217,2018,501.0,38,16.6,34.3,0.0,0,0,Touba,Diourbel,14.84564,-15.86288,58.7,1.37,1031,77.7,12086,12.5,0,6.939253946041508,0,12.898200000000001,1,0.0,False,False,False,True,False,False,True,False,False,False,False,False,False,True
Z0217,2019,388.3,24,10.0,21.9,0.0,0,0,Touba,Diourbel,14.84564,-15.86288,58.7,1.37,1031,77.7,12086,12.5,0,6.939253946041508,0,7.77,1,0.0,False,False,False,True,False,False,True,False,False,False,False,False,False,True
Z0217,2020,616.6,46,17.3,22.1,0.0,0,0,Touba,Diourbel,14.84564,-15.86288,58.7,1.37,1031,77.7,12086,12.5,0,6.939253946041508,0,13.4421,1,0.0,False,False,False,True,False,False,True,False,False,False,False,False,False,True
Z0217,2021,483.1,36,21.9,47.9,0.0,0,0,Touba,Diourbel,14.84564,-15.86288,58.7,1.37,1031,77.7,12086,12.5,0,6.939253946041508,0,17.016299999999998,1,0.0,False,False,False,True,False,False,True,False,False,False,False,False,False,True
Z0217,2022,690.8,47,28.2,40.7,0.0,0,0,Touba,Diourbel,14.84564,-15.86288,58.7,1.37,1031,77.7,12086,12.5,0,6.939253946041508,0,21.9114,1,0.0,False,False,False,True,False,False,True,False,False,False,False,False,False,True
Z0217,2023,418.8,31,11.7,14.2,0.0,0,0,Touba,Diourbel,14.84564,-15.86288,58.7,1.37,1031,77.7,12086,12.5,0,6.939253946041508,0,9.0909,1,0.0,False,False,False,True,False,False,True,False,False,False,False,False,False,True
Z0217,2024,549.5,42,59.4,83.7,0.0,0,0,Touba,Diourbel,14.84564,-15.86288,58.7,1.37,1031,77.7,12086,12.5,0,6.939253946041508,0,46.153800000000004,1,0.0,False,False,False,True,False,False,True,False,False,False,False,False,False,True
Z0218,2015,636.0,54,22.0,40.7,0.0,0,0,Touba,Diourbel,14.84925,-15.87109,49.1,1.13,4198,49.2,3548,10.8,0,8.342601680684194,1,10.824000000000002,1,0.0,False,True,False,False,False,False,False,True,False,False,False,False,True,False
Z0218,2016,493.2,33,31.7,50.5,0.0,0,0,Touba,Diourbel,14.84925,-15.87109,49.1,1.13,4198,49.2,3548,10.8,0,8.342601680684194,1,15.596400000000001,1,0.0,False,True,False,False,False,False,False,True,False,False,False,False,True,False
Z0218,2017,500.8,37,33.5,42.8,0.0,0,0,Touba,Diourbel,14.84925,-15.87109,49.1,1.13,4198,49.2,3548,10.8,0,8.342601680684194,1,16.482,1,0.0,False,True,False,False,False,False,False,True,False,False,False,False,True,False
Z0218,2018,377.6,32,18.1,28.3,0.0,0,0,Touba,Diourbel,14.84925,-15.87109,49.1,1.13,4198,49.2,3548,10.8,0,8.342601680684194,1,8.9052,1,0.0,False,True,False,False,False,False,False,True,False,False,False,False,True,False
Z0218,2019,419.3,37,15.4,30.3,0.0,0,0,Touba,Diourbel,14.84925,-15.87109,49.1,1.13,4198,49.2,3548,10.8,0,8.342601680684194,1,7.5768,1,0.0,False,True,False,False,False,False,False,True,False,False,False,False,True,False
Z0218,2020,646.0,45,47.2,70.2,0.0,0,0,Touba,Diourbel,14.84925,-15.87109,49.1,1.13,4198,49.2,3548,10.8,0,8.342601680684194,1,23.222400000000004,1,0.0,False,True,False,False,False,False,False,True,False,False,False,False,True,False
Z0218,2021,372.7,23,36.1,62.1,0.0,0,0,Touba,Diourbel,14.84925,-15.87109,49.1,1.13,4198,49.2,3548,10.8,0,8.342601680684194,1,17.761200000000002,1,0.0,False,True,False,False,False,False,False,True,False,False,False,False,True,False
Z0218,2022,721.2,53,50.1,82.9,0.0,0,0,Touba,Diourbel,14.84925,-15.87109,49.1,1.13,4198,49.2,3548,10.8,0,8.342601680684194,1,24.6492,1,0.0,False,True,False,False,False,False,False,True,False,False,False,False,True,False
Z0218,2023,637.6,45,10.0,17.8,0.0,0,0,Touba,Diourbel,14.84925,-15.87109,49.1,1.13,4198,49.2,3548,10.8,0,8.342601680684194,1,4.92,1,0.0,False,True,False,False,False,False,False,True,False,False,False,False,True,False
Z0218,2024,794.1,57,27.2,33.2,0.0,0,0,Touba,Diourbel,14.84925,-15.87109,49.1,1.13,4198,49.2,3548,10.8,0,8.342601680684194,1,13.3824,1,0.0,False,True,False,False,False,False,False,True,False,False,False,False,True,False
Z0219,2015,735.4,50,32.9,40.5,0.0,0,0,Touba,Diourbel,14.86962,-15.85195,62.2,4.04,451,46.6,3929,10.8,0,6.113682179832232,0,15.331399999999999,1,0.0,False,False,False,False,True,False,False,True,False,False,False,False,False,True
Z0219,2016,494.7,34,55.9,122.6,0.0,0,0,Touba,Diourbel,14.86962,-15.85195,62.2,4.04,451,46.6,3929,10.8,0,6.113682179832232,0,26.049400000000002,1,0.0,False,False,False,False,True,False,False,True,False,False,False,False,False,True
Z0219,2017,776.9,52,59.3,128.3,0.0,0,0,Touba,Diourbel,14.86962,-15.85195,62.2,4.04,451,46.6,3929,10.8,0,6.113682179832232,0,27.6338,1,0.0,False,False,False,False,True,False,False,True,False,False,False,False,False,True
Z0219,2018,303.6,20,25.1,13.9,0.0,0,0,Touba,Diourbel,14.86962,-15.85195,62.2,4.04,451,46.6,3929,10.8,0,6.113682179832232,0,11.6966,1,0.0,False,False,False,False,True,False,False,True,False,False,False,False,False,True
Z0219,2019,490.8,41,16.1,28.2,0.0,0,0,Touba,Diourbel,14.86962,-15.85195,62.2,4.04,451,46.6,3929,10.8,0,6.113682179832232,0,7.502600000000001,1,0.0,False,False,False,False,True,False,False,True,False,False,False,False,False,True
Z0219,2020,744.2,46,13.4,24.2,0.0,0,0,Touba,Diourbel,14.86962,-15.85195,62.2,4.04,451,46.6,3929,10.8,0,6.113682179832232,0,6.244400000000001,1,0.0,False,False,False,False,True,False,False,True,False,False,False,False,False,True
Z0219,2021,499.2,33,10.0,18.8,0.0,0,0,Touba,Diourbel,14.86962,-15.85195,62.2,4.04,451,46.6,3929,10.8,0,6.113682179832232,0,4.66,1,0.0,False,False,False,False,True,False,False,True,False,False,False,False,False,True
Z0219,2022,514.9,34,25.1,52.8,0.0,0,0,Touba,Diourbel,14.86962,-15.85195,62.2,4.04,451,46.6,3929,10.8,0,6.113682179832232,0,11.6966,1,0.0,False,False,False,False,True,False,False,True,False,False,False,False,False,True
Z0219,2023,512.5,31,10.0,13.5,0.0,0,0,Touba,Diourbel,14.86962,-15.85195,62.2,4.04,451,46.6,3929,10.8,0,6.113682179832232,0,4.66,1,0.0,False,False,False,False,True,False,False,True,False,False,False,False,False,True
Z0219,2024,904.9,69,52.5,67.6,0.0,0,0,Touba,Diourbel,14.86962,-15.85195,62.2,4.04,451,46.6,3929,10.8,0,6.113682179832232,0,24.465,1,0.0,False,False,False,False,True,False,False,True,False,False,False,False,False,True
Z0220,2015,510.9,37,31.7,45.8,0.0,0,0,Touba,Diourbel,14.84779,-15.87393,38.9,3.42,818,38.0,3649,8.3,0,6.70808408385307,1,12.046,1,0.0,True,False,False,False,False,False,False,True,False,False,False,False,False,True
Z0220,2016,409.8,27,22.7,43.2,0.0,0,0,Touba,Diourbel,14.84779,-15.87393,38.9,3.42,818,38.0,3649,8.3,0,6.70808408385307,1,8.626,1,0.0,True,False,False,False,False,False,False,True,False,False,False,False,False,True
Z0220,2017,502.6,35,10.0,19.3,0.0,1,0,Touba,Diourbel,14.84779,-15.87393,38.9,3.42,818,38.0,3649,8.3,0,6.70808408385307,1,3.8,1,0.0,True,False,False,False,False,False,False,True,False,False,False,False,False,True
Z0220,2018,646.7,46,10.0,17.6,0.0,1,0,Touba,Diourbel,14.84779,-15.87393,38.9,3.42,818,38.0,3649,8.3,0,6.70808408385307,1,3.8,1,0.0,True,False,False,False,False,False,False,True,False,False,False,False,False,True
Z0220,2019,597.2,46,32.4,48.8,0.0,1,0,Touba,Diourbel,14.84779,-15.87393,38.9,3.42,818,38.0,3649,8.3,0,6.70808408385307,1,12.312000000000001,1,0.0,True,False,False,False,False,False,False,True,False,False,False,False,False,True
Z0220,2020,948.6,70,10.0,20.0,0.0,0,0,Touba,Diourbel,14.84779,-15.87393,38.9,3.42,818,38.0,3649,8.3,0,6.70808408385307,1,3.8,1,0.0,True,False,False,False,False,False,False,True,False,False,False,False,False,True
Z0220,2021,455.1,39,24.0,33.7,0.0,0,0,Touba,Diourbel,14.84779,-15.87393,38.9,3.42,818,38.0,3649,8.3,0,6.70808408385307,1,9.12,1,0.0,True,False,False,False,False,False,False,True,False,False,False,False,False,True
Z0220,2022,568.0,46,47.0,86.0,0.0,0,0,Touba,Diourbel,14.84779,-15.87393,38.9,3.42,818,38.0,3649,8.3,0,6.70808408385307,1,17.86,1,0.0,True,False,False,False,False,False,False,True,False,False,False,False,False,True
Z0220,2023,654.5,47,21.7,34.7,0.0,0,0,Touba,Diourbel,14.84779,-15.87393,38.9,3.42,818,38.0,3649,8.3,0,6.70808408385307,1,8.246,1,0.0,True,False,False,False,False,False,False,True,False,False,False,False,False,True
Z0220,2024,497.2,33,10.0,12.7,0.0,0,0,Touba,Diourbel,14.84779,-15.87393,38.9,3.42,818,38.0,3649,8.3,0,6.70808408385307,1,3.8,1,0.0,True,False,False,False,False,False,False,True,False,False,False,False,False,True
Z0221,2015,381.5,24,22.4,30.9,0.0,0,0,Mbacké,Diourbel,14.79673,-15.91172,60.1,1.8,1143,64.7,12069,11.2,0,7.042286171939743,0,14.492799999999999,2,0.0,False,True,False,False,False,False,True,False,False,False,False,True,False,False
Z0221,2016,389.4,28,66.2,115.6,0.0,0,0,Mbacké,Diourbel,14.79673,-15.91172,60.1,1.8,1143,64.7,12069,11.2,0,7.042286171939743,0,42.8314,2,0.0,False,True,False,False,False,False,True,False,False,False,False,True,False,False
Z0221,2017,434.0,36,39.8,58.2,0.0,0,0,Mbacké,Diourbel,14.79673,-15.91172,60.1,1.8,1143,64.7,12069,11.2,0,7.042286171939743,0,25.7506,2,0.0,False,True,False,False,False,False,True,False,False,False,False,True,False,False
Z0221,2018,593.4,42,55.5,82.4,0.0,0,0,Mbacké,Diourbel,14.79673,-15.91172,60.1,1.8,1143,64.7,12069,11.2,0,7.042286171939743,0,35.908500000000004,2,0.0,False,True,False,False,False,False,True,False,False,False,False,True,False,False
Z0221,2019,438.8,32,20.9,42.3,0.0,0,0,Mbacké,Diourbel,14.79673,-15.91172,60.1,1.8,1143,64.7,12069,11.2,0,7.042286171939743,0,13.5223,2,0.0,False,True,False,False,False,False,True,False,False,False,False,True,False,False
Z0221,2020,728.3,46,74.1,147.6,0.0,0,0,Mbacké,Diourbel,14.79673,-15.91172,60.1,1.8,1143,64.7,12069,11.2,0,7.042286171939743,0,47.942699999999995,2,0.0,False,True,False,False,False,False,True,False,False,False,False,True,False,False
Z0221,2021,640.0,38,20.1,42.5,0.0,0,0,Mbacké,Diourbel,14.79673,-15.91172,60.1,1.8,1143,64.7,12069,11.2,0,7.042286171939743,0,13.004700000000003,2,0.0,False,True,False,False,False,False,True,False,False,False,False,True,False,False
Z0221,2022,398.4,35,10.8,19.0,0.0,0,0,Mbacké,Diourbel,14.79673,-15.91172,60.1,1.8,1143,64.7,12069,11.2,0,7.042286171939743,0,6.987600000000001,2,0.0,False,True,False,False,False,False,True,False,False,False,False,True,False,False
Z0221,2023,557.6,36,32.6,63.9,0.0,0,0,Mbacké,Diourbel,14.79673,-15.91172,60.1,1.8,1143,64.7,12069,11.2,0,7.042286171939743,0,21.092200000000002,2,0.0,False,True,False,False,False,False,True,False,False,False,False,True,False,False
Z0221,2024,763.4,53,42.8,54.6,0.0,0,0,Mbacké,Diourbel,14.79673,-15.91172,60.1,1.8,1143,64.7,12069,11.2,0,7.042286171939743,0,27.691599999999998,2,0.0,False,True,False,False,False,False,True,False,False,False,False,True,False,False
Z0222,2015,308.4,20,10.8,22.5,0.0,0,0,Mbacké,Diourbel,14.78599,-15.9198,47.5,7.57,1100,8.9,348,9.9,0,7.00397413672268,0,0.9612,2,0.0,False,False,True,False,False,True,False,False,False,False,False,True,False,False
Z0222,2016,439.3,40,15.5,23.8,0.0,0,0,Mbacké,Diourbel,14.78599,-15.9198,47.5,7.57,1100,8.9,348,9.9,0,7.00397413672268,0,1.3795000000000002,2,0.0,False,False,True,False,False,True,False,False,False,False,False,True,False,False
Z0222,2017,429.6,30,66.6,98.3,0.0,0,0,Mbacké,Diourbel,14.78599,-15.9198,47.5,7.57,1100,8.9,348,9.9,0,7.00397413672268,0,5.9274000000000004,2,0.0,False,False,True,False,False,True,False,False,False,False,False,True,False,False
Z0222,2018,757.5,56,39.3,84.1,0.0,0,0,Mbacké,Diourbel,14.78599,-15.9198,47.5,7.57,1100,8.9,348,9.9,0,7.00397413672268,0,3.4977,2,0.0,False,False,True,False,False,True,False,False,False,False,False,True,False,False
Z0222,2019,601.0,43,43.7,72.9,0.0,0,0,Mbacké,Diourbel,14.78599,-15.9198,47.5,7.57,1100,8.9,348,9.9,0,7.00397413672268,0,3.8893000000000004,2,0.0,False,False,True,False,False,True,False,False,False,False,False,True,False,False
Z0222,2020,675.0,48,26.0,39.5,0.0,0,0,Mbacké,Diourbel,14.78599,-15.9198,47.5,7.57,1100,8.9,348,9.9,0,7.00397413672268,0,2.314,2,0.0,False,False,True,False,False,True,False,False,False,False,False,True,False,False
Z0222,2021,562.1,34,21.1,28.5,0.0,0,0,Mbacké,Diourbel,14.78599,-15.9198,47.5,7.57,1100,8.9,348,9.9,0,7.00397413672268,0,1.8779000000000001,2,0.0,False,False,True,False,False,True,False,False,False,False,False,True,False,False
Z0222,2022,378.3,31,25.9,49.5,0.0,0,0,Mbacké,Diourbel,14.78599,-15.9198,47.5,7.57,1100,8.9,348,9.9,0,7.00397413672268,0,2.3051,2,0.0,False,False,True,False,False,True,False,False,False,False,False,True,False,False
Z0222,2023,568.0,38,18.1,35.8,0.0,0,0,Mbacké,Diourbel,14.78599,-15.9198,47.5,7.57,1100,8.9,348,9.9,0,7.00397413672268,0,1.6109000000000002,2,0.0,False,False,True,False,False,True,False,False,False,False,False,True,False,False
Z0222,2024,825.7,63,21.4,29.3,0.0,0,0,Mbacké,Diourbel,14.78599,-15.9198,47.5,7.57,1100,8.9,348,9.9,0,7.00397413672268,0,1.9046,2,0.0,False,False,True,False,False,True,False,False,False,False,False,True,False,False
Z0223,2015,539.05,35,10.0,16.3,0.0,0,0,Mbacké,Diourbel,14.78444,-15.91061,11.3,3.07,2795,6.1,304,4.4,3,7.935945103353701,1,0.61,0,0.3,False,True,False,False,False,False,False,False,True,False,True,False,False,False
Z0223,2016,550.4,39,73.3,129.6,0.0,0,0,Mbacké,Diourbel,14.78444,-15.91061,11.3,3.07,2795,6.1,304,4.4,3,7.935945103353701,1,4.471299999999999,0,0.3,False,True,False,False,False,False,False,False,True,False,True,False,False,False
Z0223,2017,425.5,24,24.8,45.3,0.0,0,0,Mbacké,Diourbel,14.78444,-15.91061,11.3,3.07,2795,6.1,304,4.4,3,7.935945103353701,1,1.5128,0,0.3,False,True,False,False,False,False,False,False,True,False,True,False,False,False
Z0223,2018,515.9,30,27.3,51.1,0.0,0,0,Mbacké,Diourbel,14.78444,-15.91061,11.3,3.07,2795,6.1,304,4.4,3,7.935945103353701,1,1.6653,0,0.3,False,True,False,False,False,False,False,False,True,False,True,False,False,False
Z0223,2019,614.8,45,57.0,98.1,0.0,1,0,Mbacké,Diourbel,14.78444,-15.91061,11.3,3.07,2795,6.1,304,4.4,3,7.935945103353701,1,3.477,0,0.3,False,True,False,False,False,False,False,False,True,False,True,False,False,False
Z0223,2020,539.05,37,28.3,56.2,0.0,0,0,Mbacké,Diourbel,14.78444,-15.91061,11.3,3.07,2795,6.1,304,4.4,3,7.935945103353701,1,1.7263,0,0.3,False,True,False,False,False,False,False,False,True,False,True,False,False,False
Z0223,2021,591.5,38,22.3,36.3,0.0,1,0,Mbacké,Diourbel,14.78444,-15.91061,11.3,3.07,2795,6.1,304,4.4,3,7.935945103353701,1,1.3603,0,0.3,False,True,False,False,False,False,False,False,True,False,True,False,False,False
Z0223,2022,527.7,39,37.3,75.2,0.0,0,0,Mbacké,Diourbel,14.78444,-15.91061,11.3,3.07,2795,6.1,304,4.4,3,7.935945103353701,1,2.2752999999999997,0,0.3,False,True,False,False,False,False,False,False,True,False,True,False,False,False
Z0223,2023,473.3,36,10.0,15.2,0.0,0,0,Mbacké,Diourbel,14.78444,-15.91061,11.3,3.07,2795,6.1,304,4.4,3,7.935945103353701,1,0.61,0,0.3,False,True,False,False,False,False,False,False,True,False,True,False,False,False
Z0223,2024,654.1,44,82.9,111.8,0.0,1,0,Mbacké,Diourbel,14.78444,-15.91061,11.3,3.07,2795,6.1,304,4.4,3,7.935945103353701,1,5.0569,0,0.3,False,True,False,False,False,False,False,False,True,False,True,False,False,False
Z0224,2015,569.8,35,10.0,21.3,0.0,0,0,Mbacké,Diourbel,14.80125,-15.89962,23.3,0.27,3723,0.0,94,7.2,3,8.222553638396958,1,0.0,0,0.3,False,False,False,True,False,True,False,False,False,False,True,False,False,False
Z0224,2016,323.6,22,33.7,72.3,0.0,0,0,Mbacké,Diourbel,14.80125,-15.89962,23.3,0.27,3723,0.0,94,7.2,3,8.222553638396958,1,0.0,0,0.3,False,False,False,True,False,True,False,False,False,False,True,False,False,False
Z0224,2017,393.4,27,12.6,26.0,0.0,0,0,Mbacké,Diourbel,14.80125,-15.89962,23.3,0.27,3723,0.0,94,7.2,3,8.222553638396958,1,0.0,0,0.3,False,False,False,True,False,True,False,False,False,False,True,False,False,False
Z0224,2018,658.0,39,28.6,59.1,0.0,0,0,Mbacké,Diourbel,14.80125,-15.89962,23.3,0.27,3723,0.0,94,7.2,3,8.222553638396958,1,0.0,0,0.3,False,False,False,True,False,True,False,False,False,False,True,False,False,False
Z0224,2019,621.3,48,18.7,26.1,0.0,0,0,Mbacké,Diourbel,14.80125,-15.89962,23.3,0.27,3723,0.0,94,7.2,3,8.222553638396958,1,0.0,0,0.3,False,False,False,True,False,True,False,False,False,False,True,False,False,False
Z0224,2020,449.1,37,12.7,24.7,0.0,1,0,Mbacké,Diourbel,14.80125,-15.89962,23.3,0.27,3723,0.0,94,7.2,3,8.222553638396958,1,0.0,0,0.3,False,False,False,True,False,True,False,False,False,False,True,False,False,False
Z0224,2021,596.6,40,11.0,13.6,0.0,1,0,Mbacké,Diourbel,14.80125,-15.89962,23.3,0.27,3723,0.0,94,7.2,3,8.222553638396958,1,0.0,0,0.3,False,False,False,True,False,True,False,False,False,False,True,False,False,False
Z0224,2022,614.1,43,26.2,43.0,0.0,0,0,Mbacké,Diourbel,14.80125,-15.89962,23.3,0.27,3723,0.0,94,7.2,3,8.222553638396958,1,0.0,0,0.3,False,False,False,True,False,True,False,False,False,False,True,False,False,False
Z0224,2023,325.6,19,10.9,22.3,0.0,0,0,Mbacké,Diourbel,14.80125,-15.89962,23.3,0.27,3723,0.0,94,7.2,3,8.222553638396958,1,0.0,0,0.3,False,False,False,True,False,True,False,False,False,False,True,False,False,False
Z0224,2024,569.8,41,17.3,30.0,0.0,0,0,Mbacké,Diourbel,14.80125,-15.89962,23.3,0.27,3723,0.0,94,7.2,3,8.222553638396958,1,0.0,0,0.3,False,False,False,True,False,True,False,False,False,False,True,False,False,False
Z0225,2015,735.8,53,33.1,60.9,0.0,0,0,Mbacké,Diourbel,14.78067,-15.89585,41.6,2.34,2635,68.3,16607,8.8,0,7.877017895622398,0,22.6073,0,0.0,True,False,False,False,False,False,True,False,False,False,True,False,False,False
Z0225,2016,299.8,22,25.1,44.6,0.0,0,0,Mbacké,Diourbel,14.78067,-15.89585,41.6,2.34,2635,68.3,16607,8.8,0,7.877017895622398,0,17.1433,0,0.0,True,False,False,False,False,False,True,False,False,False,True,False,False,False
Z0225,2017,293.0,23,18.6,38.3,0.0,0,0,Mbacké,Diourbel,14.78067,-15.89585,41.6,2.34,2635,68.3,16607,8.8,0,7.877017895622398,0,12.703800000000001,0,0.0,True,False,False,False,False,False,True,False,False,False,True,False,False,False
Z0225,2018,700.1,46,63.0,124.8,0.0,0,0,Mbacké,Diourbel,14.78067,-15.89585,41.6,2.34,2635,68.3,16607,8.8,0,7.877017895622398,0,43.028999999999996,0,0.0,True,False,False,False,False,False,True,False,False,False,True,False,False,False
Z0225,2019,522.3,36,51.0,70.5,0.0,0,0,Mbacké,Diourbel,14.78067,-15.89585,41.6,2.34,2635,68.3,16607,8.8,0,7.877017895622398,0,34.833,0,0.0,True,False,False,False,False,False,True,False,False,False,True,False,False,False
Z0225,2020,676.2,53,33.1,45.5,0.0,0,0,Mbacké,Diourbel,14.78067,-15.89585,41.6,2.34,2635,68.3,16607,8.8,0,7.877017895622398,0,22.6073,0,0.0,True,False,False,False,False,False,True,False,False,False,True,False,False,False
Z0225,2021,516.4,33,23.1,29.9,0.0,0,0,Mbacké,Diourbel,14.78067,-15.89585,41.6,2.34,2635,68.3,16607,8.8,0,7.877017895622398,0,15.7773,0,0.0,True,False,False,False,False,False,True,False,False,False,True,False,False,False
Z0225,2022,536.2,33,44.0,70.3,0.0,0,0,Mbacké,Diourbel,14.78067,-15.89585,41.6,2.34,2635,68.3,16607,8.8,0,7.877017895622398,0,30.052,0,0.0,True,False,False,False,False,False,True,False,False,False,True,False,False,False
Z0225,2023,352.5,26,33.8,54.0,0.0,0,0,Mbacké,Diourbel,14.78067,-15.89585,41.6,2.34,2635,68.3,16607,8.8,0,7.877017895622398,0,23.085399999999996,0,0.0,True,False,False,False,False,False,True,False,False,False,True,False,False,False
Z0225,2024,633.8,54,23.7,34.4,0.0,0,0,Mbacké,Diourbel,14.78067,-15.89585,41.6,2.34,2635,68.3,16607,8.8,0,7.877017895622398,0,16.187099999999997,0,0.0,True,False,False,False,False,False,True,False,False,False,True,False,False,False
Z0226,2015,480.9,38,30.6,62.5,0.0,0,0,Mbacké,Diourbel,14.79376,-15.89741,33.9,0.45,4399,25.3,90,7.3,0,8.389359819906353,1,7.7418000000000005,1,0.0,False,True,False,False,False,True,False,False,False,False,False,False,False,True
Z0226,2016,648.7,46,21.0,30.7,0.0,0,0,Mbacké,Diourbel,14.79376,-15.89741,33.9,0.45,4399,25.3,90,7.3,0,8.389359819906353,1,5.313000000000001,1,0.0,False,True,False,False,False,True,False,False,False,False,False,False,False,True
Z0226,2017,373.6,32,21.7,43.6,0.0,0,0,Mbacké,Diourbel,14.79376,-15.89741,33.9,0.45,4399,25.3,90,7.3,0,8.389359819906353,1,5.4901,1,0.0,False,True,False,False,False,True,False,False,False,False,False,False,False,True
Z0226,2018,480.9,42,50.2,94.7,0.0,0,0,Mbacké,Diourbel,14.79376,-15.89741,33.9,0.45,4399,25.3,90,7.3,0,8.389359819906353,1,12.700600000000001,1,0.0,False,True,False,False,False,True,False,False,False,False,False,False,False,True
Z0226,2019,375.4,24,30.6,52.4,0.0,0,0,Mbacké,Diourbel,14.79376,-15.89741,33.9,0.45,4399,25.3,90,7.3,0,8.389359819906353,1,7.7418000000000005,1,0.0,False,True,False,False,False,True,False,False,False,False,False,False,False,True
Z0226,2020,820.1,62,47.2,57.1,0.0,0,0,Mbacké,Diourbel,14.79376,-15.89741,33.9,0.45,4399,25.3,90,7.3,0,8.389359819906353,1,11.941600000000001,1,0.0,False,True,False,False,False,True,False,False,False,False,False,False,False,True
Z0226,2021,441.2,29,39.2,70.9,0.0,0,0,Mbacké,Diourbel,14.79376,-15.89741,33.9,0.45,4399,25.3,90,7.3,0,8.389359819906353,1,9.9176,1,0.0,False,True,False,False,False,True,False,False,False,False,False,False,False,True
Z0226,2022,466.7,33,11.2,23.7,0.0,0,0,Mbacké,Diourbel,14.79376,-15.89741,33.9,0.45,4399,25.3,90,7.3,0,8.389359819906353,1,2.8336,1,0.0,False,True,False,False,False,True,False,False,False,False,False,False,False,True
Z0226,2023,594.2,34,37.3,55.3,0.0,0,0,Mbacké,Diourbel,14.79376,-15.89741,33.9,0.45,4399,25.3,90,7.3,0,8.389359819906353,1,9.4369,1,0.0,False,True,False,False,False,True,False,False,False,False,False,False,False,True
Z0226,2024,787.7,53,37.5,58.3,0.0,0,0,Mbacké,Diourbel,14.79376,-15.89741,33.9,0.45,4399,25.3,90,7.3,0,8.389359819906353,1,9.4875,1,0.0,False,True,False,False,False,True,False,False,False,False,False,False,False,True
Z0227,2015,582.5,36,10.8,23.2,0.0,0,0,Mbacké,Diourbel,14.79743,-15.93444,45.5,1.31,1360,18.3,251,10.4,0,7.215975002651466,0,1.9764000000000002,2,0.0,False,True,False,False,False,True,False,False,False,False,False,True,False,False
Z0227,2016,515.1,34,10.0,19.8,0.0,0,0,Mbacké,Diourbel,14.79743,-15.93444,45.5,1.31,1360,18.3,251,10.4,0,7.215975002651466,0,1.83,2,0.0,False,True,False,False,False,True,False,False,False,False,False,True,False,False
Z0227,2017,444.7,27,13.9,22.3,0.0,0,0,Mbacké,Diourbel,14.79743,-15.93444,45.5,1.31,1360,18.3,251,10.4,0,7.215975002651466,0,2.5437,2,0.0,False,True,False,False,False,True,False,False,False,False,False,True,False,False
Z0227,2018,312.3,23,13.1,22.8,0.0,0,0,Mbacké,Diourbel,14.79743,-15.93444,45.5,1.31,1360,18.3,251,10.4,0,7.215975002651466,0,2.3973,2,0.0,False,True,False,False,False,True,False,False,False,False,False,True,False,False
Z0227,2019,817.2,50,20.5,28.0,0.0,0,0,Mbacké,Diourbel,14.79743,-15.93444,45.5,1.31,1360,18.3,251,10.4,0,7.215975002651466,0,3.7515000000000005,2,0.0,False,True,False,False,False,True,False,False,False,False,False,True,False,False
Z0227,2020,666.8,50,55.5,111.3,0.0,0,0,Mbacké,Diourbel,14.79743,-15.93444,45.5,1.31,1360,18.3,251,10.4,0,7.215975002651466,0,10.156500000000001,2,0.0,False,True,False,False,False,True,False,False,False,False,False,True,False,False
Z0227,2021,520.4,41,11.3,17.8,0.0,0,0,Mbacké,Diourbel,14.79743,-15.93444,45.5,1.31,1360,18.3,251,10.4,0,7.215975002651466,0,2.0679000000000003,2,0.0,False,True,False,False,False,True,False,False,False,False,False,True,False,False
Z0227,2022,552.9,35,27.0,42.6,0.0,0,0,Mbacké,Diourbel,14.79743,-15.93444,45.5,1.31,1360,18.3,251,10.4,0,7.215975002651466,0,4.941,2,0.0,False,True,False,False,False,True,False,False,False,False,False,True,False,False
Z0227,2023,287.8,24,13.9,29.5,0.0,0,0,Mbacké,Diourbel,14.79743,-15.93444,45.5,1.31,1360,18.3,251,10.4,0,7.215975002651466,0,2.5437,2,0.0,False,True,False,False,False,True,False,False,False,False,False,True,False,False
Z0227,2024,644.5,49,28.5,61.3,0.0,0,0,Mbacké,Diourbel,14.79743,-15.93444,45.5,1.31,1360,18.3,251,10.4,0,7.215975002651466,0,5.2155000000000005,2,0.0,False,True,False,False,False,True,False,False,False,False,False,True,False,False
Z0228,2015,544.7,37,10.0,21.8,0.0,0,0,Mbacké,Diourbel,14.79447,-15.9103,37.9,1.18,1600,81.9,13930,10.5,0,7.3783837129967145,1,8.19,2,0.0,False,False,False,False,True,False,True,False,False,False,False,True,False,False
Z0228,2016,349.4,29,25.5,55.9,0.0,0,0,Mbacké,Diourbel,14.79447,-15.9103,37.9,1.18,1600,81.9,13930,10.5,0,7.3783837129967145,1,20.884500000000003,2,0.0,False,False,False,False,True,False,True,False,False,False,False,True,False,False
Z0228,2017,864.2,58,63.0,89.8,0.0,0,0,Mbacké,Diourbel,14.79447,-15.9103,37.9,1.18,1600,81.9,13930,10.5,0,7.3783837129967145,1,51.59700000000001,2,0.0,False,False,False,False,True,False,True,False,False,False,False,True,False,False
Z0228,2018,503.6,39,14.4,18.2,0.0,0,0,Mbacké,Diourbel,14.79447,-15.9103,37.9,1.18,1600,81.9,13930,10.5,0,7.3783837129967145,1,11.793600000000001,2,0.0,False,False,False,False,True,False,True,False,False,False,False,True,False,False
Z0228,2019,441.6,30,10.3,20.5,0.0,0,0,Mbacké,Diourbel,14.79447,-15.9103,37.9,1.18,1600,81.9,13930,10.5,0,7.3783837129967145,1,8.435700000000002,2,0.0,False,False,False,False,True,False,True,False,False,False,False,True,False,False
Z0228,2020,663.9,39,58.0,125.7,0.0,0,0,Mbacké,Diourbel,14.79447,-15.9103,37.9,1.18,1600,81.9,13930,10.5,0,7.3783837129967145,1,47.50200000000001,2,0.0,False,False,False,False,True,False,True,False,False,False,False,True,False,False
Z0228,2021,470.6,36,24.5,52.4,0.0,0,0,Mbacké,Diourbel,14.79447,-15.9103,37.9,1.18,1600,81.9,13930,10.5,0,7.3783837129967145,1,20.0655,2,0.0,False,False,False,False,True,False,True,False,False,False,False,True,False,False
Z0228,2022,382.1,27,14.3,30.1,0.0,0,0,Mbacké,Diourbel,14.79447,-15.9103,37.9,1.18,1600,81.9,13930,10.5,0,7.3783837129967145,1,11.7117,2,0.0,False,False,False,False,True,False,True,False,False,False,False,True,False,False
Z0228,2023,432.1,33,10.0,20.9,0.0,0,0,Mbacké,Diourbel,14.79447,-15.9103,37.9,1.18,1600,81.9,13930,10.5,0,7.3783837129967145,1,8.19,2,0.0,False,False,False,False,True,False,True,False,False,False,False,True,False,False
Z0228,2024,587.2,43,56.6,79.5,0.0,0,0,Mbacké,Diourbel,14.79447,-15.9103,37.9,1.18,1600,81.9,13930,10.5,0,7.3783837129967145,1,46.35540000000001,2,0.0,False,False,False,False,True,False,True,False,False,False,False,True,False,False
Z0229,2015,864.6,68,32.1,67.3,0.0,0,0,Mbacké,Diourbel,14.79682,-15.93397,28.1,0.66,3203,13.2,128,7.3,1,8.07215530818825,1,4.2372,0,0.1,False,True,False,False,False,True,False,False,False,False,True,False,False,False
Z0229,2016,578.9,36,22.5,48.4,0.0,1,0,Mbacké,Diourbel,14.79682,-15.93397,28.1,0.66,3203,13.2,128,7.3,1,8.07215530818825,1,2.97,0,0.1,False,True,False,False,False,True,False,False,False,False,True,False,False,False
Z0229,2017,497.5,30,37.5,78.7,0.0,1,0,Mbacké,Diourbel,14.79682,-15.93397,28.1,0.66,3203,13.2,128,7.3,1,8.07215530818825,1,4.95,0,0.1,False,True,False,False,False,True,False,False,False,False,True,False,False,False
Z0229,2018,383.8,28,33.2,65.0,0.0,1,0,Mbacké,Diourbel,14.79682,-15.93397,28.1,0.66,3203,13.2,128,7.3,1,8.07215530818825,1,4.3824000000000005,0,0.1,False,True,False,False,False,True,False,False,False,False,True,False,False,False
Z0229,2019,606.8,37,34.1,51.0,0.0,0,0,Mbacké,Diourbel,14.79682,-15.93397,28.1,0.66,3203,13.2,128,7.3,1,8.07215530818825,1,4.5012,0,0.1,False,True,False,False,False,True,False,False,False,False,True,False,False,False
Z0229,2020,895.6,65,34.0,44.5,0.0,0,0,Mbacké,Diourbel,14.79682,-15.93397,28.1,0.66,3203,13.2,128,7.3,1,8.07215530818825,1,4.4879999999999995,0,0.1,False,True,False,False,False,True,False,False,False,False,True,False,False,False
Z0229,2021,448.7,29,14.4,20.5,0.0,0,0,Mbacké,Diourbel,14.79682,-15.93397,28.1,0.66,3203,13.2,128,7.3,1,8.07215530818825,1,1.9007999999999998,0,0.1,False,True,False,False,False,True,False,False,False,False,True,False,False,False
Z0229,2022,419.1,30,33.2,14.9,0.0,0,0,Mbacké,Diourbel,14.79682,-15.93397,28.1,0.66,3203,13.2,128,7.3,1,8.07215530818825,1,4.3824000000000005,0,0.1,False,True,False,False,False,True,False,False,False,False,True,False,False,False
Z0229,2023,780.2,61,30.9,66.7,0.0,0,0,Mbacké,Diourbel,14.79682,-15.93397,28.1,0.66,3203,13.2,128,7.3,1,8.07215530818825,1,4.078799999999999,0,0.1,False,True,False,False,False,True,False,False,False,False,True,False,False,False
Z0229,2024,760.2,60,46.2,79.8,0.0,0,0,Mbacké,Diourbel,14.79682,-15.93397,28.1,0.66,3203,13.2,128,7.3,1,8.07215530818825,1,6.098400000000001,0,0.1,False,True,False,False,False,True,False,False,False,False,True,False,False,False
Z0230,2015,398.0,27,10.0,21.9,0.0,0,0,Mbacké,Diourbel,14.77472,-15.91024,52.2,3.98,4014,6.7,119,11.5,0,8.297792626380861,0,0.67,1,0.0,False,True,False,False,False,True,False,False,False,False,False,False,False,True
Z0230,2016,452.3,34,19.3,24.3,0.0,0,0,Mbacké,Diourbel,14.77472,-15.91024,52.2,3.98,4014,6.7,119,11.5,0,8.297792626380861,0,1.2931,1,0.0,False,True,False,False,False,True,False,False,False,False,False,False,False,True
Z0230,2017,515.1,42,14.2,18.9,0.0,0,0,Mbacké,Diourbel,14.77472,-15.91024,52.2,3.98,4014,6.7,119,11.5,0,8.297792626380861,0,0.9514,1,0.0,False,True,False,False,False,True,False,False,False,False,False,False,False,True
Z0230,2018,574.1,41,20.1,24.4,0.0,0,0,Mbacké,Diourbel,14.77472,-15.91024,52.2,3.98,4014,6.7,119,11.5,0,8.297792626380861,0,1.3467000000000002,1,0.0,False,True,False,False,False,True,False,False,False,False,False,False,False,True
Z0230,2019,425.2,26,17.2,29.6,0.0,0,0,Mbacké,Diourbel,14.77472,-15.91024,52.2,3.98,4014,6.7,119,11.5,0,8.297792626380861,0,1.1523999999999999,1,0.0,False,True,False,False,False,True,False,False,False,False,False,False,False,True
Z0230,2020,514.5,36,15.3,24.1,0.0,0,0,Mbacké,Diourbel,14.77472,-15.91024,52.2,3.98,4014,6.7,119,11.5,0,8.297792626380861,0,1.0251000000000001,1,0.0,False,True,False,False,False,True,False,False,False,False,False,False,False,True
Z0230,2021,594.3,45,60.2,92.5,0.0,0,0,Mbacké,Diourbel,14.77472,-15.91024,52.2,3.98,4014,6.7,119,11.5,0,8.297792626380861,0,4.0334,1,0.0,False,True,False,False,False,True,False,False,False,False,False,False,False,True
Z0230,2022,645.7,41,55.7,75.4,0.0,0,0,Mbacké,Diourbel,14.77472,-15.91024,52.2,3.98,4014,6.7,119,11.5,0,8.297792626380861,0,3.7319000000000004,1,0.0,False,True,False,False,False,True,False,False,False,False,False,False,False,True
Z0230,2023,365.7,28,11.7,22.1,0.0,0,0,Mbacké,Diourbel,14.77472,-15.91024,52.2,3.98,4014,6.7,119,11.5,0,8.297792626380861,0,0.7839,1,0.0,False,True,False,False,False,True,False,False,False,False,False,False,False,True
Z0230,2024,852.7,61,44.4,56.4,0.0,0,0,Mbacké,Diourbel,14.77472,-15.91024,52.2,3.98,4014,6.7,119,11.5,0,8.297792626380861,0,2.9748,1,0.0,False,True,False,False,False,True,False,False,False,False,False,False,False,True
Z0231,2015,535.1,38,29.3,53.1,0.0,0,0,Diourbel,Diourbel,14.64765,-16.24856,25.0,1.73,3234,88.3,13165,4.8,0,8.081784206935001,0,25.8719,2,0.0,False,True,False,False,False,False,True,False,False,False,False,True,False,False
Z0231,2016,540.3,43,97.2,133.6,0.0,0,0,Diourbel,Diourbel,14.64765,-16.24856,25.0,1.73,3234,88.3,13165,4.8,0,8.081784206935001,0,85.8276,2,0.0,False,True,False,False,False,False,True,False,False,False,False,True,False,False
Z0231,2017,504.6,34,16.8,25.6,0.0,0,0,Diourbel,Diourbel,14.64765,-16.24856,25.0,1.73,3234,88.3,13165,4.8,0,8.081784206935001,0,14.8344,2,0.0,False,True,False,False,False,False,True,False,False,False,False,True,False,False
Z0231,2018,455.5,32,55.7,118.0,0.0,0,0,Diourbel,Diourbel,14.64765,-16.24856,25.0,1.73,3234,88.3,13165,4.8,0,8.081784206935001,0,49.1831,2,0.0,False,True,False,False,False,False,True,False,False,False,False,True,False,False
Z0231,2019,520.9,36,25.4,51.9,0.0,0,0,Diourbel,Diourbel,14.64765,-16.24856,25.0,1.73,3234,88.3,13165,4.8,0,8.081784206935001,0,22.428199999999997,2,0.0,False,True,False,False,False,False,True,False,False,False,False,True,False,False
Z0231,2020,555.2,41,16.7,31.3,0.0,0,0,Diourbel,Diourbel,14.64765,-16.24856,25.0,1.73,3234,88.3,13165,4.8,0,8.081784206935001,0,14.746099999999998,2,0.0,False,True,False,False,False,False,True,False,False,False,False,True,False,False
Z0231,2021,513.1,38,17.8,27.8,0.0,0,0,Diourbel,Diourbel,14.64765,-16.24856,25.0,1.73,3234,88.3,13165,4.8,0,8.081784206935001,0,15.7174,2,0.0,False,True,False,False,False,False,True,False,False,False,False,True,False,False
Z0231,2022,608.1,40,34.1,68.1,0.0,0,0,Diourbel,Diourbel,14.64765,-16.24856,25.0,1.73,3234,88.3,13165,4.8,0,8.081784206935001,0,30.110300000000002,2,0.0,False,True,False,False,False,False,True,False,False,False,False,True,False,False
Z0231,2023,668.5,48,60.9,91.6,0.0,0,0,Diourbel,Diourbel,14.64765,-16.24856,25.0,1.73,3234,88.3,13165,4.8,0,8.081784206935001,0,53.774699999999996,2,0.0,False,True,False,False,False,False,True,False,False,False,False,True,False,False
Z0231,2024,444.0,26,10.0,20.0,0.0,0,0,Diourbel,Diourbel,14.64765,-16.24856,25.0,1.73,3234,88.3,13165,4.8,0,8.081784206935001,0,8.83,2,0.0,False,True,False,False,False,False,True,False,False,False,False,True,False,False
Z0232,2015,529.8,33,10.2,16.2,0.0,0,0,Diourbel,Diourbel,14.65278,-16.23371,9.1,0.21,890,28.8,176,5.0,1,6.792344427470809,1,2.9375999999999998,1,0.1,False,False,False,True,False,True,False,False,False,False,False,False,False,True
Z0232,2016,564.5,40,29.3,49.8,0.0,0,0,Diourbel,Diourbel,14.65278,-16.23371,9.1,0.21,890,28.8,176,5.0,1,6.792344427470809,1,8.4384,1,0.1,False,False,False,True,False,True,False,False,False,False,False,False,False,True
Z0232,2017,278.8,17,10.5,15.3,0.0,0,0,Diourbel,Diourbel,14.65278,-16.23371,9.1,0.21,890,28.8,176,5.0,1,6.792344427470809,1,3.0240000000000005,1,0.1,False,False,False,True,False,True,False,False,False,False,False,False,False,True
Z0232,2018,635.1,45,10.0,20.9,0.0,0,0,Diourbel,Diourbel,14.65278,-16.23371,9.1,0.21,890,28.8,176,5.0,1,6.792344427470809,1,2.88,1,0.1,False,False,False,True,False,True,False,False,False,False,False,False,False,True
Z0232,2019,509.2,33,25.9,36.1,0.0,0,0,Diourbel,Diourbel,14.65278,-16.23371,9.1,0.21,890,28.8,176,5.0,1,6.792344427470809,1,7.459199999999999,1,0.1,False,False,False,True,False,True,False,False,False,False,False,False,False,True
Z0232,2020,687.7,43,33.9,46.6,0.0,0,0,Diourbel,Diourbel,14.65278,-16.23371,9.1,0.21,890,28.8,176,5.0,1,6.792344427470809,1,9.7632,1,0.1,False,False,False,True,False,True,False,False,False,False,False,False,False,True
Z0232,2021,410.9,29,21.9,34.1,0.0,0,0,Diourbel,Diourbel,14.65278,-16.23371,9.1,0.21,890,28.8,176,5.0,1,6.792344427470809,1,6.3072,1,0.1,False,False,False,True,False,True,False,False,False,False,False,False,False,True
Z0232,2022,722.0,55,29.0,37.1,0.0,0,0,Diourbel,Diourbel,14.65278,-16.23371,9.1,0.21,890,28.8,176,5.0,1,6.792344427470809,1,8.352,1,0.1,False,False,False,True,False,True,False,False,False,False,False,False,False,True
Z0232,2023,357.3,25,14.0,27.4,0.0,0,0,Diourbel,Diourbel,14.65278,-16.23371,9.1,0.21,890,28.8,176,5.0,1,6.792344427470809,1,4.032,1,0.1,False,False,False,True,False,True,False,False,False,False,False,False,False,True
Z0232,2024,473.4,28,22.8,41.6,0.0,0,0,Diourbel,Diourbel,14.65278,-16.23371,9.1,0.21,890,28.8,176,5.0,1,6.792344427470809,1,6.5664,1,0.1,False,False,False,True,False,True,False,False,False,False,False,False,False,True
Z0233,2015,473.5,39,57.8,118.3,0.0,0,0,Diourbel,Diourbel,14.66621,-16.22567,29.1,0.16,1140,49.6,7013,6.7,0,7.039660349862076,0,28.6688,1,0.0,True,False,False,False,False,False,False,True,False,False,False,False,False,True
Z0233,2016,675.5,49,12.7,18.1,0.0,0,0,Diourbel,Diourbel,14.66621,-16.22567,29.1,0.16,1140,49.6,7013,6.7,0,7.039660349862076,0,6.2992,1,0.0,True,False,False,False,False,False,False,True,False,False,False,False,False,True
Z0233,2017,702.7,46,10.0,15.3,0.0,0,0,Diourbel,Diourbel,14.66621,-16.22567,29.1,0.16,1140,49.6,7013,6.7,0,7.039660349862076,0,4.96,1,0.0,True,False,False,False,False,False,False,True,False,False,False,False,False,True
Z0233,2018,535.5,41,42.4,89.5,0.0,0,0,Diourbel,Diourbel,14.66621,-16.22567,29.1,0.16,1140,49.6,7013,6.7,0,7.039660349862076,0,21.0304,1,0.0,True,False,False,False,False,False,False,True,False,False,False,False,False,True
Z0233,2019,398.0,34,10.2,14.2,0.0,0,0,Diourbel,Diourbel,14.66621,-16.22567,29.1,0.16,1140,49.6,7013,6.7,0,7.039660349862076,0,5.0592,1,0.0,True,False,False,False,False,False,False,True,False,False,False,False,False,True
Z0233,2020,564.9,48,13.3,17.1,0.0,0,0,Diourbel,Diourbel,14.66621,-16.22567,29.1,0.16,1140,49.6,7013,6.7,0,7.039660349862076,0,6.596800000000001,1,0.0,True,False,False,False,False,False,False,True,False,False,False,False,False,True
Z0233,2021,549.8,43,17.4,28.6,0.0,0,0,Diourbel,Diourbel,14.66621,-16.22567,29.1,0.16,1140,49.6,7013,6.7,0,7.039660349862076,0,8.6304,1,0.0,True,False,False,False,False,False,False,True,False,False,False,False,False,True
Z0233,2022,645.5,44,40.8,71.5,0.0,0,0,Diourbel,Diourbel,14.66621,-16.22567,29.1,0.16,1140,49.6,7013,6.7,0,7.039660349862076,0,20.2368,1,0.0,True,False,False,False,False,False,False,True,False,False,False,False,False,True
Z0233,2023,334.5,19,10.0,18.1,0.0,0,0,Diourbel,Diourbel,14.66621,-16.22567,29.1,0.16,1140,49.6,7013,6.7,0,7.039660349862076,0,4.96,1,0.0,True,False,False,False,False,False,False,True,False,False,False,False,False,True
Z0233,2024,548.6,50,13.3,30.3,0.0,0,0,Diourbel,Diourbel,14.66621,-16.22567,29.1,0.16,1140,49.6,7013,6.7,0,7.039660349862076,0,6.596800000000001,1,0.0,True,False,False,False,False,False,False,True,False,False,False,False,False,True
Z0234,2015,245.3,15,10.0,12.6,0.0,0,0,Diourbel,Diourbel,14.66993,-16.26694,22.9,1.38,2320,41.1,334,2.0,1,7.749753406274437,0,4.11,2,0.1,False,False,True,False,False,False,False,False,False,True,False,True,False,False
Z0234,2016,374.7,28,31.7,15.4,0.0,0,0,Diourbel,Diourbel,14.66993,-16.26694,22.9,1.38,2320,41.1,334,2.0,1,7.749753406274437,0,13.0287,2,0.1,False,False,True,False,False,False,False,False,False,True,False,True,False,False
Z0234,2017,374.8,25,14.3,23.8,0.0,0,0,Diourbel,Diourbel,14.66993,-16.26694,22.9,1.38,2320,41.1,334,2.0,1,7.749753406274437,0,5.8773,2,0.1,False,False,True,False,False,False,False,False,False,True,False,True,False,False
Z0234,2018,757.8,53,31.7,57.9,0.0,0,0,Diourbel,Diourbel,14.66993,-16.26694,22.9,1.38,2320,41.1,334,2.0,1,7.749753406274437,0,13.0287,2,0.1,False,False,True,False,False,False,False,False,False,True,False,True,False,False
Z0234,2019,584.2,38,37.3,58.9,0.0,0,0,Diourbel,Diourbel,14.66993,-16.26694,22.9,1.38,2320,41.1,334,2.0,1,7.749753406274437,0,15.3303,2,0.1,False,False,True,False,False,False,False,False,False,True,False,True,False,False
Z0234,2020,539.6,38,42.0,67.0,0.0,0,0,Diourbel,Diourbel,14.66993,-16.26694,22.9,1.38,2320,41.1,334,2.0,1,7.749753406274437,0,17.262,2,0.1,False,False,True,False,False,False,False,False,False,True,False,True,False,False
Z0234,2021,860.8,68,56.2,110.4,0.0,0,0,Diourbel,Diourbel,14.66993,-16.26694,22.9,1.38,2320,41.1,334,2.0,1,7.749753406274437,0,23.098200000000002,2,0.1,False,False,True,False,False,False,False,False,False,True,False,True,False,False
Z0234,2022,736.1,54,19.2,36.4,0.0,0,0,Diourbel,Diourbel,14.66993,-16.26694,22.9,1.38,2320,41.1,334,2.0,1,7.749753406274437,0,7.8912,2,0.1,False,False,True,False,False,False,False,False,False,True,False,True,False,False
Z0234,2023,378.5,24,10.0,17.4,0.0,0,0,Diourbel,Diourbel,14.66993,-16.26694,22.9,1.38,2320,41.1,334,2.0,1,7.749753406274437,0,4.11,2,0.1,False,False,True,False,False,False,False,False,False,True,False,True,False,False
Z0234,2024,571.9,41,39.0,83.9,0.0,0,0,Diourbel,Diourbel,14.66993,-16.26694,22.9,1.38,2320,41.1,334,2.0,1,7.749753406274437,0,16.029,2,0.1,False,False,True,False,False,False,False,False,False,True,False,True,False,False
Z0235,2015,400.5,29,12.7,24.0,0.0,0,0,Diourbel,Diourbel,14.67604,-16.21612,25.1,1.16,560,2.0,439,6.6,0,6.329720905522696,0,0.254,0,0.0,True,False,False,False,False,True,False,False,False,False,True,False,False,False
Z0235,2016,611.1,43,17.1,36.2,0.0,0,0,Diourbel,Diourbel,14.67604,-16.21612,25.1,1.16,560,2.0,439,6.6,0,6.329720905522696,0,0.342,0,0.0,True,False,False,False,False,True,False,False,False,False,True,False,False,False
Z0235,2017,446.1,37,29.9,46.0,0.0,0,0,Diourbel,Diourbel,14.67604,-16.21612,25.1,1.16,560,2.0,439,6.6,0,6.329720905522696,0,0.598,0,0.0,True,False,False,False,False,True,False,False,False,False,True,False,False,False
Z0235,2018,456.4,37,10.0,16.7,0.0,0,0,Diourbel,Diourbel,14.67604,-16.21612,25.1,1.16,560,2.0,439,6.6,0,6.329720905522696,0,0.2,0,0.0,True,False,False,False,False,True,False,False,False,False,True,False,False,False
Z0235,2019,367.2,22,10.0,20.3,0.0,0,0,Diourbel,Diourbel,14.67604,-16.21612,25.1,1.16,560,2.0,439,6.6,0,6.329720905522696,0,0.2,0,0.0,True,False,False,False,False,True,False,False,False,False,True,False,False,False
Z0235,2020,744.4,51,10.0,17.4,0.0,0,0,Diourbel,Diourbel,14.67604,-16.21612,25.1,1.16,560,2.0,439,6.6,0,6.329720905522696,0,0.2,0,0.0,True,False,False,False,False,True,False,False,False,False,True,False,False,False
Z0235,2021,418.9,30,10.3,17.4,0.0,0,0,Diourbel,Diourbel,14.67604,-16.21612,25.1,1.16,560,2.0,439,6.6,0,6.329720905522696,0,0.20600000000000002,0,0.0,True,False,False,False,False,True,False,False,False,False,True,False,False,False
Z0235,2022,597.3,43,37.0,61.3,0.0,0,0,Diourbel,Diourbel,14.67604,-16.21612,25.1,1.16,560,2.0,439,6.6,0,6.329720905522696,0,0.74,0,0.0,True,False,False,False,False,True,False,False,False,False,True,False,False,False
Z0235,2023,185.8,7,10.0,12.0,0.0,0,0,Diourbel,Diourbel,14.67604,-16.21612,25.1,1.16,560,2.0,439,6.6,0,6.329720905522696,0,0.2,0,0.0,True,False,False,False,False,True,False,False,False,False,True,False,False,False
Z0235,2024,569.3,36,21.3,35.6,0.0,0,0,Diourbel,Diourbel,14.67604,-16.21612,25.1,1.16,560,2.0,439,6.6,0,6.329720905522696,0,0.426,0,0.0,True,False,False,False,False,True,False,False,False,False,True,False,False,False
Z0236,2015,435.1,29,24.0,52.1,0.0,0,0,Diourbel,Diourbel,14.67268,-16.25098,13.7,3.83,7707,37.6,10654,4.4,0,8.950014029534257,1,9.024000000000001,1,0.0,False,False,True,False,False,False,False,True,False,False,False,False,False,True
Z0236,2016,325.5,17,10.7,16.7,0.0,0,0,Diourbel,Diourbel,14.67268,-16.25098,13.7,3.83,7707,37.6,10654,4.4,0,8.950014029534257,1,4.0232,1,0.0,False,False,True,False,False,False,False,True,False,False,False,False,False,True
Z0236,2017,396.5,28,11.7,25.2,0.0,0,0,Diourbel,Diourbel,14.67268,-16.25098,13.7,3.83,7707,37.6,10654,4.4,0,8.950014029534257,1,4.3992,1,0.0,False,False,True,False,False,False,False,True,False,False,False,False,False,True
Z0236,2018,437.1,29,14.9,22.6,0.0,0,0,Diourbel,Diourbel,14.67268,-16.25098,13.7,3.83,7707,37.6,10654,4.4,0,8.950014029534257,1,5.6024,1,0.0,False,False,True,False,False,False,False,True,False,False,False,False,False,True
Z0236,2019,358.2,28,24.4,45.0,0.0,0,0,Diourbel,Diourbel,14.67268,-16.25098,13.7,3.83,7707,37.6,10654,4.4,0,8.950014029534257,1,9.174399999999999,1,0.0,False,False,True,False,False,False,False,True,False,False,False,False,False,True
Z0236,2020,602.3,42,35.2,48.1,0.0,0,0,Diourbel,Diourbel,14.67268,-16.25098,13.7,3.83,7707,37.6,10654,4.4,0,8.950014029534257,1,13.235200000000003,1,0.0,False,False,True,False,False,False,False,True,False,False,False,False,False,True
Z0236,2021,262.8,12,14.3,21.2,0.0,1,0,Diourbel,Diourbel,14.67268,-16.25098,13.7,3.83,7707,37.6,10654,4.4,0,8.950014029534257,1,5.3768,1,0.0,False,False,True,False,False,False,False,True,False,False,False,False,False,True
Z0236,2022,504.7,36,10.0,20.8,0.0,0,0,Diourbel,Diourbel,14.67268,-16.25098,13.7,3.83,7707,37.6,10654,4.4,0,8.950014029534257,1,3.76,1,0.0,False,False,True,False,False,False,False,True,False,False,False,False,False,True
Z0236,2023,455.2,28,15.1,18.5,0.0,0,0,Diourbel,Diourbel,14.67268,-16.25098,13.7,3.83,7707,37.6,10654,4.4,0,8.950014029534257,1,5.6776,1,0.0,False,False,True,False,False,False,False,True,False,False,False,False,False,True
Z0236,2024,340.8,25,22.8,35.1,0.0,0,0,Diourbel,Diourbel,14.67268,-16.25098,13.7,3.83,7707,37.6,10654,4.4,0,8.950014029534257,1,8.5728,1,0.0,False,False,True,False,False,False,False,True,False,False,False,False,False,True
Z0237,2015,459.4,33,17.1,36.2,0.0,0,0,Diourbel,Diourbel,14.65434,-16.22697,25.1,0.75,5075,18.5,202,6.4,0,8.532278828834277,0,3.1635000000000004,2,0.0,False,True,False,False,False,True,False,False,False,False,False,True,False,False
Z0237,2016,584.5,37,27.5,42.7,0.0,0,0,Diourbel,Diourbel,14.65434,-16.22697,25.1,0.75,5075,18.5,202,6.4,0,8.532278828834277,0,5.0875,2,0.0,False,True,False,False,False,True,False,False,False,False,False,True,False,False
Z0237,2017,810.5,60,51.4,86.7,0.0,0,0,Diourbel,Diourbel,14.65434,-16.22697,25.1,0.75,5075,18.5,202,6.4,0,8.532278828834277,0,9.509,2,0.0,False,True,False,False,False,True,False,False,False,False,False,True,False,False
Z0237,2018,729.2,46,10.0,12.3,0.0,0,0,Diourbel,Diourbel,14.65434,-16.22697,25.1,0.75,5075,18.5,202,6.4,0,8.532278828834277,0,1.85,2,0.0,False,True,False,False,False,True,False,False,False,False,False,True,False,False
Z0237,2019,475.2,36,56.3,106.3,0.0,0,0,Diourbel,Diourbel,14.65434,-16.22697,25.1,0.75,5075,18.5,202,6.4,0,8.532278828834277,0,10.4155,2,0.0,False,True,False,False,False,True,False,False,False,False,False,True,False,False
Z0237,2020,448.2,25,24.9,49.5,0.0,0,0,Diourbel,Diourbel,14.65434,-16.22697,25.1,0.75,5075,18.5,202,6.4,0,8.532278828834277,0,4.6065,2,0.0,False,True,False,False,False,True,False,False,False,False,False,True,False,False
Z0237,2021,556.0,40,30.3,57.4,0.0,0,0,Diourbel,Diourbel,14.65434,-16.22697,25.1,0.75,5075,18.5,202,6.4,0,8.532278828834277,0,5.605500000000001,2,0.0,False,True,False,False,False,True,False,False,False,False,False,True,False,False
Z0237,2022,678.6,56,43.2,79.0,0.0,0,0,Diourbel,Diourbel,14.65434,-16.22697,25.1,0.75,5075,18.5,202,6.4,0,8.532278828834277,0,7.992000000000001,2,0.0,False,True,False,False,False,True,False,False,False,False,False,True,False,False
Z0237,2023,339.0,22,17.2,22.3,0.0,0,0,Diourbel,Diourbel,14.65434,-16.22697,25.1,0.75,5075,18.5,202,6.4,0,8.532278828834277,0,3.182,2,0.0,False,True,False,False,False,True,False,False,False,False,False,True,False,False
Z0237,2024,618.1,37,37.4,55.6,0.0,0,0,Diourbel,Diourbel,14.65434,-16.22697,25.1,0.75,5075,18.5,202,6.4,0,8.532278828834277,0,6.919,2,0.0,False,True,False,False,False,True,False,False,False,False,False,True,False,False
Z0238,2015,625.9,44,22.4,42.5,0.0,0,0,Diourbel,Diourbel,14.65928,-16.2439,14.2,2.3,7284,59.8,8904,6.1,0,8.893572718629306,1,13.395199999999997,0,0.0,False,False,False,True,False,False,False,True,False,False,True,False,False,False
Z0238,2016,541.3,45,22.4,13.1,0.0,0,0,Diourbel,Diourbel,14.65928,-16.2439,14.2,2.3,7284,59.8,8904,6.1,0,8.893572718629306,1,13.395199999999997,0,0.0,False,False,False,True,False,False,False,True,False,False,True,False,False,False
Z0238,2017,617.4,47,10.0,14.7,0.0,0,0,Diourbel,Diourbel,14.65928,-16.2439,14.2,2.3,7284,59.8,8904,6.1,0,8.893572718629306,1,5.98,0,0.0,False,False,False,True,False,False,False,True,False,False,True,False,False,False
Z0238,2018,675.7,40,59.4,81.1,0.0,1,0,Diourbel,Diourbel,14.65928,-16.2439,14.2,2.3,7284,59.8,8904,6.1,0,8.893572718629306,1,35.5212,0,0.0,False,False,False,True,False,False,False,True,False,False,True,False,False,False
Z0238,2019,617.4,33,10.9,22.7,0.0,0,0,Diourbel,Diourbel,14.65928,-16.2439,14.2,2.3,7284,59.8,8904,6.1,0,8.893572718629306,1,6.518199999999999,0,0.0,False,False,False,True,False,False,False,True,False,False,True,False,False,False
Z0238,2020,862.6,64,62.5,132.3,0.0,0,0,Diourbel,Diourbel,14.65928,-16.2439,14.2,2.3,7284,59.8,8904,6.1,0,8.893572718629306,1,37.375,0,0.0,False,False,False,True,False,False,False,True,False,False,True,False,False,False
Z0238,2021,537.0,35,32.5,50.5,0.0,0,0,Diourbel,Diourbel,14.65928,-16.2439,14.2,2.3,7284,59.8,8904,6.1,0,8.893572718629306,1,19.435,0,0.0,False,False,False,True,False,False,False,True,False,False,True,False,False,False
Z0238,2022,961.5,69,21.0,27.0,0.0,0,0,Diourbel,Diourbel,14.65928,-16.2439,14.2,2.3,7284,59.8,8904,6.1,0,8.893572718629306,1,12.558,0,0.0,False,False,False,True,False,False,False,True,False,False,True,False,False,False
Z0238,2023,469.2,38,37.3,79.4,0.0,0,0,Diourbel,Diourbel,14.65928,-16.2439,14.2,2.3,7284,59.8,8904,6.1,0,8.893572718629306,1,22.305399999999995,0,0.0,False,False,False,True,False,False,False,True,False,False,True,False,False,False
Z0238,2024,426.5,31,16.1,24.0,0.0,0,0,Diourbel,Diourbel,14.65928,-16.2439,14.2,2.3,7284,59.8,8904,6.1,0,8.893572718629306,1,9.6278,0,0.0,False,False,False,True,False,False,False,True,False,False,True,False,False,False
Z0239,2015,659.3,47,44.5,84.9,0.0,1,0,Diourbel,Diourbel,14.6804,-16.23168,22.1,0.72,5422,16.5,191,5.4,2,8.59840444684106,1,7.3425,0,0.2,False,False,True,False,False,True,False,False,False,False,True,False,False,False
Z0239,2016,553.9,40,31.9,44.2,0.0,0,0,Diourbel,Diourbel,14.6804,-16.23168,22.1,0.72,5422,16.5,191,5.4,2,8.59840444684106,1,5.2635000000000005,0,0.2,False,False,True,False,False,True,False,False,False,False,True,False,False,False
Z0239,2017,274.4,19,10.7,19.7,0.0,0,0,Diourbel,Diourbel,14.6804,-16.23168,22.1,0.72,5422,16.5,191,5.4,2,8.59840444684106,1,1.7654999999999998,0,0.2,False,False,True,False,False,True,False,False,False,False,True,False,False,False
Z0239,2018,599.9,32,28.2,42.0,0.0,1,0,Diourbel,Diourbel,14.6804,-16.23168,22.1,0.72,5422,16.5,191,5.4,2,8.59840444684106,1,4.6530000000000005,0,0.2,False,False,True,False,False,True,False,False,False,False,True,False,False,False
Z0239,2019,643.4,43,17.0,36.8,0.0,0,0,Diourbel,Diourbel,14.6804,-16.23168,22.1,0.72,5422,16.5,191,5.4,2,8.59840444684106,1,2.805,0,0.2,False,False,True,False,False,True,False,False,False,False,True,False,False,False
Z0239,2020,905.7,68,80.3,143.6,0.0,1,0,Diourbel,Diourbel,14.6804,-16.23168,22.1,0.72,5422,16.5,191,5.4,2,8.59840444684106,1,13.249500000000001,0,0.2,False,False,True,False,False,True,False,False,False,False,True,False,False,False
Z0239,2021,599.9,40,26.4,47.4,0.0,0,0,Diourbel,Diourbel,14.6804,-16.23168,22.1,0.72,5422,16.5,191,5.4,2,8.59840444684106,1,4.356,0,0.2,False,False,True,False,False,True,False,False,False,False,True,False,False,False
Z0239,2022,419.6,31,10.0,12.7,0.0,0,0,Diourbel,Diourbel,14.6804,-16.23168,22.1,0.72,5422,16.5,191,5.4,2,8.59840444684106,1,1.65,0,0.2,False,False,True,False,False,True,False,False,False,False,True,False,False,False
Z0239,2023,579.1,39,26.1,36.8,0.0,0,0,Diourbel,Diourbel,14.6804,-16.23168,22.1,0.72,5422,16.5,191,5.4,2,8.59840444684106,1,4.306500000000001,0,0.2,False,False,True,False,False,True,False,False,False,False,True,False,False,False
Z0239,2024,627.2,39,26.4,83.2,0.0,0,0,Diourbel,Diourbel,14.6804,-16.23168,22.1,0.72,5422,16.5,191,5.4,2,8.59840444684106,1,4.356,0,0.2,False,False,True,False,False,True,False,False,False,False,True,False,False,False
Z0240,2015,315.4,22,15.7,24.1,7.35,1,1,Saint-Louis,Saint-Louis,16.01922,-16.49404,2.9,0.53,346,81.9,6593,0.4,7,5.849324779946859,1,12.8583,0,0.7,False,False,False,True,False,False,True,False,False,False,True,False,False,False
Z0240,2016,329.5,25,10.0,21.6,4.94,0,1,Saint-Louis,Saint-Louis,16.01922,-16.49404,2.9,0.53,346,81.9,6593,0.4,7,5.849324779946859,1,8.19,0,0.7,False,False,False,True,False,False,True,False,False,False,True,False,False,False
Z0240,2017,266.6,14,10.0,16.6,4.07,1,1,Saint-Louis,Saint-Louis,16.01922,-16.49404,2.9,0.53,346,81.9,6593,0.4,7,5.849324779946859,1,8.19,0,0.7,False,False,False,True,False,False,True,False,False,False,True,False,False,False
Z0240,2018,290.5,13,12.0,21.8,7.58,1,1,Saint-Louis,Saint-Louis,16.01922,-16.49404,2.9,0.53,346,81.9,6593,0.4,7,5.849324779946859,1,9.828000000000001,0,0.7,False,False,False,True,False,False,True,False,False,False,True,False,False,False
Z0240,2019,271.1,19,10.0,21.6,8.21,0,1,Saint-Louis,Saint-Louis,16.01922,-16.49404,2.9,0.53,346,81.9,6593,0.4,7,5.849324779946859,1,8.19,0,0.7,False,False,False,True,False,False,True,False,False,False,True,False,False,False
Z0240,2020,357.8,26,25.2,38.8,8.66,1,1,Saint-Louis,Saint-Louis,16.01922,-16.49404,2.9,0.53,346,81.9,6593,0.4,7,5.849324779946859,1,20.6388,0,0.7,False,False,False,True,False,False,True,False,False,False,True,False,False,False
Z0240,2021,306.6,24,24.9,40.7,6.91,1,1,Saint-Louis,Saint-Louis,16.01922,-16.49404,2.9,0.53,346,81.9,6593,0.4,7,5.849324779946859,1,20.3931,0,0.7,False,False,False,True,False,False,True,False,False,False,True,False,False,False
Z0240,2022,306.6,23,16.7,33.6,6.9,0,1,Saint-Louis,Saint-Louis,16.01922,-16.49404,2.9,0.53,346,81.9,6593,0.4,7,5.849324779946859,1,13.6773,0,0.7,False,False,False,True,False,False,True,False,False,False,True,False,False,False
Z0240,2023,357.0,22,10.0,14.9,6.12,0,1,Saint-Louis,Saint-Louis,16.01922,-16.49404,2.9,0.53,346,81.9,6593,0.4,7,5.849324779946859,1,8.19,0,0.7,False,False,False,True,False,False,True,False,False,False,True,False,False,False
Z0240,2024,267.4,19,10.0,16.3,7.63,0,1,Saint-Louis,Saint-Louis,16.01922,-16.49404,2.9,0.53,346,81.9,6593,0.4,7,5.849324779946859,1,8.19,0,0.7,False,False,False,True,False,False,True,False,False,False,True,False,False,False
Z0241,2015,243.6,19,10.0,15.6,4.77,1,1,Saint-Louis,Saint-Louis,16.04467,-16.49675,5.5,0.16,290,35.0,61,1.3,3,5.673323267171493,0,3.5,0,0.3,False,False,True,False,False,False,False,False,False,True,True,False,False,False
Z0241,2016,315.5,23,24.6,42.2,4.76,0,1,Saint-Louis,Saint-Louis,16.04467,-16.49675,5.5,0.16,290,35.0,61,1.3,3,5.673323267171493,0,8.61,0,0.3,False,False,True,False,False,False,False,False,False,True,True,False,False,False
Z0241,2017,323.0,26,15.8,50.8,6.9,1,1,Saint-Louis,Saint-Louis,16.04467,-16.49675,5.5,0.16,290,35.0,61,1.3,3,5.673323267171493,0,5.53,0,0.3,False,False,True,False,False,False,False,False,False,True,True,False,False,False
Z0241,2018,179.4,9,10.0,12.8,5.6,1,1,Saint-Louis,Saint-Louis,16.04467,-16.49675,5.5,0.16,290,35.0,61,1.3,3,5.673323267171493,0,3.5,0,0.3,False,False,True,False,False,False,False,False,False,True,True,False,False,False
Z0241,2019,376.2,25,10.0,15.7,6.48,0,1,Saint-Louis,Saint-Louis,16.04467,-16.49675,5.5,0.16,290,35.0,61,1.3,3,5.673323267171493,0,3.5,0,0.3,False,False,True,False,False,False,False,False,False,True,True,False,False,False
Z0241,2020,570.7,44,15.8,22.6,9.1,1,1,Saint-Louis,Saint-Louis,16.04467,-16.49675,5.5,0.16,290,35.0,61,1.3,3,5.673323267171493,0,5.53,0,0.3,False,False,True,False,False,False,False,False,False,True,True,False,False,False
Z0241,2021,292.7,24,13.0,20.7,6.63,0,1,Saint-Louis,Saint-Louis,16.04467,-16.49675,5.5,0.16,290,35.0,61,1.3,3,5.673323267171493,0,4.55,0,0.3,False,False,True,False,False,False,False,False,False,True,True,False,False,False
Z0241,2022,380.2,28,20.7,38.7,6.6,1,1,Saint-Louis,Saint-Louis,16.04467,-16.49675,5.5,0.16,290,35.0,61,1.3,3,5.673323267171493,0,7.245,0,0.3,False,False,True,False,False,False,False,False,False,True,True,False,False,False
Z0241,2023,221.6,12,16.9,29.6,7.04,1,1,Saint-Louis,Saint-Louis,16.04467,-16.49675,5.5,0.16,290,35.0,61,1.3,3,5.673323267171493,0,5.915,0,0.3,False,False,True,False,False,False,False,False,False,True,True,False,False,False
Z0241,2024,503.3,36,37.8,48.9,8.61,0,1,Saint-Louis,Saint-Louis,16.04467,-16.49675,5.5,0.16,290,35.0,61,1.3,3,5.673323267171493,0,13.23,0,0.3,False,False,True,False,False,False,False,False,False,True,True,False,False,False
Z0242,2015,296.4,13,32.2,39.9,8.13,0,1,Saint-Louis,Saint-Louis,16.03511,-16.48944,1.3,0.71,408,53.7,2584,0.2,2,6.013715156042802,1,17.291400000000003,1,0.2,True,False,False,False,False,False,False,True,False,False,False,False,True,False
Z0242,2016,289.6,20,13.5,27.5,4.91,0,1,Saint-Louis,Saint-Louis,16.03511,-16.48944,1.3,0.71,408,53.7,2584,0.2,2,6.013715156042802,1,7.2495,1,0.2,True,False,False,False,False,False,False,True,False,False,False,False,True,False
Z0242,2017,378.0,20,29.3,44.4,7.07,0,1,Saint-Louis,Saint-Louis,16.03511,-16.48944,1.3,0.71,408,53.7,2584,0.2,2,6.013715156042802,1,15.734100000000002,1,0.2,True,False,False,False,False,False,False,True,False,False,False,False,True,False
Z0242,2018,450.1,34,26.4,56.3,6.08,1,1,Saint-Louis,Saint-Louis,16.03511,-16.48944,1.3,0.71,408,53.7,2584,0.2,2,6.013715156042802,1,14.1768,1,0.2,True,False,False,False,False,False,False,True,False,False,False,False,True,False
Z0242,2019,207.3,17,10.0,17.7,3.39,0,1,Saint-Louis,Saint-Louis,16.03511,-16.48944,1.3,0.71,408,53.7,2584,0.2,2,6.013715156042802,1,5.37,1,0.2,True,False,False,False,False,False,False,True,False,False,False,False,True,False
Z0242,2020,351.6,28,21.1,32.8,9.23,1,1,Saint-Louis,Saint-Louis,16.03511,-16.48944,1.3,0.71,408,53.7,2584,0.2,2,6.013715156042802,1,11.330700000000002,1,0.2,True,False,False,False,False,False,False,True,False,False,False,False,True,False
Z0242,2021,313.7,27,10.0,14.2,7.82,0,1,Saint-Louis,Saint-Louis,16.03511,-16.48944,1.3,0.71,408,53.7,2584,0.2,2,6.013715156042802,1,5.37,1,0.2,True,False,False,False,False,False,False,True,False,False,False,False,True,False
Z0242,2022,323.6,44,39.8,48.0,8.0,1,1,Saint-Louis,Saint-Louis,16.03511,-16.48944,1.3,0.71,408,53.7,2584,0.2,2,6.013715156042802,1,21.3726,1,0.2,True,False,False,False,False,False,False,True,False,False,False,False,True,False
Z0242,2023,323.6,20,12.9,25.2,5.95,0,1,Saint-Louis,Saint-Louis,16.03511,-16.48944,1.3,0.71,408,53.7,2584,0.2,2,6.013715156042802,1,6.9273,1,0.2,True,False,False,False,False,False,False,True,False,False,False,False,True,False
Z0242,2024,349.0,23,13.6,21.8,9.84,1,1,Saint-Louis,Saint-Louis,16.03511,-16.48944,1.3,0.71,408,53.7,2584,0.2,2,6.013715156042802,1,7.3032,1,0.2,True,False,False,False,False,False,False,True,False,False,False,False,True,False
Z0243,2015,305.0,18,10.0,21.1,6.06,0,1,Saint-Louis,Saint-Louis,16.0088,-16.51709,4.5,0.7,143,31.7,6218,1.8,3,4.969813299576001,0,3.17,1,0.3,False,False,True,False,False,False,False,True,False,False,False,False,False,True
Z0243,2016,284.5,22,10.1,20.3,9.4,1,1,Saint-Louis,Saint-Louis,16.0088,-16.51709,4.5,0.7,143,31.7,6218,1.8,3,4.969813299576001,0,3.2016999999999998,1,0.3,False,False,True,False,False,False,False,True,False,False,False,False,False,True
Z0243,2017,175.9,5,10.0,14.7,6.46,1,1,Saint-Louis,Saint-Louis,16.0088,-16.51709,4.5,0.7,143,31.7,6218,1.8,3,4.969813299576001,0,3.17,1,0.3,False,False,True,False,False,False,False,True,False,False,False,False,False,True
Z0243,2018,204.0,19,19.8,30.7,9.83,0,1,Saint-Louis,Saint-Louis,16.0088,-16.51709,4.5,0.7,143,31.7,6218,1.8,3,4.969813299576001,0,6.276599999999999,1,0.3,False,False,True,False,False,False,False,True,False,False,False,False,False,True
Z0243,2019,294.2,16,22.2,30.0,5.46,1,1,Saint-Louis,Saint-Louis,16.0088,-16.51709,4.5,0.7,143,31.7,6218,1.8,3,4.969813299576001,0,7.0374,1,0.3,False,False,True,False,False,False,False,True,False,False,False,False,False,True
Z0243,2020,309.2,25,14.8,25.6,9.41,0,1,Saint-Louis,Saint-Louis,16.0088,-16.51709,4.5,0.7,143,31.7,6218,1.8,3,4.969813299576001,0,4.6916,1,0.3,False,False,True,False,False,False,False,True,False,False,False,False,False,True
Z0243,2021,231.4,17,10.8,16.1,6.52,0,1,Saint-Louis,Saint-Louis,16.0088,-16.51709,4.5,0.7,143,31.7,6218,1.8,3,4.969813299576001,0,3.4236,1,0.3,False,False,True,False,False,False,False,True,False,False,False,False,False,True
Z0243,2022,353.0,29,20.7,40.3,4.9,0,1,Saint-Louis,Saint-Louis,16.0088,-16.51709,4.5,0.7,143,31.7,6218,1.8,3,4.969813299576001,0,6.5619,1,0.3,False,False,True,False,False,False,False,True,False,False,False,False,False,True
Z0243,2023,248.3,20,10.2,22.0,4.02,1,1,Saint-Louis,Saint-Louis,16.0088,-16.51709,4.5,0.7,143,31.7,6218,1.8,3,4.969813299576001,0,3.2333999999999996,1,0.3,False,False,True,False,False,False,False,True,False,False,False,False,False,True
Z0243,2024,396.1,21,10.8,32.1,11.8,1,1,Saint-Louis,Saint-Louis,16.0088,-16.51709,4.5,0.7,143,31.7,6218,1.8,3,4.969813299576001,0,3.4236,1,0.3,False,False,True,False,False,False,False,True,False,False,False,False,False,True
Z0244,2015,364.4,27,10.0,20.9,6.44,0,1,Saint-Louis,Saint-Louis,16.03488,-16.49881,1.4,2.33,270,93.9,25349,2.6,2,5.602118820879701,1,9.39,1,0.2,False,True,False,False,False,False,True,False,False,False,False,False,False,True
Z0244,2016,257.1,23,10.2,15.9,4.36,1,1,Saint-Louis,Saint-Louis,16.03488,-16.49881,1.4,2.33,270,93.9,25349,2.6,2,5.602118820879701,1,9.5778,1,0.2,False,True,False,False,False,False,True,False,False,False,False,False,False,True
Z0244,2017,252.9,16,19.5,36.7,7.31,1,1,Saint-Louis,Saint-Louis,16.03488,-16.49881,1.4,2.33,270,93.9,25349,2.6,2,5.602118820879701,1,18.3105,1,0.2,False,True,False,False,False,False,True,False,False,False,False,False,False,True
Z0244,2018,296.8,19,10.0,19.4,5.37,0,1,Saint-Louis,Saint-Louis,16.03488,-16.49881,1.4,2.33,270,93.9,25349,2.6,2,5.602118820879701,1,9.39,1,0.2,False,True,False,False,False,False,True,False,False,False,False,False,False,True
Z0244,2019,377.6,21,23.1,43.5,6.56,0,1,Saint-Louis,Saint-Louis,16.03488,-16.49881,1.4,2.33,270,93.9,25349,2.6,2,5.602118820879701,1,21.690900000000003,1,0.2,False,True,False,False,False,False,True,False,False,False,False,False,False,True
Z0244,2020,293.2,20,22.7,32.4,9.01,1,1,Saint-Louis,Saint-Louis,16.03488,-16.49881,1.4,2.33,270,93.9,25349,2.6,2,5.602118820879701,1,21.3153,1,0.2,False,True,False,False,False,False,True,False,False,False,False,False,False,True
Z0244,2021,321.3,20,10.0,16.6,7.94,0,1,Saint-Louis,Saint-Louis,16.03488,-16.49881,1.4,2.33,270,93.9,25349,2.6,2,5.602118820879701,1,9.39,1,0.2,False,True,False,False,False,False,True,False,False,False,False,False,False,True
Z0244,2022,276.3,26,30.6,59.7,7.47,0,1,Saint-Louis,Saint-Louis,16.03488,-16.49881,1.4,2.33,270,93.9,25349,2.6,2,5.602118820879701,1,28.733400000000003,1,0.2,False,True,False,False,False,False,True,False,False,False,False,False,False,True
Z0244,2023,295.9,24,10.0,19.5,7.49,1,1,Saint-Louis,Saint-Louis,16.03488,-16.49881,1.4,2.33,270,93.9,25349,2.6,2,5.602118820879701,1,9.39,1,0.2,False,True,False,False,False,False,True,False,False,False,False,False,False,True
Z0244,2024,400.6,30,17.1,31.8,7.98,0,1,Saint-Louis,Saint-Louis,16.03488,-16.49881,1.4,2.33,270,93.9,25349,2.6,2,5.602118820879701,1,16.056900000000002,1,0.2,False,True,False,False,False,False,True,False,False,False,False,False,False,True
Z0245,2015,260.4,16,15.4,28.9,7.21,0,1,Saint-Louis,Saint-Louis,16.03679,-16.48992,5.1,0.57,1049,70.3,12984,3.3,3,6.956545443151569,0,10.826199999999998,0,0.3,False,True,False,False,False,False,True,False,False,False,True,False,False,False
Z0245,2016,272.0,17,19.2,40.2,5.75,0,1,Saint-Louis,Saint-Louis,16.03679,-16.48992,5.1,0.57,1049,70.3,12984,3.3,3,6.956545443151569,0,13.4976,0,0.3,False,True,False,False,False,False,True,False,False,False,True,False,False,False
Z0245,2017,272.7,18,10.9,21.3,6.41,0,1,Saint-Louis,Saint-Louis,16.03679,-16.48992,5.1,0.57,1049,70.3,12984,3.3,3,6.956545443151569,0,7.6627,0,0.3,False,True,False,False,False,False,True,False,False,False,True,False,False,False
Z0245,2018,326.3,24,42.0,51.5,5.9,0,1,Saint-Louis,Saint-Louis,16.03679,-16.48992,5.1,0.57,1049,70.3,12984,3.3,3,6.956545443151569,0,29.526,0,0.3,False,True,False,False,False,False,True,False,False,False,True,False,False,False
Z0245,2019,256.7,17,12.5,22.8,6.42,1,1,Saint-Louis,Saint-Louis,16.03679,-16.48992,5.1,0.57,1049,70.3,12984,3.3,3,6.956545443151569,0,8.7875,0,0.3,False,True,False,False,False,False,True,False,False,False,True,False,False,False
Z0245,2020,255.9,17,10.0,21.7,8.05,1,1,Saint-Louis,Saint-Louis,16.03679,-16.48992,5.1,0.57,1049,70.3,12984,3.3,3,6.956545443151569,0,7.03,0,0.3,False,True,False,False,False,False,True,False,False,False,True,False,False,False
Z0245,2021,341.2,24,16.1,29.0,7.19,0,1,Saint-Louis,Saint-Louis,16.03679,-16.48992,5.1,0.57,1049,70.3,12984,3.3,3,6.956545443151569,0,11.3183,0,0.3,False,True,False,False,False,False,True,False,False,False,True,False,False,False
Z0245,2022,386.6,19,16.3,24.4,7.55,0,1,Saint-Louis,Saint-Louis,16.03679,-16.48992,5.1,0.57,1049,70.3,12984,3.3,3,6.956545443151569,0,11.458900000000002,0,0.3,False,True,False,False,False,False,True,False,False,False,True,False,False,False
Z0245,2023,320.5,21,16.5,21.4,6.8,1,1,Saint-Louis,Saint-Louis,16.03679,-16.48992,5.1,0.57,1049,70.3,12984,3.3,3,6.956545443151569,0,11.5995,0,0.3,False,True,False,False,False,False,True,False,False,False,True,False,False,False
Z0245,2024,466.2,32,14.2,17.6,9.01,1,1,Saint-Louis,Saint-Louis,16.03679,-16.48992,5.1,0.57,1049,70.3,12984,3.3,3,6.956545443151569,0,9.982599999999998,0,0.3,False,True,False,False,False,False,True,False,False,False,True,False,False,False
Z0246,2015,310.9,22,10.0,21.6,5.23,1,1,Saint-Louis,Saint-Louis,16.0156,-16.50141,0.5,0.43,570,76.1,9383,1.0,4,6.3473892096560105,1,7.61,0,0.4,False,True,False,False,False,False,True,False,False,False,True,False,False,False
Z0246,2016,248.2,17,14.2,28.4,6.79,1,1,Saint-Louis,Saint-Louis,16.0156,-16.50141,0.5,0.43,570,76.1,9383,1.0,4,6.3473892096560105,1,10.806199999999999,0,0.4,False,True,False,False,False,False,True,False,False,False,True,False,False,False
Z0246,2017,344.6,25,10.0,16.7,5.57,0,1,Saint-Louis,Saint-Louis,16.0156,-16.50141,0.5,0.43,570,76.1,9383,1.0,4,6.3473892096560105,1,7.61,0,0.4,False,True,False,False,False,False,True,False,False,False,True,False,False,False
Z0246,2018,263.9,15,16.6,32.5,7.77,0,1,Saint-Louis,Saint-Louis,16.0156,-16.50141,0.5,0.43,570,76.1,9383,1.0,4,6.3473892096560105,1,12.6326,0,0.4,False,True,False,False,False,False,True,False,False,False,True,False,False,False
Z0246,2019,215.5,22,10.0,15.2,8.99,1,1,Saint-Louis,Saint-Louis,16.0156,-16.50141,0.5,0.43,570,76.1,9383,1.0,4,6.3473892096560105,1,7.61,0,0.4,False,True,False,False,False,False,True,False,False,False,True,False,False,False
Z0246,2020,362.3,21,29.7,49.0,8.57,1,1,Saint-Louis,Saint-Louis,16.0156,-16.50141,0.5,0.43,570,76.1,9383,1.0,4,6.3473892096560105,1,22.601699999999997,0,0.4,False,True,False,False,False,False,True,False,False,False,True,False,False,False
Z0246,2021,341.3,27,22.3,43.7,7.21,0,1,Saint-Louis,Saint-Louis,16.0156,-16.50141,0.5,0.43,570,76.1,9383,1.0,4,6.3473892096560105,1,16.970299999999998,0,0.4,False,True,False,False,False,False,True,False,False,False,True,False,False,False
Z0246,2022,331.2,27,13.1,17.8,6.84,1,1,Saint-Louis,Saint-Louis,16.0156,-16.50141,0.5,0.43,570,76.1,9383,1.0,4,6.3473892096560105,1,9.9691,0,0.4,False,True,False,False,False,False,True,False,False,False,True,False,False,False
Z0246,2023,307.7,16,14.2,31.2,6.6,1,1,Saint-Louis,Saint-Louis,16.0156,-16.50141,0.5,0.43,570,76.1,9383,1.0,4,6.3473892096560105,1,10.806199999999999,0,0.4,False,True,False,False,False,False,True,False,False,False,True,False,False,False
Z0246,2024,414.6,34,30.8,50.2,11.09,1,1,Saint-Louis,Saint-Louis,16.0156,-16.50141,0.5,0.43,570,76.1,9383,1.0,4,6.3473892096560105,1,23.438799999999997,0,0.4,False,True,False,False,False,False,True,False,False,False,True,False,False,False
Z0247,2015,219.9,20,10.0,14.3,6.24,0,1,Saint-Louis,Saint-Louis,16.02894,-16.49939,4.9,0.85,396,47.1,5532,3.1,1,5.983936280687191,0,4.71,0,0.1,False,True,False,False,False,False,False,True,False,False,True,False,False,False
Z0247,2016,283.8,20,20.1,38.3,3.46,0,1,Saint-Louis,Saint-Louis,16.02894,-16.49939,4.9,0.85,396,47.1,5532,3.1,1,5.983936280687191,0,9.467100000000002,0,0.1,False,True,False,False,False,False,False,True,False,False,True,False,False,False
Z0247,2017,296.4,23,10.0,20.2,5.92,0,1,Saint-Louis,Saint-Louis,16.02894,-16.49939,4.9,0.85,396,47.1,5532,3.1,1,5.983936280687191,0,4.71,0,0.1,False,True,False,False,False,False,False,True,False,False,True,False,False,False
Z0247,2018,318.8,28,18.0,39.0,6.95,0,1,Saint-Louis,Saint-Louis,16.02894,-16.49939,4.9,0.85,396,47.1,5532,3.1,1,5.983936280687191,0,8.478000000000002,0,0.1,False,True,False,False,False,False,False,True,False,False,True,False,False,False
Z0247,2019,264.0,22,10.0,12.2,9.2,0,1,Saint-Louis,Saint-Louis,16.02894,-16.49939,4.9,0.85,396,47.1,5532,3.1,1,5.983936280687191,0,4.71,0,0.1,False,True,False,False,False,False,False,True,False,False,True,False,False,False
Z0247,2020,338.3,19,10.0,17.6,8.13,0,1,Saint-Louis,Saint-Louis,16.02894,-16.49939,4.9,0.85,396,47.1,5532,3.1,1,5.983936280687191,0,4.71,0,0.1,False,True,False,False,False,False,False,True,False,False,True,False,False,False
Z0247,2021,240.1,12,10.0,43.2,6.1,0,1,Saint-Louis,Saint-Louis,16.02894,-16.49939,4.9,0.85,396,47.1,5532,3.1,1,5.983936280687191,0,4.71,0,0.1,False,True,False,False,False,False,False,True,False,False,True,False,False,False
Z0247,2022,337.8,25,19.5,28.3,7.95,1,1,Saint-Louis,Saint-Louis,16.02894,-16.49939,4.9,0.85,396,47.1,5532,3.1,1,5.983936280687191,0,9.1845,0,0.1,False,True,False,False,False,False,False,True,False,False,True,False,False,False
Z0247,2023,311.0,26,13.5,28.6,7.27,1,1,Saint-Louis,Saint-Louis,16.02894,-16.49939,4.9,0.85,396,47.1,5532,3.1,1,5.983936280687191,0,6.3585,0,0.1,False,True,False,False,False,False,False,True,False,False,True,False,False,False
Z0247,2024,357.7,21,10.0,14.1,8.69,0,1,Saint-Louis,Saint-Louis,16.02894,-16.49939,4.9,0.85,396,47.1,5532,3.1,1,5.983936280687191,0,4.71,0,0.1,False,True,False,False,False,False,False,True,False,False,True,False,False,False
Z0248,2015,229.8,19,10.0,20.9,8.12,0,1,Saint-Louis,Saint-Louis,16.02015,-16.49044,10.8,0.3,222,27.0,127,2.4,0,5.407171771460119,0,2.7,2,0.0,False,False,True,False,False,False,False,False,False,True,False,True,False,False
Z0248,2016,328.0,25,10.0,14.0,5.19,0,1,Saint-Louis,Saint-Louis,16.02015,-16.49044,10.8,0.3,222,27.0,127,2.4,0,5.407171771460119,0,2.7,2,0.0,False,False,True,False,False,False,False,False,False,True,False,True,False,False
Z0248,2017,203.1,6,10.0,13.3,7.03,0,1,Saint-Louis,Saint-Louis,16.02015,-16.49044,10.8,0.3,222,27.0,127,2.4,0,5.407171771460119,0,2.7,2,0.0,False,False,True,False,False,False,False,False,False,True,False,True,False,False
Z0248,2018,317.5,32,37.9,47.4,6.04,0,1,Saint-Louis,Saint-Louis,16.02015,-16.49044,10.8,0.3,222,27.0,127,2.4,0,5.407171771460119,0,10.232999999999999,2,0.0,False,False,True,False,False,False,False,False,False,True,False,True,False,False
Z0248,2019,213.2,12,10.0,14.2,6.13,0,1,Saint-Louis,Saint-Louis,16.02015,-16.49044,10.8,0.3,222,27.0,127,2.4,0,5.407171771460119,0,2.7,2,0.0,False,False,True,False,False,False,False,False,False,True,False,True,False,False
Z0248,2020,338.6,24,10.0,15.0,9.65,1,1,Saint-Louis,Saint-Louis,16.02015,-16.49044,10.8,0.3,222,27.0,127,2.4,0,5.407171771460119,0,2.7,2,0.0,False,False,True,False,False,False,False,False,False,True,False,True,False,False
Z0248,2021,270.7,16,10.0,15.5,8.23,0,1,Saint-Louis,Saint-Louis,16.02015,-16.49044,10.8,0.3,222,27.0,127,2.4,0,5.407171771460119,0,2.7,2,0.0,False,False,True,False,False,False,False,False,False,True,False,True,False,False
Z0248,2022,401.8,23,10.0,13.9,6.76,0,1,Saint-Louis,Saint-Louis,16.02015,-16.49044,10.8,0.3,222,27.0,127,2.4,0,5.407171771460119,0,2.7,2,0.0,False,False,True,False,False,False,False,False,False,True,False,True,False,False
Z0248,2023,266.7,14,10.0,17.3,8.17,0,1,Saint-Louis,Saint-Louis,16.02015,-16.49044,10.8,0.3,222,27.0,127,2.4,0,5.407171771460119,0,2.7,2,0.0,False,False,True,False,False,False,False,False,False,True,False,True,False,False
Z0248,2024,378.1,19,27.9,40.3,9.77,0,1,Saint-Louis,Saint-Louis,16.02015,-16.49044,10.8,0.3,222,27.0,127,2.4,0,5.407171771460119,0,7.5329999999999995,2,0.0,False,False,True,False,False,False,False,False,False,True,False,True,False,False
Z0249,2015,252.5,19,10.0,19.7,8.29,1,1,Saint-Louis,Saint-Louis,16.02846,-16.49101,0.5,0.13,146,76.1,13631,2.1,10,4.990432586778736,1,7.61,1,1.0,True,False,False,False,False,False,True,False,False,False,False,False,True,False
Z0249,2016,216.9,10,16.6,35.4,5.18,0,1,Saint-Louis,Saint-Louis,16.02846,-16.49101,0.5,0.13,146,76.1,13631,2.1,10,4.990432586778736,1,12.6326,1,1.0,True,False,False,False,False,False,True,False,False,False,False,False,True,False
Z0249,2017,222.8,18,10.0,13.4,6.6,0,1,Saint-Louis,Saint-Louis,16.02846,-16.49101,0.5,0.13,146,76.1,13631,2.1,10,4.990432586778736,1,7.61,1,1.0,True,False,False,False,False,False,True,False,False,False,False,False,True,False
Z0249,2018,142.5,7,10.0,17.2,6.05,1,1,Saint-Louis,Saint-Louis,16.02846,-16.49101,0.5,0.13,146,76.1,13631,2.1,10,4.990432586778736,1,7.61,1,1.0,True,False,False,False,False,False,True,False,False,False,False,False,True,False
Z0249,2019,383.7,20,20.5,44.2,6.36,1,1,Saint-Louis,Saint-Louis,16.02846,-16.49101,0.5,0.13,146,76.1,13631,2.1,10,4.990432586778736,1,15.6005,1,1.0,True,False,False,False,False,False,True,False,False,False,False,False,True,False
Z0249,2020,461.4,31,37.4,72.5,7.63,1,1,Saint-Louis,Saint-Louis,16.02846,-16.49101,0.5,0.13,146,76.1,13631,2.1,10,4.990432586778736,1,28.461399999999998,1,1.0,True,False,False,False,False,False,True,False,False,False,False,False,True,False
Z0249,2021,277.0,24,10.0,14.0,5.94,1,1,Saint-Louis,Saint-Louis,16.02846,-16.49101,0.5,0.13,146,76.1,13631,2.1,10,4.990432586778736,1,7.61,1,1.0,True,False,False,False,False,False,True,False,False,False,False,False,True,False
Z0249,2022,363.2,31,10.0,13.1,6.95,0,1,Saint-Louis,Saint-Louis,16.02846,-16.49101,0.5,0.13,146,76.1,13631,2.1,10,4.990432586778736,1,7.61,1,1.0,True,False,False,False,False,False,True,False,False,False,False,False,True,False
Z0249,2023,305.0,24,10.0,14.6,4.43,1,1,Saint-Louis,Saint-Louis,16.02846,-16.49101,0.5,0.13,146,76.1,13631,2.1,10,4.990432586778736,1,7.61,1,1.0,True,False,False,False,False,False,True,False,False,False,False,False,True,False
Z0249,2024,311.6,22,17.6,37.5,10.53,1,1,Saint-Louis,Saint-Louis,16.02846,-16.49101,0.5,0.13,146,76.1,13631,2.1,10,4.990432586778736,1,13.3936,1,1.0,True,False,False,False,False,False,True,False,False,False,False,False,True,False
Z0250,2015,285.0,26,24.8,42.2,4.8,0,1,Saint-Louis,Saint-Louis,16.04611,-16.50592,0.5,0.11,1042,47.1,3277,2.4,5,6.949856455000773,1,11.680800000000001,0,0.5,False,True,False,False,False,False,False,True,False,False,True,False,False,False
Z0250,2016,326.9,23,28.6,48.0,9.23,1,1,Saint-Louis,Saint-Louis,16.04611,-16.50592,0.5,0.11,1042,47.1,3277,2.4,5,6.949856455000773,1,13.470600000000001,0,0.5,False,True,False,False,False,False,False,True,False,False,True,False,False,False
Z0250,2017,305.4,28,14.0,28.5,6.27,0,1,Saint-Louis,Saint-Louis,16.04611,-16.50592,0.5,0.11,1042,47.1,3277,2.4,5,6.949856455000773,1,6.593999999999999,0,0.5,False,True,False,False,False,False,False,True,False,False,True,False,False,False
Z0250,2018,145.7,14,10.0,13.5,6.31,0,1,Saint-Louis,Saint-Louis,16.04611,-16.50592,0.5,0.11,1042,47.1,3277,2.4,5,6.949856455000773,1,4.71,0,0.5,False,True,False,False,False,False,False,True,False,False,True,False,False,False
Z0250,2019,475.5,39,16.6,24.0,6.79,0,1,Saint-Louis,Saint-Louis,16.04611,-16.50592,0.5,0.11,1042,47.1,3277,2.4,5,6.949856455000773,1,7.818600000000001,0,0.5,False,True,False,False,False,False,False,True,False,False,True,False,False,False
Z0250,2020,306.5,11,10.4,22.7,8.5,0,1,Saint-Louis,Saint-Louis,16.04611,-16.50592,0.5,0.11,1042,47.1,3277,2.4,5,6.949856455000773,1,4.8984000000000005,0,0.5,False,True,False,False,False,False,False,True,False,False,True,False,False,False
Z0250,2021,377.8,22,16.4,25.7,4.49,1,1,Saint-Louis,Saint-Louis,16.04611,-16.50592,0.5,0.11,1042,47.1,3277,2.4,5,6.949856455000773,1,7.724399999999999,0,0.5,False,True,False,False,False,False,False,True,False,False,True,False,False,False
Z0250,2022,273.5,12,11.5,15.0,7.78,1,1,Saint-Louis,Saint-Louis,16.04611,-16.50592,0.5,0.11,1042,47.1,3277,2.4,5,6.949856455000773,1,5.4165,0,0.5,False,True,False,False,False,False,False,True,False,False,True,False,False,False
Z0250,2023,268.0,24,16.9,28.8,8.77,1,1,Saint-Louis,Saint-Louis,16.04611,-16.50592,0.5,0.11,1042,47.1,3277,2.4,5,6.949856455000773,1,7.9599,0,0.5,False,True,False,False,False,False,False,True,False,False,True,False,False,False
Z0250,2024,209.9,13,10.0,14.8,7.58,0,1,Saint-Louis,Saint-Louis,16.04611,-16.50592,0.5,0.11,1042,47.1,3277,2.4,5,6.949856455000773,1,4.71,0,0.5,False,True,False,False,False,False,False,True,False,False,True,False,False,False
Z0251,2015,314.3,19,10.0,20.8,6.41,0,1,Saint-Louis,Saint-Louis,16.04214,-16.50128,3.8,0.34,307,61.6,6533,2.5,2,5.730099782973574,0,6.16,0,0.2,False,False,True,False,False,False,False,True,False,False,True,False,False,False
Z0251,2016,187.1,19,10.0,15.2,6.08,0,1,Saint-Louis,Saint-Louis,16.04214,-16.50128,3.8,0.34,307,61.6,6533,2.5,2,5.730099782973574,0,6.16,0,0.2,False,False,True,False,False,False,False,True,False,False,True,False,False,False
Z0251,2017,272.3,24,12.9,20.9,8.02,0,1,Saint-Louis,Saint-Louis,16.04214,-16.50128,3.8,0.34,307,61.6,6533,2.5,2,5.730099782973574,0,7.9464,0,0.2,False,False,True,False,False,False,False,True,False,False,True,False,False,False
Z0251,2018,298.1,17,14.3,21.8,4.38,0,1,Saint-Louis,Saint-Louis,16.04214,-16.50128,3.8,0.34,307,61.6,6533,2.5,2,5.730099782973574,0,8.808800000000002,0,0.2,False,False,True,False,False,False,False,True,False,False,True,False,False,False
Z0251,2019,234.6,19,18.8,40.5,6.72,0,1,Saint-Louis,Saint-Louis,16.04214,-16.50128,3.8,0.34,307,61.6,6533,2.5,2,5.730099782973574,0,11.580800000000002,0,0.2,False,False,True,False,False,False,False,True,False,False,True,False,False,False
Z0251,2020,343.4,25,10.0,15.2,9.36,1,1,Saint-Louis,Saint-Louis,16.04214,-16.50128,3.8,0.34,307,61.6,6533,2.5,2,5.730099782973574,0,6.16,0,0.2,False,False,True,False,False,False,False,True,False,False,True,False,False,False
Z0251,2021,374.3,18,10.0,17.3,5.55,1,1,Saint-Louis,Saint-Louis,16.04214,-16.50128,3.8,0.34,307,61.6,6533,2.5,2,5.730099782973574,0,6.16,0,0.2,False,False,True,False,False,False,False,True,False,False,True,False,False,False
Z0251,2022,341.6,23,26.3,42.4,6.52,1,1,Saint-Louis,Saint-Louis,16.04214,-16.50128,3.8,0.34,307,61.6,6533,2.5,2,5.730099782973574,0,16.2008,0,0.2,False,False,True,False,False,False,False,True,False,False,True,False,False,False
Z0251,2023,144.9,8,12.7,20.3,5.46,1,1,Saint-Louis,Saint-Louis,16.04214,-16.50128,3.8,0.34,307,61.6,6533,2.5,2,5.730099782973574,0,7.823199999999999,0,0.2,False,False,True,False,False,False,False,True,False,False,True,False,False,False
Z0251,2024,409.1,35,11.1,16.0,7.77,0,1,Saint-Louis,Saint-Louis,16.04214,-16.50128,3.8,0.34,307,61.6,6533,2.5,2,5.730099782973574,0,6.8376,0,0.2,False,False,True,False,False,False,False,True,False,False,True,False,False,False
Z0252,2015,451.4,38,27.2,35.6,7.3,0,1,Podor,Saint-Louis,16.66123,-14.96933,10.7,0.94,547,10.5,122,1.1,0,6.306275286948016,0,2.856,1,0.0,False,False,True,False,False,False,False,False,False,True,False,False,False,True
Z0252,2016,200.1,13,12.5,17.7,6.83,0,1,Podor,Saint-Louis,16.66123,-14.96933,10.7,0.94,547,10.5,122,1.1,0,6.306275286948016,0,1.3125,1,0.0,False,False,True,False,False,False,False,False,False,True,False,False,False,True
Z0252,2017,268.2,14,11.3,20.0,6.8,0,1,Podor,Saint-Louis,16.66123,-14.96933,10.7,0.94,547,10.5,122,1.1,0,6.306275286948016,0,1.1865,1,0.0,False,False,True,False,False,False,False,False,False,True,False,False,False,True
Z0252,2018,285.3,30,22.6,48.6,6.04,0,1,Podor,Saint-Louis,16.66123,-14.96933,10.7,0.94,547,10.5,122,1.1,0,6.306275286948016,0,2.373,1,0.0,False,False,True,False,False,False,False,False,False,True,False,False,False,True
Z0252,2019,268.5,23,20.9,30.4,6.44,0,1,Podor,Saint-Louis,16.66123,-14.96933,10.7,0.94,547,10.5,122,1.1,0,6.306275286948016,0,2.1944999999999997,1,0.0,False,False,True,False,False,False,False,False,False,True,False,False,False,True
Z0252,2020,249.3,12,10.0,18.1,8.39,0,1,Podor,Saint-Louis,16.66123,-14.96933,10.7,0.94,547,10.5,122,1.1,0,6.306275286948016,0,1.05,1,0.0,False,False,True,False,False,False,False,False,False,True,False,False,False,True
Z0252,2021,251.1,17,16.0,26.9,5.67,0,1,Podor,Saint-Louis,16.66123,-14.96933,10.7,0.94,547,10.5,122,1.1,0,6.306275286948016,0,1.68,1,0.0,False,False,True,False,False,False,False,False,False,True,False,False,False,True
Z0252,2022,374.5,22,24.0,47.7,5.88,0,1,Podor,Saint-Louis,16.66123,-14.96933,10.7,0.94,547,10.5,122,1.1,0,6.306275286948016,0,2.52,1,0.0,False,False,True,False,False,False,False,False,False,True,False,False,False,True
Z0252,2023,268.2,14,15.0,28.1,6.38,0,1,Podor,Saint-Louis,16.66123,-14.96933,10.7,0.94,547,10.5,122,1.1,0,6.306275286948016,0,1.575,1,0.0,False,False,True,False,False,False,False,False,False,True,False,False,False,True
Z0252,2024,233.2,17,13.7,26.4,8.29,0,1,Podor,Saint-Louis,16.66123,-14.96933,10.7,0.94,547,10.5,122,1.1,0,6.306275286948016,0,1.4385,1,0.0,False,False,True,False,False,False,False,False,False,True,False,False,False,True
Z0253,2015,290.2,26,16.9,34.1,6.39,0,1,Podor,Saint-Louis,16.65655,-14.94458,7.5,0.02,708,54.5,8624,3.6,1,6.5638555265321274,0,9.2105,0,0.1,False,False,False,False,True,False,False,True,False,False,True,False,False,False
Z0253,2016,297.3,20,10.0,14.7,7.06,0,1,Podor,Saint-Louis,16.65655,-14.94458,7.5,0.02,708,54.5,8624,3.6,1,6.5638555265321274,0,5.45,0,0.1,False,False,False,False,True,False,False,True,False,False,True,False,False,False
Z0253,2017,375.3,23,13.0,19.9,6.68,0,1,Podor,Saint-Louis,16.65655,-14.94458,7.5,0.02,708,54.5,8624,3.6,1,6.5638555265321274,0,7.085,0,0.1,False,False,False,False,True,False,False,True,False,False,True,False,False,False
Z0253,2018,213.7,12,17.5,25.4,5.25,1,1,Podor,Saint-Louis,16.65655,-14.94458,7.5,0.02,708,54.5,8624,3.6,1,6.5638555265321274,0,9.5375,0,0.1,False,False,False,False,True,False,False,True,False,False,True,False,False,False
Z0253,2019,196.0,13,12.2,24.2,5.02,0,1,Podor,Saint-Louis,16.65655,-14.94458,7.5,0.02,708,54.5,8624,3.6,1,6.5638555265321274,0,6.649,0,0.1,False,False,False,False,True,False,False,True,False,False,True,False,False,False
Z0253,2020,246.2,25,18.7,29.9,9.35,1,1,Podor,Saint-Louis,16.65655,-14.94458,7.5,0.02,708,54.5,8624,3.6,1,6.5638555265321274,0,10.1915,0,0.1,False,False,False,False,True,False,False,True,False,False,True,False,False,False
Z0253,2021,295.4,19,16.2,20.3,5.76,0,1,Podor,Saint-Louis,16.65655,-14.94458,7.5,0.02,708,54.5,8624,3.6,1,6.5638555265321274,0,8.829,0,0.1,False,False,False,False,True,False,False,True,False,False,True,False,False,False
Z0253,2022,368.6,23,28.3,37.0,7.41,0,1,Podor,Saint-Louis,16.65655,-14.94458,7.5,0.02,708,54.5,8624,3.6,1,6.5638555265321274,0,15.4235,0,0.1,False,False,False,False,True,False,False,True,False,False,True,False,False,False
Z0253,2023,310.6,19,10.0,14.2,6.03,0,1,Podor,Saint-Louis,16.65655,-14.94458,7.5,0.02,708,54.5,8624,3.6,1,6.5638555265321274,0,5.45,0,0.1,False,False,False,False,True,False,False,True,False,False,True,False,False,False
Z0253,2024,344.6,27,16.2,24.5,10.66,1,1,Podor,Saint-Louis,16.65655,-14.94458,7.5,0.02,708,54.5,8624,3.6,1,6.5638555265321274,0,8.829,0,0.1,False,False,False,False,True,False,False,True,False,False,True,False,False,False
Z0254,2015,263.2,24,10.0,12.2,4.98,0,1,Podor,Saint-Louis,16.65444,-14.93937,10.0,0.74,370,1.9,157,4.4,0,5.916202062607435,0,0.19,0,0.0,False,False,False,False,True,True,False,False,False,False,True,False,False,False
Z0254,2016,167.1,10,10.0,14.6,6.36,0,1,Podor,Saint-Louis,16.65444,-14.93937,10.0,0.74,370,1.9,157,4.4,0,5.916202062607435,0,0.19,0,0.0,False,False,False,False,True,True,False,False,False,False,True,False,False,False
Z0254,2017,213.7,10,10.0,13.1,7.35,0,1,Podor,Saint-Louis,16.65444,-14.93937,10.0,0.74,370,1.9,157,4.4,0,5.916202062607435,0,0.19,0,0.0,False,False,False,False,True,True,False,False,False,False,True,False,False,False
Z0254,2018,154.6,13,10.0,21.7,6.64,0,1,Podor,Saint-Louis,16.65444,-14.93937,10.0,0.74,370,1.9,157,4.4,0,5.916202062607435,0,0.19,0,0.0,False,False,False,False,True,True,False,False,False,False,True,False,False,False
Z0254,2019,247.6,13,12.2,16.7,5.06,0,1,Podor,Saint-Louis,16.65444,-14.93937,10.0,0.74,370,1.9,157,4.4,0,5.916202062607435,0,0.23179999999999995,0,0.0,False,False,False,False,True,True,False,False,False,False,True,False,False,False
Z0254,2020,275.6,14,16.3,25.9,9.53,1,1,Podor,Saint-Louis,16.65444,-14.93937,10.0,0.74,370,1.9,157,4.4,0,5.916202062607435,0,0.3097,0,0.0,False,False,False,False,True,True,False,False,False,False,True,False,False,False
Z0254,2021,227.3,25,10.0,21.7,5.76,0,1,Podor,Saint-Louis,16.65444,-14.93937,10.0,0.74,370,1.9,157,4.4,0,5.916202062607435,0,0.19,0,0.0,False,False,False,False,True,True,False,False,False,False,True,False,False,False
Z0254,2022,367.5,27,19.3,39.4,5.8,0,1,Podor,Saint-Louis,16.65444,-14.93937,10.0,0.74,370,1.9,157,4.4,0,5.916202062607435,0,0.3667,0,0.0,False,False,False,False,True,True,False,False,False,False,True,False,False,False
Z0254,2023,290.1,20,10.0,20.0,8.87,0,1,Podor,Saint-Louis,16.65444,-14.93937,10.0,0.74,370,1.9,157,4.4,0,5.916202062607435,0,0.19,0,0.0,False,False,False,False,True,True,False,False,False,False,True,False,False,False
Z0254,2024,453.7,30,10.0,21.2,10.92,1,1,Podor,Saint-Louis,16.65444,-14.93937,10.0,0.74,370,1.9,157,4.4,0,5.916202062607435,0,0.19,0,0.0,False,False,False,False,True,True,False,False,False,False,True,False,False,False
Z0255,2015,148.9,11,10.0,15.9,7.14,0,1,Podor,Saint-Louis,16.64099,-14.97768,5.1,0.4,781,16.5,162,1.5,2,6.661854740545311,1,1.65,1,0.2,False,False,True,False,False,False,False,False,False,True,False,False,False,True
Z0255,2016,200.9,12,10.0,15.3,6.07,0,1,Podor,Saint-Louis,16.64099,-14.97768,5.1,0.4,781,16.5,162,1.5,2,6.661854740545311,1,1.65,1,0.2,False,False,True,False,False,False,False,False,False,True,False,False,False,True
Z0255,2017,260.9,18,20.7,32.6,6.8,0,1,Podor,Saint-Louis,16.64099,-14.97768,5.1,0.4,781,16.5,162,1.5,2,6.661854740545311,1,3.4155,1,0.2,False,False,True,False,False,False,False,False,False,True,False,False,False,True
Z0255,2018,216.2,16,13.9,25.1,6.28,1,1,Podor,Saint-Louis,16.64099,-14.97768,5.1,0.4,781,16.5,162,1.5,2,6.661854740545311,1,2.2935,1,0.2,False,False,True,False,False,False,False,False,False,True,False,False,False,True
Z0255,2019,262.3,14,18.3,37.7,6.05,0,1,Podor,Saint-Louis,16.64099,-14.97768,5.1,0.4,781,16.5,162,1.5,2,6.661854740545311,1,3.0195,1,0.2,False,False,True,False,False,False,False,False,False,True,False,False,False,True
Z0255,2020,501.8,37,12.4,21.8,9.73,1,1,Podor,Saint-Louis,16.64099,-14.97768,5.1,0.4,781,16.5,162,1.5,2,6.661854740545311,1,2.046,1,0.2,False,False,True,False,False,False,False,False,False,True,False,False,False,True
Z0255,2021,268.7,21,18.0,22.3,5.22,0,1,Podor,Saint-Louis,16.64099,-14.97768,5.1,0.4,781,16.5,162,1.5,2,6.661854740545311,1,2.97,1,0.2,False,False,True,False,False,False,False,False,False,True,False,False,False,True
Z0255,2022,446.6,38,17.8,39.2,7.38,1,1,Podor,Saint-Louis,16.64099,-14.97768,5.1,0.4,781,16.5,162,1.5,2,6.661854740545311,1,2.937,1,0.2,False,False,True,False,False,False,False,False,False,True,False,False,False,True
Z0255,2023,254.1,17,10.0,17.1,7.77,0,1,Podor,Saint-Louis,16.64099,-14.97768,5.1,0.4,781,16.5,162,1.5,2,6.661854740545311,1,1.65,1,0.2,False,False,True,False,False,False,False,False,False,True,False,False,False,True
Z0255,2024,414.4,32,17.8,37.7,9.87,0,1,Podor,Saint-Louis,16.64099,-14.97768,5.1,0.4,781,16.5,162,1.5,2,6.661854740545311,1,2.937,1,0.2,False,False,True,False,False,False,False,False,False,True,False,False,False,True
Z0256,2015,168.6,11,10.0,21.6,3.96,0,1,Podor,Saint-Louis,16.66066,-14.95529,3.1,0.91,1276,58.5,4301,1.7,1,7.152268856032539,1,5.85,1,0.1,True,False,False,False,False,False,False,True,False,False,False,False,False,True
Z0256,2016,311.6,14,12.5,18.5,6.29,0,1,Podor,Saint-Louis,16.66066,-14.95529,3.1,0.91,1276,58.5,4301,1.7,1,7.152268856032539,1,7.3125,1,0.1,True,False,False,False,False,False,False,True,False,False,False,False,False,True
Z0256,2017,328.7,29,33.4,49.0,6.91,0,1,Podor,Saint-Louis,16.66066,-14.95529,3.1,0.91,1276,58.5,4301,1.7,1,7.152268856032539,1,19.538999999999998,1,0.1,True,False,False,False,False,False,False,True,False,False,False,False,False,True
Z0256,2018,232.1,18,10.0,18.1,5.96,0,1,Podor,Saint-Louis,16.66066,-14.95529,3.1,0.91,1276,58.5,4301,1.7,1,7.152268856032539,1,5.85,1,0.1,True,False,False,False,False,False,False,True,False,False,False,False,False,True
Z0256,2019,268.4,20,10.0,12.9,6.52,0,1,Podor,Saint-Louis,16.66066,-14.95529,3.1,0.91,1276,58.5,4301,1.7,1,7.152268856032539,1,5.85,1,0.1,True,False,False,False,False,False,False,True,False,False,False,False,False,True
Z0256,2020,256.7,10,27.6,59.9,8.72,1,1,Podor,Saint-Louis,16.66066,-14.95529,3.1,0.91,1276,58.5,4301,1.7,1,7.152268856032539,1,16.146,1,0.1,True,False,False,False,False,False,False,True,False,False,False,False,False,True
Z0256,2021,353.4,25,10.0,13.6,6.78,0,1,Podor,Saint-Louis,16.66066,-14.95529,3.1,0.91,1276,58.5,4301,1.7,1,7.152268856032539,1,5.85,1,0.1,True,False,False,False,False,False,False,True,False,False,False,False,False,True
Z0256,2022,245.9,24,15.7,34.3,6.85,0,1,Podor,Saint-Louis,16.66066,-14.95529,3.1,0.91,1276,58.5,4301,1.7,1,7.152268856032539,1,9.1845,1,0.1,True,False,False,False,False,False,False,True,False,False,False,False,False,True
Z0256,2023,314.2,21,10.1,15.0,5.76,0,1,Podor,Saint-Louis,16.66066,-14.95529,3.1,0.91,1276,58.5,4301,1.7,1,7.152268856032539,1,5.9085,1,0.1,True,False,False,False,False,False,False,True,False,False,False,False,False,True
Z0256,2024,261.8,18,10.0,14.4,7.77,0,1,Podor,Saint-Louis,16.66066,-14.95529,3.1,0.91,1276,58.5,4301,1.7,1,7.152268856032539,1,5.85,1,0.1,True,False,False,False,False,False,False,True,False,False,False,False,False,True
Z0257,2015,248.3,18,15.5,24.8,5.45,0,1,Podor,Saint-Louis,16.64217,-14.94369,8.9,0.98,1160,49.9,2731,2.5,0,7.057036981697891,0,7.7345,0,0.0,False,False,False,True,False,False,False,True,False,False,True,False,False,False
Z0257,2016,178.0,16,10.0,20.3,5.87,0,1,Podor,Saint-Louis,16.64217,-14.94369,8.9,0.98,1160,49.9,2731,2.5,0,7.057036981697891,0,4.99,0,0.0,False,False,False,True,False,False,False,True,False,False,True,False,False,False
Z0257,2017,313.1,19,17.2,21.2,7.01,0,1,Podor,Saint-Louis,16.64217,-14.94369,8.9,0.98,1160,49.9,2731,2.5,0,7.057036981697891,0,8.582799999999999,0,0.0,False,False,False,True,False,False,False,True,False,False,True,False,False,False
Z0257,2018,265.5,20,11.1,18.2,5.99,0,1,Podor,Saint-Louis,16.64217,-14.94369,8.9,0.98,1160,49.9,2731,2.5,0,7.057036981697891,0,5.5389,0,0.0,False,False,False,True,False,False,False,True,False,False,True,False,False,False
Z0257,2019,216.1,12,15.5,18.9,6.36,0,1,Podor,Saint-Louis,16.64217,-14.94369,8.9,0.98,1160,49.9,2731,2.5,0,7.057036981697891,0,7.7345,0,0.0,False,False,False,True,False,False,False,True,False,False,True,False,False,False
Z0257,2020,408.7,31,22.4,40.4,9.76,1,1,Podor,Saint-Louis,16.64217,-14.94369,8.9,0.98,1160,49.9,2731,2.5,0,7.057036981697891,0,11.1776,0,0.0,False,False,False,True,False,False,False,True,False,False,True,False,False,False
Z0257,2021,287.8,24,15.9,29.1,7.67,0,1,Podor,Saint-Louis,16.64217,-14.94369,8.9,0.98,1160,49.9,2731,2.5,0,7.057036981697891,0,7.9341,0,0.0,False,False,False,True,False,False,False,True,False,False,True,False,False,False
Z0257,2022,443.8,37,14.1,30.8,5.85,0,1,Podor,Saint-Louis,16.64217,-14.94369,8.9,0.98,1160,49.9,2731,2.5,0,7.057036981697891,0,7.035899999999999,0,0.0,False,False,False,True,False,False,False,True,False,False,True,False,False,False
Z0257,2023,377.5,27,20.2,33.1,7.57,0,1,Podor,Saint-Louis,16.64217,-14.94369,8.9,0.98,1160,49.9,2731,2.5,0,7.057036981697891,0,10.079799999999999,0,0.0,False,False,False,True,False,False,False,True,False,False,True,False,False,False
Z0257,2024,309.3,25,10.0,20.4,8.49,0,1,Podor,Saint-Louis,16.64217,-14.94369,8.9,0.98,1160,49.9,2731,2.5,0,7.057036981697891,0,4.99,0,0.0,False,False,False,True,False,False,False,True,False,False,True,False,False,False
Z0258,2015,391.1,23,15.4,22.7,6.36,0,1,Podor,Saint-Louis,16.6727,-14.96094,9.3,1.27,422,52.6,3479,3.0,0,6.0473721790462776,0,8.1004,2,0.0,False,False,False,True,False,False,False,True,False,False,False,True,False,False
Z0258,2016,360.4,7,15.4,21.7,6.82,1,1,Podor,Saint-Louis,16.6727,-14.96094,9.3,1.27,422,52.6,3479,3.0,0,6.0473721790462776,0,8.1004,2,0.0,False,False,False,True,False,False,False,True,False,False,False,True,False,False
Z0258,2017,394.5,29,18.9,39.7,7.0,1,1,Podor,Saint-Louis,16.6727,-14.96094,9.3,1.27,422,52.6,3479,3.0,0,6.0473721790462776,0,9.9414,2,0.0,False,False,False,True,False,False,False,True,False,False,False,True,False,False
Z0258,2018,360.4,29,27.8,37.8,7.42,0,1,Podor,Saint-Louis,16.6727,-14.96094,9.3,1.27,422,52.6,3479,3.0,0,6.0473721790462776,0,14.6228,2,0.0,False,False,False,True,False,False,False,True,False,False,False,True,False,False
Z0258,2019,235.8,17,10.0,21.6,7.06,0,1,Podor,Saint-Louis,16.6727,-14.96094,9.3,1.27,422,52.6,3479,3.0,0,6.0473721790462776,0,5.26,2,0.0,False,False,False,True,False,False,False,True,False,False,False,True,False,False
Z0258,2020,473.1,31,20.6,41.7,9.4,0,1,Podor,Saint-Louis,16.6727,-14.96094,9.3,1.27,422,52.6,3479,3.0,0,6.0473721790462776,0,10.835600000000001,2,0.0,False,False,False,True,False,False,False,True,False,False,False,True,False,False
Z0258,2021,220.3,16,10.0,19.7,4.29,0,1,Podor,Saint-Louis,16.6727,-14.96094,9.3,1.27,422,52.6,3479,3.0,0,6.0473721790462776,0,5.26,2,0.0,False,False,False,True,False,False,False,True,False,False,False,True,False,False
Z0258,2022,321.6,24,10.0,13.2,6.91,0,1,Podor,Saint-Louis,16.6727,-14.96094,9.3,1.27,422,52.6,3479,3.0,0,6.0473721790462776,0,5.26,2,0.0,False,False,False,True,False,False,False,True,False,False,False,True,False,False
Z0258,2023,329.7,20,10.0,13.0,7.81,0,1,Podor,Saint-Louis,16.6727,-14.96094,9.3,1.27,422,52.6,3479,3.0,0,6.0473721790462776,0,5.26,2,0.0,False,False,False,True,False,False,False,True,False,False,False,True,False,False
Z0258,2024,422.7,31,26.6,52.7,10.0,0,1,Podor,Saint-Louis,16.6727,-14.96094,9.3,1.27,422,52.6,3479,3.0,0,6.0473721790462776,0,13.9916,2,0.0,False,False,False,True,False,False,False,True,False,False,False,True,False,False
Z0259,2015,381.1,19,11.9,24.2,7.54,0,1,Podor,Saint-Louis,16.65987,-14.97207,0.5,0.99,212,44.5,7220,2.0,1,5.3612921657094255,1,5.2955000000000005,1,0.1,False,False,False,False,True,False,False,True,False,False,False,False,False,True
Z0259,2016,427.3,34,17.0,29.7,5.17,0,1,Podor,Saint-Louis,16.65987,-14.97207,0.5,0.99,212,44.5,7220,2.0,1,5.3612921657094255,1,7.565,1,0.1,False,False,False,False,True,False,False,True,False,False,False,False,False,True
Z0259,2017,165.7,13,11.4,14.7,5.84,0,1,Podor,Saint-Louis,16.65987,-14.97207,0.5,0.99,212,44.5,7220,2.0,1,5.3612921657094255,1,5.073,1,0.1,False,False,False,False,True,False,False,True,False,False,False,False,False,True
Z0259,2018,273.7,16,10.0,12.3,7.46,1,1,Podor,Saint-Louis,16.65987,-14.97207,0.5,0.99,212,44.5,7220,2.0,1,5.3612921657094255,1,4.45,1,0.1,False,False,False,False,True,False,False,True,False,False,False,False,False,True
Z0259,2019,442.7,31,55.4,108.3,6.93,1,1,Podor,Saint-Louis,16.65987,-14.97207,0.5,0.99,212,44.5,7220,2.0,1,5.3612921657094255,1,24.653,1,0.1,False,False,False,False,True,False,False,True,False,False,False,False,False,True
Z0259,2020,321.5,21,10.0,14.4,11.52,1,1,Podor,Saint-Louis,16.65987,-14.97207,0.5,0.99,212,44.5,7220,2.0,1,5.3612921657094255,1,4.45,1,0.1,False,False,False,False,True,False,False,True,False,False,False,False,False,True
Z0259,2021,266.7,15,11.3,15.6,6.52,1,1,Podor,Saint-Louis,16.65987,-14.97207,0.5,0.99,212,44.5,7220,2.0,1,5.3612921657094255,1,5.0285,1,0.1,False,False,False,False,True,False,False,True,False,False,False,False,False,True
Z0259,2022,424.1,31,15.3,20.0,7.05,0,1,Podor,Saint-Louis,16.65987,-14.97207,0.5,0.99,212,44.5,7220,2.0,1,5.3612921657094255,1,6.8085,1,0.1,False,False,False,False,True,False,False,True,False,False,False,False,False,True
Z0259,2023,291.7,25,10.0,16.1,6.94,1,1,Podor,Saint-Louis,16.65987,-14.97207,0.5,0.99,212,44.5,7220,2.0,1,5.3612921657094255,1,4.45,1,0.1,False,False,False,False,True,False,False,True,False,False,False,False,False,True
Z0259,2024,294.1,19,10.0,12.2,8.65,0,1,Podor,Saint-Louis,16.65987,-14.97207,0.5,0.99,212,44.5,7220,2.0,1,5.3612921657094255,1,4.45,1,0.1,False,False,False,False,True,False,False,True,False,False,False,False,False,True
Z0260,2015,204.6,21,10.0,19.3,6.63,1,1,Podor,Saint-Louis,16.64394,-14.95811,7.1,0.16,665,40.8,2937,4.7,0,6.501289670540389,1,4.08,2,0.0,False,False,False,True,False,False,False,True,False,False,False,True,False,False
Z0260,2016,259.6,20,17.0,33.2,7.28,0,1,Podor,Saint-Louis,16.64394,-14.95811,7.1,0.16,665,40.8,2937,4.7,0,6.501289670540389,1,6.935999999999999,2,0.0,False,False,False,True,False,False,False,True,False,False,False,True,False,False
Z0260,2017,413.4,29,17.9,27.4,7.16,1,1,Podor,Saint-Louis,16.64394,-14.95811,7.1,0.16,665,40.8,2937,4.7,0,6.501289670540389,1,7.3031999999999995,2,0.0,False,False,False,True,False,False,False,True,False,False,False,True,False,False
Z0260,2018,250.4,7,10.0,14.7,6.8,0,1,Podor,Saint-Louis,16.64394,-14.95811,7.1,0.16,665,40.8,2937,4.7,0,6.501289670540389,1,4.08,2,0.0,False,False,False,True,False,False,False,True,False,False,False,True,False,False
Z0260,2019,227.2,21,16.8,22.5,5.24,0,1,Podor,Saint-Louis,16.64394,-14.95811,7.1,0.16,665,40.8,2937,4.7,0,6.501289670540389,1,6.854399999999999,2,0.0,False,False,False,True,False,False,False,True,False,False,False,True,False,False
Z0260,2020,360.9,22,10.0,13.6,8.43,0,1,Podor,Saint-Louis,16.64394,-14.95811,7.1,0.16,665,40.8,2937,4.7,0,6.501289670540389,1,4.08,2,0.0,False,False,False,True,False,False,False,True,False,False,False,True,False,False
Z0260,2021,179.3,10,10.0,20.6,9.38,0,1,Podor,Saint-Louis,16.64394,-14.95811,7.1,0.16,665,40.8,2937,4.7,0,6.501289670540389,1,4.08,2,0.0,False,False,False,True,False,False,False,True,False,False,False,True,False,False
Z0260,2022,284.7,21,10.0,12.8,6.6,0,1,Podor,Saint-Louis,16.64394,-14.95811,7.1,0.16,665,40.8,2937,4.7,0,6.501289670540389,1,4.08,2,0.0,False,False,False,True,False,False,False,True,False,False,False,True,False,False
Z0260,2023,279.2,20,15.7,20.6,7.05,0,1,Podor,Saint-Louis,16.64394,-14.95811,7.1,0.16,665,40.8,2937,4.7,0,6.501289670540389,1,6.4056,2,0.0,False,False,False,True,False,False,False,True,False,False,False,True,False,False
Z0260,2024,230.6,25,40.3,72.2,8.06,0,1,Podor,Saint-Louis,16.64394,-14.95811,7.1,0.16,665,40.8,2937,4.7,0,6.501289670540389,1,16.4424,2,0.0,False,False,False,True,False,False,False,True,False,False,False,True,False,False
Z0261,2015,351.8,30,35.5,51.4,6.33,0,1,Richard-Toll,Saint-Louis,16.46542,-15.6986,11.8,0.6,85,78.4,18642,3.7,1,4.454347296253507,0,27.832000000000004,1,0.1,False,True,False,False,False,False,True,False,False,False,False,False,False,True
Z0261,2016,387.2,29,29.4,50.2,6.34,0,1,Richard-Toll,Saint-Louis,16.46542,-15.6986,11.8,0.6,85,78.4,18642,3.7,1,4.454347296253507,0,23.0496,1,0.1,False,True,False,False,False,False,True,False,False,False,False,False,False,True
Z0261,2017,200.1,11,10.0,15.0,4.53,0,1,Richard-Toll,Saint-Louis,16.46542,-15.6986,11.8,0.6,85,78.4,18642,3.7,1,4.454347296253507,0,7.84,1,0.1,False,True,False,False,False,False,True,False,False,False,False,False,False,True
Z0261,2018,425.8,27,10.4,19.5,7.18,0,1,Richard-Toll,Saint-Louis,16.46542,-15.6986,11.8,0.6,85,78.4,18642,3.7,1,4.454347296253507,0,8.1536,1,0.1,False,True,False,False,False,False,True,False,False,False,False,False,False,True
Z0261,2019,319.4,20,10.0,13.6,6.27,0,1,Richard-Toll,Saint-Louis,16.46542,-15.6986,11.8,0.6,85,78.4,18642,3.7,1,4.454347296253507,0,7.84,1,0.1,False,True,False,False,False,False,True,False,False,False,False,False,False,True
Z0261,2020,345.3,24,10.0,15.8,10.54,1,1,Richard-Toll,Saint-Louis,16.46542,-15.6986,11.8,0.6,85,78.4,18642,3.7,1,4.454347296253507,0,7.84,1,0.1,False,True,False,False,False,False,True,False,False,False,False,False,False,True
Z0261,2021,286.5,21,18.6,38.0,5.24,0,1,Richard-Toll,Saint-Louis,16.46542,-15.6986,11.8,0.6,85,78.4,18642,3.7,1,4.454347296253507,0,14.582400000000002,1,0.1,False,True,False,False,False,False,True,False,False,False,False,False,False,True
Z0261,2022,274.9,17,22.7,49.8,5.36,0,1,Richard-Toll,Saint-Louis,16.46542,-15.6986,11.8,0.6,85,78.4,18642,3.7,1,4.454347296253507,0,17.7968,1,0.1,False,True,False,False,False,False,True,False,False,False,False,False,False,True
Z0261,2023,319.4,24,17.1,32.7,8.65,0,1,Richard-Toll,Saint-Louis,16.46542,-15.6986,11.8,0.6,85,78.4,18642,3.7,1,4.454347296253507,0,13.406400000000001,1,0.1,False,True,False,False,False,False,True,False,False,False,False,False,False,True
Z0261,2024,238.9,11,20.4,26.5,7.35,0,1,Richard-Toll,Saint-Louis,16.46542,-15.6986,11.8,0.6,85,78.4,18642,3.7,1,4.454347296253507,0,15.993599999999999,1,0.1,False,True,False,False,False,False,True,False,False,False,False,False,False,True
Z0262,2015,391.8,32,22.0,44.9,7.26,0,1,Richard-Toll,Saint-Louis,16.45417,-15.70834,9.1,0.19,500,0.0,211,3.3,1,6.2166061010848646,0,0.0,1,0.1,True,False,False,False,False,True,False,False,False,False,False,False,False,True
Z0262,2016,304.4,20,17.4,32.2,7.95,0,1,Richard-Toll,Saint-Louis,16.45417,-15.70834,9.1,0.19,500,0.0,211,3.3,1,6.2166061010848646,0,0.0,1,0.1,True,False,False,False,False,True,False,False,False,False,False,False,False,True
Z0262,2017,339.8,20,29.3,43.8,5.34,0,1,Richard-Toll,Saint-Louis,16.45417,-15.70834,9.1,0.19,500,0.0,211,3.3,1,6.2166061010848646,0,0.0,1,0.1,True,False,False,False,False,True,False,False,False,False,False,False,False,True
Z0262,2018,239.7,20,10.0,19.7,5.93,0,1,Richard-Toll,Saint-Louis,16.45417,-15.70834,9.1,0.19,500,0.0,211,3.3,1,6.2166061010848646,0,0.0,1,0.1,True,False,False,False,False,True,False,False,False,False,False,False,False,True
Z0262,2019,236.7,18,10.0,13.9,4.6,0,1,Richard-Toll,Saint-Louis,16.45417,-15.70834,9.1,0.19,500,0.0,211,3.3,1,6.2166061010848646,0,0.0,1,0.1,True,False,False,False,False,True,False,False,False,False,False,False,False,True
Z0262,2020,441.0,22,19.3,35.0,9.5,0,1,Richard-Toll,Saint-Louis,16.45417,-15.70834,9.1,0.19,500,0.0,211,3.3,1,6.2166061010848646,0,0.0,1,0.1,True,False,False,False,False,True,False,False,False,False,False,False,False,True
Z0262,2021,246.5,10,10.0,20.8,4.95,0,1,Richard-Toll,Saint-Louis,16.45417,-15.70834,9.1,0.19,500,0.0,211,3.3,1,6.2166061010848646,0,0.0,1,0.1,True,False,False,False,False,True,False,False,False,False,False,False,False,True
Z0262,2022,244.3,21,17.1,34.8,6.06,0,1,Richard-Toll,Saint-Louis,16.45417,-15.70834,9.1,0.19,500,0.0,211,3.3,1,6.2166061010848646,0,0.0,1,0.1,True,False,False,False,False,True,False,False,False,False,False,False,False,True
Z0262,2023,275.4,25,12.7,19.7,6.45,0,1,Richard-Toll,Saint-Louis,16.45417,-15.70834,9.1,0.19,500,0.0,211,3.3,1,6.2166061010848646,0,0.0,1,0.1,True,False,False,False,False,True,False,False,False,False,False,False,False,True
Z0262,2024,398.0,28,22.9,40.4,10.08,0,1,Richard-Toll,Saint-Louis,16.45417,-15.70834,9.1,0.19,500,0.0,211,3.3,1,6.2166061010848646,0,0.0,1,0.1,True,False,False,False,False,True,False,False,False,False,False,False,False,True
Z0263,2015,331.1,22,14.7,26.4,9.86,0,1,Richard-Toll,Saint-Louis,16.46792,-15.70455,7.0,0.24,1488,3.9,154,3.4,0,7.305860032684009,0,0.5733,1,0.0,False,False,True,False,False,True,False,False,False,False,False,False,False,True
Z0263,2016,286.9,19,26.1,51.5,7.89,0,1,Richard-Toll,Saint-Louis,16.46792,-15.70455,7.0,0.24,1488,3.9,154,3.4,0,7.305860032684009,0,1.0179,1,0.0,False,False,True,False,False,True,False,False,False,False,False,False,False,True
Z0263,2017,381.0,25,11.1,22.0,7.33,1,1,Richard-Toll,Saint-Louis,16.46792,-15.70455,7.0,0.24,1488,3.9,154,3.4,0,7.305860032684009,0,0.4329,1,0.0,False,False,True,False,False,True,False,False,False,False,False,False,False,True
Z0263,2018,174.0,19,10.0,20.8,8.04,0,1,Richard-Toll,Saint-Louis,16.46792,-15.70455,7.0,0.24,1488,3.9,154,3.4,0,7.305860032684009,0,0.39,1,0.0,False,False,True,False,False,True,False,False,False,False,False,False,False,True
Z0263,2019,239.0,12,10.0,14.6,8.34,0,1,Richard-Toll,Saint-Louis,16.46792,-15.70455,7.0,0.24,1488,3.9,154,3.4,0,7.305860032684009,0,0.39,1,0.0,False,False,True,False,False,True,False,False,False,False,False,False,False,True
Z0263,2020,358.8,25,12.0,23.8,10.42,0,1,Richard-Toll,Saint-Louis,16.46792,-15.70455,7.0,0.24,1488,3.9,154,3.4,0,7.305860032684009,0,0.46799999999999997,1,0.0,False,False,True,False,False,True,False,False,False,False,False,False,False,True
Z0263,2021,204.5,15,13.7,16.8,8.45,0,1,Richard-Toll,Saint-Louis,16.46792,-15.70455,7.0,0.24,1488,3.9,154,3.4,0,7.305860032684009,0,0.5342999999999999,1,0.0,False,False,True,False,False,True,False,False,False,False,False,False,False,True
Z0263,2022,307.4,23,14.4,30.0,5.59,0,1,Richard-Toll,Saint-Louis,16.46792,-15.70455,7.0,0.24,1488,3.9,154,3.4,0,7.305860032684009,0,0.5616,1,0.0,False,False,True,False,False,True,False,False,False,False,False,False,False,True
Z0263,2023,268.9,17,15.5,24.9,5.81,0,1,Richard-Toll,Saint-Louis,16.46792,-15.70455,7.0,0.24,1488,3.9,154,3.4,0,7.305860032684009,0,0.6044999999999999,1,0.0,False,False,True,False,False,True,False,False,False,False,False,False,False,True
Z0263,2024,313.0,19,10.0,12.2,8.77,0,1,Richard-Toll,Saint-Louis,16.46792,-15.70455,7.0,0.24,1488,3.9,154,3.4,0,7.305860032684009,0,0.39,1,0.0,False,False,True,False,False,True,False,False,False,False,False,False,False,True
Z0264,2015,202.1,10,19.2,35.5,7.63,0,1,Richard-Toll,Saint-Louis,16.45711,-15.70976,15.2,1.23,623,2.7,115,4.0,0,6.436150368369428,0,0.5184000000000001,1,0.0,True,False,False,False,False,False,False,False,True,False,False,False,False,True
Z0264,2016,336.8,28,16.1,28.1,8.79,0,1,Richard-Toll,Saint-Louis,16.45711,-15.70976,15.2,1.23,623,2.7,115,4.0,0,6.436150368369428,0,0.4347000000000001,1,0.0,True,False,False,False,False,False,False,False,True,False,False,False,False,True
Z0264,2017,269.8,19,10.0,13.2,5.29,0,1,Richard-Toll,Saint-Louis,16.45711,-15.70976,15.2,1.23,623,2.7,115,4.0,0,6.436150368369428,0,0.27,1,0.0,True,False,False,False,False,False,False,False,True,False,False,False,False,True
Z0264,2018,302.2,18,23.8,36.8,6.3,0,1,Richard-Toll,Saint-Louis,16.45711,-15.70976,15.2,1.23,623,2.7,115,4.0,0,6.436150368369428,0,0.6426000000000001,1,0.0,True,False,False,False,False,False,False,False,True,False,False,False,False,True
Z0264,2019,270.8,25,10.0,21.9,4.93,0,1,Richard-Toll,Saint-Louis,16.45711,-15.70976,15.2,1.23,623,2.7,115,4.0,0,6.436150368369428,0,0.27,1,0.0,True,False,False,False,False,False,False,False,True,False,False,False,False,True
Z0264,2020,356.9,24,16.7,32.2,6.15,0,1,Richard-Toll,Saint-Louis,16.45711,-15.70976,15.2,1.23,623,2.7,115,4.0,0,6.436150368369428,0,0.4509,1,0.0,True,False,False,False,False,False,False,False,True,False,False,False,False,True
Z0264,2021,245.4,21,12.1,15.7,6.29,0,1,Richard-Toll,Saint-Louis,16.45711,-15.70976,15.2,1.23,623,2.7,115,4.0,0,6.436150368369428,0,0.3267,1,0.0,True,False,False,False,False,False,False,False,True,False,False,False,False,True
Z0264,2022,452.4,31,27.2,58.2,6.09,0,1,Richard-Toll,Saint-Louis,16.45711,-15.70976,15.2,1.23,623,2.7,115,4.0,0,6.436150368369428,0,0.7343999999999999,1,0.0,True,False,False,False,False,False,False,False,True,False,False,False,False,True
Z0264,2023,221.6,11,16.7,27.6,5.65,0,1,Richard-Toll,Saint-Louis,16.45711,-15.70976,15.2,1.23,623,2.7,115,4.0,0,6.436150368369428,0,0.4509,1,0.0,True,False,False,False,False,False,False,False,True,False,False,False,False,True
Z0264,2024,492.3,30,23.1,40.2,7.4,0,1,Richard-Toll,Saint-Louis,16.45711,-15.70976,15.2,1.23,623,2.7,115,4.0,0,6.436150368369428,0,0.6237,1,0.0,True,False,False,False,False,False,False,False,True,False,False,False,False,True
Z0265,2015,345.2,25,27.1,59.3,7.71,0,1,Richard-Toll,Saint-Louis,16.43943,-15.69625,6.3,0.38,442,66.5,14489,3.0,3,6.093569770045136,1,18.0215,0,0.3,True,False,False,False,False,False,True,False,False,False,True,False,False,False
Z0265,2016,206.1,18,10.0,19.8,6.4,0,1,Richard-Toll,Saint-Louis,16.43943,-15.69625,6.3,0.38,442,66.5,14489,3.0,3,6.093569770045136,1,6.65,0,0.3,True,False,False,False,False,False,True,False,False,False,True,False,False,False
Z0265,2017,418.5,29,25.1,45.2,7.51,1,1,Richard-Toll,Saint-Louis,16.43943,-15.69625,6.3,0.38,442,66.5,14489,3.0,3,6.093569770045136,1,16.6915,0,0.3,True,False,False,False,False,False,True,False,False,False,True,False,False,False
Z0265,2018,338.5,30,10.9,15.1,6.44,0,1,Richard-Toll,Saint-Louis,16.43943,-15.69625,6.3,0.38,442,66.5,14489,3.0,3,6.093569770045136,1,7.2485,0,0.3,True,False,False,False,False,False,True,False,False,False,True,False,False,False
Z0265,2019,375.6,21,25.9,55.0,5.96,0,1,Richard-Toll,Saint-Louis,16.43943,-15.69625,6.3,0.38,442,66.5,14489,3.0,3,6.093569770045136,1,17.223499999999998,0,0.3,True,False,False,False,False,False,True,False,False,False,True,False,False,False
Z0265,2020,392.1,27,19.4,31.6,9.42,0,1,Richard-Toll,Saint-Louis,16.43943,-15.69625,6.3,0.38,442,66.5,14489,3.0,3,6.093569770045136,1,12.901,0,0.3,True,False,False,False,False,False,True,False,False,False,True,False,False,False
Z0265,2021,250.5,26,20.8,38.4,7.74,0,1,Richard-Toll,Saint-Louis,16.43943,-15.69625,6.3,0.38,442,66.5,14489,3.0,3,6.093569770045136,1,13.832,0,0.3,True,False,False,False,False,False,True,False,False,False,True,False,False,False
Z0265,2022,348.9,28,20.6,43.2,7.32,1,1,Richard-Toll,Saint-Louis,16.43943,-15.69625,6.3,0.38,442,66.5,14489,3.0,3,6.093569770045136,1,13.699000000000002,0,0.3,True,False,False,False,False,False,True,False,False,False,True,False,False,False
Z0265,2023,298.1,13,20.6,14.2,5.71,1,1,Richard-Toll,Saint-Louis,16.43943,-15.69625,6.3,0.38,442,66.5,14489,3.0,3,6.093569770045136,1,13.699000000000002,0,0.3,True,False,False,False,False,False,True,False,False,False,True,False,False,False
Z0265,2024,403.8,22,18.8,24.1,10.0,1,1,Richard-Toll,Saint-Louis,16.43943,-15.69625,6.3,0.38,442,66.5,14489,3.0,3,6.093569770045136,1,12.502,0,0.3,True,False,False,False,False,False,True,False,False,False,True,False,False,False
Z0266,2015,251.4,18,14.1,27.2,6.34,0,1,Richard-Toll,Saint-Louis,16.46503,-15.70134,0.5,0.51,324,0.0,104,4.5,0,5.783825182329737,1,0.0,1,0.0,True,False,False,False,False,True,False,False,False,False,False,False,False,True
Z0266,2016,354.2,21,20.1,32.5,9.45,1,1,Richard-Toll,Saint-Louis,16.46503,-15.70134,0.5,0.51,324,0.0,104,4.5,0,5.783825182329737,1,0.0,1,0.0,True,False,False,False,False,True,False,False,False,False,False,False,False,True
Z0266,2017,352.1,22,14.3,21.6,8.82,0,1,Richard-Toll,Saint-Louis,16.46503,-15.70134,0.5,0.51,324,0.0,104,4.5,0,5.783825182329737,1,0.0,1,0.0,True,False,False,False,False,True,False,False,False,False,False,False,False,True
Z0266,2018,246.9,12,13.5,17.1,8.26,0,1,Richard-Toll,Saint-Louis,16.46503,-15.70134,0.5,0.51,324,0.0,104,4.5,0,5.783825182329737,1,0.0,1,0.0,True,False,False,False,False,True,False,False,False,False,False,False,False,True
Z0266,2019,251.6,14,13.0,19.3,6.16,0,1,Richard-Toll,Saint-Louis,16.46503,-15.70134,0.5,0.51,324,0.0,104,4.5,0,5.783825182329737,1,0.0,1,0.0,True,False,False,False,False,True,False,False,False,False,False,False,False,True
Z0266,2020,403.5,34,17.9,29.9,9.39,0,1,Richard-Toll,Saint-Louis,16.46503,-15.70134,0.5,0.51,324,0.0,104,4.5,0,5.783825182329737,1,0.0,1,0.0,True,False,False,False,False,True,False,False,False,False,False,False,False,True
Z0266,2021,226.9,20,27.9,54.2,6.76,0,1,Richard-Toll,Saint-Louis,16.46503,-15.70134,0.5,0.51,324,0.0,104,4.5,0,5.783825182329737,1,0.0,1,0.0,True,False,False,False,False,True,False,False,False,False,False,False,False,True
Z0266,2022,417.4,27,12.9,23.6,6.08,0,1,Richard-Toll,Saint-Louis,16.46503,-15.70134,0.5,0.51,324,0.0,104,4.5,0,5.783825182329737,1,0.0,1,0.0,True,False,False,False,False,True,False,False,False,False,False,False,False,True
Z0266,2023,456.6,24,18.6,32.0,5.0,0,1,Richard-Toll,Saint-Louis,16.46503,-15.70134,0.5,0.51,324,0.0,104,4.5,0,5.783825182329737,1,0.0,1,0.0,True,False,False,False,False,True,False,False,False,False,False,False,False,True
Z0266,2024,392.7,26,55.9,74.7,10.0,1,1,Richard-Toll,Saint-Louis,16.46503,-15.70134,0.5,0.51,324,0.0,104,4.5,0,5.783825182329737,1,0.0,1,0.0,True,False,False,False,False,True,False,False,False,False,False,False,False,True
Z0267,2015,220.1,6,10.0,13.7,7.57,0,1,Richard-Toll,Saint-Louis,16.45779,-15.68326,6.1,2.3,470,98.0,15403,2.9,0,6.154858094016418,1,9.8,1,0.0,False,True,False,False,False,False,True,False,False,False,False,False,False,True
Z0267,2016,222.0,14,10.8,20.1,7.48,0,1,Richard-Toll,Saint-Louis,16.45779,-15.68326,6.1,2.3,470,98.0,15403,2.9,0,6.154858094016418,1,10.584000000000001,1,0.0,False,True,False,False,False,False,True,False,False,False,False,False,False,True
Z0267,2017,386.7,29,26.6,33.7,6.54,1,1,Richard-Toll,Saint-Louis,16.45779,-15.68326,6.1,2.3,470,98.0,15403,2.9,0,6.154858094016418,1,26.068,1,0.0,False,True,False,False,False,False,True,False,False,False,False,False,False,True
Z0267,2018,251.7,23,14.1,19.3,4.99,0,1,Richard-Toll,Saint-Louis,16.45779,-15.68326,6.1,2.3,470,98.0,15403,2.9,0,6.154858094016418,1,13.818,1,0.0,False,True,False,False,False,False,True,False,False,False,False,False,False,True
Z0267,2019,347.8,20,26.8,44.8,4.66,0,1,Richard-Toll,Saint-Louis,16.45779,-15.68326,6.1,2.3,470,98.0,15403,2.9,0,6.154858094016418,1,26.264,1,0.0,False,True,False,False,False,False,True,False,False,False,False,False,False,True
Z0267,2020,298.0,19,22.0,37.0,8.7,0,1,Richard-Toll,Saint-Louis,16.45779,-15.68326,6.1,2.3,470,98.0,15403,2.9,0,6.154858094016418,1,21.56,1,0.0,False,True,False,False,False,False,True,False,False,False,False,False,False,True
Z0267,2021,285.6,15,10.0,13.2,7.39,0,1,Richard-Toll,Saint-Louis,16.45779,-15.68326,6.1,2.3,470,98.0,15403,2.9,0,6.154858094016418,1,9.8,1,0.0,False,True,False,False,False,False,True,False,False,False,False,False,False,True
Z0267,2022,487.7,28,17.4,23.1,7.11,0,1,Richard-Toll,Saint-Louis,16.45779,-15.68326,6.1,2.3,470,98.0,15403,2.9,0,6.154858094016418,1,17.052,1,0.0,False,True,False,False,False,False,True,False,False,False,False,False,False,True
Z0267,2023,394.6,22,10.0,14.2,6.02,0,1,Richard-Toll,Saint-Louis,16.45779,-15.68326,6.1,2.3,470,98.0,15403,2.9,0,6.154858094016418,1,9.8,1,0.0,False,True,False,False,False,False,True,False,False,False,False,False,False,True
Z0267,2024,359.0,25,41.8,66.7,10.24,1,1,Richard-Toll,Saint-Louis,16.45779,-15.68326,6.1,2.3,470,98.0,15403,2.9,0,6.154858094016418,1,40.964,1,0.0,False,True,False,False,False,False,True,False,False,False,False,False,False,True
Z0268,2015,310.5,20,21.3,39.9,7.4,0,1,Richard-Toll,Saint-Louis,16.46142,-15.68796,10.1,0.26,878,85.2,9502,3.9,1,6.778784897685177,0,18.1476,1,0.1,False,False,False,False,True,False,True,False,False,False,False,False,False,True
Z0268,2016,218.4,12,13.3,22.1,5.47,0,1,Richard-Toll,Saint-Louis,16.46142,-15.68796,10.1,0.26,878,85.2,9502,3.9,1,6.778784897685177,0,11.331600000000002,1,0.1,False,False,False,False,True,False,True,False,False,False,False,False,False,True
Z0268,2017,288.9,36,12.4,23.2,7.98,0,1,Richard-Toll,Saint-Louis,16.46142,-15.68796,10.1,0.26,878,85.2,9502,3.9,1,6.778784897685177,0,10.5648,1,0.1,False,False,False,False,True,False,True,False,False,False,False,False,False,True
Z0268,2018,244.2,15,10.7,15.9,7.01,0,1,Richard-Toll,Saint-Louis,16.46142,-15.68796,10.1,0.26,878,85.2,9502,3.9,1,6.778784897685177,0,9.1164,1,0.1,False,False,False,False,True,False,True,False,False,False,False,False,False,True
Z0268,2019,288.9,26,16.0,23.9,6.51,0,1,Richard-Toll,Saint-Louis,16.46142,-15.68796,10.1,0.26,878,85.2,9502,3.9,1,6.778784897685177,0,13.632,1,0.1,False,False,False,False,True,False,True,False,False,False,False,False,False,True
Z0268,2020,242.8,18,11.4,23.5,8.8,0,1,Richard-Toll,Saint-Louis,16.46142,-15.68796,10.1,0.26,878,85.2,9502,3.9,1,6.778784897685177,0,9.712800000000001,1,0.1,False,False,False,False,True,False,True,False,False,False,False,False,False,True
Z0268,2021,435.6,28,27.9,49.3,7.39,1,1,Richard-Toll,Saint-Louis,16.46142,-15.68796,10.1,0.26,878,85.2,9502,3.9,1,6.778784897685177,0,23.770799999999998,1,0.1,False,False,False,False,True,False,True,False,False,False,False,False,False,True
Z0268,2022,418.7,26,14.6,26.5,6.78,0,1,Richard-Toll,Saint-Louis,16.46142,-15.68796,10.1,0.26,878,85.2,9502,3.9,1,6.778784897685177,0,12.439200000000001,1,0.1,False,False,False,False,True,False,True,False,False,False,False,False,False,True
Z0268,2023,225.0,24,12.7,24.3,8.41,0,1,Richard-Toll,Saint-Louis,16.46142,-15.68796,10.1,0.26,878,85.2,9502,3.9,1,6.778784897685177,0,10.8204,1,0.1,False,False,False,False,True,False,True,False,False,False,False,False,False,True
Z0268,2024,374.3,32,19.0,39.4,7.64,0,1,Richard-Toll,Saint-Louis,16.46142,-15.68796,10.1,0.26,878,85.2,9502,3.9,1,6.778784897685177,0,16.188,1,0.1,False,False,False,False,True,False,True,False,False,False,False,False,False,True
Z0269,2015,412.4,34,15.2,23.6,7.79,0,1,Richard-Toll,Saint-Louis,16.45427,-15.70138,11.5,0.67,2346,94.4,9091,3.45,0,7.760893195851024,0,14.3488,2,0.0,False,False,False,False,True,False,True,False,False,False,False,True,False,False
Z0269,2016,246.7,16,23.6,49.9,6.79,0,1,Richard-Toll,Saint-Louis,16.45427,-15.70138,11.5,0.67,2346,94.4,9091,3.45,0,7.760893195851024,0,22.2784,2,0.0,False,False,False,False,True,False,True,False,False,False,False,True,False,False
Z0269,2017,302.2,23,11.6,22.3,6.17,0,1,Richard-Toll,Saint-Louis,16.45427,-15.70138,11.5,0.67,2346,94.4,9091,3.45,0,7.760893195851024,0,10.9504,2,0.0,False,False,False,False,True,False,True,False,False,False,False,True,False,False
Z0269,2018,327.7,25,14.0,27.3,6.52,0,1,Richard-Toll,Saint-Louis,16.45427,-15.70138,11.5,0.67,2346,94.4,9091,3.45,0,7.760893195851024,0,13.216000000000001,2,0.0,False,False,False,False,True,False,True,False,False,False,False,True,False,False
Z0269,2019,323.4,26,22.3,31.7,8.3,0,1,Richard-Toll,Saint-Louis,16.45427,-15.70138,11.5,0.67,2346,94.4,9091,3.45,0,7.760893195851024,0,21.051200000000005,2,0.0,False,False,False,False,True,False,True,False,False,False,False,True,False,False
Z0269,2020,419.8,33,21.3,43.8,9.58,0,1,Richard-Toll,Saint-Louis,16.45427,-15.70138,11.5,0.67,2346,94.4,9091,3.45,0,7.760893195851024,0,20.107200000000002,2,0.0,False,False,False,False,True,False,True,False,False,False,False,True,False,False
Z0269,2021,113.9,6,10.0,16.7,3.41,0,1,Richard-Toll,Saint-Louis,16.45427,-15.70138,11.5,0.67,2346,94.4,9091,3.45,0,7.760893195851024,0,9.44,2,0.0,False,False,False,False,True,False,True,False,False,False,False,True,False,False
Z0269,2022,340.8,21,10.0,16.3,5.7,0,1,Richard-Toll,Saint-Louis,16.45427,-15.70138,11.5,0.67,2346,94.4,9091,3.45,0,7.760893195851024,0,9.44,2,0.0,False,False,False,False,True,False,True,False,False,False,False,True,False,False
Z0269,2023,428.4,33,42.8,78.5,5.43,0,1,Richard-Toll,Saint-Louis,16.45427,-15.70138,11.5,0.67,2346,94.4,9091,3.45,0,7.760893195851024,0,40.4032,2,0.0,False,False,False,False,True,False,True,False,False,False,False,True,False,False
Z0269,2024,316.0,26,10.0,13.0,8.13,0,1,Richard-Toll,Saint-Louis,16.45427,-15.70138,11.5,0.67,2346,94.4,9091,3.45,0,7.760893195851024,0,9.44,2,0.0,False,False,False,False,True,False,True,False,False,False,False,True,False,False
Z0270,2015,267.4,20,17.6,22.7,5.99,0,1,Richard-Toll,Saint-Louis,16.47302,-15.6757,4.1,0.24,2436,18.3,105,3.5,1,7.798523053625206,1,3.2208000000000006,1,0.1,True,False,False,False,False,True,False,False,False,False,False,False,False,True
Z0270,2016,267.1,23,18.5,29.5,7.1,0,1,Richard-Toll,Saint-Louis,16.47302,-15.6757,4.1,0.24,2436,18.3,105,3.5,1,7.798523053625206,1,3.3855,1,0.1,True,False,False,False,False,True,False,False,False,False,False,False,False,True
Z0270,2017,260.3,16,17.6,35.4,6.82,1,1,Richard-Toll,Saint-Louis,16.47302,-15.6757,4.1,0.24,2436,18.3,105,3.5,1,7.798523053625206,1,3.2208000000000006,1,0.1,True,False,False,False,False,True,False,False,False,False,False,False,False,True
Z0270,2018,229.8,18,30.5,44.2,4.42,0,1,Richard-Toll,Saint-Louis,16.47302,-15.6757,4.1,0.24,2436,18.3,105,3.5,1,7.798523053625206,1,5.5815,1,0.1,True,False,False,False,False,True,False,False,False,False,False,False,False,True
Z0270,2019,301.1,24,14.3,19.7,7.38,0,1,Richard-Toll,Saint-Louis,16.47302,-15.6757,4.1,0.24,2436,18.3,105,3.5,1,7.798523053625206,1,2.6169,1,0.1,True,False,False,False,False,True,False,False,False,False,False,False,False,True
Z0270,2020,365.9,26,10.0,12.0,12.35,1,1,Richard-Toll,Saint-Louis,16.47302,-15.6757,4.1,0.24,2436,18.3,105,3.5,1,7.798523053625206,1,1.83,1,0.1,True,False,False,False,False,True,False,False,False,False,False,False,False,True
Z0270,2021,314.7,17,13.0,25.7,7.66,0,1,Richard-Toll,Saint-Louis,16.47302,-15.6757,4.1,0.24,2436,18.3,105,3.5,1,7.798523053625206,1,2.379,1,0.1,True,False,False,False,False,True,False,False,False,False,False,False,False,True
Z0270,2022,336.2,24,17.4,34.0,8.33,0,1,Richard-Toll,Saint-Louis,16.47302,-15.6757,4.1,0.24,2436,18.3,105,3.5,1,7.798523053625206,1,3.1841999999999997,1,0.1,True,False,False,False,False,True,False,False,False,False,False,False,False,True
Z0270,2023,281.3,20,10.0,16.8,7.91,1,1,Richard-Toll,Saint-Louis,16.47302,-15.6757,4.1,0.24,2436,18.3,105,3.5,1,7.798523053625206,1,1.83,1,0.1,True,False,False,False,False,True,False,False,False,False,False,False,False,True
Z0270,2024,249.4,15,10.0,20.8,7.28,0,1,Richard-Toll,Saint-Louis,16.47302,-15.6757,4.1,0.24,2436,18.3,105,3.5,1,7.798523053625206,1,1.83,1,0.1,True,False,False,False,False,True,False,False,False,False,False,False,False,True
Z0271,2015,247.2,16,21.7,43.7,6.31,0,1,Richard-Toll,Saint-Louis,16.47016,-15.70557,6.5,1.48,1226,2.6,267,2.4,0,7.112327444710911,1,0.5642,2,0.0,False,False,False,False,True,False,False,False,True,False,False,True,False,False
Z0271,2016,255.1,15,10.0,21.6,6.57,0,1,Richard-Toll,Saint-Louis,16.47016,-15.70557,6.5,1.48,1226,2.6,267,2.4,0,7.112327444710911,1,0.26,2,0.0,False,False,False,False,True,False,False,False,True,False,False,True,False,False
Z0271,2017,365.2,23,15.5,23.0,5.84,0,1,Richard-Toll,Saint-Louis,16.47016,-15.70557,6.5,1.48,1226,2.6,267,2.4,0,7.112327444710911,1,0.403,2,0.0,False,False,False,False,True,False,False,False,True,False,False,True,False,False
Z0271,2018,210.2,20,10.0,15.3,8.8,0,1,Richard-Toll,Saint-Louis,16.47016,-15.70557,6.5,1.48,1226,2.6,267,2.4,0,7.112327444710911,1,0.26,2,0.0,False,False,False,False,True,False,False,False,True,False,False,True,False,False
Z0271,2019,314.6,29,10.0,33.4,7.06,0,1,Richard-Toll,Saint-Louis,16.47016,-15.70557,6.5,1.48,1226,2.6,267,2.4,0,7.112327444710911,1,0.26,2,0.0,False,False,False,False,True,False,False,False,True,False,False,True,False,False
Z0271,2020,341.6,23,27.7,55.0,9.54,0,1,Richard-Toll,Saint-Louis,16.47016,-15.70557,6.5,1.48,1226,2.6,267,2.4,0,7.112327444710911,1,0.7202,2,0.0,False,False,False,False,True,False,False,False,True,False,False,True,False,False
Z0271,2021,248.2,18,10.0,15.9,7.27,0,1,Richard-Toll,Saint-Louis,16.47016,-15.70557,6.5,1.48,1226,2.6,267,2.4,0,7.112327444710911,1,0.26,2,0.0,False,False,False,False,True,False,False,False,True,False,False,True,False,False
Z0271,2022,362.6,22,10.0,17.3,7.48,0,1,Richard-Toll,Saint-Louis,16.47016,-15.70557,6.5,1.48,1226,2.6,267,2.4,0,7.112327444710911,1,0.26,2,0.0,False,False,False,False,True,False,False,False,True,False,False,True,False,False
Z0271,2023,344.4,26,19.5,37.9,7.49,0,1,Richard-Toll,Saint-Louis,16.47016,-15.70557,6.5,1.48,1226,2.6,267,2.4,0,7.112327444710911,1,0.507,2,0.0,False,False,False,False,True,False,False,False,True,False,False,True,False,False
Z0271,2024,428.3,34,10.0,18.2,8.62,0,1,Richard-Toll,Saint-Louis,16.47016,-15.70557,6.5,1.48,1226,2.6,267,2.4,0,7.112327444710911,1,0.26,2,0.0,False,False,False,False,True,False,False,False,True,False,False,True,False,False
Z0272,2015,321.5,33,40.7,80.9,0.0,0,0,Thiès,Thiès,14.78673,-16.93095,109.6,0.99,2966,95.3,14689,20.7,0,7.995306620290822,0,38.7871,0,0.0,False,False,False,False,True,False,True,False,False,False,True,False,False,False
Z0272,2016,660.0,49,26.1,37.5,0.0,0,0,Thiès,Thiès,14.78673,-16.93095,109.6,0.99,2966,95.3,14689,20.7,0,7.995306620290822,0,24.8733,0,0.0,False,False,False,False,True,False,True,False,False,False,True,False,False,False
Z0272,2017,470.7,25,14.2,29.8,0.0,0,0,Thiès,Thiès,14.78673,-16.93095,109.6,0.99,2966,95.3,14689,20.7,0,7.995306620290822,0,13.5326,0,0.0,False,False,False,False,True,False,True,False,False,False,True,False,False,False
Z0272,2018,534.8,46,31.3,61.4,0.0,0,0,Thiès,Thiès,14.78673,-16.93095,109.6,0.99,2966,95.3,14689,20.7,0,7.995306620290822,0,29.828899999999997,0,0.0,False,False,False,False,True,False,True,False,False,False,True,False,False,False
Z0272,2019,530.4,44,10.5,15.9,0.0,0,0,Thiès,Thiès,14.78673,-16.93095,109.6,0.99,2966,95.3,14689,20.7,0,7.995306620290822,0,10.006499999999999,0,0.0,False,False,False,False,True,False,True,False,False,False,True,False,False,False
Z0272,2020,595.3,39,37.2,77.9,0.0,0,0,Thiès,Thiès,14.78673,-16.93095,109.6,0.99,2966,95.3,14689,20.7,0,7.995306620290822,0,35.451600000000006,0,0.0,False,False,False,False,True,False,True,False,False,False,True,False,False,False
Z0272,2021,484.7,38,28.3,34.7,0.0,0,0,Thiès,Thiès,14.78673,-16.93095,109.6,0.99,2966,95.3,14689,20.7,0,7.995306620290822,0,26.9699,0,0.0,False,False,False,False,True,False,True,False,False,False,True,False,False,False
Z0272,2022,642.6,34,60.6,130.8,0.0,0,0,Thiès,Thiès,14.78673,-16.93095,109.6,0.99,2966,95.3,14689,20.7,0,7.995306620290822,0,57.7518,0,0.0,False,False,False,False,True,False,True,False,False,False,True,False,False,False
Z0272,2023,264.5,21,10.0,18.1,0.0,0,0,Thiès,Thiès,14.78673,-16.93095,109.6,0.99,2966,95.3,14689,20.7,0,7.995306620290822,0,9.53,0,0.0,False,False,False,False,True,False,True,False,False,False,True,False,False,False
Z0272,2024,453.8,35,13.5,25.8,0.0,0,0,Thiès,Thiès,14.78673,-16.93095,109.6,0.99,2966,95.3,14689,20.7,0,7.995306620290822,0,12.865499999999999,0,0.0,False,False,False,False,True,False,True,False,False,False,True,False,False,False
Z0273,2015,521.1,32,27.8,58.3,0.0,0,0,Thiès,Thiès,14.75176,-16.92971,85.6,3.0,1968,27.8,102,1.6,0,7.585281078639126,0,7.728400000000001,1,0.0,False,False,True,False,False,False,False,False,False,True,False,False,False,True
Z0273,2016,367.5,28,23.9,40.5,0.0,0,0,Thiès,Thiès,14.75176,-16.92971,85.6,3.0,1968,27.8,102,1.6,0,7.585281078639126,0,6.6442,1,0.0,False,False,True,False,False,False,False,False,False,True,False,False,False,True
Z0273,2017,346.7,20,16.4,24.8,0.0,0,0,Thiès,Thiès,14.75176,-16.92971,85.6,3.0,1968,27.8,102,1.6,0,7.585281078639126,0,4.5592,1,0.0,False,False,True,False,False,False,False,False,False,True,False,False,False,True
Z0273,2018,633.5,54,20.8,33.8,0.0,0,0,Thiès,Thiès,14.75176,-16.92971,85.6,3.0,1968,27.8,102,1.6,0,7.585281078639126,0,5.7824,1,0.0,False,False,True,False,False,False,False,False,False,True,False,False,False,True
Z0273,2019,411.4,33,18.6,37.7,0.0,0,0,Thiès,Thiès,14.75176,-16.92971,85.6,3.0,1968,27.8,102,1.6,0,7.585281078639126,0,5.170800000000001,1,0.0,False,False,True,False,False,False,False,False,False,True,False,False,False,True
Z0273,2020,756.6,50,29.7,49.5,0.0,0,0,Thiès,Thiès,14.75176,-16.92971,85.6,3.0,1968,27.8,102,1.6,0,7.585281078639126,0,8.256599999999999,1,0.0,False,False,True,False,False,False,False,False,False,True,False,False,False,True
Z0273,2021,508.5,40,19.6,32.7,0.0,0,0,Thiès,Thiès,14.75176,-16.92971,85.6,3.0,1968,27.8,102,1.6,0,7.585281078639126,0,5.448800000000001,1,0.0,False,False,True,False,False,False,False,False,False,True,False,False,False,True
Z0273,2022,935.3,72,27.0,54.2,0.0,0,0,Thiès,Thiès,14.75176,-16.92971,85.6,3.0,1968,27.8,102,1.6,0,7.585281078639126,0,7.506,1,0.0,False,False,True,False,False,False,False,False,False,True,False,False,False,True
Z0273,2023,554.5,42,62.5,105.5,0.0,0,0,Thiès,Thiès,14.75176,-16.92971,85.6,3.0,1968,27.8,102,1.6,0,7.585281078639126,0,17.375,1,0.0,False,False,True,False,False,False,False,False,False,True,False,False,False,True
Z0273,2024,548.2,43,34.8,71.3,0.0,0,0,Thiès,Thiès,14.75176,-16.92971,85.6,3.0,1968,27.8,102,1.6,0,7.585281078639126,0,9.674399999999999,1,0.0,False,False,True,False,False,False,False,False,False,True,False,False,False,True
Z0274,2015,286.5,17,10.0,13.4,0.0,0,0,Thiès,Thiès,14.79648,-16.93326,95.0,2.09,1763,82.8,12901,18.4,0,7.475339236566737,0,8.28,1,0.0,False,False,False,False,True,False,True,False,False,False,False,False,False,True
Z0274,2016,572.3,36,27.8,38.8,0.0,0,0,Thiès,Thiès,14.79648,-16.93326,95.0,2.09,1763,82.8,12901,18.4,0,7.475339236566737,0,23.0184,1,0.0,False,False,False,False,True,False,True,False,False,False,False,False,False,True
Z0274,2017,410.6,32,10.2,18.1,0.0,0,0,Thiès,Thiès,14.79648,-16.93326,95.0,2.09,1763,82.8,12901,18.4,0,7.475339236566737,0,8.445599999999999,1,0.0,False,False,False,False,True,False,True,False,False,False,False,False,False,True
Z0274,2018,773.8,54,26.9,37.6,0.0,0,0,Thiès,Thiès,14.79648,-16.93326,95.0,2.09,1763,82.8,12901,18.4,0,7.475339236566737,0,22.273199999999996,1,0.0,False,False,False,False,True,False,True,False,False,False,False,False,False,True
Z0274,2019,530.2,37,52.0,72.0,0.0,0,0,Thiès,Thiès,14.79648,-16.93326,95.0,2.09,1763,82.8,12901,18.4,0,7.475339236566737,0,43.056,1,0.0,False,False,False,False,True,False,True,False,False,False,False,False,False,True
Z0274,2020,657.2,47,27.0,40.7,0.0,0,0,Thiès,Thiès,14.79648,-16.93326,95.0,2.09,1763,82.8,12901,18.4,0,7.475339236566737,0,22.355999999999998,1,0.0,False,False,False,False,True,False,True,False,False,False,False,False,False,True
Z0274,2021,388.7,28,26.9,55.6,0.0,0,0,Thiès,Thiès,14.79648,-16.93326,95.0,2.09,1763,82.8,12901,18.4,0,7.475339236566737,0,22.273199999999996,1,0.0,False,False,False,False,True,False,True,False,False,False,False,False,False,True
Z0274,2022,722.1,47,67.5,83.8,0.0,0,0,Thiès,Thiès,14.79648,-16.93326,95.0,2.09,1763,82.8,12901,18.4,0,7.475339236566737,0,55.89,1,0.0,False,False,False,False,True,False,True,False,False,False,False,False,False,True
Z0274,2023,389.0,16,10.2,18.8,0.0,0,0,Thiès,Thiès,14.79648,-16.93326,95.0,2.09,1763,82.8,12901,18.4,0,7.475339236566737,0,8.445599999999999,1,0.0,False,False,False,False,True,False,True,False,False,False,False,False,False,True
Z0274,2024,687.7,58,11.7,21.6,0.0,0,0,Thiès,Thiès,14.79648,-16.93326,95.0,2.09,1763,82.8,12901,18.4,0,7.475339236566737,0,9.687599999999998,1,0.0,False,False,False,False,True,False,True,False,False,False,False,False,False,True
Z0275,2015,463.3,47,18.6,39.4,0.0,0,0,Thiès,Thiès,14.80125,-16.94199,80.5,1.81,6162,53.4,24065,15.8,0,8.726318950962243,0,9.9324,2,0.0,False,False,False,True,False,False,True,False,False,False,False,True,False,False
Z0275,2016,656.9,49,31.2,67.5,0.0,0,0,Thiès,Thiès,14.80125,-16.94199,80.5,1.81,6162,53.4,24065,15.8,0,8.726318950962243,0,16.6608,2,0.0,False,False,False,True,False,False,True,False,False,False,False,True,False,False
Z0275,2017,463.3,35,10.5,15.5,0.0,0,0,Thiès,Thiès,14.80125,-16.94199,80.5,1.81,6162,53.4,24065,15.8,0,8.726318950962243,0,5.606999999999999,2,0.0,False,False,False,True,False,False,True,False,False,False,False,True,False,False
Z0275,2018,432.9,29,21.4,37.6,0.0,0,0,Thiès,Thiès,14.80125,-16.94199,80.5,1.81,6162,53.4,24065,15.8,0,8.726318950962243,0,11.4276,2,0.0,False,False,False,True,False,False,True,False,False,False,False,True,False,False
Z0275,2019,412.7,21,17.2,28.7,0.0,0,0,Thiès,Thiès,14.80125,-16.94199,80.5,1.81,6162,53.4,24065,15.8,0,8.726318950962243,0,9.1848,2,0.0,False,False,False,True,False,False,True,False,False,False,False,True,False,False
Z0275,2020,567.3,44,45.3,87.8,0.0,0,0,Thiès,Thiès,14.80125,-16.94199,80.5,1.81,6162,53.4,24065,15.8,0,8.726318950962243,0,24.1902,2,0.0,False,False,False,True,False,False,True,False,False,False,False,True,False,False
Z0275,2021,384.5,29,10.0,16.0,0.0,0,0,Thiès,Thiès,14.80125,-16.94199,80.5,1.81,6162,53.4,24065,15.8,0,8.726318950962243,0,5.34,2,0.0,False,False,False,True,False,False,True,False,False,False,False,True,False,False
Z0275,2022,740.5,56,33.8,65.5,0.0,0,0,Thiès,Thiès,14.80125,-16.94199,80.5,1.81,6162,53.4,24065,15.8,0,8.726318950962243,0,18.0492,2,0.0,False,False,False,True,False,False,True,False,False,False,False,True,False,False
Z0275,2023,362.3,30,19.9,39.1,0.0,0,0,Thiès,Thiès,14.80125,-16.94199,80.5,1.81,6162,53.4,24065,15.8,0,8.726318950962243,0,10.626599999999998,2,0.0,False,False,False,True,False,False,True,False,False,False,False,True,False,False
Z0275,2024,727.6,49,20.9,33.5,0.0,0,0,Thiès,Thiès,14.80125,-16.94199,80.5,1.81,6162,53.4,24065,15.8,0,8.726318950962243,0,11.160599999999999,2,0.0,False,False,False,True,False,False,True,False,False,False,False,True,False,False
Z0276,2015,465.0,26,18.4,20.0,0.0,0,0,Thiès,Thiès,14.78371,-16.92981,62.1,1.3,1645,14.6,340,13.5,0,7.406103381237015,1,2.6864,0,0.0,False,False,False,False,True,False,False,False,True,False,True,False,False,False
Z0276,2016,779.9,55,18.4,24.8,0.0,0,0,Thiès,Thiès,14.78371,-16.92981,62.1,1.3,1645,14.6,340,13.5,0,7.406103381237015,1,2.6864,0,0.0,False,False,False,False,True,False,False,False,True,False,True,False,False,False
Z0276,2017,540.9,39,28.4,45.7,0.0,0,0,Thiès,Thiès,14.78371,-16.92981,62.1,1.3,1645,14.6,340,13.5,0,7.406103381237015,1,4.1464,0,0.0,False,False,False,False,True,False,False,False,True,False,True,False,False,False
Z0276,2018,299.2,21,13.1,23.4,0.0,0,0,Thiès,Thiès,14.78371,-16.92981,62.1,1.3,1645,14.6,340,13.5,0,7.406103381237015,1,1.9125999999999999,0,0.0,False,False,False,False,True,False,False,False,True,False,True,False,False,False
Z0276,2019,407.5,29,10.2,17.5,0.0,0,0,Thiès,Thiès,14.78371,-16.92981,62.1,1.3,1645,14.6,340,13.5,0,7.406103381237015,1,1.4891999999999999,0,0.0,False,False,False,False,True,False,False,False,True,False,True,False,False,False
Z0276,2020,465.7,31,15.9,34.6,0.0,0,0,Thiès,Thiès,14.78371,-16.92981,62.1,1.3,1645,14.6,340,13.5,0,7.406103381237015,1,2.3213999999999997,0,0.0,False,False,False,False,True,False,False,False,True,False,True,False,False,False
Z0276,2021,465.7,15,10.1,21.3,0.0,0,0,Thiès,Thiès,14.78371,-16.92981,62.1,1.3,1645,14.6,340,13.5,0,7.406103381237015,1,1.4745999999999997,0,0.0,False,False,False,False,True,False,False,False,True,False,True,False,False,False
Z0276,2022,784.0,55,28.3,47.4,0.0,0,0,Thiès,Thiès,14.78371,-16.92981,62.1,1.3,1645,14.6,340,13.5,0,7.406103381237015,1,4.1318,0,0.0,False,False,False,False,True,False,False,False,True,False,True,False,False,False
Z0276,2023,407.2,24,19.8,32.0,0.0,0,0,Thiès,Thiès,14.78371,-16.92981,62.1,1.3,1645,14.6,340,13.5,0,7.406103381237015,1,2.8908,0,0.0,False,False,False,False,True,False,False,False,True,False,True,False,False,False
Z0276,2024,592.6,38,60.2,123.2,0.0,0,0,Thiès,Thiès,14.78371,-16.92981,62.1,1.3,1645,14.6,340,13.5,0,7.406103381237015,1,8.789200000000001,0,0.0,False,False,False,False,True,False,False,False,True,False,True,False,False,False
Z0277,2015,807.8,54,38.4,57.3,0.0,0,0,Thiès,Thiès,14.78705,-16.92185,44.8,2.32,830,76.3,28370,9.5,1,6.7226297948554485,1,29.299199999999995,2,0.1,False,False,True,False,False,False,True,False,False,False,False,True,False,False
Z0277,2016,253.7,11,14.2,18.9,0.0,0,0,Thiès,Thiès,14.78705,-16.92185,44.8,2.32,830,76.3,28370,9.5,1,6.7226297948554485,1,10.834599999999998,2,0.1,False,False,True,False,False,False,True,False,False,False,False,True,False,False
Z0277,2017,648.2,48,22.9,44.9,0.0,0,0,Thiès,Thiès,14.78705,-16.92185,44.8,2.32,830,76.3,28370,9.5,1,6.7226297948554485,1,17.472699999999996,2,0.1,False,False,True,False,False,False,True,False,False,False,False,True,False,False
Z0277,2018,442.8,36,32.3,52.6,0.0,1,0,Thiès,Thiès,14.78705,-16.92185,44.8,2.32,830,76.3,28370,9.5,1,6.7226297948554485,1,24.644899999999996,2,0.1,False,False,True,False,False,False,True,False,False,False,False,True,False,False
Z0277,2019,442.3,31,23.1,34.1,0.0,0,0,Thiès,Thiès,14.78705,-16.92185,44.8,2.32,830,76.3,28370,9.5,1,6.7226297948554485,1,17.6253,2,0.1,False,False,True,False,False,False,True,False,False,False,False,True,False,False
Z0277,2020,497.7,33,17.4,30.8,0.0,0,0,Thiès,Thiès,14.78705,-16.92185,44.8,2.32,830,76.3,28370,9.5,1,6.7226297948554485,1,13.2762,2,0.1,False,False,True,False,False,False,True,False,False,False,False,True,False,False
Z0277,2021,500.0,32,23.8,31.2,0.0,0,0,Thiès,Thiès,14.78705,-16.92185,44.8,2.32,830,76.3,28370,9.5,1,6.7226297948554485,1,18.1594,2,0.1,False,False,True,False,False,False,True,False,False,False,False,True,False,False
Z0277,2022,572.5,36,13.5,20.3,0.0,0,0,Thiès,Thiès,14.78705,-16.92185,44.8,2.32,830,76.3,28370,9.5,1,6.7226297948554485,1,10.3005,2,0.1,False,False,True,False,False,False,True,False,False,False,False,True,False,False
Z0277,2023,408.1,24,27.4,51.6,0.0,0,0,Thiès,Thiès,14.78705,-16.92185,44.8,2.32,830,76.3,28370,9.5,1,6.7226297948554485,1,20.9062,2,0.1,False,False,True,False,False,False,True,False,False,False,False,True,False,False
Z0277,2024,560.8,36,20.0,40.2,0.0,0,0,Thiès,Thiès,14.78705,-16.92185,44.8,2.32,830,76.3,28370,9.5,1,6.7226297948554485,1,15.26,2,0.1,False,False,True,False,False,False,True,False,False,False,False,True,False,False
Z0278,2015,686.8,52,32.1,50.4,0.0,0,0,Thiès,Thiès,14.80536,-16.91571,85.3,2.37,1917,79.0,15020,16.4,0,7.559038255443384,0,25.359,2,0.0,False,False,False,False,True,False,True,False,False,False,False,True,False,False
Z0278,2016,482.6,44,12.2,24.8,0.0,0,0,Thiès,Thiès,14.80536,-16.91571,85.3,2.37,1917,79.0,15020,16.4,0,7.559038255443384,0,9.638,2,0.0,False,False,False,False,True,False,True,False,False,False,False,True,False,False
Z0278,2017,294.3,17,15.1,21.9,0.0,0,0,Thiès,Thiès,14.80536,-16.91571,85.3,2.37,1917,79.0,15020,16.4,0,7.559038255443384,0,11.928999999999998,2,0.0,False,False,False,False,True,False,True,False,False,False,False,True,False,False
Z0278,2018,416.4,33,14.8,23.5,0.0,0,0,Thiès,Thiès,14.80536,-16.91571,85.3,2.37,1917,79.0,15020,16.4,0,7.559038255443384,0,11.692,2,0.0,False,False,False,False,True,False,True,False,False,False,False,True,False,False
Z0278,2019,462.7,29,18.5,23.4,0.0,0,0,Thiès,Thiès,14.80536,-16.91571,85.3,2.37,1917,79.0,15020,16.4,0,7.559038255443384,0,14.615,2,0.0,False,False,False,False,True,False,True,False,False,False,False,True,False,False
Z0278,2020,823.4,60,50.9,106.8,0.0,0,0,Thiès,Thiès,14.80536,-16.91571,85.3,2.37,1917,79.0,15020,16.4,0,7.559038255443384,0,40.211,2,0.0,False,False,False,False,True,False,True,False,False,False,False,True,False,False
Z0278,2021,524.7,40,20.2,36.2,0.0,0,0,Thiès,Thiès,14.80536,-16.91571,85.3,2.37,1917,79.0,15020,16.4,0,7.559038255443384,0,15.958,2,0.0,False,False,False,False,True,False,True,False,False,False,False,True,False,False
Z0278,2022,821.4,55,79.9,153.4,0.0,0,0,Thiès,Thiès,14.80536,-16.91571,85.3,2.37,1917,79.0,15020,16.4,0,7.559038255443384,0,63.121,2,0.0,False,False,False,False,True,False,True,False,False,False,False,True,False,False
Z0278,2023,426.3,29,37.9,48.2,0.0,0,0,Thiès,Thiès,14.80536,-16.91571,85.3,2.37,1917,79.0,15020,16.4,0,7.559038255443384,0,29.941,2,0.0,False,False,False,False,True,False,True,False,False,False,False,True,False,False
Z0278,2024,613.2,39,13.3,27.7,0.0,0,0,Thiès,Thiès,14.80536,-16.91571,85.3,2.37,1917,79.0,15020,16.4,0,7.559038255443384,0,10.507,2,0.0,False,False,False,False,True,False,True,False,False,False,False,True,False,False
Z0279,2015,624.4,46,63.0,132.3,0.0,0,0,Thiès,Thiès,14.7854,-16.9351,74.8,0.86,3557,31.7,2995,14.1,1,8.17695386822578,1,19.971,0,0.1,True,False,False,False,False,False,False,True,False,False,True,False,False,False
Z0279,2016,553.9,40,16.9,31.3,0.0,0,0,Thiès,Thiès,14.7854,-16.9351,74.8,0.86,3557,31.7,2995,14.1,1,8.17695386822578,1,5.357299999999999,0,0.1,True,False,False,False,False,False,False,True,False,False,True,False,False,False
Z0279,2017,506.6,37,23.0,36.6,0.0,0,0,Thiès,Thiès,14.7854,-16.9351,74.8,0.86,3557,31.7,2995,14.1,1,8.17695386822578,1,7.291,0,0.1,True,False,False,False,False,False,False,True,False,False,True,False,False,False
Z0279,2018,573.2,38,10.0,12.6,0.0,0,0,Thiès,Thiès,14.7854,-16.9351,74.8,0.86,3557,31.7,2995,14.1,1,8.17695386822578,1,3.17,0,0.1,True,False,False,False,False,False,False,True,False,False,True,False,False,False
Z0279,2019,396.2,26,25.3,42.0,0.0,0,0,Thiès,Thiès,14.7854,-16.9351,74.8,0.86,3557,31.7,2995,14.1,1,8.17695386822578,1,8.0201,0,0.1,True,False,False,False,False,False,False,True,False,False,True,False,False,False
Z0279,2020,466.4,27,15.7,34.6,0.0,0,0,Thiès,Thiès,14.7854,-16.9351,74.8,0.86,3557,31.7,2995,14.1,1,8.17695386822578,1,4.9769,0,0.1,True,False,False,False,False,False,False,True,False,False,True,False,False,False
Z0279,2021,470.9,31,23.7,41.2,0.0,0,0,Thiès,Thiès,14.7854,-16.9351,74.8,0.86,3557,31.7,2995,14.1,1,8.17695386822578,1,7.512899999999999,0,0.1,True,False,False,False,False,False,False,True,False,False,True,False,False,False
Z0279,2022,810.3,57,54.0,118.5,0.0,0,0,Thiès,Thiès,14.7854,-16.9351,74.8,0.86,3557,31.7,2995,14.1,1,8.17695386822578,1,17.118,0,0.1,True,False,False,False,False,False,False,True,False,False,True,False,False,False
Z0279,2023,483.2,28,24.9,45.7,0.0,0,0,Thiès,Thiès,14.7854,-16.9351,74.8,0.86,3557,31.7,2995,14.1,1,8.17695386822578,1,7.893299999999999,0,0.1,True,False,False,False,False,False,False,True,False,False,True,False,False,False
Z0279,2024,663.0,49,39.4,73.1,0.0,0,0,Thiès,Thiès,14.7854,-16.9351,74.8,0.86,3557,31.7,2995,14.1,1,8.17695386822578,1,12.4898,0,0.1,True,False,False,False,False,False,False,True,False,False,True,False,False,False
Z0280,2015,818.9,59,27.5,58.3,0.0,0,0,Thiès,Thiès,14.78509,-16.93982,93.3,1.52,1918,84.6,11170,18.1,0,7.5595594960077,0,23.265,0,0.0,False,False,True,False,False,False,True,False,False,False,True,False,False,False
Z0280,2016,725.8,53,20.4,27.4,0.0,0,0,Thiès,Thiès,14.78509,-16.93982,93.3,1.52,1918,84.6,11170,18.1,0,7.5595594960077,0,17.258399999999998,0,0.0,False,False,True,False,False,False,True,False,False,False,True,False,False,False
Z0280,2017,616.9,39,29.2,51.1,0.0,0,0,Thiès,Thiès,14.78509,-16.93982,93.3,1.52,1918,84.6,11170,18.1,0,7.5595594960077,0,24.703199999999995,0,0.0,False,False,True,False,False,False,True,False,False,False,True,False,False,False
Z0280,2018,407.9,33,38.3,81.3,0.0,0,0,Thiès,Thiès,14.78509,-16.93982,93.3,1.52,1918,84.6,11170,18.1,0,7.5595594960077,0,32.401799999999994,0,0.0,False,False,True,False,False,False,True,False,False,False,True,False,False,False
Z0280,2019,616.9,48,27.5,58.3,0.0,0,0,Thiès,Thiès,14.78509,-16.93982,93.3,1.52,1918,84.6,11170,18.1,0,7.5595594960077,0,23.265,0,0.0,False,False,True,False,False,False,True,False,False,False,True,False,False,False
Z0280,2020,448.3,38,10.0,12.6,0.0,0,0,Thiès,Thiès,14.78509,-16.93982,93.3,1.52,1918,84.6,11170,18.1,0,7.5595594960077,0,8.46,0,0.0,False,False,True,False,False,False,True,False,False,False,True,False,False,False
Z0280,2021,400.1,31,10.0,17.3,0.0,0,0,Thiès,Thiès,14.78509,-16.93982,93.3,1.52,1918,84.6,11170,18.1,0,7.5595594960077,0,8.46,0,0.0,False,False,True,False,False,False,True,False,False,False,True,False,False,False
Z0280,2022,899.8,68,60.2,81.1,0.0,0,0,Thiès,Thiès,14.78509,-16.93982,93.3,1.52,1918,84.6,11170,18.1,0,7.5595594960077,0,50.9292,0,0.0,False,False,True,False,False,False,True,False,False,False,True,False,False,False
Z0280,2023,470.4,38,10.0,13.5,0.0,0,0,Thiès,Thiès,14.78509,-16.93982,93.3,1.52,1918,84.6,11170,18.1,0,7.5595594960077,0,8.46,0,0.0,False,False,True,False,False,False,True,False,False,False,True,False,False,False
Z0280,2024,669.9,45,40.5,56.3,0.0,0,0,Thiès,Thiès,14.78509,-16.93982,93.3,1.52,1918,84.6,11170,18.1,0,7.5595594960077,0,34.263,0,0.0,False,False,True,False,False,False,True,False,False,False,True,False,False,False
Z0281,2015,400.1,25,20.9,29.1,0.0,0,0,Thiès,Thiès,14.80311,-16.94015,73.0,2.97,3915,86.3,19662,15.0,0,8.272826003650401,1,18.0367,0,0.0,False,False,True,False,False,False,True,False,False,False,True,False,False,False
Z0281,2016,643.3,53,12.6,22.8,0.0,0,0,Thiès,Thiès,14.80311,-16.94015,73.0,2.97,3915,86.3,19662,15.0,0,8.272826003650401,1,10.8738,0,0.0,False,False,True,False,False,False,True,False,False,False,True,False,False,False
Z0281,2017,418.9,26,63.1,86.1,0.0,0,0,Thiès,Thiès,14.80311,-16.94015,73.0,2.97,3915,86.3,19662,15.0,0,8.272826003650401,1,54.455299999999994,0,0.0,False,False,True,False,False,False,True,False,False,False,True,False,False,False
Z0281,2018,526.6,22,14.8,24.1,0.0,0,0,Thiès,Thiès,14.80311,-16.94015,73.0,2.97,3915,86.3,19662,15.0,0,8.272826003650401,1,12.7724,0,0.0,False,False,True,False,False,False,True,False,False,False,True,False,False,False
Z0281,2019,411.1,24,27.1,52.7,0.0,0,0,Thiès,Thiès,14.80311,-16.94015,73.0,2.97,3915,86.3,19662,15.0,0,8.272826003650401,1,23.3873,0,0.0,False,False,True,False,False,False,True,False,False,False,True,False,False,False
Z0281,2020,602.0,41,16.0,33.1,0.0,0,0,Thiès,Thiès,14.80311,-16.94015,73.0,2.97,3915,86.3,19662,15.0,0,8.272826003650401,1,13.808,0,0.0,False,False,True,False,False,False,True,False,False,False,True,False,False,False
Z0281,2021,349.8,24,23.5,38.3,0.0,0,0,Thiès,Thiès,14.80311,-16.94015,73.0,2.97,3915,86.3,19662,15.0,0,8.272826003650401,1,20.2805,0,0.0,False,False,True,False,False,False,True,False,False,False,True,False,False,False
Z0281,2022,526.6,38,10.0,20.8,0.0,0,0,Thiès,Thiès,14.80311,-16.94015,73.0,2.97,3915,86.3,19662,15.0,0,8.272826003650401,1,8.63,0,0.0,False,False,True,False,False,False,True,False,False,False,True,False,False,False
Z0281,2023,624.6,44,14.8,29.1,0.0,0,0,Thiès,Thiès,14.80311,-16.94015,73.0,2.97,3915,86.3,19662,15.0,0,8.272826003650401,1,12.7724,0,0.0,False,False,True,False,False,False,True,False,False,False,True,False,False,False
Z0281,2024,667.7,47,57.1,113.7,0.0,0,0,Thiès,Thiès,14.80311,-16.94015,73.0,2.97,3915,86.3,19662,15.0,0,8.272826003650401,1,49.2773,0,0.0,False,False,True,False,False,False,True,False,False,False,True,False,False,False
Z0282,2015,658.0,45,52.3,115.0,0.0,1,0,Thiès,Thiès,14.79684,-16.93017,32.3,2.58,826,0.0,376,15.4,0,6.717804695023691,1,0.0,2,0.0,False,True,False,False,False,True,False,False,False,False,False,True,False,False
Z0282,2016,272.9,12,16.5,19.8,0.0,0,0,Thiès,Thiès,14.79684,-16.93017,32.3,2.58,826,0.0,376,15.4,0,6.717804695023691,1,0.0,2,0.0,False,True,False,False,False,True,False,False,False,False,False,True,False,False
Z0282,2017,362.7,22,17.1,27.6,0.0,0,0,Thiès,Thiès,14.79684,-16.93017,32.3,2.58,826,0.0,376,15.4,0,6.717804695023691,1,0.0,2,0.0,False,True,False,False,False,True,False,False,False,False,False,True,False,False
Z0282,2018,486.9,29,21.2,34.3,0.0,0,0,Thiès,Thiès,14.79684,-16.93017,32.3,2.58,826,0.0,376,15.4,0,6.717804695023691,1,0.0,2,0.0,False,True,False,False,False,True,False,False,False,False,False,True,False,False
Z0282,2019,401.6,32,10.0,21.7,0.0,0,0,Thiès,Thiès,14.79684,-16.93017,32.3,2.58,826,0.0,376,15.4,0,6.717804695023691,1,0.0,2,0.0,False,True,False,False,False,True,False,False,False,False,False,True,False,False
Z0282,2020,705.4,48,11.5,15.8,0.0,1,0,Thiès,Thiès,14.79684,-16.93017,32.3,2.58,826,0.0,376,15.4,0,6.717804695023691,1,0.0,2,0.0,False,True,False,False,False,True,False,False,False,False,False,True,False,False
Z0282,2021,383.2,25,24.0,48.8,0.0,0,0,Thiès,Thiès,14.79684,-16.93017,32.3,2.58,826,0.0,376,15.4,0,6.717804695023691,1,0.0,2,0.0,False,True,False,False,False,True,False,False,False,False,False,True,False,False
Z0282,2022,707.1,43,41.0,61.0,0.0,0,0,Thiès,Thiès,14.79684,-16.93017,32.3,2.58,826,0.0,376,15.4,0,6.717804695023691,1,0.0,2,0.0,False,True,False,False,False,True,False,False,False,False,False,True,False,False
Z0282,2023,365.4,30,31.1,63.3,0.0,0,0,Thiès,Thiès,14.79684,-16.93017,32.3,2.58,826,0.0,376,15.4,0,6.717804695023691,1,0.0,2,0.0,False,True,False,False,False,True,False,False,False,False,False,True,False,False
Z0282,2024,722.0,51,29.8,55.3,0.0,0,0,Thiès,Thiès,14.79684,-16.93017,32.3,2.58,826,0.0,376,15.4,0,6.717804695023691,1,0.0,2,0.0,False,True,False,False,False,True,False,False,False,False,False,True,False,False
Z0283,2015,461.3,30,32.8,71.9,0.0,0,0,Mbour,Thiès,14.40906,-16.95347,17.6,0.06,1550,30.5,58,5.8,1,7.346655163176539,0,10.003999999999998,0,0.1,False,False,False,False,True,True,False,False,False,False,True,False,False,False
Z0283,2016,441.5,33,10.0,14.2,0.0,0,0,Mbour,Thiès,14.40906,-16.95347,17.6,0.06,1550,30.5,58,5.8,1,7.346655163176539,0,3.05,0,0.1,False,False,False,False,True,True,False,False,False,False,True,False,False,False
Z0283,2017,371.6,31,29.5,50.6,0.0,0,0,Mbour,Thiès,14.40906,-16.95347,17.6,0.06,1550,30.5,58,5.8,1,7.346655163176539,0,8.9975,0,0.1,False,False,False,False,True,True,False,False,False,False,True,False,False,False
Z0283,2018,617.9,44,31.5,61.4,0.0,0,0,Mbour,Thiès,14.40906,-16.95347,17.6,0.06,1550,30.5,58,5.8,1,7.346655163176539,0,9.6075,0,0.1,False,False,False,False,True,True,False,False,False,False,True,False,False,False
Z0283,2019,511.4,34,17.7,24.5,0.0,0,0,Mbour,Thiès,14.40906,-16.95347,17.6,0.06,1550,30.5,58,5.8,1,7.346655163176539,0,5.3985,0,0.1,False,False,False,False,True,True,False,False,False,False,True,False,False,False
Z0283,2020,532.5,35,31.6,41.6,0.0,0,0,Mbour,Thiès,14.40906,-16.95347,17.6,0.06,1550,30.5,58,5.8,1,7.346655163176539,0,9.638,0,0.1,False,False,False,False,True,True,False,False,False,False,True,False,False,False
Z0283,2021,494.9,37,19.7,37.9,0.0,0,0,Mbour,Thiès,14.40906,-16.95347,17.6,0.06,1550,30.5,58,5.8,1,7.346655163176539,0,6.008500000000001,0,0.1,False,False,False,False,True,True,False,False,False,False,True,False,False,False
Z0283,2022,502.4,33,10.0,20.6,0.0,0,0,Mbour,Thiès,14.40906,-16.95347,17.6,0.06,1550,30.5,58,5.8,1,7.346655163176539,0,3.05,0,0.1,False,False,False,False,True,True,False,False,False,False,True,False,False,False
Z0283,2023,366.5,20,10.0,15.1,0.0,0,0,Mbour,Thiès,14.40906,-16.95347,17.6,0.06,1550,30.5,58,5.8,1,7.346655163176539,0,3.05,0,0.1,False,False,False,False,True,True,False,False,False,False,True,False,False,False
Z0283,2024,491.8,31,18.2,32.2,0.0,0,0,Mbour,Thiès,14.40906,-16.95347,17.6,0.06,1550,30.5,58,5.8,1,7.346655163176539,0,5.551,0,0.1,False,False,False,False,True,True,False,False,False,False,True,False,False,False
Z0284,2015,446.6,31,41.0,67.9,0.0,0,0,Mbour,Thiès,14.41182,-16.97441,15.0,0.04,898,85.5,13160,4.2,1,6.80128303447162,0,35.055,0,0.1,False,False,False,False,True,False,True,False,False,False,True,False,False,False
Z0284,2016,345.0,26,23.4,48.8,0.0,0,0,Mbour,Thiès,14.41182,-16.97441,15.0,0.04,898,85.5,13160,4.2,1,6.80128303447162,0,20.006999999999998,0,0.1,False,False,False,False,True,False,True,False,False,False,True,False,False,False
Z0284,2017,579.4,47,19.1,37.1,0.0,1,0,Mbour,Thiès,14.41182,-16.97441,15.0,0.04,898,85.5,13160,4.2,1,6.80128303447162,0,16.3305,0,0.1,False,False,False,False,True,False,True,False,False,False,True,False,False,False
Z0284,2018,410.5,34,17.6,27.4,0.0,0,0,Mbour,Thiès,14.41182,-16.97441,15.0,0.04,898,85.5,13160,4.2,1,6.80128303447162,0,15.048000000000002,0,0.1,False,False,False,False,True,False,True,False,False,False,True,False,False,False
Z0284,2019,463.9,34,40.3,49.9,0.0,0,0,Mbour,Thiès,14.41182,-16.97441,15.0,0.04,898,85.5,13160,4.2,1,6.80128303447162,0,34.4565,0,0.1,False,False,False,False,True,False,True,False,False,False,True,False,False,False
Z0284,2020,574.0,38,34.0,54.2,0.0,0,0,Mbour,Thiès,14.41182,-16.97441,15.0,0.04,898,85.5,13160,4.2,1,6.80128303447162,0,29.07,0,0.1,False,False,False,False,True,False,True,False,False,False,True,False,False,False
Z0284,2021,404.3,32,13.0,19.0,0.0,0,0,Mbour,Thiès,14.41182,-16.97441,15.0,0.04,898,85.5,13160,4.2,1,6.80128303447162,0,11.115,0,0.1,False,False,False,False,True,False,True,False,False,False,True,False,False,False
Z0284,2022,726.8,53,26.1,39.6,0.0,1,0,Mbour,Thiès,14.41182,-16.97441,15.0,0.04,898,85.5,13160,4.2,1,6.80128303447162,0,22.3155,0,0.1,False,False,False,False,True,False,True,False,False,False,True,False,False,False
Z0284,2023,463.9,25,15.1,19.4,0.0,0,0,Mbour,Thiès,14.41182,-16.97441,15.0,0.04,898,85.5,13160,4.2,1,6.80128303447162,0,12.910499999999999,0,0.1,False,False,False,False,True,False,True,False,False,False,True,False,False,False
Z0284,2024,756.4,49,28.5,46.3,0.0,0,0,Mbour,Thiès,14.41182,-16.97441,15.0,0.04,898,85.5,13160,4.2,1,6.80128303447162,0,24.3675,0,0.1,False,False,False,False,True,False,True,False,False,False,True,False,False,False
Z0285,2015,368.6,29,25.5,55.0,0.0,0,0,Mbour,Thiès,14.43346,-16.95247,15.5,0.34,288,88.7,20054,5.7,0,5.666426688112432,0,22.618499999999997,2,0.0,False,False,False,False,True,False,True,False,False,False,False,True,False,False
Z0285,2016,427.8,26,13.9,22.1,0.0,0,0,Mbour,Thiès,14.43346,-16.95247,15.5,0.34,288,88.7,20054,5.7,0,5.666426688112432,0,12.3293,2,0.0,False,False,False,False,True,False,True,False,False,False,False,True,False,False
Z0285,2017,506.9,32,25.5,61.5,0.0,0,0,Mbour,Thiès,14.43346,-16.95247,15.5,0.34,288,88.7,20054,5.7,0,5.666426688112432,0,22.618499999999997,2,0.0,False,False,False,False,True,False,True,False,False,False,False,True,False,False
Z0285,2018,506.9,43,15.8,29.0,0.0,0,0,Mbour,Thiès,14.43346,-16.95247,15.5,0.34,288,88.7,20054,5.7,0,5.666426688112432,0,14.0146,2,0.0,False,False,False,False,True,False,True,False,False,False,False,True,False,False
Z0285,2019,551.9,40,50.8,81.1,0.0,0,0,Mbour,Thiès,14.43346,-16.95247,15.5,0.34,288,88.7,20054,5.7,0,5.666426688112432,0,45.0596,2,0.0,False,False,False,False,True,False,True,False,False,False,False,True,False,False
Z0285,2020,561.8,52,33.8,57.6,0.0,0,0,Mbour,Thiès,14.43346,-16.95247,15.5,0.34,288,88.7,20054,5.7,0,5.666426688112432,0,29.9806,2,0.0,False,False,False,False,True,False,True,False,False,False,False,True,False,False
Z0285,2021,331.5,23,27.3,43.7,0.0,0,0,Mbour,Thiès,14.43346,-16.95247,15.5,0.34,288,88.7,20054,5.7,0,5.666426688112432,0,24.215100000000003,2,0.0,False,False,False,False,True,False,True,False,False,False,False,True,False,False
Z0285,2022,743.3,55,35.3,58.6,0.0,0,0,Mbour,Thiès,14.43346,-16.95247,15.5,0.34,288,88.7,20054,5.7,0,5.666426688112432,0,31.311099999999996,2,0.0,False,False,False,False,True,False,True,False,False,False,False,True,False,False
Z0285,2023,374.8,28,18.1,36.3,0.0,0,0,Mbour,Thiès,14.43346,-16.95247,15.5,0.34,288,88.7,20054,5.7,0,5.666426688112432,0,16.054700000000004,2,0.0,False,False,False,False,True,False,True,False,False,False,False,True,False,False
Z0285,2024,643.4,43,10.1,14.1,0.0,0,0,Mbour,Thiès,14.43346,-16.95247,15.5,0.34,288,88.7,20054,5.7,0,5.666426688112432,0,8.9587,2,0.0,False,False,False,False,True,False,True,False,False,False,False,True,False,False
Z0286,2015,440.4,27,14.0,25.4,0.0,0,0,Mbour,Thiès,14.41343,-16.94179,11.8,0.21,1405,7.6,366,4.65,1,7.2485040723706105,1,1.0639999999999998,1,0.1,False,False,True,False,False,False,False,False,True,False,False,False,False,True
Z0286,2016,347.1,24,16.9,13.8,0.0,0,0,Mbour,Thiès,14.41343,-16.94179,11.8,0.21,1405,7.6,366,4.65,1,7.2485040723706105,1,1.2843999999999998,1,0.1,False,False,True,False,False,False,False,False,True,False,False,False,False,True
Z0286,2017,291.2,18,16.1,32.6,0.0,0,0,Mbour,Thiès,14.41343,-16.94179,11.8,0.21,1405,7.6,366,4.65,1,7.2485040723706105,1,1.2236,1,0.1,False,False,True,False,False,False,False,False,True,False,False,False,False,True
Z0286,2018,357.6,25,16.9,23.4,0.0,0,0,Mbour,Thiès,14.41343,-16.94179,11.8,0.21,1405,7.6,366,4.65,1,7.2485040723706105,1,1.2843999999999998,1,0.1,False,False,True,False,False,False,False,False,True,False,False,False,False,True
Z0286,2019,454.1,34,10.0,21.9,0.0,0,0,Mbour,Thiès,14.41343,-16.94179,11.8,0.21,1405,7.6,366,4.65,1,7.2485040723706105,1,0.76,1,0.1,False,False,True,False,False,False,False,False,True,False,False,False,False,True
Z0286,2020,976.8,67,75.9,97.2,0.0,1,0,Mbour,Thiès,14.41343,-16.94179,11.8,0.21,1405,7.6,366,4.65,1,7.2485040723706105,1,5.768400000000001,1,0.1,False,False,True,False,False,False,False,False,True,False,False,False,False,True
Z0286,2021,667.4,49,13.9,28.5,0.0,0,0,Mbour,Thiès,14.41343,-16.94179,11.8,0.21,1405,7.6,366,4.65,1,7.2485040723706105,1,1.0564,1,0.1,False,False,True,False,False,False,False,False,True,False,False,False,False,True
Z0286,2022,861.2,67,45.1,98.2,0.0,0,0,Mbour,Thiès,14.41343,-16.94179,11.8,0.21,1405,7.6,366,4.65,1,7.2485040723706105,1,3.4276,1,0.1,False,False,True,False,False,False,False,False,True,False,False,False,False,True
Z0286,2023,634.0,48,65.4,128.8,0.0,0,0,Mbour,Thiès,14.41343,-16.94179,11.8,0.21,1405,7.6,366,4.65,1,7.2485040723706105,1,4.970400000000001,1,0.1,False,False,True,False,False,False,False,False,True,False,False,False,False,True
Z0286,2024,537.4,41,29.9,61.9,0.0,0,0,Mbour,Thiès,14.41343,-16.94179,11.8,0.21,1405,7.6,366,4.65,1,7.2485040723706105,1,2.2723999999999998,1,0.1,False,False,True,False,False,False,False,False,True,False,False,False,False,True
Z0287,2015,404.5,25,16.9,30.9,0.0,0,0,Mbour,Thiès,14.42646,-16.9492,21.1,2.18,2412,65.3,3157,5.1,0,7.7886260656250315,0,11.035699999999999,2,0.0,True,False,False,False,False,False,False,True,False,False,False,True,False,False
Z0287,2016,386.6,28,21.0,44.8,0.0,0,0,Mbour,Thiès,14.42646,-16.9492,21.1,2.18,2412,65.3,3157,5.1,0,7.7886260656250315,0,13.713,2,0.0,True,False,False,False,False,False,False,True,False,False,False,True,False,False
Z0287,2017,349.0,26,16.2,35.3,0.0,0,0,Mbour,Thiès,14.42646,-16.9492,21.1,2.18,2412,65.3,3157,5.1,0,7.7886260656250315,0,10.5786,2,0.0,True,False,False,False,False,False,False,True,False,False,False,True,False,False
Z0287,2018,424.3,40,20.5,66.5,0.0,0,0,Mbour,Thiès,14.42646,-16.9492,21.1,2.18,2412,65.3,3157,5.1,0,7.7886260656250315,0,13.386499999999998,2,0.0,True,False,False,False,False,False,False,True,False,False,False,True,False,False
Z0287,2019,422.1,38,24.8,44.8,0.0,0,0,Mbour,Thiès,14.42646,-16.9492,21.1,2.18,2412,65.3,3157,5.1,0,7.7886260656250315,0,16.1944,2,0.0,True,False,False,False,False,False,False,True,False,False,False,True,False,False
Z0287,2020,578.9,47,23.3,47.5,0.0,0,0,Mbour,Thiès,14.42646,-16.9492,21.1,2.18,2412,65.3,3157,5.1,0,7.7886260656250315,0,15.2149,2,0.0,True,False,False,False,False,False,False,True,False,False,False,True,False,False
Z0287,2021,512.4,35,18.2,24.3,0.0,0,0,Mbour,Thiès,14.42646,-16.9492,21.1,2.18,2412,65.3,3157,5.1,0,7.7886260656250315,0,11.884599999999999,2,0.0,True,False,False,False,False,False,False,True,False,False,False,True,False,False
Z0287,2022,493.9,32,20.5,42.5,0.0,0,0,Mbour,Thiès,14.42646,-16.9492,21.1,2.18,2412,65.3,3157,5.1,0,7.7886260656250315,0,13.386499999999998,2,0.0,True,False,False,False,False,False,False,True,False,False,False,True,False,False
Z0287,2023,395.3,28,21.1,43.9,0.0,0,0,Mbour,Thiès,14.42646,-16.9492,21.1,2.18,2412,65.3,3157,5.1,0,7.7886260656250315,0,13.7783,2,0.0,True,False,False,False,False,False,False,True,False,False,False,True,False,False
Z0287,2024,494.4,35,10.0,17.6,0.0,0,0,Mbour,Thiès,14.42646,-16.9492,21.1,2.18,2412,65.3,3157,5.1,0,7.7886260656250315,0,6.53,2,0.0,True,False,False,False,False,False,False,True,False,False,False,True,False,False
Z0288,2015,344.4,24,18.2,26.7,0.0,0,0,Mbour,Thiès,14.4057,-16.94906,1.6,1.09,1753,76.2,3652,1.9,1,7.469654172932128,1,13.8684,0,0.1,False,False,False,False,True,False,False,True,False,False,True,False,False,False
Z0288,2016,493.8,38,23.5,66.0,0.0,0,0,Mbour,Thiès,14.4057,-16.94906,1.6,1.09,1753,76.2,3652,1.9,1,7.469654172932128,1,17.907,0,0.1,False,False,False,False,True,False,False,True,False,False,True,False,False,False
Z0288,2017,430.2,25,35.9,47.7,0.0,1,0,Mbour,Thiès,14.4057,-16.94906,1.6,1.09,1753,76.2,3652,1.9,1,7.469654172932128,1,27.3558,0,0.1,False,False,False,False,True,False,False,True,False,False,True,False,False,False
Z0288,2018,427.0,27,14.1,22.3,0.0,1,0,Mbour,Thiès,14.4057,-16.94906,1.6,1.09,1753,76.2,3652,1.9,1,7.469654172932128,1,10.744200000000001,0,0.1,False,False,False,False,True,False,False,True,False,False,True,False,False,False
Z0288,2019,351.6,23,46.5,93.1,0.0,0,0,Mbour,Thiès,14.4057,-16.94906,1.6,1.09,1753,76.2,3652,1.9,1,7.469654172932128,1,35.433,0,0.1,False,False,False,False,True,False,False,True,False,False,True,False,False,False
Z0288,2020,571.4,39,21.5,30.2,0.0,0,0,Mbour,Thiès,14.4057,-16.94906,1.6,1.09,1753,76.2,3652,1.9,1,7.469654172932128,1,16.383,0,0.1,False,False,False,False,True,False,False,True,False,False,True,False,False,False
Z0288,2021,683.6,47,23.5,31.0,0.0,0,0,Mbour,Thiès,14.4057,-16.94906,1.6,1.09,1753,76.2,3652,1.9,1,7.469654172932128,1,17.907,0,0.1,False,False,False,False,True,False,False,True,False,False,True,False,False,False
Z0288,2022,692.8,51,47.7,79.0,0.0,1,0,Mbour,Thiès,14.4057,-16.94906,1.6,1.09,1753,76.2,3652,1.9,1,7.469654172932128,1,36.3474,0,0.1,False,False,False,False,True,False,False,True,False,False,True,False,False,False
Z0288,2023,532.3,38,26.5,35.0,0.0,0,0,Mbour,Thiès,14.4057,-16.94906,1.6,1.09,1753,76.2,3652,1.9,1,7.469654172932128,1,20.193,0,0.1,False,False,False,False,True,False,False,True,False,False,True,False,False,False
Z0288,2024,423.6,33,11.8,24.3,0.0,0,0,Mbour,Thiès,14.4057,-16.94906,1.6,1.09,1753,76.2,3652,1.9,1,7.469654172932128,1,8.9916,0,0.1,False,False,False,False,True,False,False,True,False,False,True,False,False,False
Z0289,2015,669.6,49,32.3,67.1,0.0,0,0,Mbour,Thiès,14.40037,-16.97439,15.6,1.12,477,68.9,12471,4.65,0,6.169610732491456,0,22.2547,1,0.0,False,False,False,False,True,False,True,False,False,False,False,False,False,True
Z0289,2016,602.2,41,33.0,60.2,0.0,0,0,Mbour,Thiès,14.40037,-16.97439,15.6,1.12,477,68.9,12471,4.65,0,6.169610732491456,0,22.737000000000002,1,0.0,False,False,False,False,True,False,True,False,False,False,False,False,False,True
Z0289,2017,238.1,27,17.7,34.5,0.0,0,0,Mbour,Thiès,14.40037,-16.97439,15.6,1.12,477,68.9,12471,4.65,0,6.169610732491456,0,12.1953,1,0.0,False,False,False,False,True,False,True,False,False,False,False,False,False,True
Z0289,2018,375.5,27,10.0,12.4,0.0,0,0,Mbour,Thiès,14.40037,-16.97439,15.6,1.12,477,68.9,12471,4.65,0,6.169610732491456,0,6.89,1,0.0,False,False,False,False,True,False,True,False,False,False,False,False,False,True
Z0289,2019,573.4,37,22.4,29.9,0.0,0,0,Mbour,Thiès,14.40037,-16.97439,15.6,1.12,477,68.9,12471,4.65,0,6.169610732491456,0,15.433600000000002,1,0.0,False,False,False,False,True,False,True,False,False,False,False,False,False,True
Z0289,2020,570.5,40,21.4,46.5,0.0,0,0,Mbour,Thiès,14.40037,-16.97439,15.6,1.12,477,68.9,12471,4.65,0,6.169610732491456,0,14.7446,1,0.0,False,False,False,False,True,False,True,False,False,False,False,False,False,True
Z0289,2021,365.9,34,16.6,33.2,0.0,0,0,Mbour,Thiès,14.40037,-16.97439,15.6,1.12,477,68.9,12471,4.65,0,6.169610732491456,0,11.437400000000002,1,0.0,False,False,False,False,True,False,True,False,False,False,False,False,False,True
Z0289,2022,586.9,43,10.0,17.6,0.0,0,0,Mbour,Thiès,14.40037,-16.97439,15.6,1.12,477,68.9,12471,4.65,0,6.169610732491456,0,6.89,1,0.0,False,False,False,False,True,False,True,False,False,False,False,False,False,True
Z0289,2023,339.3,25,10.0,14.8,0.0,0,0,Mbour,Thiès,14.40037,-16.97439,15.6,1.12,477,68.9,12471,4.65,0,6.169610732491456,0,6.89,1,0.0,False,False,False,False,True,False,True,False,False,False,False,False,False,True
Z0289,2024,800.9,58,43.9,81.6,0.0,0,0,Mbour,Thiès,14.40037,-16.97439,15.6,1.12,477,68.9,12471,4.65,0,6.169610732491456,0,30.2471,1,0.0,False,False,False,False,True,False,True,False,False,False,False,False,False,True
Z0290,2015,473.7,36,10.0,20.8,0.0,0,0,Mbour,Thiès,14.42727,-16.97215,11.8,0.89,829,84.1,22974,5.6,0,6.721425700790643,1,8.41,2,0.0,False,False,False,False,True,False,True,False,False,False,False,True,False,False
Z0290,2016,473.7,39,10.0,14.2,0.0,0,0,Mbour,Thiès,14.42727,-16.97215,11.8,0.89,829,84.1,22974,5.6,0,6.721425700790643,1,8.41,2,0.0,False,False,False,False,True,False,True,False,False,False,False,True,False,False
Z0290,2017,438.9,35,10.0,12.3,0.0,0,0,Mbour,Thiès,14.42727,-16.97215,11.8,0.89,829,84.1,22974,5.6,0,6.721425700790643,1,8.41,2,0.0,False,False,False,False,True,False,True,False,False,False,False,True,False,False
Z0290,2018,548.1,43,38.7,61.8,0.0,0,0,Mbour,Thiès,14.42727,-16.97215,11.8,0.89,829,84.1,22974,5.6,0,6.721425700790643,1,32.5467,2,0.0,False,False,False,False,True,False,True,False,False,False,False,True,False,False
Z0290,2019,406.5,31,22.1,34.6,0.0,0,0,Mbour,Thiès,14.42727,-16.97215,11.8,0.89,829,84.1,22974,5.6,0,6.721425700790643,1,18.5861,2,0.0,False,False,False,False,True,False,True,False,False,False,False,True,False,False
Z0290,2020,755.8,55,19.5,35.6,0.0,0,0,Mbour,Thiès,14.42727,-16.97215,11.8,0.89,829,84.1,22974,5.6,0,6.721425700790643,1,16.3995,2,0.0,False,False,False,False,True,False,True,False,False,False,False,True,False,False
Z0290,2021,473.4,29,75.3,165.0,0.0,1,0,Mbour,Thiès,14.42727,-16.97215,11.8,0.89,829,84.1,22974,5.6,0,6.721425700790643,1,63.327299999999994,2,0.0,False,False,False,False,True,False,True,False,False,False,False,True,False,False
Z0290,2022,617.2,40,29.9,52.3,0.0,0,0,Mbour,Thiès,14.42727,-16.97215,11.8,0.89,829,84.1,22974,5.6,0,6.721425700790643,1,25.145899999999997,2,0.0,False,False,False,False,True,False,True,False,False,False,False,True,False,False
Z0290,2023,380.1,25,12.1,24.2,0.0,0,0,Mbour,Thiès,14.42727,-16.97215,11.8,0.89,829,84.1,22974,5.6,0,6.721425700790643,1,10.176099999999998,2,0.0,False,False,False,False,True,False,True,False,False,False,False,True,False,False
Z0290,2024,771.3,46,16.5,27.3,0.0,0,0,Mbour,Thiès,14.42727,-16.97215,11.8,0.89,829,84.1,22974,5.6,0,6.721425700790643,1,13.876499999999998,2,0.0,False,False,False,False,True,False,True,False,False,False,False,True,False,False
Z0291,2015,482.6,32,10.0,18.3,0.0,0,0,Mbour,Thiès,14.4147,-16.94897,17.4,0.06,2339,88.7,12736,5.3,0,7.757906208351747,0,8.87,1,0.0,False,False,True,False,False,False,True,False,False,False,False,False,False,True
Z0291,2016,503.9,37,12.0,16.4,0.0,0,0,Mbour,Thiès,14.4147,-16.94897,17.4,0.06,2339,88.7,12736,5.3,0,7.757906208351747,0,10.644,1,0.0,False,False,True,False,False,False,True,False,False,False,False,False,False,True
Z0291,2017,519.1,36,26.8,35.3,0.0,0,0,Mbour,Thiès,14.4147,-16.94897,17.4,0.06,2339,88.7,12736,5.3,0,7.757906208351747,0,23.771600000000003,1,0.0,False,False,True,False,False,False,True,False,False,False,False,False,False,True
Z0291,2018,522.7,34,21.3,38.6,0.0,0,0,Mbour,Thiès,14.4147,-16.94897,17.4,0.06,2339,88.7,12736,5.3,0,7.757906208351747,0,18.8931,1,0.0,False,False,True,False,False,False,True,False,False,False,False,False,False,True
Z0291,2019,465.0,33,51.3,88.5,0.0,0,0,Mbour,Thiès,14.4147,-16.94897,17.4,0.06,2339,88.7,12736,5.3,0,7.757906208351747,0,45.503099999999996,1,0.0,False,False,True,False,False,False,True,False,False,False,False,False,False,True
Z0291,2020,834.2,53,28.1,34.3,0.0,0,0,Mbour,Thiès,14.4147,-16.94897,17.4,0.06,2339,88.7,12736,5.3,0,7.757906208351747,0,24.9247,1,0.0,False,False,True,False,False,False,True,False,False,False,False,False,False,True
Z0291,2021,426.6,25,27.4,45.1,0.0,0,0,Mbour,Thiès,14.4147,-16.94897,17.4,0.06,2339,88.7,12736,5.3,0,7.757906208351747,0,24.303800000000003,1,0.0,False,False,True,False,False,False,True,False,False,False,False,False,False,True
Z0291,2022,519.1,37,49.0,68.1,0.0,1,0,Mbour,Thiès,14.4147,-16.94897,17.4,0.06,2339,88.7,12736,5.3,0,7.757906208351747,0,43.463,1,0.0,False,False,True,False,False,False,True,False,False,False,False,False,False,True
Z0291,2023,689.6,54,50.7,85.9,0.0,0,0,Mbour,Thiès,14.4147,-16.94897,17.4,0.06,2339,88.7,12736,5.3,0,7.757906208351747,0,44.9709,1,0.0,False,False,True,False,False,False,True,False,False,False,False,False,False,True
Z0291,2024,657.5,47,27.4,88.3,0.0,0,0,Mbour,Thiès,14.4147,-16.94897,17.4,0.06,2339,88.7,12736,5.3,0,7.757906208351747,0,24.303800000000003,1,0.0,False,False,True,False,False,False,True,False,False,False,False,False,False,True
Z0292,2015,340.6,26,13.2,27.4,0.0,0,0,Mbour,Thiès,14.42213,-16.99522,15.0,1.09,330,38.2,4489,3.9,0,5.802118375377063,0,5.0424,2,0.0,False,False,False,False,True,False,False,True,False,False,False,True,False,False
Z0292,2016,328.6,24,10.6,17.0,0.0,0,0,Mbour,Thiès,14.42213,-16.99522,15.0,1.09,330,38.2,4489,3.9,0,5.802118375377063,0,4.0492,2,0.0,False,False,False,False,True,False,False,True,False,False,False,True,False,False
Z0292,2017,453.2,31,20.5,34.8,0.0,0,0,Mbour,Thiès,14.42213,-16.99522,15.0,1.09,330,38.2,4489,3.9,0,5.802118375377063,0,7.831,2,0.0,False,False,False,False,True,False,False,True,False,False,False,True,False,False
Z0292,2018,557.1,44,15.2,20.8,0.0,0,0,Mbour,Thiès,14.42213,-16.99522,15.0,1.09,330,38.2,4489,3.9,0,5.802118375377063,0,5.8064,2,0.0,False,False,False,False,True,False,False,True,False,False,False,True,False,False
Z0292,2019,586.2,42,25.2,31.8,0.0,0,0,Mbour,Thiès,14.42213,-16.99522,15.0,1.09,330,38.2,4489,3.9,0,5.802118375377063,0,9.6264,2,0.0,False,False,False,False,True,False,False,True,False,False,False,True,False,False
Z0292,2020,308.6,22,17.5,27.4,0.0,0,0,Mbour,Thiès,14.42213,-16.99522,15.0,1.09,330,38.2,4489,3.9,0,5.802118375377063,0,6.685,2,0.0,False,False,False,False,True,False,False,True,False,False,False,True,False,False
Z0292,2021,283.9,17,10.0,20.0,0.0,0,0,Mbour,Thiès,14.42213,-16.99522,15.0,1.09,330,38.2,4489,3.9,0,5.802118375377063,0,3.82,2,0.0,False,False,False,False,True,False,False,True,False,False,False,True,False,False
Z0292,2022,484.3,38,39.9,55.9,0.0,0,0,Mbour,Thiès,14.42213,-16.99522,15.0,1.09,330,38.2,4489,3.9,0,5.802118375377063,0,15.241800000000001,2,0.0,False,False,False,False,True,False,False,True,False,False,False,True,False,False
Z0292,2023,651.1,50,38.5,53.5,0.0,0,0,Mbour,Thiès,14.42213,-16.99522,15.0,1.09,330,38.2,4489,3.9,0,5.802118375377063,0,14.707,2,0.0,False,False,False,False,True,False,False,True,False,False,False,True,False,False
Z0292,2024,431.8,35,40.8,76.3,0.0,0,0,Mbour,Thiès,14.42213,-16.99522,15.0,1.09,330,38.2,4489,3.9,0,5.802118375377063,0,15.5856,2,0.0,False,False,False,False,True,False,False,True,False,False,False,True,False,False
Z0293,2015,538.0,45,10.0,17.8,0.0,0,0,Mbour,Thiès,14.45196,-16.9573,13.5,1.55,791,55.7,3351,3.0,0,6.674561391814426,1,5.57,2,0.0,False,False,False,False,True,False,False,True,False,False,False,True,False,False
Z0293,2016,463.2,38,19.3,36.4,0.0,0,0,Mbour,Thiès,14.45196,-16.9573,13.5,1.55,791,55.7,3351,3.0,0,6.674561391814426,1,10.7501,2,0.0,False,False,False,False,True,False,False,True,False,False,False,True,False,False
Z0293,2017,293.6,20,10.0,15.6,0.0,0,0,Mbour,Thiès,14.45196,-16.9573,13.5,1.55,791,55.7,3351,3.0,0,6.674561391814426,1,5.57,2,0.0,False,False,False,False,True,False,False,True,False,False,False,True,False,False
Z0293,2018,604.8,39,58.9,101.4,0.0,0,0,Mbour,Thiès,14.45196,-16.9573,13.5,1.55,791,55.7,3351,3.0,0,6.674561391814426,1,32.8073,2,0.0,False,False,False,False,True,False,False,True,False,False,False,True,False,False
Z0293,2019,386.0,27,14.0,22.4,0.0,0,0,Mbour,Thiès,14.45196,-16.9573,13.5,1.55,791,55.7,3351,3.0,0,6.674561391814426,1,7.798000000000001,2,0.0,False,False,False,False,True,False,False,True,False,False,False,True,False,False
Z0293,2020,1135.9,74,10.0,20.3,0.0,0,0,Mbour,Thiès,14.45196,-16.9573,13.5,1.55,791,55.7,3351,3.0,0,6.674561391814426,1,5.57,2,0.0,False,False,False,False,True,False,False,True,False,False,False,True,False,False
Z0293,2021,428.1,33,17.9,24.7,0.0,0,0,Mbour,Thiès,14.45196,-16.9573,13.5,1.55,791,55.7,3351,3.0,0,6.674561391814426,1,9.9703,2,0.0,False,False,False,False,True,False,False,True,False,False,False,True,False,False
Z0293,2022,575.1,41,42.6,79.2,0.0,0,0,Mbour,Thiès,14.45196,-16.9573,13.5,1.55,791,55.7,3351,3.0,0,6.674561391814426,1,23.7282,2,0.0,False,False,False,False,True,False,False,True,False,False,False,True,False,False
Z0293,2023,538.0,41,42.6,63.2,0.0,0,0,Mbour,Thiès,14.45196,-16.9573,13.5,1.55,791,55.7,3351,3.0,0,6.674561391814426,1,23.7282,2,0.0,False,False,False,False,True,False,False,True,False,False,False,True,False,False
Z0293,2024,738.1,49,33.9,47.7,0.0,0,0,Mbour,Thiès,14.45196,-16.9573,13.5,1.55,791,55.7,3351,3.0,0,6.674561391814426,1,18.8823,2,0.0,False,False,False,False,True,False,False,True,False,False,False,True,False,False
Z0294,2015,600.0,42,31.0,44.3,0.0,1,0,Mbour,Thiès,14.40352,-16.97361,5.2,2.18,198,74.6,4647,0.3,6,5.293304824724492,1,23.125999999999998,1,0.6,False,False,True,False,False,False,False,True,False,False,False,False,False,True
Z0294,2016,545.6,39,17.9,31.3,0.0,1,0,Mbour,Thiès,14.40352,-16.97361,5.2,2.18,198,74.6,4647,0.3,6,5.293304824724492,1,13.353399999999997,1,0.6,False,False,True,False,False,False,False,True,False,False,False,False,False,True
Z0294,2017,535.9,38,18.0,36.5,0.0,1,0,Mbour,Thiès,14.40352,-16.97361,5.2,2.18,198,74.6,4647,0.3,6,5.293304824724492,1,13.427999999999999,1,0.6,False,False,True,False,False,False,False,True,False,False,False,False,False,True
Z0294,2018,507.8,45,23.4,44.9,0.0,1,0,Mbour,Thiès,14.40352,-16.97361,5.2,2.18,198,74.6,4647,0.3,6,5.293304824724492,1,17.4564,1,0.6,False,False,True,False,False,False,False,True,False,False,False,False,False,True
Z0294,2019,507.8,36,46.9,87.9,0.0,1,0,Mbour,Thiès,14.40352,-16.97361,5.2,2.18,198,74.6,4647,0.3,6,5.293304824724492,1,34.9874,1,0.6,False,False,True,False,False,False,False,True,False,False,False,False,False,True
Z0294,2020,476.7,28,31.0,47.4,0.0,1,0,Mbour,Thiès,14.40352,-16.97361,5.2,2.18,198,74.6,4647,0.3,6,5.293304824724492,1,23.125999999999998,1,0.6,False,False,True,False,False,False,False,True,False,False,False,False,False,True
Z0294,2021,456.9,33,10.0,17.3,0.0,1,0,Mbour,Thiès,14.40352,-16.97361,5.2,2.18,198,74.6,4647,0.3,6,5.293304824724492,1,7.46,1,0.6,False,False,True,False,False,False,False,True,False,False,False,False,False,True
Z0294,2022,683.3,55,20.3,33.3,0.0,1,0,Mbour,Thiès,14.40352,-16.97361,5.2,2.18,198,74.6,4647,0.3,6,5.293304824724492,1,15.143799999999999,1,0.6,False,False,True,False,False,False,False,True,False,False,False,False,False,True
Z0294,2023,352.0,29,11.0,16.1,0.0,1,0,Mbour,Thiès,14.40352,-16.97361,5.2,2.18,198,74.6,4647,0.3,6,5.293304824724492,1,8.206,1,0.6,False,False,True,False,False,False,False,True,False,False,False,False,False,True
Z0294,2024,445.5,25,16.7,28.6,0.0,1,0,Mbour,Thiès,14.40352,-16.97361,5.2,2.18,198,74.6,4647,0.3,6,5.293304824724492,1,12.4582,1,0.6,False,False,True,False,False,False,False,True,False,False,False,False,False,True
Z0295,2015,407.7,23,23.2,33.0,0.0,0,0,Tivaouane,Thiès,14.94763,-16.82452,58.2,2.44,11172,28.1,422,0.8,0,9.321255432547337,0,6.5192,2,0.0,False,False,True,False,False,False,False,False,False,True,False,True,False,False
Z0295,2016,507.5,38,14.1,17.9,0.0,0,0,Tivaouane,Thiès,14.94763,-16.82452,58.2,2.44,11172,28.1,422,0.8,0,9.321255432547337,0,3.9621000000000004,2,0.0,False,False,True,False,False,False,False,False,False,True,False,True,False,False
Z0295,2017,392.1,23,29.8,60.3,0.0,0,0,Tivaouane,Thiès,14.94763,-16.82452,58.2,2.44,11172,28.1,422,0.8,0,9.321255432547337,0,8.373800000000001,2,0.0,False,False,True,False,False,False,False,False,False,True,False,True,False,False
Z0295,2018,507.5,27,11.0,21.2,0.0,0,0,Tivaouane,Thiès,14.94763,-16.82452,58.2,2.44,11172,28.1,422,0.8,0,9.321255432547337,0,3.091,2,0.0,False,False,True,False,False,False,False,False,False,True,False,True,False,False
Z0295,2019,334.8,23,37.4,54.1,0.0,0,0,Tivaouane,Thiès,14.94763,-16.82452,58.2,2.44,11172,28.1,422,0.8,0,9.321255432547337,0,10.509400000000001,2,0.0,False,False,True,False,False,False,False,False,False,True,False,True,False,False
Z0295,2020,625.4,43,25.0,43.2,0.0,0,0,Tivaouane,Thiès,14.94763,-16.82452,58.2,2.44,11172,28.1,422,0.8,0,9.321255432547337,0,7.025,2,0.0,False,False,True,False,False,False,False,False,False,True,False,True,False,False
Z0295,2021,683.6,54,48.9,62.3,0.0,0,0,Tivaouane,Thiès,14.94763,-16.82452,58.2,2.44,11172,28.1,422,0.8,0,9.321255432547337,0,13.7409,2,0.0,False,False,True,False,False,False,False,False,False,True,False,True,False,False
Z0295,2022,557.8,37,32.5,39.1,0.0,0,0,Tivaouane,Thiès,14.94763,-16.82452,58.2,2.44,11172,28.1,422,0.8,0,9.321255432547337,0,9.1325,2,0.0,False,False,True,False,False,False,False,False,False,True,False,True,False,False
Z0295,2023,390.7,32,10.0,16.4,0.0,0,0,Tivaouane,Thiès,14.94763,-16.82452,58.2,2.44,11172,28.1,422,0.8,0,9.321255432547337,0,2.81,2,0.0,False,False,True,False,False,False,False,False,False,True,False,True,False,False
Z0295,2024,702.2,48,10.0,21.6,0.0,0,0,Tivaouane,Thiès,14.94763,-16.82452,58.2,2.44,11172,28.1,422,0.8,0,9.321255432547337,0,2.81,2,0.0,False,False,True,False,False,False,False,False,False,True,False,True,False,False
Z0296,2015,507.6,25,18.9,27.8,0.0,0,0,Tivaouane,Thiès,14.94129,-16.82262,40.6,2.7,1747,14.4,125,1.1,1,7.466227556215481,1,2.7215999999999996,0,0.1,False,False,True,False,False,False,False,False,False,True,True,False,False,False
Z0296,2016,361.5,27,26.3,45.7,0.0,0,0,Tivaouane,Thiès,14.94129,-16.82262,40.6,2.7,1747,14.4,125,1.1,1,7.466227556215481,1,3.7872000000000003,0,0.1,False,False,True,False,False,False,False,False,False,True,True,False,False,False
Z0296,2017,479.6,26,12.5,21.8,0.0,0,0,Tivaouane,Thiès,14.94129,-16.82262,40.6,2.7,1747,14.4,125,1.1,1,7.466227556215481,1,1.8,0,0.1,False,False,True,False,False,False,False,False,False,True,True,False,False,False
Z0296,2018,498.7,36,10.0,12.3,0.0,0,0,Tivaouane,Thiès,14.94129,-16.82262,40.6,2.7,1747,14.4,125,1.1,1,7.466227556215481,1,1.44,0,0.1,False,False,True,False,False,False,False,False,False,True,True,False,False,False
Z0296,2019,605.7,45,12.4,25.5,0.0,0,0,Tivaouane,Thiès,14.94129,-16.82262,40.6,2.7,1747,14.4,125,1.1,1,7.466227556215481,1,1.7856,0,0.1,False,False,True,False,False,False,False,False,False,True,True,False,False,False
Z0296,2020,653.1,42,32.0,63.6,0.0,0,0,Tivaouane,Thiès,14.94129,-16.82262,40.6,2.7,1747,14.4,125,1.1,1,7.466227556215481,1,4.6080000000000005,0,0.1,False,False,True,False,False,False,False,False,False,True,True,False,False,False
Z0296,2021,274.2,24,20.2,31.0,0.0,0,0,Tivaouane,Thiès,14.94129,-16.82262,40.6,2.7,1747,14.4,125,1.1,1,7.466227556215481,1,2.9088,0,0.1,False,False,True,False,False,False,False,False,False,True,True,False,False,False
Z0296,2022,690.2,47,13.2,17.5,0.0,0,0,Tivaouane,Thiès,14.94129,-16.82262,40.6,2.7,1747,14.4,125,1.1,1,7.466227556215481,1,1.9007999999999998,0,0.1,False,False,True,False,False,False,False,False,False,True,True,False,False,False
Z0296,2023,516.5,30,10.0,16.2,0.0,0,0,Tivaouane,Thiès,14.94129,-16.82262,40.6,2.7,1747,14.4,125,1.1,1,7.466227556215481,1,1.44,0,0.1,False,False,True,False,False,False,False,False,False,True,True,False,False,False
Z0296,2024,507.6,57,37.5,56.2,0.0,0,0,Tivaouane,Thiès,14.94129,-16.82262,40.6,2.7,1747,14.4,125,1.1,1,7.466227556215481,1,5.4,0,0.1,False,False,True,False,False,False,False,False,False,True,True,False,False,False
Z0297,2015,345.0,24,15.9,20.6,0.0,0,0,Tivaouane,Thiès,14.93169,-16.81861,48.8,0.42,2175,35.2,167,9.9,0,7.685243607975833,0,5.596800000000001,2,0.0,False,False,False,False,True,True,False,False,False,False,False,True,False,False
Z0297,2016,476.2,29,41.6,75.2,0.0,0,0,Tivaouane,Thiès,14.93169,-16.81861,48.8,0.42,2175,35.2,167,9.9,0,7.685243607975833,0,14.643200000000002,2,0.0,False,False,False,False,True,True,False,False,False,False,False,True,False,False
Z0297,2017,632.1,49,10.0,16.3,0.0,0,0,Tivaouane,Thiès,14.93169,-16.81861,48.8,0.42,2175,35.2,167,9.9,0,7.685243607975833,0,3.52,2,0.0,False,False,False,False,True,True,False,False,False,False,False,True,False,False
Z0297,2018,535.3,38,16.5,25.7,0.0,0,0,Tivaouane,Thiès,14.93169,-16.81861,48.8,0.42,2175,35.2,167,9.9,0,7.685243607975833,0,5.808000000000001,2,0.0,False,False,False,False,True,True,False,False,False,False,False,True,False,False
Z0297,2019,528.1,41,28.3,34.9,0.0,0,0,Tivaouane,Thiès,14.93169,-16.81861,48.8,0.42,2175,35.2,167,9.9,0,7.685243607975833,0,9.9616,2,0.0,False,False,False,False,True,True,False,False,False,False,False,True,False,False
Z0297,2020,1093.4,77,23.0,39.7,0.0,0,0,Tivaouane,Thiès,14.93169,-16.81861,48.8,0.42,2175,35.2,167,9.9,0,7.685243607975833,0,8.096,2,0.0,False,False,False,False,True,True,False,False,False,False,False,True,False,False
Z0297,2021,391.8,25,54.5,99.1,0.0,0,0,Tivaouane,Thiès,14.93169,-16.81861,48.8,0.42,2175,35.2,167,9.9,0,7.685243607975833,0,19.184,2,0.0,False,False,False,False,True,True,False,False,False,False,False,True,False,False
Z0297,2022,843.3,61,82.5,162.7,0.0,0,0,Tivaouane,Thiès,14.93169,-16.81861,48.8,0.42,2175,35.2,167,9.9,0,7.685243607975833,0,29.040000000000006,2,0.0,False,False,False,False,True,True,False,False,False,False,False,True,False,False
Z0297,2023,602.3,45,29.5,44.4,0.0,0,0,Tivaouane,Thiès,14.93169,-16.81861,48.8,0.42,2175,35.2,167,9.9,0,7.685243607975833,0,10.384,2,0.0,False,False,False,False,True,True,False,False,False,False,False,True,False,False
Z0297,2024,578.3,38,14.1,24.9,0.0,0,0,Tivaouane,Thiès,14.93169,-16.81861,48.8,0.42,2175,35.2,167,9.9,0,7.685243607975833,0,4.9632000000000005,2,0.0,False,False,False,False,True,True,False,False,False,False,False,True,False,False
Z0298,2015,266.5,20,10.0,14.7,0.0,0,0,Tivaouane,Thiès,14.9435,-16.81752,46.7,10.72,3534,2.1,151,10.6,0,8.170468578330674,0,0.21,2,0.0,False,False,True,False,False,True,False,False,False,False,False,True,False,False
Z0298,2016,603.5,42,29.9,51.5,0.0,0,0,Tivaouane,Thiès,14.9435,-16.81752,46.7,10.72,3534,2.1,151,10.6,0,8.170468578330674,0,0.6279,2,0.0,False,False,True,False,False,True,False,False,False,False,False,True,False,False
Z0298,2017,518.5,31,16.3,32.9,0.0,0,0,Tivaouane,Thiès,14.9435,-16.81752,46.7,10.72,3534,2.1,151,10.6,0,8.170468578330674,0,0.34230000000000005,2,0.0,False,False,True,False,False,True,False,False,False,False,False,True,False,False
Z0298,2018,450.2,34,10.0,21.2,0.0,0,0,Tivaouane,Thiès,14.9435,-16.81752,46.7,10.72,3534,2.1,151,10.6,0,8.170468578330674,0,0.21,2,0.0,False,False,True,False,False,True,False,False,False,False,False,True,False,False
Z0298,2019,312.3,23,34.0,51.3,0.0,0,0,Tivaouane,Thiès,14.9435,-16.81752,46.7,10.72,3534,2.1,151,10.6,0,8.170468578330674,0,0.7140000000000001,2,0.0,False,False,True,False,False,True,False,False,False,False,False,True,False,False
Z0298,2020,578.3,45,12.7,20.7,0.0,0,0,Tivaouane,Thiès,14.9435,-16.81752,46.7,10.72,3534,2.1,151,10.6,0,8.170468578330674,0,0.2667,2,0.0,False,False,True,False,False,True,False,False,False,False,False,True,False,False
Z0298,2021,361.7,29,11.3,15.7,0.0,0,0,Tivaouane,Thiès,14.9435,-16.81752,46.7,10.72,3534,2.1,151,10.6,0,8.170468578330674,0,0.23730000000000004,2,0.0,False,False,True,False,False,True,False,False,False,False,False,True,False,False
Z0298,2022,405.1,26,29.3,37.2,0.0,0,0,Tivaouane,Thiès,14.9435,-16.81752,46.7,10.72,3534,2.1,151,10.6,0,8.170468578330674,0,0.6153,2,0.0,False,False,True,False,False,True,False,False,False,False,False,True,False,False
Z0298,2023,431.6,30,24.0,44.5,0.0,0,0,Tivaouane,Thiès,14.9435,-16.81752,46.7,10.72,3534,2.1,151,10.6,0,8.170468578330674,0,0.504,2,0.0,False,False,True,False,False,True,False,False,False,False,False,True,False,False
Z0298,2024,792.0,53,36.4,53.8,0.0,0,0,Tivaouane,Thiès,14.9435,-16.81752,46.7,10.72,3534,2.1,151,10.6,0,8.170468578330674,0,0.7644,2,0.0,False,False,True,False,False,True,False,False,False,False,False,True,False,False
Z0299,2015,448.8,35,14.4,20.9,0.0,0,0,Tivaouane,Thiès,14.93193,-16.81093,46.5,3.13,3173,18.2,176,0.3,1,8.062747901086354,0,2.6208,1,0.1,False,False,True,False,False,False,False,False,False,True,False,False,False,True
Z0299,2016,614.1,40,37.9,55.2,0.0,0,0,Tivaouane,Thiès,14.93193,-16.81093,46.5,3.13,3173,18.2,176,0.3,1,8.062747901086354,0,6.8978,1,0.1,False,False,True,False,False,False,False,False,False,True,False,False,False,True
Z0299,2017,560.8,45,43.7,74.1,0.0,0,0,Tivaouane,Thiès,14.93193,-16.81093,46.5,3.13,3173,18.2,176,0.3,1,8.062747901086354,0,7.9534,1,0.1,False,False,True,False,False,False,False,False,False,True,False,False,False,True
Z0299,2018,527.1,37,15.5,21.6,0.0,0,0,Tivaouane,Thiès,14.93193,-16.81093,46.5,3.13,3173,18.2,176,0.3,1,8.062747901086354,0,2.8209999999999997,1,0.1,False,False,True,False,False,False,False,False,False,True,False,False,False,True
Z0299,2019,449.0,39,22.6,49.6,0.0,0,0,Tivaouane,Thiès,14.93193,-16.81093,46.5,3.13,3173,18.2,176,0.3,1,8.062747901086354,0,4.1132,1,0.1,False,False,True,False,False,False,False,False,False,True,False,False,False,True
Z0299,2020,1154.6,84,57.1,119.1,0.0,0,0,Tivaouane,Thiès,14.93193,-16.81093,46.5,3.13,3173,18.2,176,0.3,1,8.062747901086354,0,10.3922,1,0.1,False,False,True,False,False,False,False,False,False,True,False,False,False,True
Z0299,2021,400.1,23,31.2,47.2,0.0,0,0,Tivaouane,Thiès,14.93193,-16.81093,46.5,3.13,3173,18.2,176,0.3,1,8.062747901086354,0,5.678399999999999,1,0.1,False,False,True,False,False,False,False,False,False,True,False,False,False,True
Z0299,2022,580.5,43,27.3,56.4,0.0,1,0,Tivaouane,Thiès,14.93193,-16.81093,46.5,3.13,3173,18.2,176,0.3,1,8.062747901086354,0,4.9686,1,0.1,False,False,True,False,False,False,False,False,False,True,False,False,False,True
Z0299,2023,419.2,33,16.6,31.5,0.0,0,0,Tivaouane,Thiès,14.93193,-16.81093,46.5,3.13,3173,18.2,176,0.3,1,8.062747901086354,0,3.0212,1,0.1,False,False,True,False,False,False,False,False,False,True,False,False,False,True
Z0299,2024,427.3,28,10.0,19.8,0.0,0,0,Tivaouane,Thiès,14.93193,-16.81093,46.5,3.13,3173,18.2,176,0.3,1,8.062747901086354,0,1.82,1,0.1,False,False,True,False,False,False,False,False,False,True,False,False,False,True
Z0300,2015,357.6,21,13.7,28.0,0.0,0,0,Tivaouane,Thiès,14.92773,-16.82273,30.9,1.2,2602,14.5,259,8.0,0,7.864419904994565,1,1.9864999999999997,1,0.0,False,False,True,False,False,True,False,False,False,False,False,False,False,True
Z0300,2016,518.7,38,29.9,47.1,0.0,0,0,Tivaouane,Thiès,14.92773,-16.82273,30.9,1.2,2602,14.5,259,8.0,0,7.864419904994565,1,4.3355,1,0.0,False,False,True,False,False,True,False,False,False,False,False,False,False,True
Z0300,2017,385.8,30,39.1,56.0,0.0,0,0,Tivaouane,Thiès,14.92773,-16.82273,30.9,1.2,2602,14.5,259,8.0,0,7.864419904994565,1,5.6695,1,0.0,False,False,True,False,False,True,False,False,False,False,False,False,False,True
Z0300,2018,437.6,30,14.8,25.2,0.0,0,0,Tivaouane,Thiès,14.92773,-16.82273,30.9,1.2,2602,14.5,259,8.0,0,7.864419904994565,1,2.1460000000000004,1,0.0,False,False,True,False,False,True,False,False,False,False,False,False,False,True
Z0300,2019,428.6,30,12.9,25.7,0.0,0,0,Tivaouane,Thiès,14.92773,-16.82273,30.9,1.2,2602,14.5,259,8.0,0,7.864419904994565,1,1.8705,1,0.0,False,False,True,False,False,True,False,False,False,False,False,False,False,True
Z0300,2020,521.7,45,21.6,37.0,0.0,0,0,Tivaouane,Thiès,14.92773,-16.82273,30.9,1.2,2602,14.5,259,8.0,0,7.864419904994565,1,3.1320000000000006,1,0.0,False,False,True,False,False,True,False,False,False,False,False,False,False,True
Z0300,2021,493.2,35,13.1,19.2,0.0,0,0,Tivaouane,Thiès,14.92773,-16.82273,30.9,1.2,2602,14.5,259,8.0,0,7.864419904994565,1,1.8995,1,0.0,False,False,True,False,False,True,False,False,False,False,False,False,False,True
Z0300,2022,787.2,50,50.7,62.3,0.0,1,0,Tivaouane,Thiès,14.92773,-16.82273,30.9,1.2,2602,14.5,259,8.0,0,7.864419904994565,1,7.351500000000001,1,0.0,False,False,True,False,False,True,False,False,False,False,False,False,False,True
Z0300,2023,294.8,20,20.2,29.5,0.0,0,0,Tivaouane,Thiès,14.92773,-16.82273,30.9,1.2,2602,14.5,259,8.0,0,7.864419904994565,1,2.929,1,0.0,False,False,True,False,False,True,False,False,False,False,False,False,False,True
Z0300,2024,594.2,48,18.4,24.9,0.0,0,0,Tivaouane,Thiès,14.92773,-16.82273,30.9,1.2,2602,14.5,259,8.0,0,7.864419904994565,1,2.6679999999999997,1,0.0,False,False,True,False,False,True,False,False,False,False,False,False,False,True
Z0301,2015,474.2,29,26.1,45.5,0.0,0,0,Tivaouane,Thiès,14.93591,-16.81981,42.1,2.58,5278,3.6,277,9.6,0,8.571491964823617,0,0.9396000000000001,1,0.0,False,False,False,False,True,True,False,False,False,False,False,False,False,True
Z0301,2016,447.2,37,18.75,59.2,0.0,0,0,Tivaouane,Thiès,14.93591,-16.81981,42.1,2.58,5278,3.6,277,9.6,0,8.571491964823617,0,0.675,1,0.0,False,False,False,False,True,True,False,False,False,False,False,False,False,True
Z0301,2017,388.3,28,18.4,23.1,0.0,0,0,Tivaouane,Thiès,14.93591,-16.81981,42.1,2.58,5278,3.6,277,9.6,0,8.571491964823617,0,0.6624,1,0.0,False,False,False,False,True,True,False,False,False,False,False,False,False,True
Z0301,2018,296.4,20,16.4,29.4,0.0,1,0,Tivaouane,Thiès,14.93591,-16.81981,42.1,2.58,5278,3.6,277,9.6,0,8.571491964823617,0,0.5904,1,0.0,False,False,False,False,True,True,False,False,False,False,False,False,False,True
Z0301,2019,422.2,29,10.0,15.1,0.0,0,0,Tivaouane,Thiès,14.93591,-16.81981,42.1,2.58,5278,3.6,277,9.6,0,8.571491964823617,0,0.36,1,0.0,False,False,False,False,True,True,False,False,False,False,False,False,False,True
Z0301,2020,450.0,27,19.1,32.7,0.0,0,0,Tivaouane,Thiès,14.93591,-16.81981,42.1,2.58,5278,3.6,277,9.6,0,8.571491964823617,0,0.6876000000000001,1,0.0,False,False,False,False,True,True,False,False,False,False,False,False,False,True
Z0301,2021,523.0,40,18.75,27.2,0.0,0,0,Tivaouane,Thiès,14.93591,-16.81981,42.1,2.58,5278,3.6,277,9.6,0,8.571491964823617,0,0.675,1,0.0,False,False,False,False,True,True,False,False,False,False,False,False,False,True
Z0301,2022,533.1,36,35.5,68.8,0.0,0,0,Tivaouane,Thiès,14.93591,-16.81981,42.1,2.58,5278,3.6,277,9.6,0,8.571491964823617,0,1.278,1,0.0,False,False,False,False,True,True,False,False,False,False,False,False,False,True
Z0301,2023,415.1,34,16.1,29.3,0.0,0,0,Tivaouane,Thiès,14.93591,-16.81981,42.1,2.58,5278,3.6,277,9.6,0,8.571491964823617,0,0.5796000000000001,1,0.0,False,False,False,False,True,True,False,False,False,False,False,False,False,True
Z0301,2024,806.6,60,20.5,36.5,0.0,0,0,Tivaouane,Thiès,14.93591,-16.81981,42.1,2.58,5278,3.6,277,9.6,0,8.571491964823617,0,0.738,1,0.0,False,False,False,False,True,True,False,False,False,False,False,False,False,True
Z0302,2015,383.1,34,17.7,28.1,0.0,1,0,Tivaouane,Thiès,14.93929,-16.82,14.2,1.96,3319,0.0,326,3.5,0,8.107720061910534,1,0.0,1,0.0,False,False,False,False,True,True,False,False,False,False,False,False,False,True
Z0302,2016,284.7,18,12.9,20.5,0.0,0,0,Tivaouane,Thiès,14.93929,-16.82,14.2,1.96,3319,0.0,326,3.5,0,8.107720061910534,1,0.0,1,0.0,False,False,False,False,True,True,False,False,False,False,False,False,False,True
Z0302,2017,511.8,20,14.7,17.9,0.0,0,0,Tivaouane,Thiès,14.93929,-16.82,14.2,1.96,3319,0.0,326,3.5,0,8.107720061910534,1,0.0,1,0.0,False,False,False,False,True,True,False,False,False,False,False,False,False,True
Z0302,2018,596.1,46,56.3,94.2,0.0,0,0,Tivaouane,Thiès,14.93929,-16.82,14.2,1.96,3319,0.0,326,3.5,0,8.107720061910534,1,0.0,1,0.0,False,False,False,False,True,True,False,False,False,False,False,False,False,True
Z0302,2019,511.8,44,23.6,46.4,0.0,0,0,Tivaouane,Thiès,14.93929,-16.82,14.2,1.96,3319,0.0,326,3.5,0,8.107720061910534,1,0.0,1,0.0,False,False,False,False,True,True,False,False,False,False,False,False,False,True
Z0302,2020,583.0,42,17.0,35.4,0.0,0,0,Tivaouane,Thiès,14.93929,-16.82,14.2,1.96,3319,0.0,326,3.5,0,8.107720061910534,1,0.0,1,0.0,False,False,False,False,True,True,False,False,False,False,False,False,False,True
Z0302,2021,388.0,29,27.0,52.8,0.0,1,0,Tivaouane,Thiès,14.93929,-16.82,14.2,1.96,3319,0.0,326,3.5,0,8.107720061910534,1,0.0,1,0.0,False,False,False,False,True,True,False,False,False,False,False,False,False,True
Z0302,2022,756.8,54,36.7,65.5,0.0,0,0,Tivaouane,Thiès,14.93929,-16.82,14.2,1.96,3319,0.0,326,3.5,0,8.107720061910534,1,0.0,1,0.0,False,False,False,False,True,True,False,False,False,False,False,False,False,True
Z0302,2023,577.8,40,11.8,21.5,0.0,0,0,Tivaouane,Thiès,14.93929,-16.82,14.2,1.96,3319,0.0,326,3.5,0,8.107720061910534,1,0.0,1,0.0,False,False,False,False,True,True,False,False,False,False,False,False,False,True
Z0302,2024,376.3,30,18.1,39.4,0.0,0,0,Tivaouane,Thiès,14.93929,-16.82,14.2,1.96,3319,0.0,326,3.5,0,8.107720061910534,1,0.0,1,0.0,False,False,False,False,True,True,False,False,False,False,False,False,False,True
Z0303,2015,575.5,42,30.8,65.9,0.0,0,0,Tivaouane,Thiès,14.9366,-16.82623,30.3,0.98,1911,4.1,239,7.1,1,7.555905093611346,1,1.2628,2,0.1,False,True,False,False,False,True,False,False,False,False,False,True,False,False
Z0303,2016,491.8,30,66.6,109.0,0.0,0,0,Tivaouane,Thiès,14.9366,-16.82623,30.3,0.98,1911,4.1,239,7.1,1,7.555905093611346,1,2.7305999999999995,2,0.1,False,True,False,False,False,True,False,False,False,False,False,True,False,False
Z0303,2017,674.9,47,10.0,17.8,0.0,0,0,Tivaouane,Thiès,14.9366,-16.82623,30.3,0.98,1911,4.1,239,7.1,1,7.555905093611346,1,0.41,2,0.1,False,True,False,False,False,True,False,False,False,False,False,True,False,False
Z0303,2018,271.6,18,17.7,21.4,0.0,0,0,Tivaouane,Thiès,14.9366,-16.82623,30.3,0.98,1911,4.1,239,7.1,1,7.555905093611346,1,0.7256999999999999,2,0.1,False,True,False,False,False,True,False,False,False,False,False,True,False,False
Z0303,2019,550.6,38,25.1,48.0,0.0,0,0,Tivaouane,Thiès,14.9366,-16.82623,30.3,0.98,1911,4.1,239,7.1,1,7.555905093611346,1,1.0291,2,0.1,False,True,False,False,False,True,False,False,False,False,False,True,False,False
Z0303,2020,653.2,47,26.4,48.6,0.0,0,0,Tivaouane,Thiès,14.9366,-16.82623,30.3,0.98,1911,4.1,239,7.1,1,7.555905093611346,1,1.0823999999999998,2,0.1,False,True,False,False,False,True,False,False,False,False,False,True,False,False
Z0303,2021,524.0,34,37.8,77.8,0.0,0,0,Tivaouane,Thiès,14.9366,-16.82623,30.3,0.98,1911,4.1,239,7.1,1,7.555905093611346,1,1.5497999999999996,2,0.1,False,True,False,False,False,True,False,False,False,False,False,True,False,False
Z0303,2022,691.3,45,40.6,48.9,0.0,0,0,Tivaouane,Thiès,14.9366,-16.82623,30.3,0.98,1911,4.1,239,7.1,1,7.555905093611346,1,1.6645999999999999,2,0.1,False,True,False,False,False,True,False,False,False,False,False,True,False,False
Z0303,2023,492.1,33,35.0,56.8,0.0,0,0,Tivaouane,Thiès,14.9366,-16.82623,30.3,0.98,1911,4.1,239,7.1,1,7.555905093611346,1,1.435,2,0.1,False,True,False,False,False,True,False,False,False,False,False,True,False,False
Z0303,2024,418.4,24,10.0,13.7,0.0,0,0,Tivaouane,Thiès,14.9366,-16.82623,30.3,0.98,1911,4.1,239,7.1,1,7.555905093611346,1,0.41,2,0.1,False,True,False,False,False,True,False,False,False,False,False,True,False,False
Z0304,2015,497.2,37,22.2,47.3,0.0,0,0,Joal-Fadiouth,Thiès,14.18052,-16.85363,4.7,1.1,221,53.9,6369,2.8,1,5.402677381872279,0,11.9658,2,0.1,False,False,True,False,False,False,False,True,False,False,False,True,False,False
Z0304,2016,373.2,33,10.0,14.7,0.0,1,0,Joal-Fadiouth,Thiès,14.18052,-16.85363,4.7,1.1,221,53.9,6369,2.8,1,5.402677381872279,0,5.39,2,0.1,False,False,True,False,False,False,False,True,False,False,False,True,False,False
Z0304,2017,591.6,37,58.6,103.1,0.0,0,0,Joal-Fadiouth,Thiès,14.18052,-16.85363,4.7,1.1,221,53.9,6369,2.8,1,5.402677381872279,0,31.5854,2,0.1,False,False,True,False,False,False,False,True,False,False,False,True,False,False
Z0304,2018,501.8,38,15.8,31.2,0.0,0,0,Joal-Fadiouth,Thiès,14.18052,-16.85363,4.7,1.1,221,53.9,6369,2.8,1,5.402677381872279,0,8.5162,2,0.1,False,False,True,False,False,False,False,True,False,False,False,True,False,False
Z0304,2019,277.2,20,10.0,21.3,0.0,0,0,Joal-Fadiouth,Thiès,14.18052,-16.85363,4.7,1.1,221,53.9,6369,2.8,1,5.402677381872279,0,5.39,2,0.1,False,False,True,False,False,False,False,True,False,False,False,True,False,False
Z0304,2020,785.3,60,39.4,83.9,0.0,0,0,Joal-Fadiouth,Thiès,14.18052,-16.85363,4.7,1.1,221,53.9,6369,2.8,1,5.402677381872279,0,21.2366,2,0.1,False,False,True,False,False,False,False,True,False,False,False,True,False,False
Z0304,2021,657.0,47,15.8,28.0,0.0,0,0,Joal-Fadiouth,Thiès,14.18052,-16.85363,4.7,1.1,221,53.9,6369,2.8,1,5.402677381872279,0,8.5162,2,0.1,False,False,True,False,False,False,False,True,False,False,False,True,False,False
Z0304,2022,474.3,30,10.0,20.2,0.0,0,0,Joal-Fadiouth,Thiès,14.18052,-16.85363,4.7,1.1,221,53.9,6369,2.8,1,5.402677381872279,0,5.39,2,0.1,False,False,True,False,False,False,False,True,False,False,False,True,False,False
Z0304,2023,384.5,26,16.1,32.9,0.0,0,0,Joal-Fadiouth,Thiès,14.18052,-16.85363,4.7,1.1,221,53.9,6369,2.8,1,5.402677381872279,0,8.677900000000001,2,0.1,False,False,True,False,False,False,False,True,False,False,False,True,False,False
Z0304,2024,689.9,46,46.6,64.8,0.0,0,0,Joal-Fadiouth,Thiès,14.18052,-16.85363,4.7,1.1,221,53.9,6369,2.8,1,5.402677381872279,0,25.117400000000004,2,0.1,False,False,True,False,False,False,False,True,False,False,False,True,False,False
Z0305,2015,522.1,38,10.0,19.9,0.0,0,0,Joal-Fadiouth,Thiès,14.16657,-16.83202,3.7,0.46,467,0.0,187,1.9,1,6.148468295917647,0,0.0,1,0.1,False,False,False,False,True,False,False,False,True,False,False,False,False,True
Z0305,2016,629.1,43,43.7,84.3,0.0,0,0,Joal-Fadiouth,Thiès,14.16657,-16.83202,3.7,0.46,467,0.0,187,1.9,1,6.148468295917647,0,0.0,1,0.1,False,False,False,False,True,False,False,False,True,False,False,False,False,True
Z0305,2017,361.0,22,13.3,26.6,0.0,0,0,Joal-Fadiouth,Thiès,14.16657,-16.83202,3.7,0.46,467,0.0,187,1.9,1,6.148468295917647,0,0.0,1,0.1,False,False,False,False,True,False,False,False,True,False,False,False,False,True
Z0305,2018,429.1,30,10.0,20.4,0.0,0,0,Joal-Fadiouth,Thiès,14.16657,-16.83202,3.7,0.46,467,0.0,187,1.9,1,6.148468295917647,0,0.0,1,0.1,False,False,False,False,True,False,False,False,True,False,False,False,False,True
Z0305,2019,434.6,34,10.0,12.5,0.0,0,0,Joal-Fadiouth,Thiès,14.16657,-16.83202,3.7,0.46,467,0.0,187,1.9,1,6.148468295917647,0,0.0,1,0.1,False,False,False,False,True,False,False,False,True,False,False,False,False,True
Z0305,2020,370.9,19,10.0,15.1,0.0,0,0,Joal-Fadiouth,Thiès,14.16657,-16.83202,3.7,0.46,467,0.0,187,1.9,1,6.148468295917647,0,0.0,1,0.1,False,False,False,False,True,False,False,False,True,False,False,False,False,True
Z0305,2021,771.4,54,70.9,131.6,0.0,0,0,Joal-Fadiouth,Thiès,14.16657,-16.83202,3.7,0.46,467,0.0,187,1.9,1,6.148468295917647,0,0.0,1,0.1,False,False,False,False,True,False,False,False,True,False,False,False,False,True
Z0305,2022,442.6,35,38.5,75.6,0.0,0,0,Joal-Fadiouth,Thiès,14.16657,-16.83202,3.7,0.46,467,0.0,187,1.9,1,6.148468295917647,0,0.0,1,0.1,False,False,False,False,True,False,False,False,True,False,False,False,False,True
Z0305,2023,479.7,34,25.2,36.8,0.0,0,0,Joal-Fadiouth,Thiès,14.16657,-16.83202,3.7,0.46,467,0.0,187,1.9,1,6.148468295917647,0,0.0,1,0.1,False,False,False,False,True,False,False,False,True,False,False,False,False,True
Z0305,2024,442.4,30,46.0,66.2,0.0,0,0,Joal-Fadiouth,Thiès,14.16657,-16.83202,3.7,0.46,467,0.0,187,1.9,1,6.148468295917647,0,0.0,1,0.1,False,False,False,False,True,False,False,False,True,False,False,False,False,True
Z0306,2015,587.5,39,32.6,60.5,0.0,0,0,Joal-Fadiouth,Thiès,14.1584,-16.83684,4.1,0.44,985,98.0,13754,4.0,0,6.893656354602635,0,31.948,0,0.0,False,True,False,False,False,False,True,False,False,False,True,False,False,False
Z0306,2016,456.9,23,24.4,44.1,0.0,0,0,Joal-Fadiouth,Thiès,14.1584,-16.83684,4.1,0.44,985,98.0,13754,4.0,0,6.893656354602635,0,23.912,0,0.0,False,True,False,False,False,False,True,False,False,False,True,False,False,False
Z0306,2017,454.0,28,10.0,20.1,0.0,0,0,Joal-Fadiouth,Thiès,14.1584,-16.83684,4.1,0.44,985,98.0,13754,4.0,0,6.893656354602635,0,9.8,0,0.0,False,True,False,False,False,False,True,False,False,False,True,False,False,False
Z0306,2018,419.8,32,23.5,31.7,0.0,0,0,Joal-Fadiouth,Thiès,14.1584,-16.83684,4.1,0.44,985,98.0,13754,4.0,0,6.893656354602635,0,23.03,0,0.0,False,True,False,False,False,False,True,False,False,False,True,False,False,False
Z0306,2019,405.1,24,10.0,14.8,0.0,0,0,Joal-Fadiouth,Thiès,14.1584,-16.83684,4.1,0.44,985,98.0,13754,4.0,0,6.893656354602635,0,9.8,0,0.0,False,True,False,False,False,False,True,False,False,False,True,False,False,False
Z0306,2020,745.2,48,39.2,53.5,0.0,0,0,Joal-Fadiouth,Thiès,14.1584,-16.83684,4.1,0.44,985,98.0,13754,4.0,0,6.893656354602635,0,38.416000000000004,0,0.0,False,True,False,False,False,False,True,False,False,False,True,False,False,False
Z0306,2021,453.1,29,73.5,130.2,0.0,1,0,Joal-Fadiouth,Thiès,14.1584,-16.83684,4.1,0.44,985,98.0,13754,4.0,0,6.893656354602635,0,72.03,0,0.0,False,True,False,False,False,False,True,False,False,False,True,False,False,False
Z0306,2022,727.9,51,35.7,65.2,0.0,1,0,Joal-Fadiouth,Thiès,14.1584,-16.83684,4.1,0.44,985,98.0,13754,4.0,0,6.893656354602635,0,34.986000000000004,0,0.0,False,True,False,False,False,False,True,False,False,False,True,False,False,False
Z0306,2023,350.5,21,35.2,77.0,0.0,0,0,Joal-Fadiouth,Thiès,14.1584,-16.83684,4.1,0.44,985,98.0,13754,4.0,0,6.893656354602635,0,34.496,0,0.0,False,True,False,False,False,False,True,False,False,False,True,False,False,False
Z0306,2024,570.5,43,10.0,15.0,0.0,1,0,Joal-Fadiouth,Thiès,14.1584,-16.83684,4.1,0.44,985,98.0,13754,4.0,0,6.893656354602635,0,9.8,0,0.0,False,True,False,False,False,False,True,False,False,False,True,False,False,False
Z0307,2015,276.5,22,12.4,24.2,0.0,0,0,Joal-Fadiouth,Thiès,14.18288,-16.81894,0.8,1.43,595,10.9,517,1.5,1,6.39024066706535,1,1.3516,2,0.1,True,False,False,False,False,True,False,False,False,False,False,True,False,False
Z0307,2016,452.3,29,10.0,14.6,0.0,0,0,Joal-Fadiouth,Thiès,14.18288,-16.81894,0.8,1.43,595,10.9,517,1.5,1,6.39024066706535,1,1.09,2,0.1,True,False,False,False,False,True,False,False,False,False,False,True,False,False
Z0307,2017,522.0,39,36.8,48.6,0.0,0,0,Joal-Fadiouth,Thiès,14.18288,-16.81894,0.8,1.43,595,10.9,517,1.5,1,6.39024066706535,1,4.0112,2,0.1,True,False,False,False,False,True,False,False,False,False,False,True,False,False
Z0307,2018,476.8,28,22.2,32.3,0.0,1,0,Joal-Fadiouth,Thiès,14.18288,-16.81894,0.8,1.43,595,10.9,517,1.5,1,6.39024066706535,1,2.4198,2,0.1,True,False,False,False,False,True,False,False,False,False,False,True,False,False
Z0307,2019,470.9,35,37.4,75.4,0.0,0,0,Joal-Fadiouth,Thiès,14.18288,-16.81894,0.8,1.43,595,10.9,517,1.5,1,6.39024066706535,1,4.0766,2,0.1,True,False,False,False,False,True,False,False,False,False,False,True,False,False
Z0307,2020,706.2,50,25.2,42.9,0.0,0,0,Joal-Fadiouth,Thiès,14.18288,-16.81894,0.8,1.43,595,10.9,517,1.5,1,6.39024066706535,1,2.7468,2,0.1,True,False,False,False,False,True,False,False,False,False,False,True,False,False
Z0307,2021,339.6,25,10.0,14.8,0.0,0,0,Joal-Fadiouth,Thiès,14.18288,-16.81894,0.8,1.43,595,10.9,517,1.5,1,6.39024066706535,1,1.09,2,0.1,True,False,False,False,False,True,False,False,False,False,False,True,False,False
Z0307,2022,500.6,42,23.8,31.4,0.0,0,0,Joal-Fadiouth,Thiès,14.18288,-16.81894,0.8,1.43,595,10.9,517,1.5,1,6.39024066706535,1,2.5942000000000003,2,0.1,True,False,False,False,False,True,False,False,False,False,False,True,False,False
Z0307,2023,407.4,29,19.6,32.5,0.0,0,0,Joal-Fadiouth,Thiès,14.18288,-16.81894,0.8,1.43,595,10.9,517,1.5,1,6.39024066706535,1,2.1364,2,0.1,True,False,False,False,False,True,False,False,False,False,False,True,False,False
Z0307,2024,651.5,53,48.4,63.5,0.0,0,0,Joal-Fadiouth,Thiès,14.18288,-16.81894,0.8,1.43,595,10.9,517,1.5,1,6.39024066706535,1,5.2756,2,0.1,True,False,False,False,False,True,False,False,False,False,False,True,False,False
Z0308,2015,428.4,30,19.5,34.9,0.0,0,0,Joal-Fadiouth,Thiès,14.1616,-16.84379,1.6,1.45,261,25.4,162,2.1,2,5.568344503761097,1,4.952999999999999,2,0.2,False,False,False,False,True,True,False,False,False,False,False,True,False,False
Z0308,2016,588.9,43,10.0,14.3,0.0,0,0,Joal-Fadiouth,Thiès,14.1616,-16.84379,1.6,1.45,261,25.4,162,2.1,2,5.568344503761097,1,2.54,2,0.2,False,False,False,False,True,True,False,False,False,False,False,True,False,False
Z0308,2017,603.9,35,40.3,82.6,0.0,1,0,Joal-Fadiouth,Thiès,14.1616,-16.84379,1.6,1.45,261,25.4,162,2.1,2,5.568344503761097,1,10.236199999999998,2,0.2,False,False,False,False,True,True,False,False,False,False,False,True,False,False
Z0308,2018,554.4,36,43.1,66.6,0.0,0,0,Joal-Fadiouth,Thiès,14.1616,-16.84379,1.6,1.45,261,25.4,162,2.1,2,5.568344503761097,1,10.9474,2,0.2,False,False,False,False,True,True,False,False,False,False,False,True,False,False
Z0308,2019,708.0,55,26.4,41.3,0.0,0,0,Joal-Fadiouth,Thiès,14.1616,-16.84379,1.6,1.45,261,25.4,162,2.1,2,5.568344503761097,1,6.7056,2,0.2,False,False,False,False,True,True,False,False,False,False,False,True,False,False
Z0308,2020,839.2,57,63.2,109.5,0.0,0,0,Joal-Fadiouth,Thiès,14.1616,-16.84379,1.6,1.45,261,25.4,162,2.1,2,5.568344503761097,1,16.0528,2,0.2,False,False,False,False,True,True,False,False,False,False,False,True,False,False
Z0308,2021,400.8,27,10.0,13.3,0.0,0,0,Joal-Fadiouth,Thiès,14.1616,-16.84379,1.6,1.45,261,25.4,162,2.1,2,5.568344503761097,1,2.54,2,0.2,False,False,False,False,True,True,False,False,False,False,False,True,False,False
Z0308,2022,679.5,44,21.8,37.0,0.0,0,0,Joal-Fadiouth,Thiès,14.1616,-16.84379,1.6,1.45,261,25.4,162,2.1,2,5.568344503761097,1,5.5372,2,0.2,False,False,False,False,True,True,False,False,False,False,False,True,False,False
Z0308,2023,462.8,35,10.0,14.4,0.0,0,0,Joal-Fadiouth,Thiès,14.1616,-16.84379,1.6,1.45,261,25.4,162,2.1,2,5.568344503761097,1,2.54,2,0.2,False,False,False,False,True,True,False,False,False,False,False,True,False,False
Z0308,2024,525.0,37,32.6,39.3,0.0,0,0,Joal-Fadiouth,Thiès,14.1616,-16.84379,1.6,1.45,261,25.4,162,2.1,2,5.568344503761097,1,8.2804,2,0.2,False,False,False,False,True,True,False,False,False,False,False,True,False,False
Z0309,2015,519.3,34,14.7,29.7,0.0,1,0,Joal-Fadiouth,Thiès,14.15665,-16.81662,0.5,0.9,203,18.5,121,0.9,1,5.318119993844216,1,2.7195,1,0.1,False,False,False,False,True,True,False,False,False,False,False,False,False,True
Z0309,2016,500.8,41,21.2,35.4,0.0,0,0,Joal-Fadiouth,Thiès,14.15665,-16.81662,0.5,0.9,203,18.5,121,0.9,1,5.318119993844216,1,3.9219999999999997,1,0.1,False,False,False,False,True,True,False,False,False,False,False,False,False,True
Z0309,2017,557.7,47,91.9,176.9,0.0,0,0,Joal-Fadiouth,Thiès,14.15665,-16.81662,0.5,0.9,203,18.5,121,0.9,1,5.318119993844216,1,17.0015,1,0.1,False,False,False,False,True,True,False,False,False,False,False,False,False,True
Z0309,2018,660.5,52,22.7,48.1,0.0,0,0,Joal-Fadiouth,Thiès,14.15665,-16.81662,0.5,0.9,203,18.5,121,0.9,1,5.318119993844216,1,4.1995,1,0.1,False,False,False,False,True,True,False,False,False,False,False,False,False,True
Z0309,2019,519.1,44,57.6,70.6,0.0,0,0,Joal-Fadiouth,Thiès,14.15665,-16.81662,0.5,0.9,203,18.5,121,0.9,1,5.318119993844216,1,10.656,1,0.1,False,False,False,False,True,True,False,False,False,False,False,False,False,True
Z0309,2020,463.6,35,31.1,47.9,0.0,0,0,Joal-Fadiouth,Thiès,14.15665,-16.81662,0.5,0.9,203,18.5,121,0.9,1,5.318119993844216,1,5.7535,1,0.1,False,False,False,False,True,True,False,False,False,False,False,False,False,True
Z0309,2021,484.6,40,10.0,20.3,0.0,1,0,Joal-Fadiouth,Thiès,14.15665,-16.81662,0.5,0.9,203,18.5,121,0.9,1,5.318119993844216,1,1.85,1,0.1,False,False,False,False,True,True,False,False,False,False,False,False,False,True
Z0309,2022,450.5,34,20.1,33.2,0.0,1,0,Joal-Fadiouth,Thiès,14.15665,-16.81662,0.5,0.9,203,18.5,121,0.9,1,5.318119993844216,1,3.7185,1,0.1,False,False,False,False,True,True,False,False,False,False,False,False,False,True
Z0309,2023,391.9,27,22.5,48.5,0.0,0,0,Joal-Fadiouth,Thiès,14.15665,-16.81662,0.5,0.9,203,18.5,121,0.9,1,5.318119993844216,1,4.1625,1,0.1,False,False,False,False,True,True,False,False,False,False,False,False,False,True
Z0309,2024,635.1,49,14.9,31.8,0.0,0,0,Joal-Fadiouth,Thiès,14.15665,-16.81662,0.5,0.9,203,18.5,121,0.9,1,5.318119993844216,1,2.7565000000000004,1,0.1,False,False,False,False,True,True,False,False,False,False,False,False,False,True
Z0310,2015,495.7,36,10.0,16.8,0.0,0,0,Joal-Fadiouth,Thiès,14.16364,-16.83097,3.2,0.2,921,32.6,180,1.5,3,6.826545223556594,1,3.26,1,0.3,False,False,True,False,False,True,False,False,False,False,False,False,False,True
Z0310,2016,425.1,30,16.6,28.8,0.0,0,0,Joal-Fadiouth,Thiès,14.16364,-16.83097,3.2,0.2,921,32.6,180,1.5,3,6.826545223556594,1,5.411600000000001,1,0.3,False,False,True,False,False,True,False,False,False,False,False,False,False,True
Z0310,2017,540.3,38,21.3,33.7,0.0,1,0,Joal-Fadiouth,Thiès,14.16364,-16.83097,3.2,0.2,921,32.6,180,1.5,3,6.826545223556594,1,6.943800000000001,1,0.3,False,False,True,False,False,True,False,False,False,False,False,False,False,True
Z0310,2018,715.1,50,49.6,107.1,0.0,1,0,Joal-Fadiouth,Thiès,14.16364,-16.83097,3.2,0.2,921,32.6,180,1.5,3,6.826545223556594,1,16.1696,1,0.3,False,False,True,False,False,True,False,False,False,False,False,False,False,True
Z0310,2019,584.5,37,29.2,41.1,0.0,0,0,Joal-Fadiouth,Thiès,14.16364,-16.83097,3.2,0.2,921,32.6,180,1.5,3,6.826545223556594,1,9.519200000000001,1,0.3,False,False,True,False,False,True,False,False,False,False,False,False,False,True
Z0310,2020,542.7,36,26.9,32.5,0.0,0,0,Joal-Fadiouth,Thiès,14.16364,-16.83097,3.2,0.2,921,32.6,180,1.5,3,6.826545223556594,1,8.7694,1,0.3,False,False,True,False,False,True,False,False,False,False,False,False,False,True
Z0310,2021,438.8,30,49.1,62.2,0.0,0,0,Joal-Fadiouth,Thiès,14.16364,-16.83097,3.2,0.2,921,32.6,180,1.5,3,6.826545223556594,1,16.006600000000002,1,0.3,False,False,True,False,False,True,False,False,False,False,False,False,False,True
Z0310,2022,728.1,52,10.7,15.8,0.0,0,0,Joal-Fadiouth,Thiès,14.16364,-16.83097,3.2,0.2,921,32.6,180,1.5,3,6.826545223556594,1,3.4882,1,0.3,False,False,True,False,False,True,False,False,False,False,False,False,False,True
Z0310,2023,353.9,28,15.0,23.4,0.0,0,0,Joal-Fadiouth,Thiès,14.16364,-16.83097,3.2,0.2,921,32.6,180,1.5,3,6.826545223556594,1,4.89,1,0.3,False,False,True,False,False,True,False,False,False,False,False,False,False,True
Z0310,2024,713.4,56,24.9,37.8,0.0,1,0,Joal-Fadiouth,Thiès,14.16364,-16.83097,3.2,0.2,921,32.6,180,1.5,3,6.826545223556594,1,8.1174,1,0.3,False,False,True,False,False,True,False,False,False,False,False,False,False,True
Z0311,2015,637.3,48,57.4,80.5,0.0,1,0,Joal-Fadiouth,Thiès,14.15963,-16.83076,2.9,0.13,507,53.1,4004,2.1,4,6.230481447578482,1,30.479400000000002,1,0.4,False,False,True,False,False,False,False,True,False,False,False,False,False,True
Z0311,2016,467.6,39,10.0,18.2,0.0,0,0,Joal-Fadiouth,Thiès,14.15963,-16.83076,2.9,0.13,507,53.1,4004,2.1,4,6.230481447578482,1,5.31,1,0.4,False,False,True,False,False,False,False,True,False,False,False,False,False,True
Z0311,2017,393.4,29,24.6,39.5,0.0,0,0,Joal-Fadiouth,Thiès,14.15963,-16.83076,2.9,0.13,507,53.1,4004,2.1,4,6.230481447578482,1,13.062600000000002,1,0.4,False,False,True,False,False,False,False,True,False,False,False,False,False,True
Z0311,2018,452.4,28,28.8,62.4,0.0,0,0,Joal-Fadiouth,Thiès,14.15963,-16.83076,2.9,0.13,507,53.1,4004,2.1,4,6.230481447578482,1,15.2928,1,0.4,False,False,True,False,False,False,False,True,False,False,False,False,False,True
Z0311,2019,435.4,31,10.0,21.2,0.0,0,0,Joal-Fadiouth,Thiès,14.15963,-16.83076,2.9,0.13,507,53.1,4004,2.1,4,6.230481447578482,1,5.31,1,0.4,False,False,True,False,False,False,False,True,False,False,False,False,False,True
Z0311,2020,1129.0,79,30.5,64.5,0.0,0,0,Joal-Fadiouth,Thiès,14.15963,-16.83076,2.9,0.13,507,53.1,4004,2.1,4,6.230481447578482,1,16.1955,1,0.4,False,False,True,False,False,False,False,True,False,False,False,False,False,True
Z0311,2021,452.1,33,18.8,36.2,0.0,1,0,Joal-Fadiouth,Thiès,14.15963,-16.83076,2.9,0.13,507,53.1,4004,2.1,4,6.230481447578482,1,9.982800000000001,1,0.4,False,False,True,False,False,False,False,True,False,False,False,False,False,True
Z0311,2022,422.7,35,21.4,36.1,0.0,0,0,Joal-Fadiouth,Thiès,14.15963,-16.83076,2.9,0.13,507,53.1,4004,2.1,4,6.230481447578482,1,11.363399999999999,1,0.4,False,False,True,False,False,False,False,True,False,False,False,False,False,True
Z0311,2023,700.5,53,85.3,162.1,0.0,1,0,Joal-Fadiouth,Thiès,14.15963,-16.83076,2.9,0.13,507,53.1,4004,2.1,4,6.230481447578482,1,45.2943,1,0.4,False,False,True,False,False,False,False,True,False,False,False,False,False,True
Z0311,2024,660.7,45,27.9,51.8,0.0,0,0,Joal-Fadiouth,Thiès,14.15963,-16.83076,2.9,0.13,507,53.1,4004,2.1,4,6.230481447578482,1,14.8149,1,0.4,False,False,True,False,False,False,False,True,False,False,False,False,False,True
Z0312,2015,536.9,32,44.8,69.4,0.0,0,0,Joal-Fadiouth,Thiès,14.16987,-16.8342,4.7,0.47,2221,53.3,7713,4.1,0,7.706162970199576,0,23.878399999999996,1,0.0,False,False,False,True,False,False,False,True,False,False,False,False,False,True
Z0312,2016,389.4,34,19.5,26.1,0.0,0,0,Joal-Fadiouth,Thiès,14.16987,-16.8342,4.7,0.47,2221,53.3,7713,4.1,0,7.706162970199576,0,10.3935,1,0.0,False,False,False,True,False,False,False,True,False,False,False,False,False,True
Z0312,2017,543.9,40,44.5,89.9,0.0,0,0,Joal-Fadiouth,Thiès,14.16987,-16.8342,4.7,0.47,2221,53.3,7713,4.1,0,7.706162970199576,0,23.7185,1,0.0,False,False,False,True,False,False,False,True,False,False,False,False,False,True
Z0312,2018,444.3,29,13.0,28.0,0.0,0,0,Joal-Fadiouth,Thiès,14.16987,-16.8342,4.7,0.47,2221,53.3,7713,4.1,0,7.706162970199576,0,6.928999999999999,1,0.0,False,False,False,True,False,False,False,True,False,False,False,False,False,True
Z0312,2019,505.8,34,50.1,67.9,0.0,0,0,Joal-Fadiouth,Thiès,14.16987,-16.8342,4.7,0.47,2221,53.3,7713,4.1,0,7.706162970199576,0,26.7033,1,0.0,False,False,False,True,False,False,False,True,False,False,False,False,False,True
Z0312,2020,525.1,29,10.2,18.0,0.0,0,0,Joal-Fadiouth,Thiès,14.16987,-16.8342,4.7,0.47,2221,53.3,7713,4.1,0,7.706162970199576,0,5.436599999999999,1,0.0,False,False,False,True,False,False,False,True,False,False,False,False,False,True
Z0312,2021,640.1,52,60.4,108.6,0.0,0,0,Joal-Fadiouth,Thiès,14.16987,-16.8342,4.7,0.47,2221,53.3,7713,4.1,0,7.706162970199576,0,32.1932,1,0.0,False,False,False,True,False,False,False,True,False,False,False,False,False,True
Z0312,2022,403.5,28,14.8,32.1,0.0,0,0,Joal-Fadiouth,Thiès,14.16987,-16.8342,4.7,0.47,2221,53.3,7713,4.1,0,7.706162970199576,0,7.888400000000001,1,0.0,False,False,False,True,False,False,False,True,False,False,False,False,False,True
Z0312,2023,410.8,30,51.4,80.1,0.0,0,0,Joal-Fadiouth,Thiès,14.16987,-16.8342,4.7,0.47,2221,53.3,7713,4.1,0,7.706162970199576,0,27.3962,1,0.0,False,False,False,True,False,False,False,True,False,False,False,False,False,True
Z0312,2024,454.1,35,44.5,34.5,0.0,0,0,Joal-Fadiouth,Thiès,14.16987,-16.8342,4.7,0.47,2221,53.3,7713,4.1,0,7.706162970199576,0,23.7185,1,0.0,False,False,False,True,False,False,False,True,False,False,False,False,False,True
Z0313,2015,303.6,22,10.4,17.7,0.0,0,0,Joal-Fadiouth,Thiès,14.17376,-16.84671,4.3,0.55,300,85.7,7055,2.6,2,5.707110264748875,0,8.9128,0,0.2,False,False,False,False,True,False,True,False,False,False,True,False,False,False
Z0313,2016,299.6,29,10.0,15.9,0.0,0,0,Joal-Fadiouth,Thiès,14.17376,-16.84671,4.3,0.55,300,85.7,7055,2.6,2,5.707110264748875,0,8.57,0,0.2,False,False,False,False,True,False,True,False,False,False,True,False,False,False
Z0313,2017,558.9,38,37.9,60.5,0.0,1,0,Joal-Fadiouth,Thiès,14.17376,-16.84671,4.3,0.55,300,85.7,7055,2.6,2,5.707110264748875,0,32.4803,0,0.2,False,False,False,False,True,False,True,False,False,False,True,False,False,False
Z0313,2018,683.7,47,26.4,40.9,0.0,0,0,Joal-Fadiouth,Thiès,14.17376,-16.84671,4.3,0.55,300,85.7,7055,2.6,2,5.707110264748875,0,22.6248,0,0.2,False,False,False,False,True,False,True,False,False,False,True,False,False,False
Z0313,2019,527.9,35,49.3,72.5,0.0,0,0,Joal-Fadiouth,Thiès,14.17376,-16.84671,4.3,0.55,300,85.7,7055,2.6,2,5.707110264748875,0,42.2501,0,0.2,False,False,False,False,True,False,True,False,False,False,True,False,False,False
Z0313,2020,514.8,38,15.3,26.0,0.0,0,0,Joal-Fadiouth,Thiès,14.17376,-16.84671,4.3,0.55,300,85.7,7055,2.6,2,5.707110264748875,0,13.1121,0,0.2,False,False,False,False,True,False,True,False,False,False,True,False,False,False
Z0313,2021,517.7,36,30.4,65.6,0.0,0,0,Joal-Fadiouth,Thiès,14.17376,-16.84671,4.3,0.55,300,85.7,7055,2.6,2,5.707110264748875,0,26.052799999999998,0,0.2,False,False,False,False,True,False,True,False,False,False,True,False,False,False
Z0313,2022,766.2,54,37.8,68.1,0.0,1,0,Joal-Fadiouth,Thiès,14.17376,-16.84671,4.3,0.55,300,85.7,7055,2.6,2,5.707110264748875,0,32.3946,0,0.2,False,False,False,False,True,False,True,False,False,False,True,False,False,False
Z0313,2023,604.5,42,47.6,88.9,0.0,0,0,Joal-Fadiouth,Thiès,14.17376,-16.84671,4.3,0.55,300,85.7,7055,2.6,2,5.707110264748875,0,40.7932,0,0.2,False,False,False,False,True,False,True,False,False,False,True,False,False,False
Z0313,2024,598.1,48,32.7,44.5,0.0,0,0,Joal-Fadiouth,Thiès,14.17376,-16.84671,4.3,0.55,300,85.7,7055,2.6,2,5.707110264748875,0,28.023900000000005,0,0.2,False,False,False,False,True,False,True,False,False,False,True,False,False,False
Z0314,2015,316.5,27,12.6,22.2,0.0,0,0,Joal-Fadiouth,Thiès,14.17383,-16.83731,3.6,0.46,632,10.7,177,1.5,0,6.450470422144176,1,1.3481999999999998,2,0.0,False,True,False,False,False,True,False,False,False,False,False,True,False,False
Z0314,2016,504.4,49,44.5,65.1,0.0,0,0,Joal-Fadiouth,Thiès,14.17383,-16.83731,3.6,0.46,632,10.7,177,1.5,0,6.450470422144176,1,4.7615,2,0.0,False,True,False,False,False,True,False,False,False,False,False,True,False,False
Z0314,2017,379.1,29,16.6,25.3,0.0,0,0,Joal-Fadiouth,Thiès,14.17383,-16.83731,3.6,0.46,632,10.7,177,1.5,0,6.450470422144176,1,1.7762,2,0.0,False,True,False,False,False,True,False,False,False,False,False,True,False,False
Z0314,2018,388.9,26,10.0,12.6,0.0,0,0,Joal-Fadiouth,Thiès,14.17383,-16.83731,3.6,0.46,632,10.7,177,1.5,0,6.450470422144176,1,1.07,2,0.0,False,True,False,False,False,True,False,False,False,False,False,True,False,False
Z0314,2019,787.7,49,28.0,46.3,0.0,0,0,Joal-Fadiouth,Thiès,14.17383,-16.83731,3.6,0.46,632,10.7,177,1.5,0,6.450470422144176,1,2.9959999999999996,2,0.0,False,True,False,False,False,True,False,False,False,False,False,True,False,False
Z0314,2020,421.5,18,10.0,13.3,0.0,0,0,Joal-Fadiouth,Thiès,14.17383,-16.83731,3.6,0.46,632,10.7,177,1.5,0,6.450470422144176,1,1.07,2,0.0,False,True,False,False,False,True,False,False,False,False,False,True,False,False
Z0314,2021,657.0,45,31.1,57.9,0.0,0,0,Joal-Fadiouth,Thiès,14.17383,-16.83731,3.6,0.46,632,10.7,177,1.5,0,6.450470422144176,1,3.3276999999999997,2,0.0,False,True,False,False,False,True,False,False,False,False,False,True,False,False
Z0314,2022,550.1,40,37.9,79.1,0.0,0,0,Joal-Fadiouth,Thiès,14.17383,-16.83731,3.6,0.46,632,10.7,177,1.5,0,6.450470422144176,1,4.0553,2,0.0,False,True,False,False,False,True,False,False,False,False,False,True,False,False
Z0314,2023,504.4,37,34.1,43.0,0.0,0,0,Joal-Fadiouth,Thiès,14.17383,-16.83731,3.6,0.46,632,10.7,177,1.5,0,6.450470422144176,1,3.6487,2,0.0,False,True,False,False,False,True,False,False,False,False,False,True,False,False
Z0314,2024,713.0,46,10.0,18.6,0.0,0,0,Joal-Fadiouth,Thiès,14.17383,-16.83731,3.6,0.46,632,10.7,177,1.5,0,6.450470422144176,1,1.07,2,0.0,False,True,False,False,False,True,False,False,False,False,False,True,False,False
Z0315,2015,298.6,7,12.9,25.1,0.0,0,0,Joal-Fadiouth,Thiès,14.16597,-16.84386,5.7,1.09,630,72.8,17623,2.8,0,6.447305862541213,0,9.3912,0,0.0,False,False,False,False,True,False,True,False,False,False,True,False,False,False
Z0315,2016,452.5,32,24.5,49.3,0.0,0,0,Joal-Fadiouth,Thiès,14.16597,-16.84386,5.7,1.09,630,72.8,17623,2.8,0,6.447305862541213,0,17.836,0,0.0,False,False,False,False,True,False,True,False,False,False,True,False,False,False
Z0315,2017,590.9,42,17.9,28.2,0.0,1,0,Joal-Fadiouth,Thiès,14.16597,-16.84386,5.7,1.09,630,72.8,17623,2.8,0,6.447305862541213,0,13.031199999999998,0,0.0,False,False,False,False,True,False,True,False,False,False,True,False,False,False
Z0315,2018,589.7,39,11.9,26.1,0.0,0,0,Joal-Fadiouth,Thiès,14.16597,-16.84386,5.7,1.09,630,72.8,17623,2.8,0,6.447305862541213,0,8.6632,0,0.0,False,False,False,False,True,False,True,False,False,False,True,False,False,False
Z0315,2019,559.2,34,14.9,20.3,0.0,0,0,Joal-Fadiouth,Thiès,14.16597,-16.84386,5.7,1.09,630,72.8,17623,2.8,0,6.447305862541213,0,10.8472,0,0.0,False,False,False,False,True,False,True,False,False,False,True,False,False,False
Z0315,2020,849.9,55,18.0,28.2,0.0,1,0,Joal-Fadiouth,Thiès,14.16597,-16.84386,5.7,1.09,630,72.8,17623,2.8,0,6.447305862541213,0,13.104,0,0.0,False,False,False,False,True,False,True,False,False,False,True,False,False,False
Z0315,2021,586.6,43,32.4,70.6,0.0,0,0,Joal-Fadiouth,Thiès,14.16597,-16.84386,5.7,1.09,630,72.8,17623,2.8,0,6.447305862541213,0,23.5872,0,0.0,False,False,False,False,True,False,True,False,False,False,True,False,False,False
Z0315,2022,804.9,52,58.9,84.8,0.0,1,0,Joal-Fadiouth,Thiès,14.16597,-16.84386,5.7,1.09,630,72.8,17623,2.8,0,6.447305862541213,0,42.8792,0,0.0,False,False,False,False,True,False,True,False,False,False,True,False,False,False
Z0315,2023,433.1,33,19.5,39.2,0.0,0,0,Joal-Fadiouth,Thiès,14.16597,-16.84386,5.7,1.09,630,72.8,17623,2.8,0,6.447305862541213,0,14.196,0,0.0,False,False,False,False,True,False,True,False,False,False,True,False,False,False
Z0315,2024,606.2,44,49.4,88.4,0.0,1,0,Joal-Fadiouth,Thiès,14.16597,-16.84386,5.7,1.09,630,72.8,17623,2.8,0,6.447305862541213,0,35.9632,0,0.0,False,False,False,False,True,False,True,False,False,False,True,False,False,False
Z0316,2015,578.6,40,24.3,33.4,0.0,1,0,Joal-Fadiouth,Thiès,14.14191,-16.83374,0.5,0.27,1624,43.6,3850,2.2,1,7.393263094763838,1,10.5948,0,0.1,False,False,False,True,False,False,False,True,False,False,True,False,False,False
Z0316,2016,468.1,31,49.1,62.1,0.0,1,0,Joal-Fadiouth,Thiès,14.14191,-16.83374,0.5,0.27,1624,43.6,3850,2.2,1,7.393263094763838,1,21.407600000000002,0,0.1,False,False,False,True,False,False,False,True,False,False,True,False,False,False
Z0316,2017,646.6,45,10.0,13.9,0.0,0,0,Joal-Fadiouth,Thiès,14.14191,-16.83374,0.5,0.27,1624,43.6,3850,2.2,1,7.393263094763838,1,4.36,0,0.1,False,False,False,True,False,False,False,True,False,False,True,False,False,False
Z0316,2018,680.6,51,28.4,38.3,0.0,1,0,Joal-Fadiouth,Thiès,14.14191,-16.83374,0.5,0.27,1624,43.6,3850,2.2,1,7.393263094763838,1,12.3824,0,0.1,False,False,False,True,False,False,False,True,False,False,True,False,False,False
Z0316,2019,413.2,23,14.1,30.5,0.0,1,0,Joal-Fadiouth,Thiès,14.14191,-16.83374,0.5,0.27,1624,43.6,3850,2.2,1,7.393263094763838,1,6.1476,0,0.1,False,False,False,True,False,False,False,True,False,False,True,False,False,False
Z0316,2020,825.0,59,14.7,29.7,0.0,0,0,Joal-Fadiouth,Thiès,14.14191,-16.83374,0.5,0.27,1624,43.6,3850,2.2,1,7.393263094763838,1,6.409199999999999,0,0.1,False,False,False,True,False,False,False,True,False,False,True,False,False,False
Z0316,2021,507.6,33,43.1,66.7,0.0,1,0,Joal-Fadiouth,Thiès,14.14191,-16.83374,0.5,0.27,1624,43.6,3850,2.2,1,7.393263094763838,1,18.791600000000003,0,0.1,False,False,False,True,False,False,False,True,False,False,True,False,False,False
Z0316,2022,538.0,39,15.6,29.3,0.0,1,0,Joal-Fadiouth,Thiès,14.14191,-16.83374,0.5,0.27,1624,43.6,3850,2.2,1,7.393263094763838,1,6.8016,0,0.1,False,False,False,True,False,False,False,True,False,False,True,False,False,False
Z0316,2023,640.7,49,10.0,19.6,0.0,0,0,Joal-Fadiouth,Thiès,14.14191,-16.83374,0.5,0.27,1624,43.6,3850,2.2,1,7.393263094763838,1,4.36,0,0.1,False,False,False,True,False,False,False,True,False,False,True,False,False,False
Z0316,2024,638.4,40,72.5,102.4,0.0,1,0,Joal-Fadiouth,Thiès,14.14191,-16.83374,0.5,0.27,1624,43.6,3850,2.2,1,7.393263094763838,1,31.61,0,0.1,False,False,False,True,False,False,False,True,False,False,True,False,False,False
Z0317,2015,449.3,37,10.0,17.8,0.0,1,0,Joal-Fadiouth,Thiès,14.14661,-16.84517,4.5,0.76,1685,16.0,249,0.8,1,7.430114138561801,0,1.6,0,0.1,False,False,True,False,False,False,False,False,False,True,True,False,False,False
Z0317,2016,868.2,66,72.4,138.0,0.0,1,0,Joal-Fadiouth,Thiès,14.14661,-16.84517,4.5,0.76,1685,16.0,249,0.8,1,7.430114138561801,0,11.584000000000001,0,0.1,False,False,True,False,False,False,False,False,False,True,True,False,False,False
Z0317,2017,308.3,22,24.5,42.2,0.0,0,0,Joal-Fadiouth,Thiès,14.14661,-16.84517,4.5,0.76,1685,16.0,249,0.8,1,7.430114138561801,0,3.92,0,0.1,False,False,True,False,False,False,False,False,False,True,True,False,False,False
Z0317,2018,547.3,43,38.3,53.1,0.0,1,0,Joal-Fadiouth,Thiès,14.14661,-16.84517,4.5,0.76,1685,16.0,249,0.8,1,7.430114138561801,0,6.127999999999999,0,0.1,False,False,True,False,False,False,False,False,False,True,True,False,False,False
Z0317,2019,547.3,36,34.1,44.8,0.0,0,0,Joal-Fadiouth,Thiès,14.14661,-16.84517,4.5,0.76,1685,16.0,249,0.8,1,7.430114138561801,0,5.456,0,0.1,False,False,True,False,False,False,False,False,False,True,True,False,False,False
Z0317,2020,552.7,37,18.9,41.4,0.0,0,0,Joal-Fadiouth,Thiès,14.14661,-16.84517,4.5,0.76,1685,16.0,249,0.8,1,7.430114138561801,0,3.0239999999999996,0,0.1,False,False,True,False,False,False,False,False,False,True,True,False,False,False
Z0317,2021,383.4,28,10.0,13.5,0.0,0,0,Joal-Fadiouth,Thiès,14.14661,-16.84517,4.5,0.76,1685,16.0,249,0.8,1,7.430114138561801,0,1.6,0,0.1,False,False,True,False,False,False,False,False,False,True,True,False,False,False
Z0317,2022,608.0,41,66.1,85.3,0.0,1,0,Joal-Fadiouth,Thiès,14.14661,-16.84517,4.5,0.76,1685,16.0,249,0.8,1,7.430114138561801,0,10.575999999999999,0,0.1,False,False,True,False,False,False,False,False,False,True,True,False,False,False
Z0317,2023,328.8,21,10.0,16.6,0.0,0,0,Joal-Fadiouth,Thiès,14.14661,-16.84517,4.5,0.76,1685,16.0,249,0.8,1,7.430114138561801,0,1.6,0,0.1,False,False,True,False,False,False,False,False,False,True,True,False,False,False
Z0317,2024,814.4,53,83.9,163.7,0.0,1,0,Joal-Fadiouth,Thiès,14.14661,-16.84517,4.5,0.76,1685,16.0,249,0.8,1,7.430114138561801,0,13.424000000000001,0,0.1,False,False,True,False,False,False,False,False,False,True,True,False,False,False
Z0318,2015,614.5,44,16.4,20.4,0.0,0,0,Kaffrine,Kaffrine,14.10654,-15.5508,23.3,0.04,1933,0.0,284,6.1,0,7.56734567601324,0,0.0,1,0.0,False,True,False,False,False,True,False,False,False,False,False,False,False,True
Z0318,2016,688.5,36,17.4,34.1,0.0,0,0,Kaffrine,Kaffrine,14.10654,-15.5508,23.3,0.04,1933,0.0,284,6.1,0,7.56734567601324,0,0.0,1,0.0,False,True,False,False,False,True,False,False,False,False,False,False,False,True
Z0318,2017,890.2,60,69.9,113.2,0.0,0,0,Kaffrine,Kaffrine,14.10654,-15.5508,23.3,0.04,1933,0.0,284,6.1,0,7.56734567601324,0,0.0,1,0.0,False,True,False,False,False,True,False,False,False,False,False,False,False,True
Z0318,2018,751.1,55,15.4,24.6,0.0,0,0,Kaffrine,Kaffrine,14.10654,-15.5508,23.3,0.04,1933,0.0,284,6.1,0,7.56734567601324,0,0.0,1,0.0,False,True,False,False,False,True,False,False,False,False,False,False,False,True
Z0318,2019,814.6,53,46.6,68.4,0.0,0,0,Kaffrine,Kaffrine,14.10654,-15.5508,23.3,0.04,1933,0.0,284,6.1,0,7.56734567601324,0,0.0,1,0.0,False,True,False,False,False,True,False,False,False,False,False,False,False,True
Z0318,2020,745.8,65,14.2,21.2,0.0,0,0,Kaffrine,Kaffrine,14.10654,-15.5508,23.3,0.04,1933,0.0,284,6.1,0,7.56734567601324,0,0.0,1,0.0,False,True,False,False,False,True,False,False,False,False,False,False,False,True
Z0318,2021,805.4,57,10.6,22.0,0.0,0,0,Kaffrine,Kaffrine,14.10654,-15.5508,23.3,0.04,1933,0.0,284,6.1,0,7.56734567601324,0,0.0,1,0.0,False,True,False,False,False,True,False,False,False,False,False,False,False,True
Z0318,2022,990.6,73,79.9,103.2,0.0,0,0,Kaffrine,Kaffrine,14.10654,-15.5508,23.3,0.04,1933,0.0,284,6.1,0,7.56734567601324,0,0.0,1,0.0,False,True,False,False,False,True,False,False,False,False,False,False,False,True
Z0318,2023,722.1,59,38.2,83.2,0.0,0,0,Kaffrine,Kaffrine,14.10654,-15.5508,23.3,0.04,1933,0.0,284,6.1,0,7.56734567601324,0,0.0,1,0.0,False,True,False,False,False,True,False,False,False,False,False,False,False,True
Z0318,2024,1010.5,71,119.9,157.9,0.0,0,0,Kaffrine,Kaffrine,14.10654,-15.5508,23.3,0.04,1933,0.0,284,6.1,0,7.56734567601324,0,0.0,1,0.0,False,True,False,False,False,True,False,False,False,False,False,False,False,True
Z0319,2015,526.6,33,29.15,80.8,0.0,0,0,Kaffrine,Kaffrine,14.10041,-15.54333,25.8,0.49,1609,60.2,5565,5.4,1,7.383989457978509,0,17.548299999999998,1,0.1,False,False,False,True,False,False,False,True,False,False,False,False,False,True
Z0319,2016,615.2,43,25.5,46.6,0.0,0,0,Kaffrine,Kaffrine,14.10041,-15.54333,25.8,0.49,1609,60.2,5565,5.4,1,7.383989457978509,0,15.351,1,0.1,False,False,False,True,False,False,False,True,False,False,False,False,False,True
Z0319,2017,444.5,20,30.1,46.6,0.0,0,0,Kaffrine,Kaffrine,14.10041,-15.54333,25.8,0.49,1609,60.2,5565,5.4,1,7.383989457978509,0,18.1202,1,0.1,False,False,False,True,False,False,False,True,False,False,False,False,False,True
Z0319,2018,658.9,45,40.9,54.0,0.0,0,0,Kaffrine,Kaffrine,14.10041,-15.54333,25.8,0.49,1609,60.2,5565,5.4,1,7.383989457978509,0,24.621799999999997,1,0.1,False,False,False,True,False,False,False,True,False,False,False,False,False,True
Z0319,2019,667.8,48,58.6,92.0,0.0,0,0,Kaffrine,Kaffrine,14.10041,-15.54333,25.8,0.49,1609,60.2,5565,5.4,1,7.383989457978509,0,35.2772,1,0.1,False,False,False,True,False,False,False,True,False,False,False,False,False,True
Z0319,2020,1194.9,83,29.15,276.0,0.0,0,0,Kaffrine,Kaffrine,14.10041,-15.54333,25.8,0.49,1609,60.2,5565,5.4,1,7.383989457978509,0,17.548299999999998,1,0.1,False,False,False,True,False,False,False,True,False,False,False,False,False,True
Z0319,2021,479.3,30,10.0,18.3,0.0,0,0,Kaffrine,Kaffrine,14.10041,-15.54333,25.8,0.49,1609,60.2,5565,5.4,1,7.383989457978509,0,6.02,1,0.1,False,False,False,True,False,False,False,True,False,False,False,False,False,True
Z0319,2022,1325.0,90,28.2,37.9,0.0,0,0,Kaffrine,Kaffrine,14.10041,-15.54333,25.8,0.49,1609,60.2,5565,5.4,1,7.383989457978509,0,16.9764,1,0.1,False,False,False,True,False,False,False,True,False,False,False,False,False,True
Z0319,2023,512.9,36,18.1,26.6,0.0,0,0,Kaffrine,Kaffrine,14.10041,-15.54333,25.8,0.49,1609,60.2,5565,5.4,1,7.383989457978509,0,10.8962,1,0.1,False,False,False,True,False,False,False,True,False,False,False,False,False,True
Z0319,2024,857.6,65,56.8,112.0,0.0,0,0,Kaffrine,Kaffrine,14.10041,-15.54333,25.8,0.49,1609,60.2,5565,5.4,1,7.383989457978509,0,34.1936,1,0.1,False,False,False,True,False,False,False,True,False,False,False,False,False,True
Z0320,2015,708.5,51,92.1,137.9,0.0,0,0,Kaffrine,Kaffrine,14.07923,-15.53776,17.1,1.36,632,50.9,7220,5.1,1,6.450470422144176,0,46.878899999999994,1,0.1,False,False,True,False,False,False,False,True,False,False,False,False,False,True
Z0320,2016,453.2,23,11.8,18.2,0.0,0,0,Kaffrine,Kaffrine,14.07923,-15.53776,17.1,1.36,632,50.9,7220,5.1,1,6.450470422144176,0,6.0062,1,0.1,False,False,True,False,False,False,False,True,False,False,False,False,False,True
Z0320,2017,745.5,49,17.8,26.7,0.0,0,0,Kaffrine,Kaffrine,14.07923,-15.53776,17.1,1.36,632,50.9,7220,5.1,1,6.450470422144176,0,9.0602,1,0.1,False,False,True,False,False,False,False,True,False,False,False,False,False,True
Z0320,2018,711.2,48,34.6,63.5,0.0,1,0,Kaffrine,Kaffrine,14.07923,-15.53776,17.1,1.36,632,50.9,7220,5.1,1,6.450470422144176,0,17.6114,1,0.1,False,False,True,False,False,False,False,True,False,False,False,False,False,True
Z0320,2019,594.5,35,10.0,14.5,0.0,0,0,Kaffrine,Kaffrine,14.07923,-15.53776,17.1,1.36,632,50.9,7220,5.1,1,6.450470422144176,0,5.09,1,0.1,False,False,True,False,False,False,False,True,False,False,False,False,False,True
Z0320,2020,1129.8,83,92.1,184.6,0.0,0,0,Kaffrine,Kaffrine,14.07923,-15.53776,17.1,1.36,632,50.9,7220,5.1,1,6.450470422144176,0,46.878899999999994,1,0.1,False,False,True,False,False,False,False,True,False,False,False,False,False,True
Z0320,2021,866.7,59,18.7,39.9,0.0,0,0,Kaffrine,Kaffrine,14.07923,-15.53776,17.1,1.36,632,50.9,7220,5.1,1,6.450470422144176,0,9.5183,1,0.1,False,False,True,False,False,False,False,True,False,False,False,False,False,True
Z0320,2022,1095.8,78,10.0,12.7,0.0,0,0,Kaffrine,Kaffrine,14.07923,-15.53776,17.1,1.36,632,50.9,7220,5.1,1,6.450470422144176,0,5.09,1,0.1,False,False,True,False,False,False,False,True,False,False,False,False,False,True
Z0320,2023,613.2,48,17.8,99.0,0.0,1,0,Kaffrine,Kaffrine,14.07923,-15.53776,17.1,1.36,632,50.9,7220,5.1,1,6.450470422144176,0,9.0602,1,0.1,False,False,True,False,False,False,False,True,False,False,False,False,False,True
Z0320,2024,552.9,42,10.0,12.8,0.0,0,0,Kaffrine,Kaffrine,14.07923,-15.53776,17.1,1.36,632,50.9,7220,5.1,1,6.450470422144176,0,5.09,1,0.1,False,False,True,False,False,False,False,True,False,False,False,False,False,True
Z0321,2015,911.6,59,14.8,18.4,0.0,0,0,Kaffrine,Kaffrine,14.11979,-15.56332,13.0,1.36,4250,0.0,193,5.7,0,8.35490952835879,1,0.0,2,0.0,False,False,True,False,False,False,False,False,True,False,False,True,False,False
Z0321,2016,826.4,49,21.0,45.0,0.0,0,0,Kaffrine,Kaffrine,14.11979,-15.56332,13.0,1.36,4250,0.0,193,5.7,0,8.35490952835879,1,0.0,2,0.0,False,False,True,False,False,False,False,False,True,False,False,True,False,False
Z0321,2017,524.3,31,30.6,52.3,0.0,0,0,Kaffrine,Kaffrine,14.11979,-15.56332,13.0,1.36,4250,0.0,193,5.7,0,8.35490952835879,1,0.0,2,0.0,False,False,True,False,False,False,False,False,True,False,False,True,False,False
Z0321,2018,633.6,49,84.2,153.6,0.0,0,0,Kaffrine,Kaffrine,14.11979,-15.56332,13.0,1.36,4250,0.0,193,5.7,0,8.35490952835879,1,0.0,2,0.0,False,False,True,False,False,False,False,False,True,False,False,True,False,False
Z0321,2019,624.6,40,17.6,24.1,0.0,0,0,Kaffrine,Kaffrine,14.11979,-15.56332,13.0,1.36,4250,0.0,193,5.7,0,8.35490952835879,1,0.0,2,0.0,False,False,True,False,False,False,False,False,True,False,False,True,False,False
Z0321,2020,973.4,69,17.3,26.4,0.0,0,0,Kaffrine,Kaffrine,14.11979,-15.56332,13.0,1.36,4250,0.0,193,5.7,0,8.35490952835879,1,0.0,2,0.0,False,False,True,False,False,False,False,False,True,False,False,True,False,False
Z0321,2021,644.4,45,10.0,21.1,0.0,0,0,Kaffrine,Kaffrine,14.11979,-15.56332,13.0,1.36,4250,0.0,193,5.7,0,8.35490952835879,1,0.0,2,0.0,False,False,True,False,False,False,False,False,True,False,False,True,False,False
Z0321,2022,902.0,61,56.6,83.9,0.0,0,0,Kaffrine,Kaffrine,14.11979,-15.56332,13.0,1.36,4250,0.0,193,5.7,0,8.35490952835879,1,0.0,2,0.0,False,False,True,False,False,False,False,False,True,False,False,True,False,False
Z0321,2023,520.9,35,23.1,48.0,0.0,0,0,Kaffrine,Kaffrine,14.11979,-15.56332,13.0,1.36,4250,0.0,193,5.7,0,8.35490952835879,1,0.0,2,0.0,False,False,True,False,False,False,False,False,True,False,False,True,False,False
Z0321,2024,656.3,48,12.9,20.6,0.0,0,0,Kaffrine,Kaffrine,14.11979,-15.56332,13.0,1.36,4250,0.0,193,5.7,0,8.35490952835879,1,0.0,2,0.0,False,False,True,False,False,False,False,False,True,False,False,True,False,False
Z0322,2015,502.5,35,11.4,19.5,0.0,0,0,Kaffrine,Kaffrine,14.08864,-15.56721,7.8,0.97,5872,7.9,155,4.3,0,8.67812085552252,1,0.9006000000000001,1,0.0,False,True,False,False,False,True,False,False,False,False,False,False,False,True
Z0322,2016,592.8,45,12.7,22.3,0.0,0,0,Kaffrine,Kaffrine,14.08864,-15.56721,7.8,0.97,5872,7.9,155,4.3,0,8.67812085552252,1,1.0033,1,0.0,False,True,False,False,False,True,False,False,False,False,False,False,False,True
Z0322,2017,858.2,57,29.2,56.7,0.0,0,0,Kaffrine,Kaffrine,14.08864,-15.56721,7.8,0.97,5872,7.9,155,4.3,0,8.67812085552252,1,2.3068,1,0.0,False,True,False,False,False,True,False,False,False,False,False,False,False,True
Z0322,2018,739.3,55,30.0,43.4,0.0,0,0,Kaffrine,Kaffrine,14.08864,-15.56721,7.8,0.97,5872,7.9,155,4.3,0,8.67812085552252,1,2.37,1,0.0,False,True,False,False,False,True,False,False,False,False,False,False,False,True
Z0322,2019,654.0,53,26.6,57.3,0.0,0,0,Kaffrine,Kaffrine,14.08864,-15.56721,7.8,0.97,5872,7.9,155,4.3,0,8.67812085552252,1,2.1014,1,0.0,False,True,False,False,False,True,False,False,False,False,False,False,False,True
Z0322,2020,1016.6,70,43.9,87.8,0.0,0,0,Kaffrine,Kaffrine,14.08864,-15.56721,7.8,0.97,5872,7.9,155,4.3,0,8.67812085552252,1,3.4681,1,0.0,False,True,False,False,False,True,False,False,False,False,False,False,False,True
Z0322,2021,488.7,37,10.0,19.8,0.0,0,0,Kaffrine,Kaffrine,14.08864,-15.56721,7.8,0.97,5872,7.9,155,4.3,0,8.67812085552252,1,0.79,1,0.0,False,True,False,False,False,True,False,False,False,False,False,False,False,True
Z0322,2022,661.1,39,10.8,23.1,0.0,1,0,Kaffrine,Kaffrine,14.08864,-15.56721,7.8,0.97,5872,7.9,155,4.3,0,8.67812085552252,1,0.8532000000000001,1,0.0,False,True,False,False,False,True,False,False,False,False,False,False,False,True
Z0322,2023,640.3,47,38.9,64.4,0.0,0,0,Kaffrine,Kaffrine,14.08864,-15.56721,7.8,0.97,5872,7.9,155,4.3,0,8.67812085552252,1,3.0731,1,0.0,False,True,False,False,False,True,False,False,False,False,False,False,False,True
Z0322,2024,746.2,57,27.5,47.9,0.0,0,0,Kaffrine,Kaffrine,14.08864,-15.56721,7.8,0.97,5872,7.9,155,4.3,0,8.67812085552252,1,2.1725,1,0.0,False,True,False,False,False,True,False,False,False,False,False,False,False,True
Z0323,2015,860.3,56,22.6,46.7,0.0,0,0,Kaffrine,Kaffrine,14.09603,-15.54846,2.5,0.73,8565,48.5,5032,2.4,2,9.055556158175316,1,10.961000000000002,2,0.2,False,False,False,False,True,False,False,True,False,False,False,True,False,False
Z0323,2016,739.7,54,62.2,90.5,0.0,0,0,Kaffrine,Kaffrine,14.09603,-15.54846,2.5,0.73,8565,48.5,5032,2.4,2,9.055556158175316,1,30.167,2,0.2,False,False,False,False,True,False,False,True,False,False,False,True,False,False
Z0323,2017,805.3,56,34.5,57.9,0.0,0,0,Kaffrine,Kaffrine,14.09603,-15.54846,2.5,0.73,8565,48.5,5032,2.4,2,9.055556158175316,1,16.7325,2,0.2,False,False,False,False,True,False,False,True,False,False,False,True,False,False
Z0323,2018,666.7,53,45.1,67.2,0.0,0,0,Kaffrine,Kaffrine,14.09603,-15.54846,2.5,0.73,8565,48.5,5032,2.4,2,9.055556158175316,1,21.8735,2,0.2,False,False,False,False,True,False,False,True,False,False,False,True,False,False
Z0323,2019,750.7,46,41.6,84.7,0.0,1,0,Kaffrine,Kaffrine,14.09603,-15.54846,2.5,0.73,8565,48.5,5032,2.4,2,9.055556158175316,1,20.176000000000002,2,0.2,False,False,False,False,True,False,False,True,False,False,False,True,False,False
Z0323,2020,764.8,54,18.3,37.3,0.0,0,0,Kaffrine,Kaffrine,14.09603,-15.54846,2.5,0.73,8565,48.5,5032,2.4,2,9.055556158175316,1,8.8755,2,0.2,False,False,False,False,True,False,False,True,False,False,False,True,False,False
Z0323,2021,461.9,29,25.7,44.7,0.0,0,0,Kaffrine,Kaffrine,14.09603,-15.54846,2.5,0.73,8565,48.5,5032,2.4,2,9.055556158175316,1,12.464500000000001,2,0.2,False,False,False,False,True,False,False,True,False,False,False,True,False,False
Z0323,2022,754.9,47,44.6,59.0,0.0,0,0,Kaffrine,Kaffrine,14.09603,-15.54846,2.5,0.73,8565,48.5,5032,2.4,2,9.055556158175316,1,21.631,2,0.2,False,False,False,False,True,False,False,True,False,False,False,True,False,False
Z0323,2023,582.0,40,34.5,53.2,0.0,0,0,Kaffrine,Kaffrine,14.09603,-15.54846,2.5,0.73,8565,48.5,5032,2.4,2,9.055556158175316,1,16.7325,2,0.2,False,False,False,False,True,False,False,True,False,False,False,True,False,False
Z0323,2024,907.5,61,24.9,54.4,0.0,0,0,Kaffrine,Kaffrine,14.09603,-15.54846,2.5,0.73,8565,48.5,5032,2.4,2,9.055556158175316,1,12.0765,2,0.2,False,False,False,False,True,False,False,True,False,False,False,True,False,False
Z0324,2015,438.3,32,18.2,34.1,0.0,0,0,Kaffrine,Kaffrine,14.08509,-15.5504,11.3,0.11,1081,20.0,143,2.9,0,6.9865664594064265,1,3.64,1,0.0,True,False,False,False,False,True,False,False,False,False,False,False,False,True
Z0324,2016,642.3,39,22.2,28.9,0.0,0,0,Kaffrine,Kaffrine,14.08509,-15.5504,11.3,0.11,1081,20.0,143,2.9,0,6.9865664594064265,1,4.44,1,0.0,True,False,False,False,False,True,False,False,False,False,False,False,False,True
Z0324,2017,607.7,41,11.1,16.5,0.0,0,0,Kaffrine,Kaffrine,14.08509,-15.5504,11.3,0.11,1081,20.0,143,2.9,0,6.9865664594064265,1,2.22,1,0.0,True,False,False,False,False,True,False,False,False,False,False,False,False,True
Z0324,2018,698.7,53,37.5,45.2,0.0,1,0,Kaffrine,Kaffrine,14.08509,-15.5504,11.3,0.11,1081,20.0,143,2.9,0,6.9865664594064265,1,7.5,1,0.0,True,False,False,False,False,True,False,False,False,False,False,False,False,True
Z0324,2019,738.6,49,24.3,44.8,0.0,0,0,Kaffrine,Kaffrine,14.08509,-15.5504,11.3,0.11,1081,20.0,143,2.9,0,6.9865664594064265,1,4.86,1,0.0,True,False,False,False,False,True,False,False,False,False,False,False,False,True
Z0324,2020,841.0,61,51.7,83.3,0.0,1,0,Kaffrine,Kaffrine,14.08509,-15.5504,11.3,0.11,1081,20.0,143,2.9,0,6.9865664594064265,1,10.34,1,0.0,True,False,False,False,False,True,False,False,False,False,False,False,False,True
Z0324,2021,462.9,34,62.7,102.5,0.0,1,0,Kaffrine,Kaffrine,14.08509,-15.5504,11.3,0.11,1081,20.0,143,2.9,0,6.9865664594064265,1,12.54,1,0.0,True,False,False,False,False,True,False,False,False,False,False,False,False,True
Z0324,2022,739.0,48,27.6,53.9,0.0,1,0,Kaffrine,Kaffrine,14.08509,-15.5504,11.3,0.11,1081,20.0,143,2.9,0,6.9865664594064265,1,5.52,1,0.0,True,False,False,False,False,True,False,False,False,False,False,False,False,True
Z0324,2023,770.9,53,39.9,69.0,0.0,0,0,Kaffrine,Kaffrine,14.08509,-15.5504,11.3,0.11,1081,20.0,143,2.9,0,6.9865664594064265,1,7.98,1,0.0,True,False,False,False,False,True,False,False,False,False,False,False,False,True
Z0324,2024,1098.4,74,21.0,45.2,0.0,0,0,Kaffrine,Kaffrine,14.08509,-15.5504,11.3,0.11,1081,20.0,143,2.9,0,6.9865664594064265,1,4.2,1,0.0,True,False,False,False,False,True,False,False,False,False,False,False,False,True
Z0325,2015,568.9,39,10.0,21.8,0.0,0,0,Kaffrine,Kaffrine,14.12223,-15.54427,21.3,0.45,4822,48.0,6484,4.8,0,8.481151420068972,0,4.8,2,0.0,False,False,False,True,False,False,False,True,False,False,False,True,False,False
Z0325,2016,494.2,38,18.3,32.0,0.0,0,0,Kaffrine,Kaffrine,14.12223,-15.54427,21.3,0.45,4822,48.0,6484,4.8,0,8.481151420068972,0,8.784,2,0.0,False,False,False,True,False,False,False,True,False,False,False,True,False,False
Z0325,2017,773.7,58,34.9,48.1,0.0,1,0,Kaffrine,Kaffrine,14.12223,-15.54427,21.3,0.45,4822,48.0,6484,4.8,0,8.481151420068972,0,16.752,2,0.0,False,False,False,True,False,False,False,True,False,False,False,True,False,False
Z0325,2018,549.5,43,14.2,30.0,0.0,0,0,Kaffrine,Kaffrine,14.12223,-15.54427,21.3,0.45,4822,48.0,6484,4.8,0,8.481151420068972,0,6.815999999999999,2,0.0,False,False,False,True,False,False,False,True,False,False,False,True,False,False
Z0325,2019,540.0,43,12.7,19.1,0.0,0,0,Kaffrine,Kaffrine,14.12223,-15.54427,21.3,0.45,4822,48.0,6484,4.8,0,8.481151420068972,0,6.095999999999999,2,0.0,False,False,False,True,False,False,False,True,False,False,False,True,False,False
Z0325,2020,824.2,59,28.1,44.1,0.0,0,0,Kaffrine,Kaffrine,14.12223,-15.54427,21.3,0.45,4822,48.0,6484,4.8,0,8.481151420068972,0,13.488000000000001,2,0.0,False,False,False,True,False,False,False,True,False,False,False,True,False,False
Z0325,2021,667.6,48,36.6,74.0,0.0,0,0,Kaffrine,Kaffrine,14.12223,-15.54427,21.3,0.45,4822,48.0,6484,4.8,0,8.481151420068972,0,17.568,2,0.0,False,False,False,True,False,False,False,True,False,False,False,True,False,False
Z0325,2022,805.8,63,64.5,83.4,0.0,0,0,Kaffrine,Kaffrine,14.12223,-15.54427,21.3,0.45,4822,48.0,6484,4.8,0,8.481151420068972,0,30.96,2,0.0,False,False,False,True,False,False,False,True,False,False,False,True,False,False
Z0325,2023,532.8,40,46.9,93.1,0.0,0,0,Kaffrine,Kaffrine,14.12223,-15.54427,21.3,0.45,4822,48.0,6484,4.8,0,8.481151420068972,0,22.511999999999997,2,0.0,False,False,False,True,False,False,False,True,False,False,False,True,False,False
Z0325,2024,685.5,52,18.4,31.8,0.0,0,0,Kaffrine,Kaffrine,14.12223,-15.54427,21.3,0.45,4822,48.0,6484,4.8,0,8.481151420068972,0,8.831999999999999,2,0.0,False,False,False,True,False,False,False,True,False,False,False,True,False,False
Z0326,2015,613.1,46,32.3,59.7,0.0,1,0,Kaffrine,Kaffrine,14.08396,-15.5586,13.9,0.51,1813,46.7,2986,3.3,2,7.503289630675082,1,15.0841,1,0.2,False,False,True,False,False,False,False,True,False,False,False,False,False,True
Z0326,2016,623.8,42,56.2,116.6,0.0,0,0,Kaffrine,Kaffrine,14.08396,-15.5586,13.9,0.51,1813,46.7,2986,3.3,2,7.503289630675082,1,26.245400000000004,1,0.2,False,False,True,False,False,False,False,True,False,False,False,False,False,True
Z0326,2017,859.3,54,11.1,14.1,0.0,1,0,Kaffrine,Kaffrine,14.08396,-15.5586,13.9,0.51,1813,46.7,2986,3.3,2,7.503289630675082,1,5.1837,1,0.2,False,False,True,False,False,False,False,True,False,False,False,False,False,True
Z0326,2018,435.2,34,25.3,49.0,0.0,0,0,Kaffrine,Kaffrine,14.08396,-15.5586,13.9,0.51,1813,46.7,2986,3.3,2,7.503289630675082,1,11.815100000000003,1,0.2,False,False,True,False,False,False,False,True,False,False,False,False,False,True
Z0326,2019,650.6,48,12.1,26.4,0.0,0,0,Kaffrine,Kaffrine,14.08396,-15.5586,13.9,0.51,1813,46.7,2986,3.3,2,7.503289630675082,1,5.6507000000000005,1,0.2,False,False,True,False,False,False,False,True,False,False,False,False,False,True
Z0326,2020,577.7,38,11.4,22.8,0.0,0,0,Kaffrine,Kaffrine,14.08396,-15.5586,13.9,0.51,1813,46.7,2986,3.3,2,7.503289630675082,1,5.3238,1,0.2,False,False,True,False,False,False,False,True,False,False,False,False,False,True
Z0326,2021,534.1,41,22.7,28.5,0.0,0,0,Kaffrine,Kaffrine,14.08396,-15.5586,13.9,0.51,1813,46.7,2986,3.3,2,7.503289630675082,1,10.6009,1,0.2,False,False,True,False,False,False,False,True,False,False,False,False,False,True
Z0326,2022,637.0,45,27.3,50.9,0.0,0,0,Kaffrine,Kaffrine,14.08396,-15.5586,13.9,0.51,1813,46.7,2986,3.3,2,7.503289630675082,1,12.7491,1,0.2,False,False,True,False,False,False,False,True,False,False,False,False,False,True
Z0326,2023,543.7,43,30.0,56.3,0.0,0,0,Kaffrine,Kaffrine,14.08396,-15.5586,13.9,0.51,1813,46.7,2986,3.3,2,7.503289630675082,1,14.01,1,0.2,False,False,True,False,False,False,False,True,False,False,False,False,False,True
Z0326,2024,949.2,68,62.2,97.8,0.0,0,0,Kaffrine,Kaffrine,14.08396,-15.5586,13.9,0.51,1813,46.7,2986,3.3,2,7.503289630675082,1,29.047400000000003,1,0.2,False,False,True,False,False,False,False,True,False,False,False,False,False,True
Z0327,2015,524.2,34,43.6,83.3,0.0,0,0,Kaffrine,Kaffrine,14.0936,-15.54071,19.4,1.21,496,47.9,3293,3.7,0,6.208590026096629,0,20.8844,2,0.0,False,True,False,False,False,False,False,True,False,False,False,True,False,False
Z0327,2016,555.5,33,13.9,27.9,0.0,0,0,Kaffrine,Kaffrine,14.0936,-15.54071,19.4,1.21,496,47.9,3293,3.7,0,6.208590026096629,0,6.658099999999999,2,0.0,False,True,False,False,False,False,False,True,False,False,False,True,False,False
Z0327,2017,727.3,48,18.4,37.1,0.0,0,0,Kaffrine,Kaffrine,14.0936,-15.54071,19.4,1.21,496,47.9,3293,3.7,0,6.208590026096629,0,8.8136,2,0.0,False,True,False,False,False,False,False,True,False,False,False,True,False,False
Z0327,2018,551.8,43,34.3,51.5,0.0,0,0,Kaffrine,Kaffrine,14.0936,-15.54071,19.4,1.21,496,47.9,3293,3.7,0,6.208590026096629,0,16.429699999999997,2,0.0,False,True,False,False,False,False,False,True,False,False,False,True,False,False
Z0327,2019,509.8,45,38.2,50.1,0.0,0,0,Kaffrine,Kaffrine,14.0936,-15.54071,19.4,1.21,496,47.9,3293,3.7,0,6.208590026096629,0,18.2978,2,0.0,False,True,False,False,False,False,False,True,False,False,False,True,False,False
Z0327,2020,890.7,64,41.6,50.2,0.0,0,0,Kaffrine,Kaffrine,14.0936,-15.54071,19.4,1.21,496,47.9,3293,3.7,0,6.208590026096629,0,19.9264,2,0.0,False,True,False,False,False,False,False,True,False,False,False,True,False,False
Z0327,2021,589.5,42,14.9,32.1,0.0,0,0,Kaffrine,Kaffrine,14.0936,-15.54071,19.4,1.21,496,47.9,3293,3.7,0,6.208590026096629,0,7.1371,2,0.0,False,True,False,False,False,False,False,True,False,False,False,True,False,False
Z0327,2022,877.9,71,60.5,114.5,0.0,0,0,Kaffrine,Kaffrine,14.0936,-15.54071,19.4,1.21,496,47.9,3293,3.7,0,6.208590026096629,0,28.979499999999998,2,0.0,False,True,False,False,False,False,False,True,False,False,False,True,False,False
Z0327,2023,766.3,56,31.1,53.4,0.0,0,0,Kaffrine,Kaffrine,14.0936,-15.54071,19.4,1.21,496,47.9,3293,3.7,0,6.208590026096629,0,14.8969,2,0.0,False,True,False,False,False,False,False,True,False,False,False,True,False,False
Z0327,2024,857.4,65,52.9,108.8,0.0,0,0,Kaffrine,Kaffrine,14.0936,-15.54071,19.4,1.21,496,47.9,3293,3.7,0,6.208590026096629,0,25.3391,2,0.0,False,True,False,False,False,False,False,True,False,False,False,True,False,False
Z0328,2015,1259.5,89,47.8,72.7,0.0,1,0,Ziguinchor,Ziguinchor,12.56688,-16.29029,2.9,0.03,1381,64.7,3045,3.8,2,7.231287004327616,1,30.926599999999997,0,0.2,False,True,False,False,False,False,False,True,False,False,True,False,False,False
Z0328,2016,743.6,46,29.1,45.2,0.0,1,0,Ziguinchor,Ziguinchor,12.56688,-16.29029,2.9,0.03,1381,64.7,3045,3.8,2,7.231287004327616,1,18.827700000000004,0,0.2,False,True,False,False,False,False,False,True,False,False,True,False,False,False
Z0328,2017,1351.1,90,54.8,66.4,0.0,1,0,Ziguinchor,Ziguinchor,12.56688,-16.29029,2.9,0.03,1381,64.7,3045,3.8,2,7.231287004327616,1,35.4556,0,0.2,False,True,False,False,False,False,False,True,False,False,True,False,False,False
Z0328,2018,1403.4,90,43.0,75.0,0.0,0,0,Ziguinchor,Ziguinchor,12.56688,-16.29029,2.9,0.03,1381,64.7,3045,3.8,2,7.231287004327616,1,27.820999999999998,0,0.2,False,True,False,False,False,False,False,True,False,False,True,False,False,False
Z0328,2019,858.2,62,19.9,32.6,0.0,0,0,Ziguinchor,Ziguinchor,12.56688,-16.29029,2.9,0.03,1381,64.7,3045,3.8,2,7.231287004327616,1,12.8753,0,0.2,False,True,False,False,False,False,False,True,False,False,True,False,False,False
Z0328,2020,1239.3,89,175.0,224.3,0.0,1,0,Ziguinchor,Ziguinchor,12.56688,-16.29029,2.9,0.03,1381,64.7,3045,3.8,2,7.231287004327616,1,113.225,0,0.2,False,True,False,False,False,False,False,True,False,False,True,False,False,False
Z0328,2021,944.4,68,22.9,33.2,0.0,0,0,Ziguinchor,Ziguinchor,12.56688,-16.29029,2.9,0.03,1381,64.7,3045,3.8,2,7.231287004327616,1,14.816299999999998,0,0.2,False,True,False,False,False,False,False,True,False,False,True,False,False,False
Z0328,2022,2557.5,90,177.8,297.9,0.0,1,0,Ziguinchor,Ziguinchor,12.56688,-16.29029,2.9,0.03,1381,64.7,3045,3.8,2,7.231287004327616,1,115.03660000000002,0,0.2,False,True,False,False,False,False,False,True,False,False,True,False,False,False
Z0328,2023,1075.4,81,52.9,86.3,0.0,1,0,Ziguinchor,Ziguinchor,12.56688,-16.29029,2.9,0.03,1381,64.7,3045,3.8,2,7.231287004327616,1,34.2263,0,0.2,False,True,False,False,False,False,False,True,False,False,True,False,False,False
Z0328,2024,2099.1,90,80.7,105.4,0.0,1,0,Ziguinchor,Ziguinchor,12.56688,-16.29029,2.9,0.03,1381,64.7,3045,3.8,2,7.231287004327616,1,52.2129,0,0.2,False,True,False,False,False,False,False,True,False,False,True,False,False,False
Z0329,2015,1256.2,90,100.3,142.6,0.0,0,0,Ziguinchor,Ziguinchor,12.55521,-16.28858,5.9,0.32,535,56.1,8406,3.8,3,6.284134161070802,1,56.268299999999996,1,0.3,False,True,False,False,False,False,False,True,False,False,False,False,False,True
Z0329,2016,1398.9,90,50.0,108.7,0.0,0,0,Ziguinchor,Ziguinchor,12.55521,-16.28858,5.9,0.32,535,56.1,8406,3.8,3,6.284134161070802,1,28.05,1,0.3,False,True,False,False,False,False,False,True,False,False,False,False,False,True
Z0329,2017,1087.2,76,82.1,165.5,0.0,0,0,Ziguinchor,Ziguinchor,12.55521,-16.28858,5.9,0.32,535,56.1,8406,3.8,3,6.284134161070802,1,46.058099999999996,1,0.3,False,True,False,False,False,False,False,True,False,False,False,False,False,True
Z0329,2018,1140.9,90,73.2,128.9,0.0,0,0,Ziguinchor,Ziguinchor,12.55521,-16.28858,5.9,0.32,535,56.1,8406,3.8,3,6.284134161070802,1,41.065200000000004,1,0.3,False,True,False,False,False,False,False,True,False,False,False,False,False,True
Z0329,2019,1065.8,77,57.5,87.0,0.0,1,0,Ziguinchor,Ziguinchor,12.55521,-16.28858,5.9,0.32,535,56.1,8406,3.8,3,6.284134161070802,1,32.2575,1,0.3,False,True,False,False,False,False,False,True,False,False,False,False,False,True
Z0329,2020,1623.2,90,17.1,22.8,0.0,0,0,Ziguinchor,Ziguinchor,12.55521,-16.28858,5.9,0.32,535,56.1,8406,3.8,3,6.284134161070802,1,9.5931,1,0.3,False,True,False,False,False,False,False,True,False,False,False,False,False,True
Z0329,2021,2485.1,90,260.0,342.4,0.0,1,0,Ziguinchor,Ziguinchor,12.55521,-16.28858,5.9,0.32,535,56.1,8406,3.8,3,6.284134161070802,1,145.86,1,0.3,False,True,False,False,False,False,False,True,False,False,False,False,False,True
Z0329,2022,2189.2,90,83.4,129.8,0.0,0,0,Ziguinchor,Ziguinchor,12.55521,-16.28858,5.9,0.32,535,56.1,8406,3.8,3,6.284134161070802,1,46.787400000000005,1,0.3,False,True,False,False,False,False,False,True,False,False,False,False,False,True
Z0329,2023,1431.6,90,114.0,165.4,0.0,1,0,Ziguinchor,Ziguinchor,12.55521,-16.28858,5.9,0.32,535,56.1,8406,3.8,3,6.284134161070802,1,63.95400000000001,1,0.3,False,True,False,False,False,False,False,True,False,False,False,False,False,True
Z0329,2024,1835.6,90,68.0,149.1,0.0,1,0,Ziguinchor,Ziguinchor,12.55521,-16.28858,5.9,0.32,535,56.1,8406,3.8,3,6.284134161070802,1,38.148,1,0.3,False,True,False,False,False,False,False,True,False,False,False,False,False,True
Z0330,2015,1220.7,83,97.5,31.9,0.0,0,0,Ziguinchor,Ziguinchor,12.56278,-16.2735,9.1,1.03,462,14.0,248,4.2,1,6.137727054086234,0,13.65,2,0.1,False,True,False,False,False,False,False,False,True,False,False,True,False,False
Z0330,2016,1404.7,90,35.0,56.3,0.0,0,0,Ziguinchor,Ziguinchor,12.56278,-16.2735,9.1,1.03,462,14.0,248,4.2,1,6.137727054086234,0,4.9,2,0.1,False,True,False,False,False,False,False,False,True,False,False,True,False,False
Z0330,2017,1117.9,80,28.9,54.5,0.0,0,0,Ziguinchor,Ziguinchor,12.56278,-16.2735,9.1,1.03,462,14.0,248,4.2,1,6.137727054086234,0,4.045999999999999,2,0.1,False,True,False,False,False,False,False,False,True,False,False,True,False,False
Z0330,2018,1391.7,90,37.7,82.7,0.0,0,0,Ziguinchor,Ziguinchor,12.56278,-16.2735,9.1,1.03,462,14.0,248,4.2,1,6.137727054086234,0,5.2780000000000005,2,0.1,False,True,False,False,False,False,False,False,True,False,False,True,False,False
Z0330,2019,1325.3,88,118.9,211.7,0.0,1,0,Ziguinchor,Ziguinchor,12.56278,-16.2735,9.1,1.03,462,14.0,248,4.2,1,6.137727054086234,0,16.646,2,0.1,False,True,False,False,False,False,False,False,True,False,False,True,False,False
Z0330,2020,1697.8,90,151.4,296.0,0.0,1,0,Ziguinchor,Ziguinchor,12.56278,-16.2735,9.1,1.03,462,14.0,248,4.2,1,6.137727054086234,0,21.195999999999998,2,0.1,False,True,False,False,False,False,False,False,True,False,False,True,False,False
Z0330,2021,1392.5,90,97.5,183.7,0.0,1,0,Ziguinchor,Ziguinchor,12.56278,-16.2735,9.1,1.03,462,14.0,248,4.2,1,6.137727054086234,0,13.65,2,0.1,False,True,False,False,False,False,False,False,True,False,False,True,False,False
Z0330,2022,1515.6,90,134.9,243.3,0.0,1,0,Ziguinchor,Ziguinchor,12.56278,-16.2735,9.1,1.03,462,14.0,248,4.2,1,6.137727054086234,0,18.886000000000003,2,0.1,False,True,False,False,False,False,False,False,True,False,False,True,False,False
Z0330,2023,1622.6,90,83.4,103.5,0.0,0,0,Ziguinchor,Ziguinchor,12.56278,-16.2735,9.1,1.03,462,14.0,248,4.2,1,6.137727054086234,0,11.676000000000002,2,0.1,False,True,False,False,False,False,False,False,True,False,False,True,False,False
Z0330,2024,1783.9,90,131.3,159.5,0.0,0,0,Ziguinchor,Ziguinchor,12.56278,-16.2735,9.1,1.03,462,14.0,248,4.2,1,6.137727054086234,0,18.382,2,0.1,False,True,False,False,False,False,False,False,True,False,False,True,False,False
Z0331,2015,1343.5,90,84.9,178.0,0.0,1,0,Ziguinchor,Ziguinchor,12.5347,-16.24552,7.7,0.6,521,23.7,85,0.2,3,6.257667587882639,1,20.1213,1,0.3,False,False,True,False,False,False,False,False,False,True,False,False,False,True
Z0331,2016,1163.5,84,102.3,169.3,0.0,1,0,Ziguinchor,Ziguinchor,12.5347,-16.24552,7.7,0.6,521,23.7,85,0.2,3,6.257667587882639,1,24.245099999999997,1,0.3,False,False,True,False,False,False,False,False,False,True,False,False,False,True
Z0331,2017,1265.0,90,80.7,145.0,0.0,1,0,Ziguinchor,Ziguinchor,12.5347,-16.24552,7.7,0.6,521,23.7,85,0.2,3,6.257667587882639,1,19.125899999999998,1,0.3,False,False,True,False,False,False,False,False,False,True,False,False,False,True
Z0331,2018,965.2,78,69.8,145.2,0.0,0,0,Ziguinchor,Ziguinchor,12.5347,-16.24552,7.7,0.6,521,23.7,85,0.2,3,6.257667587882639,1,16.5426,1,0.3,False,False,True,False,False,False,False,False,False,True,False,False,False,True
Z0331,2019,1617.2,90,35.6,56.2,0.0,1,0,Ziguinchor,Ziguinchor,12.5347,-16.24552,7.7,0.6,521,23.7,85,0.2,3,6.257667587882639,1,8.4372,1,0.3,False,False,True,False,False,False,False,False,False,True,False,False,False,True
Z0331,2020,1572.6,90,110.4,205.7,0.0,1,0,Ziguinchor,Ziguinchor,12.5347,-16.24552,7.7,0.6,521,23.7,85,0.2,3,6.257667587882639,1,26.1648,1,0.3,False,False,True,False,False,False,False,False,False,True,False,False,False,True
Z0331,2021,940.5,65,51.5,90.5,0.0,1,0,Ziguinchor,Ziguinchor,12.5347,-16.24552,7.7,0.6,521,23.7,85,0.2,3,6.257667587882639,1,12.205499999999999,1,0.3,False,False,True,False,False,False,False,False,False,True,False,False,False,True
Z0331,2022,1253.2,90,99.2,139.4,0.0,1,0,Ziguinchor,Ziguinchor,12.5347,-16.24552,7.7,0.6,521,23.7,85,0.2,3,6.257667587882639,1,23.5104,1,0.3,False,False,True,False,False,False,False,False,False,True,False,False,False,True
Z0331,2023,1041.6,71,49.6,85.0,0.0,0,0,Ziguinchor,Ziguinchor,12.5347,-16.24552,7.7,0.6,521,23.7,85,0.2,3,6.257667587882639,1,11.7552,1,0.3,False,False,True,False,False,False,False,False,False,True,False,False,False,True
Z0331,2024,1507.1,90,174.9,230.1,0.0,1,0,Ziguinchor,Ziguinchor,12.5347,-16.24552,7.7,0.6,521,23.7,85,0.2,3,6.257667587882639,1,41.4513,1,0.3,False,False,True,False,False,False,False,False,False,True,False,False,False,True
Z0332,2015,1168.0,80,44.8,85.4,0.0,0,0,Ziguinchor,Ziguinchor,12.58222,-16.27025,15.4,2.88,1520,62.0,3973,6.4,0,7.327123292259293,0,27.776,0,0.0,True,False,False,False,False,False,False,True,False,False,True,False,False,False
Z0332,2016,1502.6,90,54.9,89.9,0.0,0,0,Ziguinchor,Ziguinchor,12.58222,-16.27025,15.4,2.88,1520,62.0,3973,6.4,0,7.327123292259293,0,34.038,0,0.0,True,False,False,False,False,False,False,True,False,False,True,False,False,False
Z0332,2017,1483.2,90,157.0,240.1,0.0,1,0,Ziguinchor,Ziguinchor,12.58222,-16.27025,15.4,2.88,1520,62.0,3973,6.4,0,7.327123292259293,0,97.34,0,0.0,True,False,False,False,False,False,False,True,False,False,True,False,False,False
Z0332,2018,1585.6,90,62.4,135.3,0.0,0,0,Ziguinchor,Ziguinchor,12.58222,-16.27025,15.4,2.88,1520,62.0,3973,6.4,0,7.327123292259293,0,38.687999999999995,0,0.0,True,False,False,False,False,False,False,True,False,False,True,False,False,False
Z0332,2019,1660.5,90,136.8,253.1,0.0,0,0,Ziguinchor,Ziguinchor,12.58222,-16.27025,15.4,2.88,1520,62.0,3973,6.4,0,7.327123292259293,0,84.816,0,0.0,True,False,False,False,False,False,False,True,False,False,True,False,False,False
Z0332,2020,2106.3,90,111.0,221.8,0.0,1,0,Ziguinchor,Ziguinchor,12.58222,-16.27025,15.4,2.88,1520,62.0,3973,6.4,0,7.327123292259293,0,68.82,0,0.0,True,False,False,False,False,False,False,True,False,False,True,False,False,False
Z0332,2021,1669.1,90,60.8,89.0,0.0,0,0,Ziguinchor,Ziguinchor,12.58222,-16.27025,15.4,2.88,1520,62.0,3973,6.4,0,7.327123292259293,0,37.696,0,0.0,True,False,False,False,False,False,False,True,False,False,True,False,False,False
Z0332,2022,1140.1,85,20.0,31.7,0.0,1,0,Ziguinchor,Ziguinchor,12.58222,-16.27025,15.4,2.88,1520,62.0,3973,6.4,0,7.327123292259293,0,12.4,0,0.0,True,False,False,False,False,False,False,True,False,False,True,False,False,False
Z0332,2023,1254.8,87,40.0,70.5,0.0,0,0,Ziguinchor,Ziguinchor,12.58222,-16.27025,15.4,2.88,1520,62.0,3973,6.4,0,7.327123292259293,0,24.8,0,0.0,True,False,False,False,False,False,False,True,False,False,True,False,False,False
Z0332,2024,1122.0,79,53.4,113.2,0.0,0,0,Ziguinchor,Ziguinchor,12.58222,-16.27025,15.4,2.88,1520,62.0,3973,6.4,0,7.327123292259293,0,33.108,0,0.0,True,False,False,False,False,False,False,True,False,False,True,False,False,False
Z0333,2015,1042.4,71,26.9,50.6,0.0,1,0,Ziguinchor,Ziguinchor,12.56493,-16.28405,11.5,1.07,2368,56.3,5371,4.0,1,7.7702232041587855,0,15.144699999999998,0,0.1,False,False,False,False,True,False,False,True,False,False,True,False,False,False
Z0333,2016,834.7,59,36.0,59.6,0.0,0,0,Ziguinchor,Ziguinchor,12.56493,-16.28405,11.5,1.07,2368,56.3,5371,4.0,1,7.7702232041587855,0,20.268,0,0.1,False,False,False,False,True,False,False,True,False,False,True,False,False,False
Z0333,2017,1386.5,90,159.1,221.6,0.0,1,0,Ziguinchor,Ziguinchor,12.56493,-16.28405,11.5,1.07,2368,56.3,5371,4.0,1,7.7702232041587855,0,89.5733,0,0.1,False,False,False,False,True,False,False,True,False,False,True,False,False,False
Z0333,2018,1124.7,85,58.7,75.1,0.0,0,0,Ziguinchor,Ziguinchor,12.56493,-16.28405,11.5,1.07,2368,56.3,5371,4.0,1,7.7702232041587855,0,33.0481,0,0.1,False,False,False,False,True,False,False,True,False,False,True,False,False,False
Z0333,2019,1523.9,90,24.6,39.6,0.0,0,0,Ziguinchor,Ziguinchor,12.56493,-16.28405,11.5,1.07,2368,56.3,5371,4.0,1,7.7702232041587855,0,13.8498,0,0.1,False,False,False,False,True,False,False,True,False,False,True,False,False,False
Z0333,2020,1434.9,90,147.4,194.9,0.0,1,0,Ziguinchor,Ziguinchor,12.56493,-16.28405,11.5,1.07,2368,56.3,5371,4.0,1,7.7702232041587855,0,82.98620000000001,0,0.1,False,False,False,False,True,False,False,True,False,False,True,False,False,False
Z0333,2021,1388.2,90,82.2,166.3,0.0,1,0,Ziguinchor,Ziguinchor,12.56493,-16.28405,11.5,1.07,2368,56.3,5371,4.0,1,7.7702232041587855,0,46.2786,0,0.1,False,False,False,False,True,False,False,True,False,False,True,False,False,False
Z0333,2022,1280.2,90,41.9,92.0,0.0,0,0,Ziguinchor,Ziguinchor,12.56493,-16.28405,11.5,1.07,2368,56.3,5371,4.0,1,7.7702232041587855,0,23.589699999999997,0,0.1,False,False,False,False,True,False,False,True,False,False,True,False,False,False
Z0333,2023,1248.2,87,82.0,128.3,0.0,0,0,Ziguinchor,Ziguinchor,12.56493,-16.28405,11.5,1.07,2368,56.3,5371,4.0,1,7.7702232041587855,0,46.166,0,0.1,False,False,False,False,True,False,False,True,False,False,True,False,False,False
Z0333,2024,2029.9,90,167.6,276.8,0.0,1,0,Ziguinchor,Ziguinchor,12.56493,-16.28405,11.5,1.07,2368,56.3,5371,4.0,1,7.7702232041587855,0,94.35879999999999,0,0.1,False,False,False,False,True,False,False,True,False,False,True,False,False,False
Z0334,2015,2040.2,90,90.4,135.5,0.0,1,0,Ziguinchor,Ziguinchor,12.56656,-16.25719,7.7,0.31,259,88.7,12244,3.0,6,5.560681631015528,1,80.18480000000001,0,0.6,False,True,False,False,False,False,True,False,False,False,True,False,False,False
Z0334,2016,1053.4,78,39.8,71.5,0.0,1,0,Ziguinchor,Ziguinchor,12.56656,-16.25719,7.7,0.31,259,88.7,12244,3.0,6,5.560681631015528,1,35.3026,0,0.6,False,True,False,False,False,False,True,False,False,False,True,False,False,False
Z0334,2017,1260.6,90,122.0,210.6,0.0,1,0,Ziguinchor,Ziguinchor,12.56656,-16.25719,7.7,0.31,259,88.7,12244,3.0,6,5.560681631015528,1,108.214,0,0.6,False,True,False,False,False,False,True,False,False,False,True,False,False,False
Z0334,2018,897.6,69,28.7,60.8,0.0,1,0,Ziguinchor,Ziguinchor,12.56656,-16.25719,7.7,0.31,259,88.7,12244,3.0,6,5.560681631015528,1,25.4569,0,0.6,False,True,False,False,False,False,True,False,False,False,True,False,False,False
Z0334,2019,1732.3,90,71.4,139.9,0.0,1,0,Ziguinchor,Ziguinchor,12.56656,-16.25719,7.7,0.31,259,88.7,12244,3.0,6,5.560681631015528,1,63.3318,0,0.6,False,True,False,False,False,False,True,False,False,False,True,False,False,False
Z0334,2020,1761.2,90,105.3,162.8,0.0,1,0,Ziguinchor,Ziguinchor,12.56656,-16.25719,7.7,0.31,259,88.7,12244,3.0,6,5.560681631015528,1,93.4011,0,0.6,False,True,False,False,False,False,True,False,False,False,True,False,False,False
Z0334,2021,988.7,75,41.4,52.6,0.0,0,0,Ziguinchor,Ziguinchor,12.56656,-16.25719,7.7,0.31,259,88.7,12244,3.0,6,5.560681631015528,1,36.7218,0,0.6,False,True,False,False,False,False,True,False,False,False,True,False,False,False
Z0334,2022,1998.0,90,12.4,26.2,0.0,1,0,Ziguinchor,Ziguinchor,12.56656,-16.25719,7.7,0.31,259,88.7,12244,3.0,6,5.560681631015528,1,10.998800000000001,0,0.6,False,True,False,False,False,False,True,False,False,False,True,False,False,False
Z0334,2023,1474.6,90,133.3,190.4,0.0,1,0,Ziguinchor,Ziguinchor,12.56656,-16.25719,7.7,0.31,259,88.7,12244,3.0,6,5.560681631015528,1,118.23710000000001,0,0.6,False,True,False,False,False,False,True,False,False,False,True,False,False,False
Z0334,2024,1187.6,87,46.1,67.6,0.0,0,0,Ziguinchor,Ziguinchor,12.56656,-16.25719,7.7,0.31,259,88.7,12244,3.0,6,5.560681631015528,1,40.8907,0,0.6,False,True,False,False,False,False,True,False,False,False,True,False,False,False
Z0335,2015,1536.6,90,10.8,17.6,0.0,0,0,Ziguinchor,Ziguinchor,12.56666,-16.28001,3.0,2.37,536,82.1,14391,3.5,1,6.285998094508865,1,8.8668,0,0.1,False,False,False,False,True,False,True,False,False,False,True,False,False,False
Z0335,2016,1639.5,90,124.0,157.8,0.0,1,0,Ziguinchor,Ziguinchor,12.56666,-16.28001,3.0,2.37,536,82.1,14391,3.5,1,6.285998094508865,1,101.804,0,0.1,False,False,False,False,True,False,True,False,False,False,True,False,False,False
Z0335,2017,1999.1,90,168.7,271.7,0.0,1,0,Ziguinchor,Ziguinchor,12.56666,-16.28001,3.0,2.37,536,82.1,14391,3.5,1,6.285998094508865,1,138.50269999999998,0,0.1,False,False,False,False,True,False,True,False,False,False,True,False,False,False
Z0335,2018,2046.7,90,42.3,51.6,0.0,0,0,Ziguinchor,Ziguinchor,12.56666,-16.28001,3.0,2.37,536,82.1,14391,3.5,1,6.285998094508865,1,34.7283,0,0.1,False,False,False,False,True,False,True,False,False,False,True,False,False,False
Z0335,2019,1369.5,90,66.6,105.9,0.0,1,0,Ziguinchor,Ziguinchor,12.56666,-16.28001,3.0,2.37,536,82.1,14391,3.5,1,6.285998094508865,1,54.67859999999999,0,0.1,False,False,False,False,True,False,True,False,False,False,True,False,False,False
Z0335,2020,2548.7,90,224.4,273.6,0.0,1,0,Ziguinchor,Ziguinchor,12.56666,-16.28001,3.0,2.37,536,82.1,14391,3.5,1,6.285998094508865,1,184.23239999999998,0,0.1,False,False,False,False,True,False,True,False,False,False,True,False,False,False
Z0335,2021,815.7,56,13.1,17.0,0.0,0,0,Ziguinchor,Ziguinchor,12.56666,-16.28001,3.0,2.37,536,82.1,14391,3.5,1,6.285998094508865,1,10.7551,0,0.1,False,False,False,False,True,False,True,False,False,False,True,False,False,False
Z0335,2022,1203.9,87,185.1,315.9,0.0,1,0,Ziguinchor,Ziguinchor,12.56666,-16.28001,3.0,2.37,536,82.1,14391,3.5,1,6.285998094508865,1,151.9671,0,0.1,False,False,False,False,True,False,True,False,False,False,True,False,False,False
Z0335,2023,841.7,57,34.6,44.7,0.0,1,0,Ziguinchor,Ziguinchor,12.56666,-16.28001,3.0,2.37,536,82.1,14391,3.5,1,6.285998094508865,1,28.406599999999997,0,0.1,False,False,False,False,True,False,True,False,False,False,True,False,False,False
Z0335,2024,2112.6,90,113.0,167.3,0.0,0,0,Ziguinchor,Ziguinchor,12.56666,-16.28001,3.0,2.37,536,82.1,14391,3.5,1,6.285998094508865,1,92.773,0,0.1,False,False,False,False,True,False,True,False,False,False,True,False,False,False
Z0336,2015,1276.0,88,30.1,45.8,0.0,0,0,Ziguinchor,Ziguinchor,12.57452,-16.27871,15.6,0.4,229,91.3,15128,3.2,1,5.438079308923196,0,27.4813,1,0.1,False,False,False,True,False,False,True,False,False,False,False,False,False,True
Z0336,2016,1169.7,90,41.3,51.5,0.0,1,0,Ziguinchor,Ziguinchor,12.57452,-16.27871,15.6,0.4,229,91.3,15128,3.2,1,5.438079308923196,0,37.7069,1,0.1,False,False,False,True,False,False,True,False,False,False,False,False,False,True
Z0336,2017,1995.3,90,142.9,240.1,0.0,1,0,Ziguinchor,Ziguinchor,12.57452,-16.27871,15.6,0.4,229,91.3,15128,3.2,1,5.438079308923196,0,130.4677,1,0.1,False,False,False,True,False,False,True,False,False,False,False,False,False,True
Z0336,2018,1638.1,90,99.1,119.6,0.0,0,0,Ziguinchor,Ziguinchor,12.57452,-16.27871,15.6,0.4,229,91.3,15128,3.2,1,5.438079308923196,0,90.4783,1,0.1,False,False,False,True,False,False,True,False,False,False,False,False,False,True
Z0336,2019,1717.1,90,47.7,71.9,0.0,0,0,Ziguinchor,Ziguinchor,12.57452,-16.27871,15.6,0.4,229,91.3,15128,3.2,1,5.438079308923196,0,43.5501,1,0.1,False,False,False,True,False,False,True,False,False,False,False,False,False,True
Z0336,2020,1428.0,90,43.4,69.5,0.0,0,0,Ziguinchor,Ziguinchor,12.57452,-16.27871,15.6,0.4,229,91.3,15128,3.2,1,5.438079308923196,0,39.624199999999995,1,0.1,False,False,False,True,False,False,True,False,False,False,False,False,False,True
Z0336,2021,1550.6,90,50.7,85.6,0.0,0,0,Ziguinchor,Ziguinchor,12.57452,-16.27871,15.6,0.4,229,91.3,15128,3.2,1,5.438079308923196,0,46.2891,1,0.1,False,False,False,True,False,False,True,False,False,False,False,False,False,True
Z0336,2022,1247.3,90,47.7,106.7,0.0,0,0,Ziguinchor,Ziguinchor,12.57452,-16.27871,15.6,0.4,229,91.3,15128,3.2,1,5.438079308923196,0,43.5501,1,0.1,False,False,False,True,False,False,True,False,False,False,False,False,False,True
Z0336,2023,1101.8,80,49.0,96.4,0.0,0,0,Ziguinchor,Ziguinchor,12.57452,-16.27871,15.6,0.4,229,91.3,15128,3.2,1,5.438079308923196,0,44.736999999999995,1,0.1,False,False,False,True,False,False,True,False,False,False,False,False,False,True
Z0336,2024,782.5,58,34.4,63.0,0.0,0,0,Ziguinchor,Ziguinchor,12.57452,-16.27871,15.6,0.4,229,91.3,15128,3.2,1,5.438079308923196,0,31.4072,1,0.1,False,False,False,True,False,False,True,False,False,False,False,False,False,True
Z0337,2015,1042.2,74,29.5,51.8,0.0,0,0,Ziguinchor,Ziguinchor,12.56827,-16.26111,5.2,1.83,238,80.1,30838,3.8,1,5.476463551931511,1,23.629499999999997,2,0.1,False,True,False,False,False,False,True,False,False,False,False,True,False,False
Z0337,2016,1692.1,90,68.2,133.1,0.0,1,0,Ziguinchor,Ziguinchor,12.56827,-16.26111,5.2,1.83,238,80.1,30838,3.8,1,5.476463551931511,1,54.6282,2,0.1,False,True,False,False,False,False,True,False,False,False,False,True,False,False
Z0337,2017,1656.5,90,54.5,81.3,0.0,1,0,Ziguinchor,Ziguinchor,12.56827,-16.26111,5.2,1.83,238,80.1,30838,3.8,1,5.476463551931511,1,43.6545,2,0.1,False,True,False,False,False,False,True,False,False,False,False,True,False,False
Z0337,2018,953.3,73,41.2,70.6,0.0,0,0,Ziguinchor,Ziguinchor,12.56827,-16.26111,5.2,1.83,238,80.1,30838,3.8,1,5.476463551931511,1,33.0012,2,0.1,False,True,False,False,False,False,True,False,False,False,False,True,False,False
Z0337,2019,1382.2,90,39.8,64.2,0.0,0,0,Ziguinchor,Ziguinchor,12.56827,-16.26111,5.2,1.83,238,80.1,30838,3.8,1,5.476463551931511,1,31.879799999999996,2,0.1,False,True,False,False,False,False,True,False,False,False,False,True,False,False
Z0337,2020,1249.7,86,25.7,51.9,0.0,0,0,Ziguinchor,Ziguinchor,12.56827,-16.26111,5.2,1.83,238,80.1,30838,3.8,1,5.476463551931511,1,20.585699999999996,2,0.1,False,True,False,False,False,False,True,False,False,False,False,True,False,False
Z0337,2021,1772.0,90,131.9,244.6,0.0,1,0,Ziguinchor,Ziguinchor,12.56827,-16.26111,5.2,1.83,238,80.1,30838,3.8,1,5.476463551931511,1,105.65190000000001,2,0.1,False,True,False,False,False,False,True,False,False,False,False,True,False,False
Z0337,2022,1553.1,90,114.6,247.5,0.0,1,0,Ziguinchor,Ziguinchor,12.56827,-16.26111,5.2,1.83,238,80.1,30838,3.8,1,5.476463551931511,1,91.79459999999999,2,0.1,False,True,False,False,False,False,True,False,False,False,False,True,False,False
Z0337,2023,1727.4,90,20.7,28.7,0.0,0,0,Ziguinchor,Ziguinchor,12.56827,-16.26111,5.2,1.83,238,80.1,30838,3.8,1,5.476463551931511,1,16.5807,2,0.1,False,True,False,False,False,False,True,False,False,False,False,True,False,False
Z0337,2024,1990.0,90,98.0,118.6,0.0,1,0,Ziguinchor,Ziguinchor,12.56827,-16.26111,5.2,1.83,238,80.1,30838,3.8,1,5.476463551931511,1,78.49799999999999,2,0.1,False,True,False,False,False,False,True,False,False,False,False,True,False,False
Z0338,2015,1173.2,77,113.2,222.5,0.0,1,0,Ziguinchor,Ziguinchor,12.5606,-16.25105,11.6,0.11,339,93.4,24042,3.6,0,5.8289456176102075,0,105.7288,2,0.0,False,False,False,False,True,False,True,False,False,False,False,True,False,False
Z0338,2016,985.7,64,159.6,214.8,0.0,1,0,Ziguinchor,Ziguinchor,12.5606,-16.25105,11.6,0.11,339,93.4,24042,3.6,0,5.8289456176102075,0,149.06640000000002,2,0.0,False,False,False,False,True,False,True,False,False,False,False,True,False,False
Z0338,2017,1439.3,90,42.3,71.3,0.0,0,0,Ziguinchor,Ziguinchor,12.5606,-16.25105,11.6,0.11,339,93.4,24042,3.6,0,5.8289456176102075,0,39.5082,2,0.0,False,False,False,False,True,False,True,False,False,False,False,True,False,False
Z0338,2018,818.2,50,41.1,56.7,0.0,0,0,Ziguinchor,Ziguinchor,12.5606,-16.25105,11.6,0.11,339,93.4,24042,3.6,0,5.8289456176102075,0,38.3874,2,0.0,False,False,False,False,True,False,True,False,False,False,False,True,False,False
Z0338,2019,1737.2,90,124.7,169.7,0.0,0,0,Ziguinchor,Ziguinchor,12.5606,-16.25105,11.6,0.11,339,93.4,24042,3.6,0,5.8289456176102075,0,116.46980000000002,2,0.0,False,False,False,False,True,False,True,False,False,False,False,True,False,False
Z0338,2020,1790.4,90,102.4,163.5,0.0,0,0,Ziguinchor,Ziguinchor,12.5606,-16.25105,11.6,0.11,339,93.4,24042,3.6,0,5.8289456176102075,0,95.64160000000001,2,0.0,False,False,False,False,True,False,True,False,False,False,False,True,False,False
Z0338,2021,1563.6,90,37.7,49.0,0.0,1,0,Ziguinchor,Ziguinchor,12.5606,-16.25105,11.6,0.11,339,93.4,24042,3.6,0,5.8289456176102075,0,35.211800000000004,2,0.0,False,False,False,False,True,False,True,False,False,False,False,True,False,False
Z0338,2022,1069.9,80,47.1,97.0,0.0,0,0,Ziguinchor,Ziguinchor,12.5606,-16.25105,11.6,0.11,339,93.4,24042,3.6,0,5.8289456176102075,0,43.991400000000006,2,0.0,False,False,False,False,True,False,True,False,False,False,False,True,False,False
Z0338,2023,1264.2,85,39.8,53.2,0.0,0,0,Ziguinchor,Ziguinchor,12.5606,-16.25105,11.6,0.11,339,93.4,24042,3.6,0,5.8289456176102075,0,37.1732,2,0.0,False,False,False,False,True,False,True,False,False,False,False,True,False,False
Z0338,2024,1239.9,87,37.3,62.3,0.0,0,0,Ziguinchor,Ziguinchor,12.5606,-16.25105,11.6,0.11,339,93.4,24042,3.6,0,5.8289456176102075,0,34.8382,2,0.0,False,False,False,False,True,False,True,False,False,False,False,True,False,False
Z0339,2015,1141.8,77,34.8,42.3,0.0,0,0,Ziguinchor,Ziguinchor,12.53547,-16.2734,16.0,0.95,497,80.1,10499,6.6,0,6.210600077024653,0,27.874799999999997,2,0.0,False,False,False,True,False,False,True,False,False,False,False,True,False,False
Z0339,2016,1222.1,90,32.1,54.7,0.0,0,0,Ziguinchor,Ziguinchor,12.53547,-16.2734,16.0,0.95,497,80.1,10499,6.6,0,6.210600077024653,0,25.7121,2,0.0,False,False,False,True,False,False,True,False,False,False,False,True,False,False
Z0339,2017,1554.7,90,97.7,139.3,0.0,0,0,Ziguinchor,Ziguinchor,12.53547,-16.2734,16.0,0.95,497,80.1,10499,6.6,0,6.210600077024653,0,78.2577,2,0.0,False,False,False,True,False,False,True,False,False,False,False,True,False,False
Z0339,2018,952.5,71,51.4,111.4,0.0,0,0,Ziguinchor,Ziguinchor,12.53547,-16.2734,16.0,0.95,497,80.1,10499,6.6,0,6.210600077024653,0,41.17139999999999,2,0.0,False,False,False,True,False,False,True,False,False,False,False,True,False,False
Z0339,2019,1186.6,83,66.9,87.6,0.0,0,0,Ziguinchor,Ziguinchor,12.53547,-16.2734,16.0,0.95,497,80.1,10499,6.6,0,6.210600077024653,0,53.58690000000001,2,0.0,False,False,False,True,False,False,True,False,False,False,False,True,False,False
Z0339,2020,1222.1,90,149.2,313.3,0.0,1,0,Ziguinchor,Ziguinchor,12.53547,-16.2734,16.0,0.95,497,80.1,10499,6.6,0,6.210600077024653,0,119.50919999999998,2,0.0,False,False,False,True,False,False,True,False,False,False,False,True,False,False
Z0339,2021,1340.4,90,80.9,97.6,0.0,0,0,Ziguinchor,Ziguinchor,12.53547,-16.2734,16.0,0.95,497,80.1,10499,6.6,0,6.210600077024653,0,64.8009,2,0.0,False,False,False,True,False,False,True,False,False,False,False,True,False,False
Z0339,2022,1912.4,90,66.9,46.0,0.0,0,0,Ziguinchor,Ziguinchor,12.53547,-16.2734,16.0,0.95,497,80.1,10499,6.6,0,6.210600077024653,0,53.58690000000001,2,0.0,False,False,False,True,False,False,True,False,False,False,False,True,False,False
Z0339,2023,1153.3,85,31.6,62.0,0.0,0,0,Ziguinchor,Ziguinchor,12.53547,-16.2734,16.0,0.95,497,80.1,10499,6.6,0,6.210600077024653,0,25.3116,2,0.0,False,False,False,True,False,False,True,False,False,False,False,True,False,False
Z0339,2024,1374.9,90,138.1,267.6,0.0,1,0,Ziguinchor,Ziguinchor,12.53547,-16.2734,16.0,0.95,497,80.1,10499,6.6,0,6.210600077024653,0,110.6181,2,0.0,False,False,False,True,False,False,True,False,False,False,False,True,False,False
Z0340,2015,719.6,47,59.8,85.3,0.0,0,0,Kolda,Kolda,12.89564,-14.9468,22.8,0.55,234,48.6,3171,6.0,0,5.459585514144159,1,29.062799999999996,2,0.0,False,True,False,False,False,False,False,True,False,False,False,True,False,False
Z0340,2016,1150.4,83,32.6,57.2,0.0,0,0,Kolda,Kolda,12.89564,-14.9468,22.8,0.55,234,48.6,3171,6.0,0,5.459585514144159,1,15.843600000000002,2,0.0,False,True,False,False,False,False,False,True,False,False,False,True,False,False
Z0340,2017,1339.6,90,38.3,81.5,0.0,0,0,Kolda,Kolda,12.89564,-14.9468,22.8,0.55,234,48.6,3171,6.0,0,5.459585514144159,1,18.613799999999998,2,0.0,False,True,False,False,False,False,False,True,False,False,False,True,False,False
Z0340,2018,1339.4,90,78.9,113.8,0.0,1,0,Kolda,Kolda,12.89564,-14.9468,22.8,0.55,234,48.6,3171,6.0,0,5.459585514144159,1,38.345400000000005,2,0.0,False,True,False,False,False,False,False,True,False,False,False,True,False,False
Z0340,2019,903.1,70,23.1,37.9,0.0,0,0,Kolda,Kolda,12.89564,-14.9468,22.8,0.55,234,48.6,3171,6.0,0,5.459585514144159,1,11.226600000000001,2,0.0,False,True,False,False,False,False,False,True,False,False,False,True,False,False
Z0340,2020,1255.4,90,76.8,141.6,0.0,1,0,Kolda,Kolda,12.89564,-14.9468,22.8,0.55,234,48.6,3171,6.0,0,5.459585514144159,1,37.3248,2,0.0,False,True,False,False,False,False,False,True,False,False,False,True,False,False
Z0340,2021,1046.1,74,37.9,67.7,0.0,0,0,Kolda,Kolda,12.89564,-14.9468,22.8,0.55,234,48.6,3171,6.0,0,5.459585514144159,1,18.4194,2,0.0,False,True,False,False,False,False,False,True,False,False,False,True,False,False
Z0340,2022,1179.2,83,46.8,100.2,0.0,0,0,Kolda,Kolda,12.89564,-14.9468,22.8,0.55,234,48.6,3171,6.0,0,5.459585514144159,1,22.7448,2,0.0,False,True,False,False,False,False,False,True,False,False,False,True,False,False
Z0340,2023,1136.3,81,58.0,113.4,0.0,0,0,Kolda,Kolda,12.89564,-14.9468,22.8,0.55,234,48.6,3171,6.0,0,5.459585514144159,1,28.188000000000002,2,0.0,False,True,False,False,False,False,False,True,False,False,False,True,False,False
Z0340,2024,1471.1,90,72.5,97.3,0.0,0,0,Kolda,Kolda,12.89564,-14.9468,22.8,0.55,234,48.6,3171,6.0,0,5.459585514144159,1,35.235,2,0.0,False,True,False,False,False,False,False,True,False,False,False,True,False,False
Z0341,2015,1081.6,73,49.8,107.1,0.0,0,0,Kolda,Kolda,12.88263,-14.94852,29.0,3.67,343,11.4,430,6.8,0,5.840641657373398,0,5.6772,2,0.0,False,True,False,False,False,True,False,False,False,False,False,True,False,False
Z0341,2016,806.0,60,43.6,95.7,0.0,0,0,Kolda,Kolda,12.88263,-14.94852,29.0,3.67,343,11.4,430,6.8,0,5.840641657373398,0,4.970400000000001,2,0.0,False,True,False,False,False,True,False,False,False,False,False,True,False,False
Z0341,2017,1093.1,82,157.0,312.0,0.0,0,0,Kolda,Kolda,12.88263,-14.94852,29.0,3.67,343,11.4,430,6.8,0,5.840641657373398,0,17.898,2,0.0,False,True,False,False,False,True,False,False,False,False,False,True,False,False
Z0341,2018,1063.4,76,38.2,50.9,0.0,0,0,Kolda,Kolda,12.88263,-14.94852,29.0,3.67,343,11.4,430,6.8,0,5.840641657373398,0,4.3548,2,0.0,False,True,False,False,False,True,False,False,False,False,False,True,False,False
Z0341,2019,1551.3,90,95.2,135.4,0.0,0,0,Kolda,Kolda,12.88263,-14.94852,29.0,3.67,343,11.4,430,6.8,0,5.840641657373398,0,10.8528,2,0.0,False,True,False,False,False,True,False,False,False,False,False,True,False,False
Z0341,2020,856.4,54,25.3,41.9,0.0,0,0,Kolda,Kolda,12.88263,-14.94852,29.0,3.67,343,11.4,430,6.8,0,5.840641657373398,0,2.8842000000000003,2,0.0,False,True,False,False,False,True,False,False,False,False,False,True,False,False
Z0341,2021,914.1,70,80.6,167.7,0.0,0,0,Kolda,Kolda,12.88263,-14.94852,29.0,3.67,343,11.4,430,6.8,0,5.840641657373398,0,9.1884,2,0.0,False,True,False,False,False,True,False,False,False,False,False,True,False,False
Z0341,2022,710.3,46,10.0,14.5,0.0,0,0,Kolda,Kolda,12.88263,-14.94852,29.0,3.67,343,11.4,430,6.8,0,5.840641657373398,0,1.14,2,0.0,False,True,False,False,False,True,False,False,False,False,False,True,False,False
Z0341,2023,913.1,67,82.8,130.9,0.0,0,0,Kolda,Kolda,12.88263,-14.94852,29.0,3.67,343,11.4,430,6.8,0,5.840641657373398,0,9.4392,2,0.0,False,True,False,False,False,True,False,False,False,False,False,True,False,False
Z0341,2024,1097.3,78,33.5,57.3,0.0,0,0,Kolda,Kolda,12.88263,-14.94852,29.0,3.67,343,11.4,430,6.8,0,5.840641657373398,0,3.8190000000000004,2,0.0,False,True,False,False,False,True,False,False,False,False,False,True,False,False
Z0342,2015,940.5,63,35.4,51.5,0.0,0,0,Kolda,Kolda,12.89583,-14.95035,25.3,1.57,452,72.0,13876,5.7,0,6.115892125483034,1,25.487999999999996,2,0.0,False,False,False,False,True,False,True,False,False,False,False,True,False,False
Z0342,2016,924.6,63,49.2,68.1,0.0,0,0,Kolda,Kolda,12.89583,-14.95035,25.3,1.57,452,72.0,13876,5.7,0,6.115892125483034,1,35.424,2,0.0,False,False,False,False,True,False,True,False,False,False,False,True,False,False
Z0342,2017,929.4,67,59.0,128.0,0.0,0,0,Kolda,Kolda,12.89583,-14.95035,25.3,1.57,452,72.0,13876,5.7,0,6.115892125483034,1,42.48,2,0.0,False,False,False,False,True,False,True,False,False,False,False,True,False,False
Z0342,2018,863.4,61,30.8,63.0,0.0,0,0,Kolda,Kolda,12.89583,-14.95035,25.3,1.57,452,72.0,13876,5.7,0,6.115892125483034,1,22.176,2,0.0,False,False,False,False,True,False,True,False,False,False,False,True,False,False
Z0342,2019,1115.4,74,49.2,92.6,0.0,0,0,Kolda,Kolda,12.89583,-14.95035,25.3,1.57,452,72.0,13876,5.7,0,6.115892125483034,1,35.424,2,0.0,False,False,False,False,True,False,True,False,False,False,False,True,False,False
Z0342,2020,1220.0,86,59.4,101.7,0.0,0,0,Kolda,Kolda,12.89583,-14.95035,25.3,1.57,452,72.0,13876,5.7,0,6.115892125483034,1,42.768,2,0.0,False,False,False,False,True,False,True,False,False,False,False,True,False,False
Z0342,2021,1170.3,85,143.4,294.6,0.0,0,0,Kolda,Kolda,12.89583,-14.95035,25.3,1.57,452,72.0,13876,5.7,0,6.115892125483034,1,103.248,2,0.0,False,False,False,False,True,False,True,False,False,False,False,True,False,False
Z0342,2022,1189.3,85,87.1,144.1,0.0,0,0,Kolda,Kolda,12.89583,-14.95035,25.3,1.57,452,72.0,13876,5.7,0,6.115892125483034,1,62.711999999999996,2,0.0,False,False,False,False,True,False,True,False,False,False,False,True,False,False
Z0342,2023,1117.1,75,14.3,31.3,0.0,0,0,Kolda,Kolda,12.89583,-14.95035,25.3,1.57,452,72.0,13876,5.7,0,6.115892125483034,1,10.296000000000001,2,0.0,False,False,False,False,True,False,True,False,False,False,False,True,False,False
Z0342,2024,1099.8,72,31.9,57.4,0.0,0,0,Kolda,Kolda,12.89583,-14.95035,25.3,1.57,452,72.0,13876,5.7,0,6.115892125483034,1,22.967999999999996,2,0.0,False,False,False,False,True,False,True,False,False,False,False,True,False,False
Z0343,2015,954.4,71,81.8,168.5,0.0,0,0,Kolda,Kolda,12.88613,-14.92754,30.7,5.34,1913,32.7,334,2.1,0,7.5569505720129,0,26.7486,1,0.0,False,False,True,False,False,False,False,False,False,True,False,False,False,True
Z0343,2016,740.9,47,44.1,88.6,0.0,0,0,Kolda,Kolda,12.88613,-14.92754,30.7,5.34,1913,32.7,334,2.1,0,7.5569505720129,0,14.420700000000002,1,0.0,False,False,True,False,False,False,False,False,False,True,False,False,False,True
Z0343,2017,733.3,58,59.3,94.0,0.0,0,0,Kolda,Kolda,12.88613,-14.92754,30.7,5.34,1913,32.7,334,2.1,0,7.5569505720129,0,19.3911,1,0.0,False,False,True,False,False,False,False,False,False,True,False,False,False,True
Z0343,2018,682.8,51,10.0,16.8,0.0,0,0,Kolda,Kolda,12.88613,-14.92754,30.7,5.34,1913,32.7,334,2.1,0,7.5569505720129,0,3.27,1,0.0,False,False,True,False,False,False,False,False,False,True,False,False,False,True
Z0343,2019,1332.9,89,49.6,67.5,0.0,0,0,Kolda,Kolda,12.88613,-14.92754,30.7,5.34,1913,32.7,334,2.1,0,7.5569505720129,0,16.219200000000004,1,0.0,False,False,True,False,False,False,False,False,False,True,False,False,False,True
Z0343,2020,895.4,64,89.1,109.9,0.0,0,0,Kolda,Kolda,12.88613,-14.92754,30.7,5.34,1913,32.7,334,2.1,0,7.5569505720129,0,29.1357,1,0.0,False,False,True,False,False,False,False,False,False,True,False,False,False,True
Z0343,2021,817.1,57,21.3,27.9,0.0,0,0,Kolda,Kolda,12.88613,-14.92754,30.7,5.34,1913,32.7,334,2.1,0,7.5569505720129,0,6.965100000000001,1,0.0,False,False,True,False,False,False,False,False,False,True,False,False,False,True
Z0343,2022,895.4,68,83.3,133.4,0.0,0,0,Kolda,Kolda,12.88613,-14.92754,30.7,5.34,1913,32.7,334,2.1,0,7.5569505720129,0,27.239100000000004,1,0.0,False,False,True,False,False,False,False,False,False,True,False,False,False,True
Z0343,2023,1144.9,88,38.4,60.0,0.0,0,0,Kolda,Kolda,12.88613,-14.92754,30.7,5.34,1913,32.7,334,2.1,0,7.5569505720129,0,12.5568,1,0.0,False,False,True,False,False,False,False,False,False,True,False,False,False,True
Z0343,2024,1517.7,90,54.3,81.0,0.0,0,0,Kolda,Kolda,12.88613,-14.92754,30.7,5.34,1913,32.7,334,2.1,0,7.5569505720129,0,17.7561,1,0.0,False,False,True,False,False,False,False,False,False,True,False,False,False,True
Z0344,2015,1004.6,64,32.3,50.5,0.0,0,0,Kolda,Kolda,12.88924,-14.95369,41.2,1.49,4804,24.3,62,10.3,0,8.477412321404392,0,7.8488999999999995,2,0.0,False,False,False,False,True,True,False,False,False,False,False,True,False,False
Z0344,2016,922.7,68,20.8,40.1,0.0,0,0,Kolda,Kolda,12.88924,-14.95369,41.2,1.49,4804,24.3,62,10.3,0,8.477412321404392,0,5.0544,2,0.0,False,False,False,False,True,True,False,False,False,False,False,True,False,False
Z0344,2017,903.9,68,22.8,27.7,0.0,0,0,Kolda,Kolda,12.88924,-14.95369,41.2,1.49,4804,24.3,62,10.3,0,8.477412321404392,0,5.540400000000001,2,0.0,False,False,False,False,True,True,False,False,False,False,False,True,False,False
Z0344,2018,1249.2,87,18.6,39.9,0.0,0,0,Kolda,Kolda,12.88924,-14.95369,41.2,1.49,4804,24.3,62,10.3,0,8.477412321404392,0,4.519800000000001,2,0.0,False,False,False,False,True,True,False,False,False,False,False,True,False,False
Z0344,2019,637.4,43,10.0,17.2,0.0,0,0,Kolda,Kolda,12.88924,-14.95369,41.2,1.49,4804,24.3,62,10.3,0,8.477412321404392,0,2.43,2,0.0,False,False,False,False,True,True,False,False,False,False,False,True,False,False
Z0344,2020,1216.2,90,140.4,251.8,0.0,0,0,Kolda,Kolda,12.88924,-14.95369,41.2,1.49,4804,24.3,62,10.3,0,8.477412321404392,0,34.117200000000004,2,0.0,False,False,False,False,True,True,False,False,False,False,False,True,False,False
Z0344,2021,1259.3,90,71.6,86.5,0.0,0,0,Kolda,Kolda,12.88924,-14.95369,41.2,1.49,4804,24.3,62,10.3,0,8.477412321404392,0,17.398799999999998,2,0.0,False,False,False,False,True,True,False,False,False,False,False,True,False,False
Z0344,2022,1513.0,90,67.2,143.3,0.0,0,0,Kolda,Kolda,12.88924,-14.95369,41.2,1.49,4804,24.3,62,10.3,0,8.477412321404392,0,16.3296,2,0.0,False,False,False,False,True,True,False,False,False,False,False,True,False,False
Z0344,2023,1022.8,65,94.9,200.0,0.0,0,0,Kolda,Kolda,12.88924,-14.95369,41.2,1.49,4804,24.3,62,10.3,0,8.477412321404392,0,23.0607,2,0.0,False,False,False,False,True,True,False,False,False,False,False,True,False,False
Z0344,2024,1261.6,90,126.2,234.1,0.0,0,0,Kolda,Kolda,12.88924,-14.95369,41.2,1.49,4804,24.3,62,10.3,0,8.477412321404392,0,30.666600000000003,2,0.0,False,False,False,False,True,True,False,False,False,False,False,True,False,False
Z0345,2015,826.7,62,19.1,25.7,0.0,0,0,Kolda,Kolda,12.92682,-14.92524,27.4,0.47,847,43.9,5900,7.9,0,6.742880635791903,1,8.3849,1,0.0,False,True,False,False,False,False,False,True,False,False,False,False,False,True
Z0345,2016,1091.8,78,127.1,156.3,0.0,0,0,Kolda,Kolda,12.92682,-14.92524,27.4,0.47,847,43.9,5900,7.9,0,6.742880635791903,1,55.796899999999994,1,0.0,False,True,False,False,False,False,False,True,False,False,False,False,False,True
Z0345,2017,1105.7,79,42.7,84.7,0.0,0,0,Kolda,Kolda,12.92682,-14.92524,27.4,0.47,847,43.9,5900,7.9,0,6.742880635791903,1,18.7453,1,0.0,False,True,False,False,False,False,False,True,False,False,False,False,False,True
Z0345,2018,765.3,57,13.2,23.8,0.0,0,0,Kolda,Kolda,12.92682,-14.92524,27.4,0.47,847,43.9,5900,7.9,0,6.742880635791903,1,5.794799999999999,1,0.0,False,True,False,False,False,False,False,True,False,False,False,False,False,True
Z0345,2019,719.3,57,33.5,59.8,0.0,0,0,Kolda,Kolda,12.92682,-14.92524,27.4,0.47,847,43.9,5900,7.9,0,6.742880635791903,1,14.706499999999998,1,0.0,False,True,False,False,False,False,False,True,False,False,False,False,False,True
Z0345,2020,1108.0,75,35.6,54.3,0.0,1,0,Kolda,Kolda,12.92682,-14.92524,27.4,0.47,847,43.9,5900,7.9,0,6.742880635791903,1,15.6284,1,0.0,False,True,False,False,False,False,False,True,False,False,False,False,False,True
Z0345,2021,895.5,62,20.9,45.8,0.0,0,0,Kolda,Kolda,12.92682,-14.92524,27.4,0.47,847,43.9,5900,7.9,0,6.742880635791903,1,9.175099999999999,1,0.0,False,True,False,False,False,False,False,True,False,False,False,False,False,True
Z0345,2022,1225.9,81,41.0,72.8,0.0,0,0,Kolda,Kolda,12.92682,-14.92524,27.4,0.47,847,43.9,5900,7.9,0,6.742880635791903,1,17.999,1,0.0,False,True,False,False,False,False,False,True,False,False,False,False,False,True
Z0345,2023,1337.6,89,67.5,93.1,0.0,0,0,Kolda,Kolda,12.92682,-14.92524,27.4,0.47,847,43.9,5900,7.9,0,6.742880635791903,1,29.6325,1,0.0,False,True,False,False,False,False,False,True,False,False,False,False,False,True
Z0345,2024,1184.6,83,27.6,44.4,0.0,0,0,Kolda,Kolda,12.92682,-14.92524,27.4,0.47,847,43.9,5900,7.9,0,6.742880635791903,1,12.1164,1,0.0,False,True,False,False,False,False,False,True,False,False,False,False,False,True
Z0346,2015,993.8,72,41.9,70.4,0.0,0,0,Kolda,Kolda,12.90482,-14.94159,15.7,0.41,917,74.6,22941,4.6,3,6.822197390620491,1,31.257399999999997,1,0.3,False,True,False,False,False,False,True,False,False,False,False,False,False,True
Z0346,2016,889.6,61,33.7,52.9,0.0,0,0,Kolda,Kolda,12.90482,-14.94159,15.7,0.41,917,74.6,22941,4.6,3,6.822197390620491,1,25.1402,1,0.3,False,True,False,False,False,False,True,False,False,False,False,False,False,True
Z0346,2017,908.6,67,26.0,55.1,0.0,1,0,Kolda,Kolda,12.90482,-14.94159,15.7,0.41,917,74.6,22941,4.6,3,6.822197390620491,1,19.396,1,0.3,False,True,False,False,False,False,True,False,False,False,False,False,False,True
Z0346,2018,885.6,66,30.6,39.3,0.0,1,0,Kolda,Kolda,12.90482,-14.94159,15.7,0.41,917,74.6,22941,4.6,3,6.822197390620491,1,22.827599999999997,1,0.3,False,True,False,False,False,False,True,False,False,False,False,False,False,True
Z0346,2019,1043.7,76,65.3,114.3,0.0,1,0,Kolda,Kolda,12.90482,-14.94159,15.7,0.41,917,74.6,22941,4.6,3,6.822197390620491,1,48.71379999999999,1,0.3,False,True,False,False,False,False,True,False,False,False,False,False,False,True
Z0346,2020,1271.5,90,70.3,127.6,0.0,0,0,Kolda,Kolda,12.90482,-14.94159,15.7,0.41,917,74.6,22941,4.6,3,6.822197390620491,1,52.44379999999999,1,0.3,False,True,False,False,False,False,True,False,False,False,False,False,False,True
Z0346,2021,764.9,59,24.4,53.3,0.0,0,0,Kolda,Kolda,12.90482,-14.94159,15.7,0.41,917,74.6,22941,4.6,3,6.822197390620491,1,18.202399999999997,1,0.3,False,True,False,False,False,False,True,False,False,False,False,False,False,True
Z0346,2022,1466.9,90,26.3,38.4,0.0,1,0,Kolda,Kolda,12.90482,-14.94159,15.7,0.41,917,74.6,22941,4.6,3,6.822197390620491,1,19.619799999999998,1,0.3,False,True,False,False,False,False,True,False,False,False,False,False,False,True
Z0346,2023,1339.9,90,45.6,64.9,0.0,0,0,Kolda,Kolda,12.90482,-14.94159,15.7,0.41,917,74.6,22941,4.6,3,6.822197390620491,1,34.017599999999995,1,0.3,False,True,False,False,False,False,True,False,False,False,False,False,False,True
Z0346,2024,1335.2,85,114.7,245.0,0.0,1,0,Kolda,Kolda,12.90482,-14.94159,15.7,0.41,917,74.6,22941,4.6,3,6.822197390620491,1,85.5662,1,0.3,False,True,False,False,False,False,True,False,False,False,False,False,False,True
Z0347,2015,1018.2,68,63.3,100.2,0.0,0,0,Kolda,Kolda,12.88891,-14.95215,29.3,1.35,240,29.2,161,6.9,0,5.484796933490655,0,18.4836,2,0.0,False,False,False,False,True,True,False,False,False,False,False,True,False,False
Z0347,2016,1059.4,79,55.0,120.3,0.0,0,0,Kolda,Kolda,12.88891,-14.95215,29.3,1.35,240,29.2,161,6.9,0,5.484796933490655,0,16.06,2,0.0,False,False,False,False,True,True,False,False,False,False,False,True,False,False
Z0347,2017,1025.8,67,10.0,16.0,0.0,0,0,Kolda,Kolda,12.88891,-14.95215,29.3,1.35,240,29.2,161,6.9,0,5.484796933490655,0,2.92,2,0.0,False,False,False,False,True,True,False,False,False,False,False,True,False,False
Z0347,2018,721.6,52,40.3,79.0,0.0,0,0,Kolda,Kolda,12.88891,-14.95215,29.3,1.35,240,29.2,161,6.9,0,5.484796933490655,0,11.7676,2,0.0,False,False,False,False,True,True,False,False,False,False,False,True,False,False
Z0347,2019,1556.5,90,136.2,286.7,0.0,0,0,Kolda,Kolda,12.88891,-14.95215,29.3,1.35,240,29.2,161,6.9,0,5.484796933490655,0,39.770399999999995,2,0.0,False,False,False,False,True,True,False,False,False,False,False,True,False,False
Z0347,2020,1169.5,81,60.4,82.0,0.0,0,0,Kolda,Kolda,12.88891,-14.95215,29.3,1.35,240,29.2,161,6.9,0,5.484796933490655,0,17.636799999999997,2,0.0,False,False,False,False,True,True,False,False,False,False,False,True,False,False
Z0347,2021,969.2,66,62.5,121.6,0.0,0,0,Kolda,Kolda,12.88891,-14.95215,29.3,1.35,240,29.2,161,6.9,0,5.484796933490655,0,18.25,2,0.0,False,False,False,False,True,True,False,False,False,False,False,True,False,False
Z0347,2022,1020.5,69,127.4,201.5,0.0,1,0,Kolda,Kolda,12.88891,-14.95215,29.3,1.35,240,29.2,161,6.9,0,5.484796933490655,0,37.2008,2,0.0,False,False,False,False,True,True,False,False,False,False,False,True,False,False
Z0347,2023,1260.1,88,40.5,82.9,0.0,0,0,Kolda,Kolda,12.88891,-14.95215,29.3,1.35,240,29.2,161,6.9,0,5.484796933490655,0,11.825999999999999,2,0.0,False,False,False,False,True,True,False,False,False,False,False,True,False,False
Z0347,2024,1285.9,90,35.8,74.5,0.0,0,0,Kolda,Kolda,12.88891,-14.95215,29.3,1.35,240,29.2,161,6.9,0,5.484796933490655,0,10.4536,2,0.0,False,False,False,False,True,True,False,False,False,False,False,True,False,False
Z0348,2015,979.2,70,27.3,43.2,0.0,0,0,Kolda,Kolda,12.88011,-14.94564,40.1,0.84,485,0.0,258,7.2,0,6.186208623900494,0,0.0,1,0.0,False,False,False,False,True,True,False,False,False,False,False,False,False,True
Z0348,2016,917.1,62,44.8,88.9,0.0,0,0,Kolda,Kolda,12.88011,-14.94564,40.1,0.84,485,0.0,258,7.2,0,6.186208623900494,0,0.0,1,0.0,False,False,False,False,True,True,False,False,False,False,False,False,False,True
Z0348,2017,706.4,55,30.3,56.4,0.0,0,0,Kolda,Kolda,12.88011,-14.94564,40.1,0.84,485,0.0,258,7.2,0,6.186208623900494,0,0.0,1,0.0,False,False,False,False,True,True,False,False,False,False,False,False,False,True
Z0348,2018,1034.0,67,10.0,14.6,0.0,0,0,Kolda,Kolda,12.88011,-14.94564,40.1,0.84,485,0.0,258,7.2,0,6.186208623900494,0,0.0,1,0.0,False,False,False,False,True,True,False,False,False,False,False,False,False,True
Z0348,2019,1604.3,90,100.2,144.2,0.0,0,0,Kolda,Kolda,12.88011,-14.94564,40.1,0.84,485,0.0,258,7.2,0,6.186208623900494,0,0.0,1,0.0,False,False,False,False,True,True,False,False,False,False,False,False,False,True
Z0348,2020,765.0,45,33.2,99.0,0.0,0,0,Kolda,Kolda,12.88011,-14.94564,40.1,0.84,485,0.0,258,7.2,0,6.186208623900494,0,0.0,1,0.0,False,False,False,False,True,True,False,False,False,False,False,False,False,True
Z0348,2021,1348.2,90,146.7,267.7,0.0,1,0,Kolda,Kolda,12.88011,-14.94564,40.1,0.84,485,0.0,258,7.2,0,6.186208623900494,0,0.0,1,0.0,False,False,False,False,True,True,False,False,False,False,False,False,False,True
Z0348,2022,916.4,63,33.2,45.1,0.0,0,0,Kolda,Kolda,12.88011,-14.94564,40.1,0.84,485,0.0,258,7.2,0,6.186208623900494,0,0.0,1,0.0,False,False,False,False,True,True,False,False,False,False,False,False,False,True
Z0348,2023,966.3,76,31.4,56.7,0.0,0,0,Kolda,Kolda,12.88011,-14.94564,40.1,0.84,485,0.0,258,7.2,0,6.186208623900494,0,0.0,1,0.0,False,False,False,False,True,True,False,False,False,False,False,False,False,True
Z0348,2024,1463.4,90,121.3,219.4,0.0,0,0,Kolda,Kolda,12.88011,-14.94564,40.1,0.84,485,0.0,258,7.2,0,6.186208623900494,0,0.0,1,0.0,False,False,False,False,True,True,False,False,False,False,False,False,False,True
Z0349,2015,1709.1,90,85.1,137.5,0.0,0,0,Kolda,Kolda,12.89394,-14.9448,40.8,6.11,351,0.4,222,7.4,0,5.863631175598097,0,0.3404,1,0.0,False,True,False,False,False,True,False,False,False,False,False,False,False,True
Z0349,2016,786.2,58,38.5,68.1,0.0,0,0,Kolda,Kolda,12.89394,-14.9448,40.8,6.11,351,0.4,222,7.4,0,5.863631175598097,0,0.154,1,0.0,False,True,False,False,False,True,False,False,False,False,False,False,False,True
Z0349,2017,1474.5,90,40.5,51.0,0.0,0,0,Kolda,Kolda,12.89394,-14.9448,40.8,6.11,351,0.4,222,7.4,0,5.863631175598097,0,0.162,1,0.0,False,True,False,False,False,True,False,False,False,False,False,False,False,True
Z0349,2018,933.7,63,43.0,69.4,0.0,0,0,Kolda,Kolda,12.89394,-14.9448,40.8,6.11,351,0.4,222,7.4,0,5.863631175598097,0,0.172,1,0.0,False,True,False,False,False,True,False,False,False,False,False,False,False,True
Z0349,2019,1328.1,90,40.8,59.8,0.0,0,0,Kolda,Kolda,12.89394,-14.9448,40.8,6.11,351,0.4,222,7.4,0,5.863631175598097,0,0.1632,1,0.0,False,True,False,False,False,True,False,False,False,False,False,False,False,True
Z0349,2020,1070.5,84,40.6,53.6,0.0,0,0,Kolda,Kolda,12.89394,-14.9448,40.8,6.11,351,0.4,222,7.4,0,5.863631175598097,0,0.16240000000000002,1,0.0,False,True,False,False,False,True,False,False,False,False,False,False,False,True
Z0349,2021,1076.1,77,35.7,74.5,0.0,0,0,Kolda,Kolda,12.89394,-14.9448,40.8,6.11,351,0.4,222,7.4,0,5.863631175598097,0,0.1428,1,0.0,False,True,False,False,False,True,False,False,False,False,False,False,False,True
Z0349,2022,1397.9,90,45.9,85.6,0.0,0,0,Kolda,Kolda,12.89394,-14.9448,40.8,6.11,351,0.4,222,7.4,0,5.863631175598097,0,0.18359999999999999,1,0.0,False,True,False,False,False,True,False,False,False,False,False,False,False,True
Z0349,2023,1228.7,88,80.7,119.8,0.0,0,0,Kolda,Kolda,12.89394,-14.9448,40.8,6.11,351,0.4,222,7.4,0,5.863631175598097,0,0.32280000000000003,1,0.0,False,True,False,False,False,True,False,False,False,False,False,False,False,True
Z0349,2024,1329.6,90,35.1,43.2,0.0,0,0,Kolda,Kolda,12.89394,-14.9448,40.8,6.11,351,0.4,222,7.4,0,5.863631175598097,0,0.1404,1,0.0,False,True,False,False,False,True,False,False,False,False,False,False,False,True
Z0350,2015,942.1,69,107.2,168.1,0.0,1,0,Kolda,Kolda,12.90095,-14.96035,25.0,0.3,696,38.3,141,0.2,2,6.546785410760524,1,41.0576,1,0.2,False,False,True,False,False,False,False,False,False,True,False,False,False,True
Z0350,2016,1112.0,78,28.5,61.1,0.0,0,0,Kolda,Kolda,12.90095,-14.96035,25.0,0.3,696,38.3,141,0.2,2,6.546785410760524,1,10.9155,1,0.2,False,False,True,False,False,False,False,False,False,True,False,False,False,True
Z0350,2017,961.5,73,40.8,53.8,0.0,0,0,Kolda,Kolda,12.90095,-14.96035,25.0,0.3,696,38.3,141,0.2,2,6.546785410760524,1,15.626399999999999,1,0.2,False,False,True,False,False,False,False,False,False,True,False,False,False,True
Z0350,2018,554.6,42,27.3,36.8,0.0,0,0,Kolda,Kolda,12.90095,-14.96035,25.0,0.3,696,38.3,141,0.2,2,6.546785410760524,1,10.4559,1,0.2,False,False,True,False,False,False,False,False,False,True,False,False,False,True
Z0350,2019,966.0,73,34.4,59.6,0.0,1,0,Kolda,Kolda,12.90095,-14.96035,25.0,0.3,696,38.3,141,0.2,2,6.546785410760524,1,13.175199999999997,1,0.2,False,False,True,False,False,False,False,False,False,True,False,False,False,True
Z0350,2020,1131.5,86,107.1,213.7,0.0,1,0,Kolda,Kolda,12.90095,-14.96035,25.0,0.3,696,38.3,141,0.2,2,6.546785410760524,1,41.019299999999994,1,0.2,False,False,True,False,False,False,False,False,False,True,False,False,False,True
Z0350,2021,907.4,64,30.0,57.6,0.0,1,0,Kolda,Kolda,12.90095,-14.96035,25.0,0.3,696,38.3,141,0.2,2,6.546785410760524,1,11.49,1,0.2,False,False,True,False,False,False,False,False,False,True,False,False,False,True
Z0350,2022,1170.2,82,85.6,120.5,0.0,1,0,Kolda,Kolda,12.90095,-14.96035,25.0,0.3,696,38.3,141,0.2,2,6.546785410760524,1,32.7848,1,0.2,False,False,True,False,False,False,False,False,False,True,False,False,False,True
Z0350,2023,959.3,62,70.4,89.3,0.0,1,0,Kolda,Kolda,12.90095,-14.96035,25.0,0.3,696,38.3,141,0.2,2,6.546785410760524,1,26.9632,1,0.2,False,False,True,False,False,False,False,False,False,True,False,False,False,True
Z0350,2024,1753.8,90,175.3,294.9,0.0,1,0,Kolda,Kolda,12.90095,-14.96035,25.0,0.3,696,38.3,141,0.2,2,6.546785410760524,1,67.1399,1,0.2,False,False,True,False,False,False,False,False,False,True,False,False,False,True
Z0351,2015,688.4,54,24.6,39.3,0.0,1,0,Sédhiou,Sédhiou,12.73239,-15.57694,12.3,0.02,1038,20.2,307,1.8,1,6.946013991099227,1,4.9692,1,0.1,False,False,True,False,False,False,False,False,False,True,False,False,False,True
Z0351,2016,729.7,53,159.0,192.8,0.0,1,0,Sédhiou,Sédhiou,12.73239,-15.57694,12.3,0.02,1038,20.2,307,1.8,1,6.946013991099227,1,32.117999999999995,1,0.1,False,False,True,False,False,False,False,False,False,True,False,False,False,True
Z0351,2017,924.5,66,94.7,132.7,0.0,0,0,Sédhiou,Sédhiou,12.73239,-15.57694,12.3,0.02,1038,20.2,307,1.8,1,6.946013991099227,1,19.1294,1,0.1,False,False,True,False,False,False,False,False,False,True,False,False,False,True
Z0351,2018,1058.9,75,27.5,49.9,0.0,0,0,Sédhiou,Sédhiou,12.73239,-15.57694,12.3,0.02,1038,20.2,307,1.8,1,6.946013991099227,1,5.555,1,0.1,False,False,True,False,False,False,False,False,False,True,False,False,False,True
Z0351,2019,938.2,70,48.9,94.9,0.0,0,0,Sédhiou,Sédhiou,12.73239,-15.57694,12.3,0.02,1038,20.2,307,1.8,1,6.946013991099227,1,9.8778,1,0.1,False,False,True,False,False,False,False,False,False,True,False,False,False,True
Z0351,2020,1863.2,90,79.3,154.1,0.0,1,0,Sédhiou,Sédhiou,12.73239,-15.57694,12.3,0.02,1038,20.2,307,1.8,1,6.946013991099227,1,16.0186,1,0.1,False,False,True,False,False,False,False,False,False,True,False,False,False,True
Z0351,2021,1243.3,85,130.3,176.9,0.0,1,0,Sédhiou,Sédhiou,12.73239,-15.57694,12.3,0.02,1038,20.2,307,1.8,1,6.946013991099227,1,26.3206,1,0.1,False,False,True,False,False,False,False,False,False,True,False,False,False,True
Z0351,2022,1958.3,90,71.2,150.6,0.0,0,0,Sédhiou,Sédhiou,12.73239,-15.57694,12.3,0.02,1038,20.2,307,1.8,1,6.946013991099227,1,14.3824,1,0.1,False,False,True,False,False,False,False,False,False,True,False,False,False,True
Z0351,2023,783.5,55,39.3,74.6,0.0,0,0,Sédhiou,Sédhiou,12.73239,-15.57694,12.3,0.02,1038,20.2,307,1.8,1,6.946013991099227,1,7.938599999999999,1,0.1,False,False,True,False,False,False,False,False,False,True,False,False,False,True
Z0351,2024,1206.2,82,57.9,98.5,0.0,0,0,Sédhiou,Sédhiou,12.73239,-15.57694,12.3,0.02,1038,20.2,307,1.8,1,6.946013991099227,1,11.695799999999998,1,0.1,False,False,True,False,False,False,False,False,False,True,False,False,False,True
Z0352,2015,971.9,62,55.0,100.9,0.0,0,0,Sédhiou,Sédhiou,12.72051,-15.53261,6.4,0.09,449,5.5,197,3.5,0,6.1092475827643655,1,3.025,1,0.0,False,True,False,False,False,True,False,False,False,False,False,False,False,True
Z0352,2016,1351.7,90,33.7,52.9,0.0,0,0,Sédhiou,Sédhiou,12.72051,-15.53261,6.4,0.09,449,5.5,197,3.5,0,6.1092475827643655,1,1.8535000000000001,1,0.0,False,True,False,False,False,True,False,False,False,False,False,False,False,True
Z0352,2017,1419.2,90,105.9,219.9,0.0,1,0,Sédhiou,Sédhiou,12.72051,-15.53261,6.4,0.09,449,5.5,197,3.5,0,6.1092475827643655,1,5.8245000000000005,1,0.0,False,True,False,False,False,True,False,False,False,False,False,False,False,True
Z0352,2018,1657.9,90,58.2,117.5,0.0,0,0,Sédhiou,Sédhiou,12.72051,-15.53261,6.4,0.09,449,5.5,197,3.5,0,6.1092475827643655,1,3.201,1,0.0,False,True,False,False,False,True,False,False,False,False,False,False,False,True
Z0352,2019,909.9,64,49.3,80.5,0.0,0,0,Sédhiou,Sédhiou,12.72051,-15.53261,6.4,0.09,449,5.5,197,3.5,0,6.1092475827643655,1,2.7114999999999996,1,0.0,False,True,False,False,False,True,False,False,False,False,False,False,False,True
Z0352,2020,1669.4,90,34.9,75.7,0.0,0,0,Sédhiou,Sédhiou,12.72051,-15.53261,6.4,0.09,449,5.5,197,3.5,0,6.1092475827643655,1,1.9195,1,0.0,False,True,False,False,False,True,False,False,False,False,False,False,False,True
Z0352,2021,1021.1,62,70.2,111.1,0.0,0,0,Sédhiou,Sédhiou,12.72051,-15.53261,6.4,0.09,449,5.5,197,3.5,0,6.1092475827643655,1,3.861,1,0.0,False,True,False,False,False,True,False,False,False,False,False,False,False,True
Z0352,2022,912.0,64,23.2,50.4,0.0,0,0,Sédhiou,Sédhiou,12.72051,-15.53261,6.4,0.09,449,5.5,197,3.5,0,6.1092475827643655,1,1.276,1,0.0,False,True,False,False,False,True,False,False,False,False,False,False,False,True
Z0352,2023,872.9,60,27.2,55.4,0.0,0,0,Sédhiou,Sédhiou,12.72051,-15.53261,6.4,0.09,449,5.5,197,3.5,0,6.1092475827643655,1,1.496,1,0.0,False,True,False,False,False,True,False,False,False,False,False,False,False,True
Z0352,2024,1748.9,90,110.6,179.5,0.0,1,0,Sédhiou,Sédhiou,12.72051,-15.53261,6.4,0.09,449,5.5,197,3.5,0,6.1092475827643655,1,6.082999999999999,1,0.0,False,True,False,False,False,True,False,False,False,False,False,False,False,True
Z0353,2015,1162.7,89,40.1,68.9,0.0,0,0,Sédhiou,Sédhiou,12.70881,-15.55343,8.7,2.76,674,51.8,4995,1.8,0,6.51471269087253,1,20.7718,1,0.0,False,True,False,False,False,False,False,True,False,False,False,False,False,True
Z0353,2016,1201.9,86,73.9,135.5,0.0,1,0,Sédhiou,Sédhiou,12.70881,-15.55343,8.7,2.76,674,51.8,4995,1.8,0,6.51471269087253,1,38.2802,1,0.0,False,True,False,False,False,False,False,True,False,False,False,False,False,True
Z0353,2017,1407.1,90,24.5,34.3,0.0,0,0,Sédhiou,Sédhiou,12.70881,-15.55343,8.7,2.76,674,51.8,4995,1.8,0,6.51471269087253,1,12.690999999999999,1,0.0,False,True,False,False,False,False,False,True,False,False,False,False,False,True
Z0353,2018,835.4,55,23.9,37.4,0.0,0,0,Sédhiou,Sédhiou,12.70881,-15.55343,8.7,2.76,674,51.8,4995,1.8,0,6.51471269087253,1,12.380199999999997,1,0.0,False,True,False,False,False,False,False,True,False,False,False,False,False,True
Z0353,2019,1130.5,85,82.9,137.9,0.0,1,0,Sédhiou,Sédhiou,12.70881,-15.55343,8.7,2.76,674,51.8,4995,1.8,0,6.51471269087253,1,42.9422,1,0.0,False,True,False,False,False,False,False,True,False,False,False,False,False,True
Z0353,2020,823.9,56,48.9,74.8,0.0,0,0,Sédhiou,Sédhiou,12.70881,-15.55343,8.7,2.76,674,51.8,4995,1.8,0,6.51471269087253,1,25.3302,1,0.0,False,True,False,False,False,False,False,True,False,False,False,False,False,True
Z0353,2021,1337.1,90,28.4,59.4,0.0,0,0,Sédhiou,Sédhiou,12.70881,-15.55343,8.7,2.76,674,51.8,4995,1.8,0,6.51471269087253,1,14.711199999999998,1,0.0,False,True,False,False,False,False,False,True,False,False,False,False,False,True
Z0353,2022,1270.4,90,202.5,259.4,0.0,1,0,Sédhiou,Sédhiou,12.70881,-15.55343,8.7,2.76,674,51.8,4995,1.8,0,6.51471269087253,1,104.895,1,0.0,False,True,False,False,False,False,False,True,False,False,False,False,False,True
Z0353,2023,1487.2,90,151.0,312.1,0.0,1,0,Sédhiou,Sédhiou,12.70881,-15.55343,8.7,2.76,674,51.8,4995,1.8,0,6.51471269087253,1,78.21799999999999,1,0.0,False,True,False,False,False,False,False,True,False,False,False,False,False,True
Z0353,2024,1201.9,90,149.6,322.6,0.0,1,0,Sédhiou,Sédhiou,12.70881,-15.55343,8.7,2.76,674,51.8,4995,1.8,0,6.51471269087253,1,77.49279999999999,1,0.0,False,True,False,False,False,False,False,True,False,False,False,False,False,True
Z0354,2015,800.2,57,44.1,75.1,0.0,0,0,Sédhiou,Sédhiou,12.71043,-15.56671,15.5,1.76,800,50.3,3868,4.0,0,6.68586094706836,0,22.1823,2,0.0,True,False,False,False,False,False,False,True,False,False,False,True,False,False
Z0354,2016,1053.1,71,63.5,91.8,0.0,0,0,Sédhiou,Sédhiou,12.71043,-15.56671,15.5,1.76,800,50.3,3868,4.0,0,6.68586094706836,0,31.940499999999997,2,0.0,True,False,False,False,False,False,False,True,False,False,False,True,False,False
Z0354,2017,1441.1,90,10.6,16.3,0.0,0,0,Sédhiou,Sédhiou,12.71043,-15.56671,15.5,1.76,800,50.3,3868,4.0,0,6.68586094706836,0,5.331799999999999,2,0.0,True,False,False,False,False,False,False,True,False,False,False,True,False,False
Z0354,2018,1238.3,90,50.9,83.5,0.0,0,0,Sédhiou,Sédhiou,12.71043,-15.56671,15.5,1.76,800,50.3,3868,4.0,0,6.68586094706836,0,25.6027,2,0.0,True,False,False,False,False,False,False,True,False,False,False,True,False,False
Z0354,2019,1559.5,90,48.8,78.0,0.0,0,0,Sédhiou,Sédhiou,12.71043,-15.56671,15.5,1.76,800,50.3,3868,4.0,0,6.68586094706836,0,24.5464,2,0.0,True,False,False,False,False,False,False,True,False,False,False,True,False,False
Z0354,2020,1368.0,90,128.9,239.6,0.0,1,0,Sédhiou,Sédhiou,12.71043,-15.56671,15.5,1.76,800,50.3,3868,4.0,0,6.68586094706836,0,64.83670000000001,2,0.0,True,False,False,False,False,False,False,True,False,False,False,True,False,False
Z0354,2021,1025.3,78,52.0,96.8,0.0,0,0,Sédhiou,Sédhiou,12.71043,-15.56671,15.5,1.76,800,50.3,3868,4.0,0,6.68586094706836,0,26.156,2,0.0,True,False,False,False,False,False,False,True,False,False,False,True,False,False
Z0354,2022,2029.2,90,84.2,116.9,0.0,0,0,Sédhiou,Sédhiou,12.71043,-15.56671,15.5,1.76,800,50.3,3868,4.0,0,6.68586094706836,0,42.3526,2,0.0,True,False,False,False,False,False,False,True,False,False,False,True,False,False
Z0354,2023,1403.4,90,40.7,56.3,0.0,0,0,Sédhiou,Sédhiou,12.71043,-15.56671,15.5,1.76,800,50.3,3868,4.0,0,6.68586094706836,0,20.4721,2,0.0,True,False,False,False,False,False,False,True,False,False,False,True,False,False
Z0354,2024,1379.8,90,64.4,116.7,0.0,0,0,Sédhiou,Sédhiou,12.71043,-15.56671,15.5,1.76,800,50.3,3868,4.0,0,6.68586094706836,0,32.3932,2,0.0,True,False,False,False,False,False,False,True,False,False,False,True,False,False
Z0355,2015,1073.1,76,56.1,91.6,0.0,0,0,Sédhiou,Sédhiou,12.72114,-15.55619,13.6,1.59,474,28.6,137,3.8,1,6.163314804034641,1,16.0446,1,0.1,False,False,True,False,False,False,False,False,False,True,False,False,False,True
Z0355,2016,877.1,51,36.7,73.5,0.0,0,0,Sédhiou,Sédhiou,12.72114,-15.55619,13.6,1.59,474,28.6,137,3.8,1,6.163314804034641,1,10.496200000000002,1,0.1,False,False,True,False,False,False,False,False,False,True,False,False,False,True
Z0355,2017,1277.2,88,29.2,42.2,0.0,0,0,Sédhiou,Sédhiou,12.72114,-15.55619,13.6,1.59,474,28.6,137,3.8,1,6.163314804034641,1,8.3512,1,0.1,False,False,True,False,False,False,False,False,False,True,False,False,False,True
Z0355,2018,707.7,48,16.0,28.4,0.0,0,0,Sédhiou,Sédhiou,12.72114,-15.55619,13.6,1.59,474,28.6,137,3.8,1,6.163314804034641,1,4.5760000000000005,1,0.1,False,False,True,False,False,False,False,False,False,True,False,False,False,True
Z0355,2019,1410.8,90,99.3,155.9,0.0,1,0,Sédhiou,Sédhiou,12.72114,-15.55619,13.6,1.59,474,28.6,137,3.8,1,6.163314804034641,1,28.3998,1,0.1,False,False,True,False,False,False,False,False,False,True,False,False,False,True
Z0355,2020,2227.2,90,82.7,104.8,0.0,1,0,Sédhiou,Sédhiou,12.72114,-15.55619,13.6,1.59,474,28.6,137,3.8,1,6.163314804034641,1,23.652200000000004,1,0.1,False,False,True,False,False,False,False,False,False,True,False,False,False,True
Z0355,2021,811.2,56,54.3,110.0,0.0,0,0,Sédhiou,Sédhiou,12.72114,-15.55619,13.6,1.59,474,28.6,137,3.8,1,6.163314804034641,1,15.5298,1,0.1,False,False,True,False,False,False,False,False,False,True,False,False,False,True
Z0355,2022,1856.8,90,38.8,46.6,0.0,0,0,Sédhiou,Sédhiou,12.72114,-15.55619,13.6,1.59,474,28.6,137,3.8,1,6.163314804034641,1,11.0968,1,0.1,False,False,True,False,False,False,False,False,False,True,False,False,False,True
Z0355,2023,955.9,68,22.2,30.5,0.0,0,0,Sédhiou,Sédhiou,12.72114,-15.55619,13.6,1.59,474,28.6,137,3.8,1,6.163314804034641,1,6.3492,1,0.1,False,False,True,False,False,False,False,False,False,True,False,False,False,True
Z0355,2024,1857.1,90,38.6,49.7,0.0,0,0,Sédhiou,Sédhiou,12.72114,-15.55619,13.6,1.59,474,28.6,137,3.8,1,6.163314804034641,1,11.0396,1,0.1,False,False,True,False,False,False,False,False,False,True,False,False,False,True
Z0356,2015,1084.6,75,71.7,136.7,0.0,0,0,Sédhiou,Sédhiou,12.72764,-15.52638,20.2,0.69,1255,32.9,259,1.7,0,7.135687347028144,0,23.589299999999998,2,0.0,False,False,True,False,False,False,False,False,False,True,False,True,False,False
Z0356,2016,1305.8,90,58.5,93.7,0.0,0,0,Sédhiou,Sédhiou,12.72764,-15.52638,20.2,0.69,1255,32.9,259,1.7,0,7.135687347028144,0,19.246499999999997,2,0.0,False,False,True,False,False,False,False,False,False,True,False,True,False,False
Z0356,2017,711.2,51,63.2,101.1,0.0,1,0,Sédhiou,Sédhiou,12.72764,-15.52638,20.2,0.69,1255,32.9,259,1.7,0,7.135687347028144,0,20.792800000000003,2,0.0,False,False,True,False,False,False,False,False,False,True,False,True,False,False
Z0356,2018,891.7,60,32.2,60.8,0.0,0,0,Sédhiou,Sédhiou,12.72764,-15.52638,20.2,0.69,1255,32.9,259,1.7,0,7.135687347028144,0,10.593800000000002,2,0.0,False,False,True,False,False,False,False,False,False,True,False,True,False,False
Z0356,2019,1264.4,89,39.6,47.7,0.0,0,0,Sédhiou,Sédhiou,12.72764,-15.52638,20.2,0.69,1255,32.9,259,1.7,0,7.135687347028144,0,13.0284,2,0.0,False,False,True,False,False,False,False,False,False,True,False,True,False,False
Z0356,2020,1160.3,83,77.1,152.9,0.0,0,0,Sédhiou,Sédhiou,12.72764,-15.52638,20.2,0.69,1255,32.9,259,1.7,0,7.135687347028144,0,25.365899999999996,2,0.0,False,False,True,False,False,False,False,False,False,True,False,True,False,False
Z0356,2021,2431.2,90,28.4,56.5,0.0,0,0,Sédhiou,Sédhiou,12.72764,-15.52638,20.2,0.69,1255,32.9,259,1.7,0,7.135687347028144,0,9.343599999999999,2,0.0,False,False,True,False,False,False,False,False,False,True,False,True,False,False
Z0356,2022,1952.3,90,129.5,161.7,0.0,0,0,Sédhiou,Sédhiou,12.72764,-15.52638,20.2,0.69,1255,32.9,259,1.7,0,7.135687347028144,0,42.6055,2,0.0,False,False,True,False,False,False,False,False,False,True,False,True,False,False
Z0356,2023,1122.7,77,12.8,20.3,0.0,0,0,Sédhiou,Sédhiou,12.72764,-15.52638,20.2,0.69,1255,32.9,259,1.7,0,7.135687347028144,0,4.2112,2,0.0,False,False,True,False,False,False,False,False,False,True,False,True,False,False
Z0356,2024,1812.5,90,115.1,140.6,0.0,1,0,Sédhiou,Sédhiou,12.72764,-15.52638,20.2,0.69,1255,32.9,259,1.7,0,7.135687347028144,0,37.86789999999999,2,0.0,False,False,True,False,False,False,False,False,False,True,False,True,False,False
Z0357,2015,1335.2,90,57.3,94.9,0.0,1,0,Sédhiou,Sédhiou,12.71445,-15.56935,14.4,0.83,573,13.6,254,3.7,0,6.352629396319567,0,7.7928,2,0.0,False,False,True,False,False,True,False,False,False,False,False,True,False,False
Z0357,2016,1317.6,90,100.1,213.0,0.0,0,0,Sédhiou,Sédhiou,12.71445,-15.56935,14.4,0.83,573,13.6,254,3.7,0,6.352629396319567,0,13.613599999999998,2,0.0,False,False,True,False,False,True,False,False,False,False,False,True,False,False
Z0357,2017,1017.5,72,60.6,126.9,0.0,0,0,Sédhiou,Sédhiou,12.71445,-15.56935,14.4,0.83,573,13.6,254,3.7,0,6.352629396319567,0,8.2416,2,0.0,False,False,True,False,False,True,False,False,False,False,False,True,False,False
Z0357,2018,1268.6,87,96.7,179.7,0.0,1,0,Sédhiou,Sédhiou,12.71445,-15.56935,14.4,0.83,573,13.6,254,3.7,0,6.352629396319567,0,13.1512,2,0.0,False,False,True,False,False,True,False,False,False,False,False,True,False,False
Z0357,2019,1306.3,90,43.5,53.5,0.0,0,0,Sédhiou,Sédhiou,12.71445,-15.56935,14.4,0.83,573,13.6,254,3.7,0,6.352629396319567,0,5.916,2,0.0,False,False,True,False,False,True,False,False,False,False,False,True,False,False
Z0357,2020,1311.2,86,54.9,71.2,0.0,0,0,Sédhiou,Sédhiou,12.71445,-15.56935,14.4,0.83,573,13.6,254,3.7,0,6.352629396319567,0,7.4664,2,0.0,False,False,True,False,False,True,False,False,False,False,False,True,False,False
Z0357,2021,1192.6,90,51.4,93.3,0.0,0,0,Sédhiou,Sédhiou,12.71445,-15.56935,14.4,0.83,573,13.6,254,3.7,0,6.352629396319567,0,6.990399999999999,2,0.0,False,False,True,False,False,True,False,False,False,False,False,True,False,False
Z0357,2022,1028.7,80,29.3,38.2,0.0,0,0,Sédhiou,Sédhiou,12.71445,-15.56935,14.4,0.83,573,13.6,254,3.7,0,6.352629396319567,0,3.9848000000000003,2,0.0,False,False,True,False,False,True,False,False,False,False,False,True,False,False
Z0357,2023,765.1,53,54.9,42.1,0.0,0,0,Sédhiou,Sédhiou,12.71445,-15.56935,14.4,0.83,573,13.6,254,3.7,0,6.352629396319567,0,7.4664,2,0.0,False,False,True,False,False,True,False,False,False,False,False,True,False,False
Z0357,2024,1751.3,90,51.6,103.0,0.0,0,0,Sédhiou,Sédhiou,12.71445,-15.56935,14.4,0.83,573,13.6,254,3.7,0,6.352629396319567,0,7.0176,2,0.0,False,False,True,False,False,True,False,False,False,False,False,True,False,False
Z0358,2015,658.5,45,12.9,19.7,0.0,0,0,Sédhiou,Sédhiou,12.70768,-15.54663,29.5,0.9,517,70.7,11733,6.0,0,6.249975242259483,0,9.1203,0,0.0,False,True,False,False,False,False,True,False,False,False,True,False,False,False
Z0358,2016,619.5,43,11.6,15.0,0.0,0,0,Sédhiou,Sédhiou,12.70768,-15.54663,29.5,0.9,517,70.7,11733,6.0,0,6.249975242259483,0,8.2012,0,0.0,False,True,False,False,False,False,True,False,False,False,True,False,False,False
Z0358,2017,978.2,68,10.7,15.1,0.0,0,0,Sédhiou,Sédhiou,12.70768,-15.54663,29.5,0.9,517,70.7,11733,6.0,0,6.249975242259483,0,7.5649,0,0.0,False,True,False,False,False,False,True,False,False,False,True,False,False,False
Z0358,2018,1182.7,88,20.0,26.7,0.0,0,0,Sédhiou,Sédhiou,12.70768,-15.54663,29.5,0.9,517,70.7,11733,6.0,0,6.249975242259483,0,14.14,0,0.0,False,True,False,False,False,False,True,False,False,False,True,False,False,False
Z0358,2019,765.0,50,36.1,63.9,0.0,0,0,Sédhiou,Sédhiou,12.70768,-15.54663,29.5,0.9,517,70.7,11733,6.0,0,6.249975242259483,0,25.5227,0,0.0,False,True,False,False,False,False,True,False,False,False,True,False,False,False
Z0358,2020,1692.6,90,67.9,96.2,0.0,0,0,Sédhiou,Sédhiou,12.70768,-15.54663,29.5,0.9,517,70.7,11733,6.0,0,6.249975242259483,0,48.005300000000005,0,0.0,False,True,False,False,False,False,True,False,False,False,True,False,False,False
Z0358,2021,786.2,56,32.8,166.6,0.0,0,0,Sédhiou,Sédhiou,12.70768,-15.54663,29.5,0.9,517,70.7,11733,6.0,0,6.249975242259483,0,23.1896,0,0.0,False,True,False,False,False,False,True,False,False,False,True,False,False,False
Z0358,2022,971.1,64,32.8,53.1,0.0,0,0,Sédhiou,Sédhiou,12.70768,-15.54663,29.5,0.9,517,70.7,11733,6.0,0,6.249975242259483,0,23.1896,0,0.0,False,True,False,False,False,False,True,False,False,False,True,False,False,False
Z0358,2023,1371.8,90,87.8,124.1,0.0,0,0,Sédhiou,Sédhiou,12.70768,-15.54663,29.5,0.9,517,70.7,11733,6.0,0,6.249975242259483,0,62.074600000000004,0,0.0,False,True,False,False,False,False,True,False,False,False,True,False,False,False
Z0358,2024,1111.6,73,100.8,135.1,0.0,0,0,Sédhiou,Sédhiou,12.70768,-15.54663,29.5,0.9,517,70.7,11733,6.0,0,6.249975242259483,0,71.2656,0,0.0,False,True,False,False,False,False,True,False,False,False,True,False,False,False
Z0359,2015,1017.2,72,81.2,124.9,0.0,0,0,Sédhiou,Sédhiou,12.71275,-15.56968,5.1,0.13,1155,22.6,155,3.3,1,7.052721049232323,1,18.351200000000002,1,0.1,False,False,False,True,False,True,False,False,False,False,False,False,False,True
Z0359,2016,581.0,40,42.1,63.5,0.0,0,0,Sédhiou,Sédhiou,12.71275,-15.56968,5.1,0.13,1155,22.6,155,3.3,1,7.052721049232323,1,9.5146,1,0.1,False,False,False,True,False,True,False,False,False,False,False,False,False,True
Z0359,2017,710.2,47,16.2,28.6,0.0,0,0,Sédhiou,Sédhiou,12.71275,-15.56968,5.1,0.13,1155,22.6,155,3.3,1,7.052721049232323,1,3.6612,1,0.1,False,False,False,True,False,True,False,False,False,False,False,False,False,True
Z0359,2018,1253.1,84,53.6,77.0,0.0,0,0,Sédhiou,Sédhiou,12.71275,-15.56968,5.1,0.13,1155,22.6,155,3.3,1,7.052721049232323,1,12.113600000000002,1,0.1,False,False,False,True,False,True,False,False,False,False,False,False,False,True
Z0359,2019,1267.0,90,69.6,91.4,0.0,1,0,Sédhiou,Sédhiou,12.71275,-15.56968,5.1,0.13,1155,22.6,155,3.3,1,7.052721049232323,1,15.7296,1,0.1,False,False,False,True,False,True,False,False,False,False,False,False,False,True
Z0359,2020,1030.8,79,57.7,102.5,0.0,1,0,Sédhiou,Sédhiou,12.71275,-15.56968,5.1,0.13,1155,22.6,155,3.3,1,7.052721049232323,1,13.040200000000002,1,0.1,False,False,False,True,False,True,False,False,False,False,False,False,False,True
Z0359,2021,1050.8,80,72.4,93.5,0.0,1,0,Sédhiou,Sédhiou,12.71275,-15.56968,5.1,0.13,1155,22.6,155,3.3,1,7.052721049232323,1,16.3624,1,0.1,False,False,False,True,False,True,False,False,False,False,False,False,False,True
Z0359,2022,1678.9,90,79.5,103.5,0.0,1,0,Sédhiou,Sédhiou,12.71275,-15.56968,5.1,0.13,1155,22.6,155,3.3,1,7.052721049232323,1,17.967,1,0.1,False,False,False,True,False,True,False,False,False,False,False,False,False,True
Z0359,2023,1593.2,90,181.1,235.8,0.0,1,0,Sédhiou,Sédhiou,12.71275,-15.56968,5.1,0.13,1155,22.6,155,3.3,1,7.052721049232323,1,40.9286,1,0.1,False,False,False,True,False,True,False,False,False,False,False,False,False,True
Z0359,2024,1111.8,74,42.8,58.8,0.0,0,0,Sédhiou,Sédhiou,12.71275,-15.56968,5.1,0.13,1155,22.6,155,3.3,1,7.052721049232323,1,9.6728,1,0.1,False,False,False,True,False,True,False,False,False,False,False,False,False,True
Z0360,2015,1467.0,90,38.1,70.5,0.0,0,0,Sédhiou,Sédhiou,12.71974,-15.539,22.7,0.39,2226,10.8,521,4.9,1,7.708410667257367,0,4.1148,1,0.1,True,False,False,False,False,True,False,False,False,False,False,False,False,True
Z0360,2016,881.1,68,21.3,45.5,0.0,0,0,Sédhiou,Sédhiou,12.71974,-15.539,22.7,0.39,2226,10.8,521,4.9,1,7.708410667257367,0,2.3004000000000002,1,0.1,True,False,False,False,False,True,False,False,False,False,False,False,False,True
Z0360,2017,1325.2,90,43.0,85.2,0.0,0,0,Sédhiou,Sédhiou,12.71974,-15.539,22.7,0.39,2226,10.8,521,4.9,1,7.708410667257367,0,4.644,1,0.1,True,False,False,False,False,True,False,False,False,False,False,False,False,True
Z0360,2018,1028.7,75,36.4,62.7,0.0,0,0,Sédhiou,Sédhiou,12.71974,-15.539,22.7,0.39,2226,10.8,521,4.9,1,7.708410667257367,0,3.9312,1,0.1,True,False,False,False,False,True,False,False,False,False,False,False,False,True
Z0360,2019,1255.1,90,38.1,69.8,0.0,1,0,Sédhiou,Sédhiou,12.71974,-15.539,22.7,0.39,2226,10.8,521,4.9,1,7.708410667257367,0,4.1148,1,0.1,True,False,False,False,False,True,False,False,False,False,False,False,False,True
Z0360,2020,1092.9,74,25.4,49.7,0.0,0,0,Sédhiou,Sédhiou,12.71974,-15.539,22.7,0.39,2226,10.8,521,4.9,1,7.708410667257367,0,2.7432,1,0.1,True,False,False,False,False,True,False,False,False,False,False,False,False,True
Z0360,2021,1470.8,90,73.2,142.4,0.0,0,0,Sédhiou,Sédhiou,12.71974,-15.539,22.7,0.39,2226,10.8,521,4.9,1,7.708410667257367,0,7.905600000000001,1,0.1,True,False,False,False,False,True,False,False,False,False,False,False,False,True
Z0360,2022,1033.0,71,38.3,53.3,0.0,0,0,Sédhiou,Sédhiou,12.71974,-15.539,22.7,0.39,2226,10.8,521,4.9,1,7.708410667257367,0,4.1364,1,0.1,True,False,False,False,False,True,False,False,False,False,False,False,False,True
Z0360,2023,1500.4,90,96.4,196.4,0.0,0,0,Sédhiou,Sédhiou,12.71974,-15.539,22.7,0.39,2226,10.8,521,4.9,1,7.708410667257367,0,10.411200000000001,1,0.1,True,False,False,False,False,True,False,False,False,False,False,False,False,True
Z0360,2024,1495.5,90,89.3,177.7,0.0,0,0,Sédhiou,Sédhiou,12.71974,-15.539,22.7,0.39,2226,10.8,521,4.9,1,7.708410667257367,0,9.644400000000001,1,0.1,True,False,False,False,False,True,False,False,False,False,False,False,False,True
Z0361,2015,1248.7,88,36.7,69.1,0.0,1,0,Sédhiou,Sédhiou,12.71697,-15.53692,9.8,0.83,508,53.7,3031,3.3,0,6.2324480165505225,1,19.707900000000002,2,0.0,False,False,True,False,False,False,False,True,False,False,False,True,False,False
Z0361,2016,1313.7,90,103.1,135.9,0.0,0,0,Sédhiou,Sédhiou,12.71697,-15.53692,9.8,0.83,508,53.7,3031,3.3,0,6.2324480165505225,1,55.3647,2,0.0,False,False,True,False,False,False,False,True,False,False,False,True,False,False
Z0361,2017,1096.8,75,51.3,69.5,0.0,0,0,Sédhiou,Sédhiou,12.71697,-15.53692,9.8,0.83,508,53.7,3031,3.3,0,6.2324480165505225,1,27.548099999999998,2,0.0,False,False,True,False,False,False,False,True,False,False,False,True,False,False
Z0361,2018,941.0,70,40.6,84.5,0.0,0,0,Sédhiou,Sédhiou,12.71697,-15.53692,9.8,0.83,508,53.7,3031,3.3,0,6.2324480165505225,1,21.802200000000003,2,0.0,False,False,True,False,False,False,False,True,False,False,False,True,False,False
Z0361,2019,897.8,59,48.4,96.2,0.0,0,0,Sédhiou,Sédhiou,12.71697,-15.53692,9.8,0.83,508,53.7,3031,3.3,0,6.2324480165505225,1,25.9908,2,0.0,False,False,True,False,False,False,False,True,False,False,False,True,False,False
Z0361,2020,1269.8,83,109.6,144.7,0.0,0,0,Sédhiou,Sédhiou,12.71697,-15.53692,9.8,0.83,508,53.7,3031,3.3,0,6.2324480165505225,1,58.8552,2,0.0,False,False,True,False,False,False,False,True,False,False,False,True,False,False
Z0361,2021,1763.3,90,79.1,160.2,0.0,1,0,Sédhiou,Sédhiou,12.71697,-15.53692,9.8,0.83,508,53.7,3031,3.3,0,6.2324480165505225,1,42.4767,2,0.0,False,False,True,False,False,False,False,True,False,False,False,True,False,False
Z0361,2022,1033.0,69,48.5,70.9,0.0,0,0,Sédhiou,Sédhiou,12.71697,-15.53692,9.8,0.83,508,53.7,3031,3.3,0,6.2324480165505225,1,26.044500000000003,2,0.0,False,False,True,False,False,False,False,True,False,False,False,True,False,False
Z0361,2023,1096.8,67,24.3,38.2,0.0,0,0,Sédhiou,Sédhiou,12.71697,-15.53692,9.8,0.83,508,53.7,3031,3.3,0,6.2324480165505225,1,13.049100000000001,2,0.0,False,False,True,False,False,False,False,True,False,False,False,True,False,False
Z0361,2024,1007.4,68,46.8,66.6,0.0,0,0,Sédhiou,Sédhiou,12.71697,-15.53692,9.8,0.83,508,53.7,3031,3.3,0,6.2324480165505225,1,25.1316,2,0.0,False,False,True,False,False,False,False,True,False,False,False,True,False,False
Z0362,2015,1338.4,90,29.1,51.3,0.0,0,0,Sédhiou,Sédhiou,12.70879,-15.5529,14.1,1.01,734,11.2,288,2.8,0,6.5998704992128365,0,3.2592000000000003,2,0.0,False,True,False,False,False,True,False,False,False,False,False,True,False,False
Z0362,2016,1130.9,78,14.1,24.9,0.0,0,0,Sédhiou,Sédhiou,12.70879,-15.5529,14.1,1.01,734,11.2,288,2.8,0,6.5998704992128365,0,1.5792,2,0.0,False,True,False,False,False,True,False,False,False,False,False,True,False,False
Z0362,2017,1339.2,90,54.6,116.3,0.0,0,0,Sédhiou,Sédhiou,12.70879,-15.5529,14.1,1.01,734,11.2,288,2.8,0,6.5998704992128365,0,6.1152,2,0.0,False,True,False,False,False,True,False,False,False,False,False,True,False,False
Z0362,2018,1156.2,86,15.2,21.7,0.0,0,0,Sédhiou,Sédhiou,12.70879,-15.5529,14.1,1.01,734,11.2,288,2.8,0,6.5998704992128365,0,1.7024,2,0.0,False,True,False,False,False,True,False,False,False,False,False,True,False,False
Z0362,2019,845.5,57,74.4,94.5,0.0,0,0,Sédhiou,Sédhiou,12.70879,-15.5529,14.1,1.01,734,11.2,288,2.8,0,6.5998704992128365,0,8.332799999999999,2,0.0,False,True,False,False,False,True,False,False,False,False,False,True,False,False
Z0362,2020,1278.9,90,70.3,139.5,0.0,0,0,Sédhiou,Sédhiou,12.70879,-15.5529,14.1,1.01,734,11.2,288,2.8,0,6.5998704992128365,0,7.873599999999999,2,0.0,False,True,False,False,False,True,False,False,False,False,False,True,False,False
Z0362,2021,1283.8,89,104.1,188.7,0.0,0,0,Sédhiou,Sédhiou,12.70879,-15.5529,14.1,1.01,734,11.2,288,2.8,0,6.5998704992128365,0,11.659199999999998,2,0.0,False,True,False,False,False,True,False,False,False,False,False,True,False,False
Z0362,2022,1237.5,85,12.7,20.7,0.0,0,0,Sédhiou,Sédhiou,12.70879,-15.5529,14.1,1.01,734,11.2,288,2.8,0,6.5998704992128365,0,1.4223999999999999,2,0.0,False,True,False,False,False,True,False,False,False,False,False,True,False,False
Z0362,2023,843.6,62,33.4,47.6,0.0,0,0,Sédhiou,Sédhiou,12.70879,-15.5529,14.1,1.01,734,11.2,288,2.8,0,6.5998704992128365,0,3.7407999999999997,2,0.0,False,True,False,False,False,True,False,False,False,False,False,True,False,False
Z0362,2024,1242.8,90,65.0,110.8,0.0,0,0,Sédhiou,Sédhiou,12.70879,-15.5529,14.1,1.01,734,11.2,288,2.8,0,6.5998704992128365,0,7.28,2,0.0,False,True,False,False,False,True,False,False,False,False,False,True,False,False
Z0363,2015,336.6,26,39.6,74.2,0.0,0,0,Tambacounda,Tambacounda,13.78272,-13.65999,27.5,0.7,908,0.2,166,5.1,0,6.812345094177479,1,0.0792,1,0.0,False,False,False,True,False,True,False,False,False,False,False,False,False,True
Z0363,2016,534.5,41,15.1,28.2,0.0,0,0,Tambacounda,Tambacounda,13.78272,-13.65999,27.5,0.7,908,0.2,166,5.1,0,6.812345094177479,1,0.0302,1,0.0,False,False,False,True,False,True,False,False,False,False,False,False,False,True
Z0363,2017,607.8,41,38.2,52.6,0.0,0,0,Tambacounda,Tambacounda,13.78272,-13.65999,27.5,0.7,908,0.2,166,5.1,0,6.812345094177479,1,0.07640000000000001,1,0.0,False,False,False,True,False,True,False,False,False,False,False,False,False,True
Z0363,2018,1155.2,81,105.3,198.7,0.0,1,0,Tambacounda,Tambacounda,13.78272,-13.65999,27.5,0.7,908,0.2,166,5.1,0,6.812345094177479,1,0.2106,1,0.0,False,False,False,True,False,True,False,False,False,False,False,False,False,True
Z0363,2019,587.4,36,14.7,24.7,0.0,0,0,Tambacounda,Tambacounda,13.78272,-13.65999,27.5,0.7,908,0.2,166,5.1,0,6.812345094177479,1,0.0294,1,0.0,False,False,False,True,False,True,False,False,False,False,False,False,False,True
Z0363,2020,754.2,56,33.9,64.0,0.0,0,0,Tambacounda,Tambacounda,13.78272,-13.65999,27.5,0.7,908,0.2,166,5.1,0,6.812345094177479,1,0.0678,1,0.0,False,False,False,True,False,True,False,False,False,False,False,False,False,True
Z0363,2021,451.7,30,29.4,57.2,0.0,0,0,Tambacounda,Tambacounda,13.78272,-13.65999,27.5,0.7,908,0.2,166,5.1,0,6.812345094177479,1,0.0588,1,0.0,False,False,False,True,False,True,False,False,False,False,False,False,False,True
Z0363,2022,1011.2,76,61.1,104.7,0.0,0,0,Tambacounda,Tambacounda,13.78272,-13.65999,27.5,0.7,908,0.2,166,5.1,0,6.812345094177479,1,0.1222,1,0.0,False,False,False,True,False,True,False,False,False,False,False,False,False,True
Z0363,2023,438.1,37,20.8,31.1,0.0,0,0,Tambacounda,Tambacounda,13.78272,-13.65999,27.5,0.7,908,0.2,166,5.1,0,6.812345094177479,1,0.0416,1,0.0,False,False,False,True,False,True,False,False,False,False,False,False,False,True
Z0363,2024,946.8,71,45.1,83.3,0.0,0,0,Tambacounda,Tambacounda,13.78272,-13.65999,27.5,0.7,908,0.2,166,5.1,0,6.812345094177479,1,0.09020000000000002,1,0.0,False,False,False,True,False,True,False,False,False,False,False,False,False,True
Z0364,2015,623.7,44,13.5,24.7,0.0,0,0,Tambacounda,Tambacounda,13.77036,-13.67162,37.4,1.67,590,45.0,5822,7.0,0,6.3818160174060985,0,6.075,2,0.0,False,True,False,False,False,False,False,True,False,False,False,True,False,False
Z0364,2016,977.7,67,94.4,134.4,0.0,1,0,Tambacounda,Tambacounda,13.77036,-13.67162,37.4,1.67,590,45.0,5822,7.0,0,6.3818160174060985,0,42.48,2,0.0,False,True,False,False,False,False,False,True,False,False,False,True,False,False
Z0364,2017,798.0,58,14.1,28.1,0.0,0,0,Tambacounda,Tambacounda,13.77036,-13.67162,37.4,1.67,590,45.0,5822,7.0,0,6.3818160174060985,0,6.345,2,0.0,False,True,False,False,False,False,False,True,False,False,False,True,False,False
Z0364,2018,798.3,57,37.0,72.3,0.0,0,0,Tambacounda,Tambacounda,13.77036,-13.67162,37.4,1.67,590,45.0,5822,7.0,0,6.3818160174060985,0,16.65,2,0.0,False,True,False,False,False,False,False,True,False,False,False,True,False,False
Z0364,2019,835.8,60,52.4,63.1,0.0,0,0,Tambacounda,Tambacounda,13.77036,-13.67162,37.4,1.67,590,45.0,5822,7.0,0,6.3818160174060985,0,23.58,2,0.0,False,True,False,False,False,False,False,True,False,False,False,True,False,False
Z0364,2020,890.9,60,34.9,48.1,0.0,0,0,Tambacounda,Tambacounda,13.77036,-13.67162,37.4,1.67,590,45.0,5822,7.0,0,6.3818160174060985,0,15.705,2,0.0,False,True,False,False,False,False,False,True,False,False,False,True,False,False
Z0364,2021,988.7,73,10.0,17.6,0.0,0,0,Tambacounda,Tambacounda,13.77036,-13.67162,37.4,1.67,590,45.0,5822,7.0,0,6.3818160174060985,0,4.5,2,0.0,False,True,False,False,False,False,False,True,False,False,False,True,False,False
Z0364,2022,827.9,58,74.9,128.0,0.0,0,0,Tambacounda,Tambacounda,13.77036,-13.67162,37.4,1.67,590,45.0,5822,7.0,0,6.3818160174060985,0,33.705000000000005,2,0.0,False,True,False,False,False,False,False,True,False,False,False,True,False,False
Z0364,2023,670.9,43,18.5,35.9,0.0,0,0,Tambacounda,Tambacounda,13.77036,-13.67162,37.4,1.67,590,45.0,5822,7.0,0,6.3818160174060985,0,8.325,2,0.0,False,True,False,False,False,False,False,True,False,False,False,True,False,False
Z0364,2024,887.4,73,76.5,153.2,0.0,0,0,Tambacounda,Tambacounda,13.77036,-13.67162,37.4,1.67,590,45.0,5822,7.0,0,6.3818160174060985,0,34.425,2,0.0,False,True,False,False,False,False,False,True,False,False,False,True,False,False
Z0365,2015,547.2,37,16.4,26.0,0.0,0,0,Tambacounda,Tambacounda,13.79481,-13.68059,27.5,4.53,1620,40.9,221,2.8,0,7.390798521735676,1,6.7075999999999985,0,0.0,False,False,True,False,False,False,False,False,False,True,True,False,False,False
Z0365,2016,866.8,58,38.5,68.8,0.0,1,0,Tambacounda,Tambacounda,13.79481,-13.68059,27.5,4.53,1620,40.9,221,2.8,0,7.390798521735676,1,15.7465,0,0.0,False,False,True,False,False,False,False,False,False,True,True,False,False,False
Z0365,2017,1336.6,90,51.9,69.9,0.0,0,0,Tambacounda,Tambacounda,13.79481,-13.68059,27.5,4.53,1620,40.9,221,2.8,0,7.390798521735676,1,21.2271,0,0.0,False,False,True,False,False,False,False,False,False,True,True,False,False,False
Z0365,2018,821.3,60,66.9,135.3,0.0,1,0,Tambacounda,Tambacounda,13.79481,-13.68059,27.5,4.53,1620,40.9,221,2.8,0,7.390798521735676,1,27.3621,0,0.0,False,False,True,False,False,False,False,False,False,True,True,False,False,False
Z0365,2019,926.3,66,29.9,64.7,0.0,0,0,Tambacounda,Tambacounda,13.79481,-13.68059,27.5,4.53,1620,40.9,221,2.8,0,7.390798521735676,1,12.229099999999999,0,0.0,False,False,True,False,False,False,False,False,False,True,True,False,False,False
Z0365,2020,726.1,53,29.9,84.9,0.0,1,0,Tambacounda,Tambacounda,13.79481,-13.68059,27.5,4.53,1620,40.9,221,2.8,0,7.390798521735676,1,12.229099999999999,0,0.0,False,False,True,False,False,False,False,False,False,True,True,False,False,False
Z0365,2021,594.2,35,11.9,14.6,0.0,0,0,Tambacounda,Tambacounda,13.79481,-13.68059,27.5,4.53,1620,40.9,221,2.8,0,7.390798521735676,1,4.8671,0,0.0,False,False,True,False,False,False,False,False,False,True,True,False,False,False
Z0365,2022,641.8,44,61.6,117.7,0.0,0,0,Tambacounda,Tambacounda,13.79481,-13.68059,27.5,4.53,1620,40.9,221,2.8,0,7.390798521735676,1,25.1944,0,0.0,False,False,True,False,False,False,False,False,False,True,True,False,False,False
Z0365,2023,703.4,52,12.5,21.2,0.0,1,0,Tambacounda,Tambacounda,13.79481,-13.68059,27.5,4.53,1620,40.9,221,2.8,0,7.390798521735676,1,5.1125,0,0.0,False,False,True,False,False,False,False,False,False,True,True,False,False,False
Z0365,2024,970.1,71,21.3,38.0,0.0,0,0,Tambacounda,Tambacounda,13.79481,-13.68059,27.5,4.53,1620,40.9,221,2.8,0,7.390798521735676,1,8.7117,0,0.0,False,False,True,False,False,False,False,False,False,True,True,False,False,False
Z0366,2015,810.3,57,46.5,99.4,0.0,0,0,Tambacounda,Tambacounda,13.76792,-13.65559,37.0,0.86,1688,9.2,207,9.2,0,7.4318919168078,0,4.278,1,0.0,False,False,False,True,False,True,False,False,False,False,False,False,False,True
Z0366,2016,801.5,57,10.0,20.0,0.0,0,0,Tambacounda,Tambacounda,13.76792,-13.65559,37.0,0.86,1688,9.2,207,9.2,0,7.4318919168078,0,0.92,1,0.0,False,False,False,True,False,True,False,False,False,False,False,False,False,True
Z0366,2017,607.4,37,27.5,39.2,0.0,0,0,Tambacounda,Tambacounda,13.76792,-13.65559,37.0,0.86,1688,9.2,207,9.2,0,7.4318919168078,0,2.53,1,0.0,False,False,False,True,False,True,False,False,False,False,False,False,False,True
Z0366,2018,721.9,53,33.2,60.6,0.0,0,0,Tambacounda,Tambacounda,13.76792,-13.65559,37.0,0.86,1688,9.2,207,9.2,0,7.4318919168078,0,3.0544,1,0.0,False,False,False,True,False,True,False,False,False,False,False,False,False,True
Z0366,2019,573.1,47,10.0,21.8,0.0,0,0,Tambacounda,Tambacounda,13.76792,-13.65559,37.0,0.86,1688,9.2,207,9.2,0,7.4318919168078,0,0.92,1,0.0,False,False,False,True,False,True,False,False,False,False,False,False,False,True
Z0366,2020,651.0,45,31.7,38.3,0.0,0,0,Tambacounda,Tambacounda,13.76792,-13.65559,37.0,0.86,1688,9.2,207,9.2,0,7.4318919168078,0,2.9164,1,0.0,False,False,False,True,False,True,False,False,False,False,False,False,False,True
Z0366,2021,825.0,65,32.3,42.0,0.0,1,0,Tambacounda,Tambacounda,13.76792,-13.65559,37.0,0.86,1688,9.2,207,9.2,0,7.4318919168078,0,2.9715999999999996,1,0.0,False,False,False,True,False,True,False,False,False,False,False,False,False,True
Z0366,2022,848.6,60,32.3,44.9,0.0,0,0,Tambacounda,Tambacounda,13.76792,-13.65559,37.0,0.86,1688,9.2,207,9.2,0,7.4318919168078,0,2.9715999999999996,1,0.0,False,False,False,True,False,True,False,False,False,False,False,False,False,True
Z0366,2023,677.7,49,28.8,38.7,0.0,0,0,Tambacounda,Tambacounda,13.76792,-13.65559,37.0,0.86,1688,9.2,207,9.2,0,7.4318919168078,0,2.6496,1,0.0,False,False,False,True,False,True,False,False,False,False,False,False,False,True
Z0366,2024,850.4,66,36.5,65.6,0.0,0,0,Tambacounda,Tambacounda,13.76792,-13.65559,37.0,0.86,1688,9.2,207,9.2,0,7.4318919168078,0,3.3579999999999997,1,0.0,False,False,False,True,False,True,False,False,False,False,False,False,False,True
Z0367,2015,720.0,48,36.8,58.9,0.0,0,0,Tambacounda,Tambacounda,13.78113,-13.66686,47.1,3.59,2837,43.8,3516,9.2,0,7.950854857719988,0,16.118399999999998,0,0.0,False,False,False,False,True,False,False,True,False,False,True,False,False,False
Z0367,2016,486.1,43,28.9,49.5,0.0,0,0,Tambacounda,Tambacounda,13.78113,-13.66686,47.1,3.59,2837,43.8,3516,9.2,0,7.950854857719988,0,12.658199999999999,0,0.0,False,False,False,False,True,False,False,True,False,False,True,False,False,False
Z0367,2017,687.4,60,77.9,116.9,0.0,0,0,Tambacounda,Tambacounda,13.78113,-13.66686,47.1,3.59,2837,43.8,3516,9.2,0,7.950854857719988,0,34.1202,0,0.0,False,False,False,False,True,False,False,True,False,False,True,False,False,False
Z0367,2018,825.1,56,13.4,21.8,0.0,0,0,Tambacounda,Tambacounda,13.78113,-13.66686,47.1,3.59,2837,43.8,3516,9.2,0,7.950854857719988,0,5.869199999999999,0,0.0,False,False,False,False,True,False,False,True,False,False,True,False,False,False
Z0367,2019,807.3,55,45.4,57.3,0.0,0,0,Tambacounda,Tambacounda,13.78113,-13.66686,47.1,3.59,2837,43.8,3516,9.2,0,7.950854857719988,0,19.885199999999998,0,0.0,False,False,False,False,True,False,False,True,False,False,True,False,False,False
Z0367,2020,997.2,64,10.0,14.3,0.0,0,0,Tambacounda,Tambacounda,13.78113,-13.66686,47.1,3.59,2837,43.8,3516,9.2,0,7.950854857719988,0,4.38,0,0.0,False,False,False,False,True,False,False,True,False,False,True,False,False,False
Z0367,2021,752.4,49,16.7,35.9,0.0,0,0,Tambacounda,Tambacounda,13.78113,-13.66686,47.1,3.59,2837,43.8,3516,9.2,0,7.950854857719988,0,7.3145999999999995,0,0.0,False,False,False,False,True,False,False,True,False,False,True,False,False,False
Z0367,2022,973.6,67,44.4,93.9,0.0,0,0,Tambacounda,Tambacounda,13.78113,-13.66686,47.1,3.59,2837,43.8,3516,9.2,0,7.950854857719988,0,19.4472,0,0.0,False,False,False,False,True,False,False,True,False,False,True,False,False,False
Z0367,2023,715.7,46,18.7,30.7,0.0,0,0,Tambacounda,Tambacounda,13.78113,-13.66686,47.1,3.59,2837,43.8,3516,9.2,0,7.950854857719988,0,8.1906,0,0.0,False,False,False,False,True,False,False,True,False,False,True,False,False,False
Z0367,2024,1234.3,85,46.3,99.7,0.0,0,0,Tambacounda,Tambacounda,13.78113,-13.66686,47.1,3.59,2837,43.8,3516,9.2,0,7.950854857719988,0,20.2794,0,0.0,False,False,False,False,True,False,False,True,False,False,True,False,False,False
Z0368,2015,686.7,47,35.9,53.0,0.0,0,0,Tambacounda,Tambacounda,13.78401,-13.69143,58.9,1.21,522,74.1,19553,10.4,0,6.259581464064923,0,26.601899999999997,2,0.0,False,True,False,False,False,False,True,False,False,False,False,True,False,False
Z0368,2016,1055.5,71,66.5,91.9,0.0,0,0,Tambacounda,Tambacounda,13.78401,-13.69143,58.9,1.21,522,74.1,19553,10.4,0,6.259581464064923,0,49.2765,2,0.0,False,True,False,False,False,False,True,False,False,False,False,True,False,False
Z0368,2017,685.4,51,10.0,15.6,0.0,0,0,Tambacounda,Tambacounda,13.78401,-13.69143,58.9,1.21,522,74.1,19553,10.4,0,6.259581464064923,0,7.41,2,0.0,False,True,False,False,False,False,True,False,False,False,False,True,False,False
Z0368,2018,1549.4,90,59.6,71.6,0.0,0,0,Tambacounda,Tambacounda,13.78401,-13.69143,58.9,1.21,522,74.1,19553,10.4,0,6.259581464064923,0,44.163599999999995,2,0.0,False,True,False,False,False,False,True,False,False,False,False,True,False,False
Z0368,2019,758.5,55,46.7,70.7,0.0,0,0,Tambacounda,Tambacounda,13.78401,-13.69143,58.9,1.21,522,74.1,19553,10.4,0,6.259581464064923,0,34.6047,2,0.0,False,True,False,False,False,False,True,False,False,False,False,True,False,False
Z0368,2020,910.6,63,39.5,80.2,0.0,0,0,Tambacounda,Tambacounda,13.78401,-13.69143,58.9,1.21,522,74.1,19553,10.4,0,6.259581464064923,0,29.269499999999997,2,0.0,False,True,False,False,False,False,True,False,False,False,False,True,False,False
Z0368,2021,978.3,77,15.0,30.1,0.0,0,0,Tambacounda,Tambacounda,13.78401,-13.69143,58.9,1.21,522,74.1,19553,10.4,0,6.259581464064923,0,11.115,2,0.0,False,True,False,False,False,False,True,False,False,False,False,True,False,False
Z0368,2022,739.4,57,10.0,12.6,0.0,0,0,Tambacounda,Tambacounda,13.78401,-13.69143,58.9,1.21,522,74.1,19553,10.4,0,6.259581464064923,0,7.41,2,0.0,False,True,False,False,False,False,True,False,False,False,False,True,False,False
Z0368,2023,910.6,53,20.2,26.0,0.0,0,0,Tambacounda,Tambacounda,13.78401,-13.69143,58.9,1.21,522,74.1,19553,10.4,0,6.259581464064923,0,14.9682,2,0.0,False,True,False,False,False,False,True,False,False,False,False,True,False,False
Z0368,2024,1264.1,90,60.2,87.9,0.0,0,0,Tambacounda,Tambacounda,13.78401,-13.69143,58.9,1.21,522,74.1,19553,10.4,0,6.259581464064923,0,44.6082,2,0.0,False,True,False,False,False,False,True,False,False,False,False,True,False,False
Z0369,2015,693.6,49,60.5,115.3,0.0,0,0,Tambacounda,Tambacounda,13.78574,-13.68413,45.2,0.55,752,74.3,15198,7.4,0,6.6240652277998935,0,44.951499999999996,2,0.0,False,False,False,True,False,False,True,False,False,False,False,True,False,False
Z0369,2016,860.0,60,37.1,52.7,0.0,0,0,Tambacounda,Tambacounda,13.78574,-13.68413,45.2,0.55,752,74.3,15198,7.4,0,6.6240652277998935,0,27.5653,2,0.0,False,False,False,True,False,False,True,False,False,False,False,True,False,False
Z0369,2017,676.0,44,25.4,50.0,0.0,0,0,Tambacounda,Tambacounda,13.78574,-13.68413,45.2,0.55,752,74.3,15198,7.4,0,6.6240652277998935,0,18.8722,2,0.0,False,False,False,True,False,False,True,False,False,False,False,True,False,False
Z0369,2018,798.7,61,37.7,75.4,0.0,0,0,Tambacounda,Tambacounda,13.78574,-13.68413,45.2,0.55,752,74.3,15198,7.4,0,6.6240652277998935,0,28.011100000000003,2,0.0,False,False,False,True,False,False,True,False,False,False,False,True,False,False
Z0369,2019,815.8,48,16.6,28.5,0.0,0,0,Tambacounda,Tambacounda,13.78574,-13.68413,45.2,0.55,752,74.3,15198,7.4,0,6.6240652277998935,0,12.333800000000002,2,0.0,False,False,False,True,False,False,True,False,False,False,False,True,False,False
Z0369,2020,798.7,81,17.9,33.1,0.0,0,0,Tambacounda,Tambacounda,13.78574,-13.68413,45.2,0.55,752,74.3,15198,7.4,0,6.6240652277998935,0,13.299699999999998,2,0.0,False,False,False,True,False,False,True,False,False,False,False,True,False,False
Z0369,2021,1158.6,76,61.9,105.6,0.0,0,0,Tambacounda,Tambacounda,13.78574,-13.68413,45.2,0.55,752,74.3,15198,7.4,0,6.6240652277998935,0,45.9917,2,0.0,False,False,False,True,False,False,True,False,False,False,False,True,False,False
Z0369,2022,1168.7,82,55.0,111.0,0.0,0,0,Tambacounda,Tambacounda,13.78574,-13.68413,45.2,0.55,752,74.3,15198,7.4,0,6.6240652277998935,0,40.865,2,0.0,False,False,False,True,False,False,True,False,False,False,False,True,False,False
Z0369,2023,774.7,59,52.6,75.6,0.0,0,0,Tambacounda,Tambacounda,13.78574,-13.68413,45.2,0.55,752,74.3,15198,7.4,0,6.6240652277998935,0,39.0818,2,0.0,False,False,False,True,False,False,True,False,False,False,False,True,False,False
Z0369,2024,708.6,51,46.6,99.3,0.0,0,0,Tambacounda,Tambacounda,13.78574,-13.68413,45.2,0.55,752,74.3,15198,7.4,0,6.6240652277998935,0,34.6238,2,0.0,False,False,False,True,False,False,True,False,False,False,False,True,False,False
Z0370,2015,652.2,48,23.9,32.6,0.0,0,0,Tambacounda,Tambacounda,13.76483,-13.66103,46.9,2.7,951,43.5,118,2.4,0,6.858565034791365,0,10.396499999999998,2,0.0,False,False,True,False,False,False,False,False,False,True,False,True,False,False
Z0370,2016,858.2,60,26.2,114.1,0.0,0,0,Tambacounda,Tambacounda,13.76483,-13.66103,46.9,2.7,951,43.5,118,2.4,0,6.858565034791365,0,11.397,2,0.0,False,False,True,False,False,False,False,False,False,True,False,True,False,False
Z0370,2017,1342.6,90,26.2,50.2,0.0,0,0,Tambacounda,Tambacounda,13.76483,-13.66103,46.9,2.7,951,43.5,118,2.4,0,6.858565034791365,0,11.397,2,0.0,False,False,True,False,False,False,False,False,False,True,False,True,False,False
Z0370,2018,434.0,36,25.9,33.5,0.0,0,0,Tambacounda,Tambacounda,13.76483,-13.66103,46.9,2.7,951,43.5,118,2.4,0,6.858565034791365,0,11.266499999999999,2,0.0,False,False,True,False,False,False,False,False,False,True,False,True,False,False
Z0370,2019,779.9,63,73.8,102.5,0.0,0,0,Tambacounda,Tambacounda,13.76483,-13.66103,46.9,2.7,951,43.5,118,2.4,0,6.858565034791365,0,32.102999999999994,2,0.0,False,False,True,False,False,False,False,False,False,True,False,True,False,False
Z0370,2020,810.4,57,22.1,37.6,0.0,0,0,Tambacounda,Tambacounda,13.76483,-13.66103,46.9,2.7,951,43.5,118,2.4,0,6.858565034791365,0,9.6135,2,0.0,False,False,True,False,False,False,False,False,False,True,False,True,False,False
Z0370,2021,620.2,45,42.0,80.1,0.0,0,0,Tambacounda,Tambacounda,13.76483,-13.66103,46.9,2.7,951,43.5,118,2.4,0,6.858565034791365,0,18.27,2,0.0,False,False,True,False,False,False,False,False,False,True,False,True,False,False
Z0370,2022,1167.6,86,87.3,188.8,0.0,0,0,Tambacounda,Tambacounda,13.76483,-13.66103,46.9,2.7,951,43.5,118,2.4,0,6.858565034791365,0,37.9755,2,0.0,False,False,True,False,False,False,False,False,False,True,False,True,False,False
Z0370,2023,668.0,51,18.1,34.0,0.0,0,0,Tambacounda,Tambacounda,13.76483,-13.66103,46.9,2.7,951,43.5,118,2.4,0,6.858565034791365,0,7.8735,2,0.0,False,False,True,False,False,False,False,False,False,True,False,True,False,False
Z0370,2024,1705.0,90,55.4,96.5,0.0,0,0,Tambacounda,Tambacounda,13.76483,-13.66103,46.9,2.7,951,43.5,118,2.4,0,6.858565034791365,0,24.099,2,0.0,False,False,True,False,False,False,False,False,False,True,False,True,False,False
Z0371,2015,1060.1,71,36.4,61.5,0.0,0,0,Tambacounda,Tambacounda,13.79219,-13.66073,33.7,0.09,15828,0.0,301,7.5,3,9.669598979685738,1,0.0,0,0.3,False,False,True,False,False,True,False,False,False,False,True,False,False,False
Z0371,2016,843.0,60,57.9,87.5,0.0,1,0,Tambacounda,Tambacounda,13.79219,-13.66073,33.7,0.09,15828,0.0,301,7.5,3,9.669598979685738,1,0.0,0,0.3,False,False,True,False,False,True,False,False,False,False,True,False,False,False
Z0371,2017,568.5,38,14.4,27.7,0.0,0,0,Tambacounda,Tambacounda,13.79219,-13.66073,33.7,0.09,15828,0.0,301,7.5,3,9.669598979685738,1,0.0,0,0.3,False,False,True,False,False,True,False,False,False,False,True,False,False,False
Z0371,2018,445.3,29,29.8,64.0,0.0,0,0,Tambacounda,Tambacounda,13.79219,-13.66073,33.7,0.09,15828,0.0,301,7.5,3,9.669598979685738,1,0.0,0,0.3,False,False,True,False,False,True,False,False,False,False,True,False,False,False
Z0371,2019,377.0,29,15.6,21.4,0.0,0,0,Tambacounda,Tambacounda,13.79219,-13.66073,33.7,0.09,15828,0.0,301,7.5,3,9.669598979685738,1,0.0,0,0.3,False,False,True,False,False,True,False,False,False,False,True,False,False,False
Z0371,2020,1554.6,90,214.8,291.0,0.0,1,0,Tambacounda,Tambacounda,13.79219,-13.66073,33.7,0.09,15828,0.0,301,7.5,3,9.669598979685738,1,0.0,0,0.3,False,False,True,False,False,True,False,False,False,False,True,False,False,False
Z0371,2021,634.4,46,36.2,75.5,0.0,0,0,Tambacounda,Tambacounda,13.79219,-13.66073,33.7,0.09,15828,0.0,301,7.5,3,9.669598979685738,1,0.0,0,0.3,False,False,True,False,False,True,False,False,False,False,True,False,False,False
Z0371,2022,770.8,53,37.8,81.7,0.0,0,0,Tambacounda,Tambacounda,13.79219,-13.66073,33.7,0.09,15828,0.0,301,7.5,3,9.669598979685738,1,0.0,0,0.3,False,False,True,False,False,True,False,False,False,False,True,False,False,False
Z0371,2023,734.6,47,36.4,28.9,0.0,0,0,Tambacounda,Tambacounda,13.79219,-13.66073,33.7,0.09,15828,0.0,301,7.5,3,9.669598979685738,1,0.0,0,0.3,False,False,True,False,False,True,False,False,False,False,True,False,False,False
Z0371,2024,864.2,73,37.7,51.3,0.0,0,0,Tambacounda,Tambacounda,13.79219,-13.66073,33.7,0.09,15828,0.0,301,7.5,3,9.669598979685738,1,0.0,0,0.3,False,False,True,False,False,True,False,False,False,False,True,False,False,False
Z0372,2015,1244.2,85,46.8,57.8,0.0,1,0,Tambacounda,Tambacounda,13.77322,-13.66817,17.3,1.39,619,60.5,5644,5.5,2,6.429719478039138,1,28.313999999999997,0,0.2,False,True,False,False,False,False,False,True,False,False,True,False,False,False
Z0372,2016,1209.8,86,18.3,37.7,0.0,1,0,Tambacounda,Tambacounda,13.77322,-13.66817,17.3,1.39,619,60.5,5644,5.5,2,6.429719478039138,1,11.0715,0,0.2,False,True,False,False,False,False,False,True,False,False,True,False,False,False
Z0372,2017,430.8,32,11.6,21.0,0.0,0,0,Tambacounda,Tambacounda,13.77322,-13.66817,17.3,1.39,619,60.5,5644,5.5,2,6.429719478039138,1,7.018,0,0.2,False,True,False,False,False,False,False,True,False,False,True,False,False,False
Z0372,2018,1158.8,60,70.9,137.7,0.0,1,0,Tambacounda,Tambacounda,13.77322,-13.66817,17.3,1.39,619,60.5,5644,5.5,2,6.429719478039138,1,42.89450000000001,0,0.2,False,True,False,False,False,False,False,True,False,False,True,False,False,False
Z0372,2019,850.0,64,22.0,44.8,0.0,0,0,Tambacounda,Tambacounda,13.77322,-13.66817,17.3,1.39,619,60.5,5644,5.5,2,6.429719478039138,1,13.31,0,0.2,False,True,False,False,False,False,False,True,False,False,True,False,False,False
Z0372,2020,867.5,63,15.8,31.2,0.0,1,0,Tambacounda,Tambacounda,13.77322,-13.66817,17.3,1.39,619,60.5,5644,5.5,2,6.429719478039138,1,9.559000000000001,0,0.2,False,True,False,False,False,False,False,True,False,False,True,False,False,False
Z0372,2021,1627.0,90,68.0,132.4,0.0,1,0,Tambacounda,Tambacounda,13.77322,-13.66817,17.3,1.39,619,60.5,5644,5.5,2,6.429719478039138,1,41.14,0,0.2,False,True,False,False,False,False,False,True,False,False,True,False,False,False
Z0372,2022,1158.8,85,49.4,75.2,0.0,0,0,Tambacounda,Tambacounda,13.77322,-13.66817,17.3,1.39,619,60.5,5644,5.5,2,6.429719478039138,1,29.886999999999997,0,0.2,False,True,False,False,False,False,False,True,False,False,True,False,False,False
Z0372,2023,706.3,52,27.1,37.0,0.0,1,0,Tambacounda,Tambacounda,13.77322,-13.66817,17.3,1.39,619,60.5,5644,5.5,2,6.429719478039138,1,16.395500000000002,0,0.2,False,True,False,False,False,False,False,True,False,False,True,False,False,False
Z0372,2024,1258.3,90,48.4,103.4,0.0,0,0,Tambacounda,Tambacounda,13.77322,-13.66817,17.3,1.39,619,60.5,5644,5.5,2,6.429719478039138,1,29.281999999999996,0,0.2,False,True,False,False,False,False,False,True,False,False,True,False,False,False
Z0373,2015,1294.6,90,81.6,126.7,0.0,0,0,Tambacounda,Tambacounda,13.75795,-13.6685,17.5,1.35,2952,62.7,5565,4.9,5,7.990576881743923,1,51.163199999999996,0,0.5,True,False,False,False,False,False,False,True,False,False,True,False,False,False
Z0373,2016,900.8,62,78.0,127.2,0.0,1,0,Tambacounda,Tambacounda,13.75795,-13.6685,17.5,1.35,2952,62.7,5565,4.9,5,7.990576881743923,1,48.906000000000006,0,0.5,True,False,False,False,False,False,False,True,False,False,True,False,False,False
Z0373,2017,493.4,31,17.8,33.8,0.0,1,0,Tambacounda,Tambacounda,13.75795,-13.6685,17.5,1.35,2952,62.7,5565,4.9,5,7.990576881743923,1,11.160600000000002,0,0.5,True,False,False,False,False,False,False,True,False,False,True,False,False,False
Z0373,2018,1164.2,85,53.6,97.0,0.0,1,0,Tambacounda,Tambacounda,13.75795,-13.6685,17.5,1.35,2952,62.7,5565,4.9,5,7.990576881743923,1,33.607200000000006,0,0.5,True,False,False,False,False,False,False,True,False,False,True,False,False,False
Z0373,2019,612.0,43,37.1,60.3,0.0,0,0,Tambacounda,Tambacounda,13.75795,-13.6685,17.5,1.35,2952,62.7,5565,4.9,5,7.990576881743923,1,23.2617,0,0.5,True,False,False,False,False,False,False,True,False,False,True,False,False,False
Z0373,2020,1109.4,73,107.4,222.3,0.0,1,0,Tambacounda,Tambacounda,13.75795,-13.6685,17.5,1.35,2952,62.7,5565,4.9,5,7.990576881743923,1,67.33980000000001,0,0.5,True,False,False,False,False,False,False,True,False,False,True,False,False,False
Z0373,2021,971.5,65,39.3,81.0,0.0,1,0,Tambacounda,Tambacounda,13.75795,-13.6685,17.5,1.35,2952,62.7,5565,4.9,5,7.990576881743923,1,24.6411,0,0.5,True,False,False,False,False,False,False,True,False,False,True,False,False,False
Z0373,2022,814.5,58,23.3,38.5,0.0,1,0,Tambacounda,Tambacounda,13.75795,-13.6685,17.5,1.35,2952,62.7,5565,4.9,5,7.990576881743923,1,14.609100000000002,0,0.5,True,False,False,False,False,False,False,True,False,False,True,False,False,False
Z0373,2023,642.6,49,53.2,102.8,0.0,1,0,Tambacounda,Tambacounda,13.75795,-13.6685,17.5,1.35,2952,62.7,5565,4.9,5,7.990576881743923,1,33.3564,0,0.5,True,False,False,False,False,False,False,True,False,False,True,False,False,False
Z0373,2024,1060.7,75,18.7,32.0,0.0,0,0,Tambacounda,Tambacounda,13.75795,-13.6685,17.5,1.35,2952,62.7,5565,4.9,5,7.990576881743923,1,11.7249,0,0.5,True,False,False,False,False,False,False,True,False,False,True,False,False,False
Z0374,2015,721.8,48,38.4,76.2,7.6,1,1,Bakel,Tambacounda,14.9021,-12.43593,11.4,1.14,435,62.1,5756,4.0,3,6.077642243349034,1,23.8464,1,0.3,False,False,False,True,False,False,False,True,False,False,False,False,False,True
Z0374,2016,815.5,55,69.2,83.1,5.66,1,1,Bakel,Tambacounda,14.9021,-12.43593,11.4,1.14,435,62.1,5756,4.0,3,6.077642243349034,1,42.973200000000006,1,0.3,False,False,False,True,False,False,False,True,False,False,False,False,False,True
Z0374,2017,699.9,52,29.0,46.1,6.44,0,1,Bakel,Tambacounda,14.9021,-12.43593,11.4,1.14,435,62.1,5756,4.0,3,6.077642243349034,1,18.009,1,0.3,False,False,False,True,False,False,False,True,False,False,False,False,False,True
Z0374,2018,755.5,52,12.3,24.6,6.01,1,1,Bakel,Tambacounda,14.9021,-12.43593,11.4,1.14,435,62.1,5756,4.0,3,6.077642243349034,1,7.6383,1,0.3,False,False,False,True,False,False,False,True,False,False,False,False,False,True
Z0374,2019,980.0,76,25.2,34.9,5.57,0,1,Bakel,Tambacounda,14.9021,-12.43593,11.4,1.14,435,62.1,5756,4.0,3,6.077642243349034,1,15.6492,1,0.3,False,False,False,True,False,False,False,True,False,False,False,False,False,True
Z0374,2020,830.7,61,45.0,67.0,6.95,0,1,Bakel,Tambacounda,14.9021,-12.43593,11.4,1.14,435,62.1,5756,4.0,3,6.077642243349034,1,27.945,1,0.3,False,False,False,True,False,False,False,True,False,False,False,False,False,True
Z0374,2021,698.2,55,35.3,50.5,4.32,0,1,Bakel,Tambacounda,14.9021,-12.43593,11.4,1.14,435,62.1,5756,4.0,3,6.077642243349034,1,21.921299999999995,1,0.3,False,False,False,True,False,False,False,True,False,False,False,False,False,True
Z0374,2022,660.7,50,38.5,53.7,6.43,0,1,Bakel,Tambacounda,14.9021,-12.43593,11.4,1.14,435,62.1,5756,4.0,3,6.077642243349034,1,23.9085,1,0.3,False,False,False,True,False,False,False,True,False,False,False,False,False,True
Z0374,2023,816.5,57,18.3,40.0,5.95,1,1,Bakel,Tambacounda,14.9021,-12.43593,11.4,1.14,435,62.1,5756,4.0,3,6.077642243349034,1,11.3643,1,0.3,False,False,False,True,False,False,False,True,False,False,False,False,False,True
Z0374,2024,859.0,66,17.2,28.2,8.56,1,1,Bakel,Tambacounda,14.9021,-12.43593,11.4,1.14,435,62.1,5756,4.0,3,6.077642243349034,1,10.681199999999999,1,0.3,False,False,False,True,False,False,False,True,False,False,False,False,False,True
Z0375,2015,1036.3,70,22.2,43.9,7.1,0,1,Bakel,Tambacounda,14.91573,-12.46508,26.8,4.79,464,12.0,77,6.3,0,6.142037405587356,0,2.6639999999999997,1,0.0,False,False,False,True,False,True,False,False,False,False,False,False,False,True
Z0375,2016,660.3,47,22.2,51.3,8.21,0,1,Bakel,Tambacounda,14.91573,-12.46508,26.8,4.79,464,12.0,77,6.3,0,6.142037405587356,0,2.6639999999999997,1,0.0,False,False,False,True,False,True,False,False,False,False,False,False,False,True
Z0375,2017,394.5,27,17.1,28.0,5.33,0,1,Bakel,Tambacounda,14.91573,-12.46508,26.8,4.79,464,12.0,77,6.3,0,6.142037405587356,0,2.052,1,0.0,False,False,False,True,False,True,False,False,False,False,False,False,False,True
Z0375,2018,508.8,36,21.8,38.7,6.52,0,1,Bakel,Tambacounda,14.91573,-12.46508,26.8,4.79,464,12.0,77,6.3,0,6.142037405587356,0,2.616,1,0.0,False,False,False,True,False,True,False,False,False,False,False,False,False,True
Z0375,2019,451.3,39,21.6,26.3,6.96,0,1,Bakel,Tambacounda,14.91573,-12.46508,26.8,4.79,464,12.0,77,6.3,0,6.142037405587356,0,2.5920000000000005,1,0.0,False,False,False,True,False,True,False,False,False,False,False,False,False,True
Z0375,2020,1032.4,77,85.5,129.6,9.3,0,1,Bakel,Tambacounda,14.91573,-12.46508,26.8,4.79,464,12.0,77,6.3,0,6.142037405587356,0,10.26,1,0.0,False,False,False,True,False,True,False,False,False,False,False,False,False,True
Z0375,2021,796.5,58,80.4,121.7,6.49,0,1,Bakel,Tambacounda,14.91573,-12.46508,26.8,4.79,464,12.0,77,6.3,0,6.142037405587356,0,9.648000000000001,1,0.0,False,False,False,True,False,True,False,False,False,False,False,False,False,True
Z0375,2022,798.4,60,17.2,22.1,3.23,0,1,Bakel,Tambacounda,14.91573,-12.46508,26.8,4.79,464,12.0,77,6.3,0,6.142037405587356,0,2.0639999999999996,1,0.0,False,False,False,True,False,True,False,False,False,False,False,False,False,True
Z0375,2023,890.7,59,92.1,148.0,5.84,0,1,Bakel,Tambacounda,14.91573,-12.46508,26.8,4.79,464,12.0,77,6.3,0,6.142037405587356,0,11.051999999999998,1,0.0,False,False,False,True,False,True,False,False,False,False,False,False,False,True
Z0375,2024,1122.3,72,90.4,149.2,8.8,0,1,Bakel,Tambacounda,14.91573,-12.46508,26.8,4.79,464,12.0,77,6.3,0,6.142037405587356,0,10.848000000000003,1,0.0,False,False,False,True,False,True,False,False,False,False,False,False,False,True
Z0376,2015,505.3,34,10.7,13.9,7.59,0,1,Bakel,Tambacounda,14.89533,-12.44243,31.7,0.82,916,27.8,165,7.0,0,6.821107472256465,0,2.9745999999999997,1,0.0,False,False,False,False,True,True,False,False,False,False,False,False,False,True
Z0376,2016,889.9,59,55.8,121.6,5.49,0,1,Bakel,Tambacounda,14.89533,-12.44243,31.7,0.82,916,27.8,165,7.0,0,6.821107472256465,0,15.5124,1,0.0,False,False,False,False,True,True,False,False,False,False,False,False,False,True
Z0376,2017,905.4,70,34.2,55.2,4.94,0,1,Bakel,Tambacounda,14.89533,-12.44243,31.7,0.82,916,27.8,165,7.0,0,6.821107472256465,0,9.507600000000002,1,0.0,False,False,False,False,True,True,False,False,False,False,False,False,False,True
Z0376,2018,573.8,33,32.4,64.0,5.05,0,1,Bakel,Tambacounda,14.89533,-12.44243,31.7,0.82,916,27.8,165,7.0,0,6.821107472256465,0,9.007200000000001,1,0.0,False,False,False,False,True,True,False,False,False,False,False,False,False,True
Z0376,2019,799.0,58,45.4,90.5,8.05,0,1,Bakel,Tambacounda,14.89533,-12.44243,31.7,0.82,916,27.8,165,7.0,0,6.821107472256465,0,12.621199999999998,1,0.0,False,False,False,False,True,True,False,False,False,False,False,False,False,True
Z0376,2020,894.2,59,36.5,56.6,9.07,0,1,Bakel,Tambacounda,14.89533,-12.44243,31.7,0.82,916,27.8,165,7.0,0,6.821107472256465,0,10.147,1,0.0,False,False,False,False,True,True,False,False,False,False,False,False,False,True
Z0376,2021,700.8,47,25.9,36.9,5.51,0,1,Bakel,Tambacounda,14.89533,-12.44243,31.7,0.82,916,27.8,165,7.0,0,6.821107472256465,0,7.2002,1,0.0,False,False,False,False,True,True,False,False,False,False,False,False,False,True
Z0376,2022,1180.4,83,81.7,123.7,6.29,0,1,Bakel,Tambacounda,14.89533,-12.44243,31.7,0.82,916,27.8,165,7.0,0,6.821107472256465,0,22.712600000000002,1,0.0,False,False,False,False,True,True,False,False,False,False,False,False,False,True
Z0376,2023,614.4,39,10.0,14.6,5.03,0,1,Bakel,Tambacounda,14.89533,-12.44243,31.7,0.82,916,27.8,165,7.0,0,6.821107472256465,0,2.78,1,0.0,False,False,False,False,True,True,False,False,False,False,False,False,False,True
Z0376,2024,750.9,53,55.3,71.3,9.17,0,1,Bakel,Tambacounda,14.89533,-12.44243,31.7,0.82,916,27.8,165,7.0,0,6.821107472256465,0,15.373399999999998,1,0.0,False,False,False,False,True,True,False,False,False,False,False,False,False,True
Z0377,2015,810.9,59,64.0,117.2,6.57,1,1,Bakel,Tambacounda,14.89231,-12.46385,24.0,0.98,560,65.3,9605,5.1,1,6.329720905522696,1,41.792,1,0.1,True,False,False,False,False,False,False,True,False,False,False,False,False,True
Z0377,2016,764.4,45,19.0,39.1,6.65,0,1,Bakel,Tambacounda,14.89231,-12.46385,24.0,0.98,560,65.3,9605,5.1,1,6.329720905522696,1,12.407,1,0.1,True,False,False,False,False,False,False,True,False,False,False,False,False,True
Z0377,2017,764.4,49,24.7,36.9,7.5,0,1,Bakel,Tambacounda,14.89231,-12.46385,24.0,0.98,560,65.3,9605,5.1,1,6.329720905522696,1,16.129099999999998,1,0.1,True,False,False,False,False,False,False,True,False,False,False,False,False,True
Z0377,2018,939.4,64,26.5,35.1,5.54,0,1,Bakel,Tambacounda,14.89231,-12.46385,24.0,0.98,560,65.3,9605,5.1,1,6.329720905522696,1,17.304499999999997,1,0.1,True,False,False,False,False,False,False,True,False,False,False,False,False,True
Z0377,2019,747.5,57,47.0,90.3,5.28,0,1,Bakel,Tambacounda,14.89231,-12.46385,24.0,0.98,560,65.3,9605,5.1,1,6.329720905522696,1,30.691,1,0.1,True,False,False,False,False,False,False,True,False,False,False,False,False,True
Z0377,2020,1057.8,80,19.7,42.2,10.33,1,1,Bakel,Tambacounda,14.89231,-12.46385,24.0,0.98,560,65.3,9605,5.1,1,6.329720905522696,1,12.864099999999999,1,0.1,True,False,False,False,False,False,False,True,False,False,False,False,False,True
Z0377,2021,525.2,34,28.3,59.5,6.27,0,1,Bakel,Tambacounda,14.89231,-12.46385,24.0,0.98,560,65.3,9605,5.1,1,6.329720905522696,1,18.4799,1,0.1,True,False,False,False,False,False,False,True,False,False,False,False,False,True
Z0377,2022,980.1,76,26.7,52.2,5.16,0,1,Bakel,Tambacounda,14.89231,-12.46385,24.0,0.98,560,65.3,9605,5.1,1,6.329720905522696,1,17.4351,1,0.1,True,False,False,False,False,False,False,True,False,False,False,False,False,True
Z0377,2023,762.8,53,26.5,52.3,6.54,0,1,Bakel,Tambacounda,14.89231,-12.46385,24.0,0.98,560,65.3,9605,5.1,1,6.329720905522696,1,17.304499999999997,1,0.1,True,False,False,False,False,False,False,True,False,False,False,False,False,True
Z0377,2024,624.0,49,12.6,27.3,9.24,0,1,Bakel,Tambacounda,14.89231,-12.46385,24.0,0.98,560,65.3,9605,5.1,1,6.329720905522696,1,8.2278,1,0.1,True,False,False,False,False,False,False,True,False,False,False,False,False,True
Z0378,2015,606.3,41,27.9,43.5,5.56,0,1,Bakel,Tambacounda,14.91446,-12.45795,19.6,1.78,217,25.5,165,1.8,2,5.384495062789089,1,7.1145,1,0.2,False,False,True,False,False,False,False,False,False,True,False,False,False,True
Z0378,2016,666.0,50,84.4,180.4,9.9,1,1,Bakel,Tambacounda,14.91446,-12.45795,19.6,1.78,217,25.5,165,1.8,2,5.384495062789089,1,21.522000000000002,1,0.2,False,False,True,False,False,False,False,False,False,True,False,False,False,True
Z0378,2017,598.0,45,17.4,22.2,4.48,0,1,Bakel,Tambacounda,14.91446,-12.45795,19.6,1.78,217,25.5,165,1.8,2,5.384495062789089,1,4.437,1,0.2,False,False,True,False,False,False,False,False,False,True,False,False,False,True
Z0378,2018,998.3,76,24.8,53.4,9.05,1,1,Bakel,Tambacounda,14.91446,-12.45795,19.6,1.78,217,25.5,165,1.8,2,5.384495062789089,1,6.324,1,0.2,False,False,True,False,False,False,False,False,False,True,False,False,False,True
Z0378,2019,722.4,51,10.0,18.9,7.0,0,1,Bakel,Tambacounda,14.91446,-12.45795,19.6,1.78,217,25.5,165,1.8,2,5.384495062789089,1,2.55,1,0.2,False,False,True,False,False,False,False,False,False,True,False,False,False,True
Z0378,2020,1068.0,80,45.7,77.8,9.33,1,1,Bakel,Tambacounda,14.91446,-12.45795,19.6,1.78,217,25.5,165,1.8,2,5.384495062789089,1,11.653500000000001,1,0.2,False,False,True,False,False,False,False,False,False,True,False,False,False,True
Z0378,2021,739.4,55,17.3,35.9,6.36,0,1,Bakel,Tambacounda,14.91446,-12.45795,19.6,1.78,217,25.5,165,1.8,2,5.384495062789089,1,4.4115,1,0.2,False,False,True,False,False,False,False,False,False,True,False,False,False,True
Z0378,2022,1344.8,90,96.8,165.5,5.18,1,1,Bakel,Tambacounda,14.91446,-12.45795,19.6,1.78,217,25.5,165,1.8,2,5.384495062789089,1,24.684,1,0.2,False,False,True,False,False,False,False,False,False,True,False,False,False,True
Z0378,2023,613.9,39,23.4,31.6,8.06,0,1,Bakel,Tambacounda,14.91446,-12.45795,19.6,1.78,217,25.5,165,1.8,2,5.384495062789089,1,5.967,1,0.2,False,False,True,False,False,False,False,False,False,True,False,False,False,True
Z0378,2024,803.1,62,24.8,48.2,9.88,0,1,Bakel,Tambacounda,14.91446,-12.45795,19.6,1.78,217,25.5,165,1.8,2,5.384495062789089,1,6.324,1,0.2,False,False,True,False,False,False,False,False,False,True,False,False,False,True
Z0379,2015,781.8,54,10.0,21.8,4.89,0,1,Bakel,Tambacounda,14.91183,-12.46283,22.5,3.59,339,10.0,140,6.1,0,5.8289456176102075,1,1.0,1,0.0,False,False,True,False,False,False,False,False,True,False,False,False,False,True
Z0379,2016,830.5,62,83.5,167.8,6.12,0,1,Bakel,Tambacounda,14.91183,-12.46283,22.5,3.59,339,10.0,140,6.1,0,5.8289456176102075,1,8.35,1,0.0,False,False,True,False,False,False,False,False,True,False,False,False,False,True
Z0379,2017,683.1,52,33.7,48.7,5.92,0,1,Bakel,Tambacounda,14.91183,-12.46283,22.5,3.59,339,10.0,140,6.1,0,5.8289456176102075,1,3.37,1,0.0,False,False,True,False,False,False,False,False,True,False,False,False,False,True
Z0379,2018,500.6,37,29.0,35.4,5.95,0,1,Bakel,Tambacounda,14.91183,-12.46283,22.5,3.59,339,10.0,140,6.1,0,5.8289456176102075,1,2.9,1,0.0,False,False,True,False,False,False,False,False,True,False,False,False,False,True
Z0379,2019,843.4,56,79.6,166.6,8.37,0,1,Bakel,Tambacounda,14.91183,-12.46283,22.5,3.59,339,10.0,140,6.1,0,5.8289456176102075,1,7.96,1,0.0,False,False,True,False,False,False,False,False,True,False,False,False,False,True
Z0379,2020,1352.3,90,130.0,169.1,8.94,1,1,Bakel,Tambacounda,14.91183,-12.46283,22.5,3.59,339,10.0,140,6.1,0,5.8289456176102075,1,13.0,1,0.0,False,False,True,False,False,False,False,False,True,False,False,False,False,True
Z0379,2021,392.1,31,50.7,103.7,8.17,0,1,Bakel,Tambacounda,14.91183,-12.46283,22.5,3.59,339,10.0,140,6.1,0,5.8289456176102075,1,5.07,1,0.0,False,False,True,False,False,False,False,False,True,False,False,False,False,True
Z0379,2022,830.8,54,55.8,83.3,8.07,0,1,Bakel,Tambacounda,14.91183,-12.46283,22.5,3.59,339,10.0,140,6.1,0,5.8289456176102075,1,5.58,1,0.0,False,False,True,False,False,False,False,False,True,False,False,False,False,True
Z0379,2023,843.7,67,10.0,17.7,5.64,0,1,Bakel,Tambacounda,14.91183,-12.46283,22.5,3.59,339,10.0,140,6.1,0,5.8289456176102075,1,1.0,1,0.0,False,False,True,False,False,False,False,False,True,False,False,False,False,True
Z0379,2024,1216.6,88,30.6,45.4,9.24,0,1,Bakel,Tambacounda,14.91183,-12.46283,22.5,3.59,339,10.0,140,6.1,0,5.8289456176102075,1,3.06,1,0.0,False,False,True,False,False,False,False,False,True,False,False,False,False,True
Z0380,2015,818.8,56,58.8,101.2,6.63,0,1,Bakel,Tambacounda,14.90185,-12.44901,25.3,0.69,528,21.0,218,5.8,1,6.270988431858299,0,12.347999999999999,0,0.1,False,False,False,False,True,True,False,False,False,False,True,False,False,False
Z0380,2016,585.4,42,12.8,20.7,6.0,0,1,Bakel,Tambacounda,14.90185,-12.44901,25.3,0.69,528,21.0,218,5.8,1,6.270988431858299,0,2.688,0,0.1,False,False,False,False,True,True,False,False,False,False,True,False,False,False
Z0380,2017,638.6,48,86.1,189.2,7.04,0,1,Bakel,Tambacounda,14.90185,-12.44901,25.3,0.69,528,21.0,218,5.8,1,6.270988431858299,0,18.081,0,0.1,False,False,False,False,True,True,False,False,False,False,True,False,False,False
Z0380,2018,760.2,58,39.2,62.0,4.99,0,1,Bakel,Tambacounda,14.90185,-12.44901,25.3,0.69,528,21.0,218,5.8,1,6.270988431858299,0,8.232000000000001,0,0.1,False,False,False,False,True,True,False,False,False,False,True,False,False,False
Z0380,2019,815.4,58,35.9,49.0,6.92,0,1,Bakel,Tambacounda,14.90185,-12.44901,25.3,0.69,528,21.0,218,5.8,1,6.270988431858299,0,7.539,0,0.1,False,False,False,False,True,True,False,False,False,False,True,False,False,False
Z0380,2020,855.1,60,31.0,49.4,8.92,0,1,Bakel,Tambacounda,14.90185,-12.44901,25.3,0.69,528,21.0,218,5.8,1,6.270988431858299,0,6.51,0,0.1,False,False,False,False,True,True,False,False,False,False,True,False,False,False
Z0380,2021,962.8,66,30.2,64.5,5.83,0,1,Bakel,Tambacounda,14.90185,-12.44901,25.3,0.69,528,21.0,218,5.8,1,6.270988431858299,0,6.342,0,0.1,False,False,False,False,True,True,False,False,False,False,True,False,False,False
Z0380,2022,777.6,60,79.8,162.7,5.43,1,1,Bakel,Tambacounda,14.90185,-12.44901,25.3,0.69,528,21.0,218,5.8,1,6.270988431858299,0,16.758,0,0.1,False,False,False,False,True,True,False,False,False,False,True,False,False,False
Z0380,2023,982.9,72,38.9,64.9,5.21,0,1,Bakel,Tambacounda,14.90185,-12.44901,25.3,0.69,528,21.0,218,5.8,1,6.270988431858299,0,8.169,0,0.1,False,False,False,False,True,True,False,False,False,False,True,False,False,False
Z0380,2024,651.7,39,13.6,19.4,8.2,0,1,Bakel,Tambacounda,14.90185,-12.44901,25.3,0.69,528,21.0,218,5.8,1,6.270988431858299,0,2.856,0,0.1,False,False,False,False,True,True,False,False,False,False,True,False,False,False
Z0381,2015,580.0,43,21.0,40.3,6.95,0,1,Bakel,Tambacounda,14.92015,-12.45263,33.1,2.38,266,0.0,179,7.8,0,5.58724865840025,0,0.0,1,0.0,False,False,False,True,False,True,False,False,False,False,False,False,False,True
Z0381,2016,817.4,60,15.5,32.3,6.34,0,1,Bakel,Tambacounda,14.92015,-12.45263,33.1,2.38,266,0.0,179,7.8,0,5.58724865840025,0,0.0,1,0.0,False,False,False,True,False,True,False,False,False,False,False,False,False,True
Z0381,2017,755.4,53,42.9,74.6,5.97,0,1,Bakel,Tambacounda,14.92015,-12.45263,33.1,2.38,266,0.0,179,7.8,0,5.58724865840025,0,0.0,1,0.0,False,False,False,True,False,True,False,False,False,False,False,False,False,True
Z0381,2018,815.2,59,90.5,123.6,4.98,0,1,Bakel,Tambacounda,14.92015,-12.45263,33.1,2.38,266,0.0,179,7.8,0,5.58724865840025,0,0.0,1,0.0,False,False,False,True,False,True,False,False,False,False,False,False,False,True
Z0381,2019,754.3,51,14.5,22.5,6.05,0,1,Bakel,Tambacounda,14.92015,-12.45263,33.1,2.38,266,0.0,179,7.8,0,5.58724865840025,0,0.0,1,0.0,False,False,False,True,False,True,False,False,False,False,False,False,False,True
Z0381,2020,620.5,44,23.1,32.9,10.63,0,1,Bakel,Tambacounda,14.92015,-12.45263,33.1,2.38,266,0.0,179,7.8,0,5.58724865840025,0,0.0,1,0.0,False,False,False,True,False,True,False,False,False,False,False,False,False,True
Z0381,2021,689.6,55,48.9,85.8,9.03,0,1,Bakel,Tambacounda,14.92015,-12.45263,33.1,2.38,266,0.0,179,7.8,0,5.58724865840025,0,0.0,1,0.0,False,False,False,True,False,True,False,False,False,False,False,False,False,True
Z0381,2022,1101.1,74,40.5,65.1,5.32,0,1,Bakel,Tambacounda,14.92015,-12.45263,33.1,2.38,266,0.0,179,7.8,0,5.58724865840025,0,0.0,1,0.0,False,False,False,True,False,True,False,False,False,False,False,False,False,True
Z0381,2023,670.7,38,33.5,63.7,6.99,0,1,Bakel,Tambacounda,14.92015,-12.45263,33.1,2.38,266,0.0,179,7.8,0,5.58724865840025,0,0.0,1,0.0,False,False,False,True,False,True,False,False,False,False,False,False,False,True
Z0381,2024,802.6,53,47.5,91.9,8.71,0,1,Bakel,Tambacounda,14.92015,-12.45263,33.1,2.38,266,0.0,179,7.8,0,5.58724865840025,0,0.0,1,0.0,False,False,False,True,False,True,False,False,False,False,False,False,False,True
Z0382,2015,1592.5,90,46.0,72.0,0.0,1,0,Kédougou,Kédougou,12.54651,-12.20627,93.7,1.2,1212,54.6,2393,18.3,2,7.10085190894405,1,25.116,0,0.2,True,False,False,False,False,False,False,True,False,False,True,False,False,False
Z0382,2016,1087.6,74,39.5,59.7,0.0,1,0,Kédougou,Kédougou,12.54651,-12.20627,93.7,1.2,1212,54.6,2393,18.3,2,7.10085190894405,1,21.567000000000004,0,0.2,True,False,False,False,False,False,False,True,False,False,True,False,False,False
Z0382,2017,1047.5,72,55.2,90.8,0.0,1,0,Kédougou,Kédougou,12.54651,-12.20627,93.7,1.2,1212,54.6,2393,18.3,2,7.10085190894405,1,30.139200000000002,0,0.2,True,False,False,False,False,False,False,True,False,False,True,False,False,False
Z0382,2018,1132.3,83,130.1,203.6,0.0,1,0,Kédougou,Kédougou,12.54651,-12.20627,93.7,1.2,1212,54.6,2393,18.3,2,7.10085190894405,1,71.0346,0,0.2,True,False,False,False,False,False,False,True,False,False,True,False,False,False
Z0382,2019,1292.5,90,35.4,57.9,0.0,1,0,Kédougou,Kédougou,12.54651,-12.20627,93.7,1.2,1212,54.6,2393,18.3,2,7.10085190894405,1,19.3284,0,0.2,True,False,False,False,False,False,False,True,False,False,True,False,False,False
Z0382,2020,1325.7,90,45.1,77.7,0.0,1,0,Kédougou,Kédougou,12.54651,-12.20627,93.7,1.2,1212,54.6,2393,18.3,2,7.10085190894405,1,24.6246,0,0.2,True,False,False,False,False,False,False,True,False,False,True,False,False,False
Z0382,2021,1327.8,90,150.0,326.7,0.0,1,0,Kédougou,Kédougou,12.54651,-12.20627,93.7,1.2,1212,54.6,2393,18.3,2,7.10085190894405,1,81.9,0,0.2,True,False,False,False,False,False,False,True,False,False,True,False,False,False
Z0382,2022,1080.7,81,16.2,32.5,0.0,0,0,Kédougou,Kédougou,12.54651,-12.20627,93.7,1.2,1212,54.6,2393,18.3,2,7.10085190894405,1,8.8452,0,0.2,True,False,False,False,False,False,False,True,False,False,True,False,False,False
Z0382,2023,1689.9,90,75.2,113.0,0.0,1,0,Kédougou,Kédougou,12.54651,-12.20627,93.7,1.2,1212,54.6,2393,18.3,2,7.10085190894405,1,41.059200000000004,0,0.2,True,False,False,False,False,False,False,True,False,False,True,False,False,False
Z0382,2024,1548.3,90,120.4,254.3,0.0,1,0,Kédougou,Kédougou,12.54651,-12.20627,93.7,1.2,1212,54.6,2393,18.3,2,7.10085190894405,1,65.7384,0,0.2,True,False,False,False,False,False,False,True,False,False,True,False,False,False
Z0383,2015,1307.9,90,51.7,63.8,0.0,0,0,Kédougou,Kédougou,12.53722,-12.19014,185.2,0.79,1436,8.4,171,33.2,0,7.270312886079025,0,4.3428,1,0.0,False,False,False,True,False,True,False,False,False,False,False,False,False,True
Z0383,2016,1476.9,90,42.8,80.5,0.0,0,0,Kédougou,Kédougou,12.53722,-12.19014,185.2,0.79,1436,8.4,171,33.2,0,7.270312886079025,0,3.5951999999999997,1,0.0,False,False,False,True,False,True,False,False,False,False,False,False,False,True
Z0383,2017,1064.0,69,51.4,108.3,0.0,0,0,Kédougou,Kédougou,12.53722,-12.19014,185.2,0.79,1436,8.4,171,33.2,0,7.270312886079025,0,4.3176,1,0.0,False,False,False,True,False,True,False,False,False,False,False,False,False,True
Z0383,2018,1227.5,87,34.4,58.2,0.0,0,0,Kédougou,Kédougou,12.53722,-12.19014,185.2,0.79,1436,8.4,171,33.2,0,7.270312886079025,0,2.8895999999999997,1,0.0,False,False,False,True,False,True,False,False,False,False,False,False,False,True
Z0383,2019,1066.8,81,53.1,104.9,0.0,0,0,Kédougou,Kédougou,12.53722,-12.19014,185.2,0.79,1436,8.4,171,33.2,0,7.270312886079025,0,4.4604,1,0.0,False,False,False,True,False,True,False,False,False,False,False,False,False,True
Z0383,2020,1341.7,90,27.3,44.6,0.0,0,0,Kédougou,Kédougou,12.53722,-12.19014,185.2,0.79,1436,8.4,171,33.2,0,7.270312886079025,0,2.2932,1,0.0,False,False,False,True,False,True,False,False,False,False,False,False,False,True
Z0383,2021,711.9,46,31.2,38.0,0.0,0,0,Kédougou,Kédougou,12.53722,-12.19014,185.2,0.79,1436,8.4,171,33.2,0,7.270312886079025,0,2.6208,1,0.0,False,False,False,True,False,True,False,False,False,False,False,False,False,True
Z0383,2022,1709.0,90,21.7,41.5,0.0,0,0,Kédougou,Kédougou,12.53722,-12.19014,185.2,0.79,1436,8.4,171,33.2,0,7.270312886079025,0,1.8228,1,0.0,False,False,False,True,False,True,False,False,False,False,False,False,False,True
Z0383,2023,1320.0,90,53.0,91.2,0.0,0,0,Kédougou,Kédougou,12.53722,-12.19014,185.2,0.79,1436,8.4,171,33.2,0,7.270312886079025,0,4.452000000000001,1,0.0,False,False,False,True,False,True,False,False,False,False,False,False,False,True
Z0383,2024,1568.7,90,108.7,221.6,0.0,0,0,Kédougou,Kédougou,12.53722,-12.19014,185.2,0.79,1436,8.4,171,33.2,0,7.270312886079025,0,9.1308,1,0.0,False,False,False,True,False,True,False,False,False,False,False,False,False,True
Z0384,2015,861.5,63,18.5,30.8,0.0,0,0,Kédougou,Kédougou,12.56187,-12.17462,130.2,0.32,612,15.3,185,23.4,0,6.418364935936212,0,2.8305000000000002,2,0.0,False,False,False,True,False,True,False,False,False,False,False,True,False,False
Z0384,2016,877.4,58,45.6,88.6,0.0,0,0,Kédougou,Kédougou,12.56187,-12.17462,130.2,0.32,612,15.3,185,23.4,0,6.418364935936212,0,6.976800000000001,2,0.0,False,False,False,True,False,True,False,False,False,False,False,True,False,False
Z0384,2017,862.3,64,34.0,51.3,0.0,0,0,Kédougou,Kédougou,12.56187,-12.17462,130.2,0.32,612,15.3,185,23.4,0,6.418364935936212,0,5.202000000000001,2,0.0,False,False,False,True,False,True,False,False,False,False,False,True,False,False
Z0384,2018,1335.7,90,61.6,122.8,0.0,0,0,Kédougou,Kédougou,12.56187,-12.17462,130.2,0.32,612,15.3,185,23.4,0,6.418364935936212,0,9.4248,2,0.0,False,False,False,True,False,True,False,False,False,False,False,True,False,False
Z0384,2019,1184.6,77,123.0,217.6,0.0,1,0,Kédougou,Kédougou,12.56187,-12.17462,130.2,0.32,612,15.3,185,23.4,0,6.418364935936212,0,18.819000000000003,2,0.0,False,False,False,True,False,True,False,False,False,False,False,True,False,False
Z0384,2020,1812.9,90,117.4,252.0,0.0,0,0,Kédougou,Kédougou,12.56187,-12.17462,130.2,0.32,612,15.3,185,23.4,0,6.418364935936212,0,17.962200000000003,2,0.0,False,False,False,True,False,True,False,False,False,False,False,True,False,False
Z0384,2021,1064.3,71,65.3,90.3,0.0,0,0,Kédougou,Kédougou,12.56187,-12.17462,130.2,0.32,612,15.3,185,23.4,0,6.418364935936212,0,9.9909,2,0.0,False,False,False,True,False,True,False,False,False,False,False,True,False,False
Z0384,2022,889.5,65,37.9,47.0,0.0,0,0,Kédougou,Kédougou,12.56187,-12.17462,130.2,0.32,612,15.3,185,23.4,0,6.418364935936212,0,5.7987,2,0.0,False,False,False,True,False,True,False,False,False,False,False,True,False,False
Z0384,2023,1327.5,86,172.5,257.6,0.0,0,0,Kédougou,Kédougou,12.56187,-12.17462,130.2,0.32,612,15.3,185,23.4,0,6.418364935936212,0,26.3925,2,0.0,False,False,False,True,False,True,False,False,False,False,False,True,False,False
Z0384,2024,1590.6,90,124.9,249.7,0.0,0,0,Kédougou,Kédougou,12.56187,-12.17462,130.2,0.32,612,15.3,185,23.4,0,6.418364935936212,0,19.109700000000004,2,0.0,False,False,False,True,False,True,False,False,False,False,False,True,False,False
Z0385,2015,1246.9,83,134.1,281.9,0.0,1,0,Kédougou,Kédougou,12.56162,-12.17606,54.3,1.9,1158,69.6,5872,10.1,0,7.055312843339752,1,93.33359999999999,1,0.0,False,False,False,False,True,False,False,True,False,False,False,False,False,True
Z0385,2016,1184.5,86,48.7,63.2,0.0,0,0,Kédougou,Kédougou,12.56162,-12.17606,54.3,1.9,1158,69.6,5872,10.1,0,7.055312843339752,1,33.8952,1,0.0,False,False,False,False,True,False,False,True,False,False,False,False,False,True
Z0385,2017,1331.8,90,37.4,73.1,0.0,0,0,Kédougou,Kédougou,12.56162,-12.17606,54.3,1.9,1158,69.6,5872,10.1,0,7.055312843339752,1,26.030399999999997,1,0.0,False,False,False,False,True,False,False,True,False,False,False,False,False,True
Z0385,2018,841.4,60,57.2,99.2,0.0,0,0,Kédougou,Kédougou,12.56162,-12.17606,54.3,1.9,1158,69.6,5872,10.1,0,7.055312843339752,1,39.8112,1,0.0,False,False,False,False,True,False,False,True,False,False,False,False,False,True
Z0385,2019,1234.2,88,10.0,13.0,0.0,0,0,Kédougou,Kédougou,12.56162,-12.17606,54.3,1.9,1158,69.6,5872,10.1,0,7.055312843339752,1,6.96,1,0.0,False,False,False,False,True,False,False,True,False,False,False,False,False,True
Z0385,2020,1749.1,90,64.5,100.4,0.0,1,0,Kédougou,Kédougou,12.56162,-12.17606,54.3,1.9,1158,69.6,5872,10.1,0,7.055312843339752,1,44.891999999999996,1,0.0,False,False,False,False,True,False,False,True,False,False,False,False,False,True
Z0385,2021,1283.7,90,20.6,34.3,0.0,0,0,Kédougou,Kédougou,12.56162,-12.17606,54.3,1.9,1158,69.6,5872,10.1,0,7.055312843339752,1,14.3376,1,0.0,False,False,False,False,True,False,False,True,False,False,False,False,False,True
Z0385,2022,1201.5,90,70.0,139.6,0.0,1,0,Kédougou,Kédougou,12.56162,-12.17606,54.3,1.9,1158,69.6,5872,10.1,0,7.055312843339752,1,48.72,1,0.0,False,False,False,False,True,False,False,True,False,False,False,False,False,True
Z0385,2023,1261.4,90,27.1,45.9,0.0,0,0,Kédougou,Kédougou,12.56162,-12.17606,54.3,1.9,1158,69.6,5872,10.1,0,7.055312843339752,1,18.8616,1,0.0,False,False,False,False,True,False,False,True,False,False,False,False,False,True
Z0385,2024,1166.5,84,48.7,101.9,0.0,1,0,Kédougou,Kédougou,12.56162,-12.17606,54.3,1.9,1158,69.6,5872,10.1,0,7.055312843339752,1,33.8952,1,0.0,False,False,False,False,True,False,False,True,False,False,False,False,False,True
Z0386,2015,982.6,67,29.1,53.9,0.0,1,0,Kédougou,Kédougou,12.57411,-12.17654,87.4,4.44,747,29.3,181,0.8,0,6.617402977974478,1,8.5263,2,0.0,False,False,True,False,False,False,False,False,False,True,False,True,False,False
Z0386,2016,1469.5,90,22.4,43.7,0.0,1,0,Kédougou,Kédougou,12.57411,-12.17654,87.4,4.44,747,29.3,181,0.8,0,6.617402977974478,1,6.563199999999999,2,0.0,False,False,True,False,False,False,False,False,False,True,False,True,False,False
Z0386,2017,880.2,65,27.0,46.0,0.0,0,0,Kédougou,Kédougou,12.57411,-12.17654,87.4,4.44,747,29.3,181,0.8,0,6.617402977974478,1,7.9110000000000005,2,0.0,False,False,True,False,False,False,False,False,False,True,False,True,False,False
Z0386,2018,1230.8,88,36.3,66.1,0.0,0,0,Kédougou,Kédougou,12.57411,-12.17654,87.4,4.44,747,29.3,181,0.8,0,6.617402977974478,1,10.6359,2,0.0,False,False,True,False,False,False,False,False,False,True,False,True,False,False
Z0386,2019,1073.7,69,29.9,51.4,0.0,0,0,Kédougou,Kédougou,12.57411,-12.17654,87.4,4.44,747,29.3,181,0.8,0,6.617402977974478,1,8.7607,2,0.0,False,False,True,False,False,False,False,False,False,True,False,True,False,False
Z0386,2020,1127.3,72,133.3,278.3,0.0,1,0,Kédougou,Kédougou,12.57411,-12.17654,87.4,4.44,747,29.3,181,0.8,0,6.617402977974478,1,39.056900000000006,2,0.0,False,False,True,False,False,False,False,False,False,True,False,True,False,False
Z0386,2021,1162.4,84,75.3,94.4,0.0,0,0,Kédougou,Kédougou,12.57411,-12.17654,87.4,4.44,747,29.3,181,0.8,0,6.617402977974478,1,22.0629,2,0.0,False,False,True,False,False,False,False,False,False,True,False,True,False,False
Z0386,2022,988.3,70,85.3,164.1,0.0,0,0,Kédougou,Kédougou,12.57411,-12.17654,87.4,4.44,747,29.3,181,0.8,0,6.617402977974478,1,24.9929,2,0.0,False,False,True,False,False,False,False,False,False,True,False,True,False,False
Z0386,2023,1281.2,85,36.3,32.4,0.0,0,0,Kédougou,Kédougou,12.57411,-12.17654,87.4,4.44,747,29.3,181,0.8,0,6.617402977974478,1,10.6359,2,0.0,False,False,True,False,False,False,False,False,False,True,False,True,False,False
Z0386,2024,1204.3,90,63.6,76.3,0.0,0,0,Kédougou,Kédougou,12.57411,-12.17654,87.4,4.44,747,29.3,181,0.8,0,6.617402977974478,1,18.6348,2,0.0,False,False,True,False,False,False,False,False,False,True,False,True,False,False
Z0387,2015,954.2,63,54.8,79.6,0.0,0,0,Kédougou,Kédougou,12.55235,-12.18298,153.9,3.68,1179,24.2,297,0.2,0,7.07326971745971,0,13.261599999999998,2,0.0,False,False,True,False,False,False,False,False,False,True,False,True,False,False
Z0387,2016,804.3,62,39.6,66.8,0.0,0,0,Kédougou,Kédougou,12.55235,-12.18298,153.9,3.68,1179,24.2,297,0.2,0,7.07326971745971,0,9.5832,2,0.0,False,False,True,False,False,False,False,False,False,True,False,True,False,False
Z0387,2017,1224.7,87,71.1,87.8,0.0,0,0,Kédougou,Kédougou,12.55235,-12.18298,153.9,3.68,1179,24.2,297,0.2,0,7.07326971745971,0,17.2062,2,0.0,False,False,True,False,False,False,False,False,False,True,False,True,False,False
Z0387,2018,886.6,69,43.5,52.9,0.0,0,0,Kédougou,Kédougou,12.55235,-12.18298,153.9,3.68,1179,24.2,297,0.2,0,7.07326971745971,0,10.527000000000001,2,0.0,False,False,True,False,False,False,False,False,False,True,False,True,False,False
Z0387,2019,1116.5,75,31.1,57.4,0.0,0,0,Kédougou,Kédougou,12.55235,-12.18298,153.9,3.68,1179,24.2,297,0.2,0,7.07326971745971,0,7.5262,2,0.0,False,False,True,False,False,False,False,False,False,True,False,True,False,False
Z0387,2020,1314.3,90,128.7,230.5,0.0,0,0,Kédougou,Kédougou,12.55235,-12.18298,153.9,3.68,1179,24.2,297,0.2,0,7.07326971745971,0,31.145399999999995,2,0.0,False,False,True,False,False,False,False,False,False,True,False,True,False,False
Z0387,2021,1432.1,90,99.3,185.0,0.0,0,0,Kédougou,Kédougou,12.55235,-12.18298,153.9,3.68,1179,24.2,297,0.2,0,7.07326971745971,0,24.0306,2,0.0,False,False,True,False,False,False,False,False,False,True,False,True,False,False
Z0387,2022,1414.3,90,90.0,130.9,0.0,0,0,Kédougou,Kédougou,12.55235,-12.18298,153.9,3.68,1179,24.2,297,0.2,0,7.07326971745971,0,21.78,2,0.0,False,False,True,False,False,False,False,False,False,True,False,True,False,False
Z0387,2023,1361.1,90,33.8,55.6,0.0,0,0,Kédougou,Kédougou,12.55235,-12.18298,153.9,3.68,1179,24.2,297,0.2,0,7.07326971745971,0,8.179599999999999,2,0.0,False,False,True,False,False,False,False,False,False,True,False,True,False,False
Z0387,2024,1262.3,90,24.4,35.2,0.0,0,0,Kédougou,Kédougou,12.55235,-12.18298,153.9,3.68,1179,24.2,297,0.2,0,7.07326971745971,0,5.904799999999999,2,0.0,False,False,True,False,False,False,False,False,False,True,False,True,False,False
Z0388,2015,1293.7,90,35.5,72.9,0.0,0,0,Kédougou,Kédougou,12.56133,-12.19252,125.6,0.95,484,32.1,3662,21.1,0,6.184148890937483,0,11.3955,0,0.0,True,False,False,False,False,False,False,True,False,False,True,False,False,False
Z0388,2016,1225.2,89,33.2,69.1,0.0,0,0,Kédougou,Kédougou,12.56133,-12.19252,125.6,0.95,484,32.1,3662,21.1,0,6.184148890937483,0,10.6572,0,0.0,True,False,False,False,False,False,False,True,False,False,True,False,False,False
Z0388,2017,1293.7,86,79.9,122.6,0.0,0,0,Kédougou,Kédougou,12.56133,-12.19252,125.6,0.95,484,32.1,3662,21.1,0,6.184148890937483,0,25.647900000000003,0,0.0,True,False,False,False,False,False,False,True,False,False,True,False,False,False
Z0388,2018,1835.7,90,64.6,87.6,0.0,0,0,Kédougou,Kédougou,12.56133,-12.19252,125.6,0.95,484,32.1,3662,21.1,0,6.184148890937483,0,20.7366,0,0.0,True,False,False,False,False,False,False,True,False,False,True,False,False,False
Z0388,2019,1752.0,90,91.7,138.7,0.0,0,0,Kédougou,Kédougou,12.56133,-12.19252,125.6,0.95,484,32.1,3662,21.1,0,6.184148890937483,0,29.4357,0,0.0,True,False,False,False,False,False,False,True,False,False,True,False,False,False
Z0388,2020,942.7,75,44.6,80.1,0.0,0,0,Kédougou,Kédougou,12.56133,-12.19252,125.6,0.95,484,32.1,3662,21.1,0,6.184148890937483,0,14.316600000000001,0,0.0,True,False,False,False,False,False,False,True,False,False,True,False,False,False
Z0388,2021,1758.5,90,68.3,90.9,0.0,0,0,Kédougou,Kédougou,12.56133,-12.19252,125.6,0.95,484,32.1,3662,21.1,0,6.184148890937483,0,21.9243,0,0.0,True,False,False,False,False,False,False,True,False,False,True,False,False,False
Z0388,2022,1327.5,90,69.7,123.6,0.0,0,0,Kédougou,Kédougou,12.56133,-12.19252,125.6,0.95,484,32.1,3662,21.1,0,6.184148890937483,0,22.373700000000003,0,0.0,True,False,False,False,False,False,False,True,False,False,True,False,False,False
Z0388,2023,1050.7,67,10.0,14.7,0.0,0,0,Kédougou,Kédougou,12.56133,-12.19252,125.6,0.95,484,32.1,3662,21.1,0,6.184148890937483,0,3.21,0,0.0,True,False,False,False,False,False,False,True,False,False,True,False,False,False
Z0388,2024,1102.7,81,41.1,54.6,0.0,0,0,Kédougou,Kédougou,12.56133,-12.19252,125.6,0.95,484,32.1,3662,21.1,0,6.184148890937483,0,13.193100000000001,0,0.0,True,False,False,False,False,False,False,True,False,False,True,False,False,False
Z0389,2015,1338.7,90,93.0,129.5,0.0,0,0,Kédougou,Kédougou,12.55537,-12.18078,115.1,1.96,176,0.0,55,19.4,0,5.176149732573829,0,0.0,2,0.0,False,False,True,False,False,False,False,False,True,False,False,True,False,False
Z0389,2016,1304.2,86,34.8,45.7,0.0,0,0,Kédougou,Kédougou,12.55537,-12.18078,115.1,1.96,176,0.0,55,19.4,0,5.176149732573829,0,0.0,2,0.0,False,False,True,False,False,False,False,False,True,False,False,True,False,False
Z0389,2017,1069.3,68,26.5,32.6,0.0,0,0,Kédougou,Kédougou,12.55537,-12.18078,115.1,1.96,176,0.0,55,19.4,0,5.176149732573829,0,0.0,2,0.0,False,False,True,False,False,False,False,False,True,False,False,True,False,False
Z0389,2018,1582.9,90,36.3,58.9,0.0,0,0,Kédougou,Kédougou,12.55537,-12.18078,115.1,1.96,176,0.0,55,19.4,0,5.176149732573829,0,0.0,2,0.0,False,False,True,False,False,False,False,False,True,False,False,True,False,False
Z0389,2019,997.1,75,65.7,135.4,0.0,0,0,Kédougou,Kédougou,12.55537,-12.18078,115.1,1.96,176,0.0,55,19.4,0,5.176149732573829,0,0.0,2,0.0,False,False,True,False,False,False,False,False,True,False,False,True,False,False
Z0389,2020,1862.1,90,72.5,144.9,0.0,0,0,Kédougou,Kédougou,12.55537,-12.18078,115.1,1.96,176,0.0,55,19.4,0,5.176149732573829,0,0.0,2,0.0,False,False,True,False,False,False,False,False,True,False,False,True,False,False
Z0389,2021,1338.7,72,50.4,62.3,0.0,0,0,Kédougou,Kédougou,12.55537,-12.18078,115.1,1.96,176,0.0,55,19.4,0,5.176149732573829,0,0.0,2,0.0,False,False,True,False,False,False,False,False,True,False,False,True,False,False
Z0389,2022,1434.6,90,95.5,158.9,0.0,0,0,Kédougou,Kédougou,12.55537,-12.18078,115.1,1.96,176,0.0,55,19.4,0,5.176149732573829,0,0.0,2,0.0,False,False,True,False,False,False,False,False,True,False,False,True,False,False
Z0389,2023,1031.4,72,105.6,150.4,0.0,0,0,Kédougou,Kédougou,12.55537,-12.18078,115.1,1.96,176,0.0,55,19.4,0,5.176149732573829,0,0.0,2,0.0,False,False,True,False,False,False,False,False,True,False,False,True,False,False
Z0389,2024,1433.7,90,52.2,97.3,0.0,0,0,Kédougou,Kédougou,12.55537,-12.18078,115.1,1.96,176,0.0,55,19.4,0,5.176149732573829,0,0.0,2,0.0,False,False,True,False,False,False,False,False,True,False,False,True,False,False
Z0390,2015,1060.0,72,71.4,101.8,0.0,0,0,Kédougou,Kédougou,12.53697,-12.18257,108.8,1.85,532,4.5,102,20.9,0,6.278521424165844,0,3.213,1,0.0,False,False,False,True,False,True,False,False,False,False,False,False,False,True
Z0390,2016,1637.1,90,85.8,115.6,0.0,0,0,Kédougou,Kédougou,12.53697,-12.18257,108.8,1.85,532,4.5,102,20.9,0,6.278521424165844,0,3.8609999999999998,1,0.0,False,False,False,True,False,True,False,False,False,False,False,False,False,True
Z0390,2017,1440.9,90,62.2,83.4,0.0,0,0,Kédougou,Kédougou,12.53697,-12.18257,108.8,1.85,532,4.5,102,20.9,0,6.278521424165844,0,2.7990000000000004,1,0.0,False,False,False,True,False,True,False,False,False,False,False,False,False,True
Z0390,2018,1430.5,90,53.6,82.4,0.0,0,0,Kédougou,Kédougou,12.53697,-12.18257,108.8,1.85,532,4.5,102,20.9,0,6.278521424165844,0,2.4120000000000004,1,0.0,False,False,False,True,False,True,False,False,False,False,False,False,False,True
Z0390,2019,780.4,50,66.6,136.0,0.0,0,0,Kédougou,Kédougou,12.53697,-12.18257,108.8,1.85,532,4.5,102,20.9,0,6.278521424165844,0,2.997,1,0.0,False,False,False,True,False,True,False,False,False,False,False,False,False,True
Z0390,2020,1224.0,89,48.2,95.4,0.0,0,0,Kédougou,Kédougou,12.53697,-12.18257,108.8,1.85,532,4.5,102,20.9,0,6.278521424165844,0,2.169,1,0.0,False,False,False,True,False,True,False,False,False,False,False,False,False,True
Z0390,2021,850.5,60,20.1,29.9,0.0,0,0,Kédougou,Kédougou,12.53697,-12.18257,108.8,1.85,532,4.5,102,20.9,0,6.278521424165844,0,0.9045000000000001,1,0.0,False,False,False,True,False,True,False,False,False,False,False,False,False,True
Z0390,2022,1516.2,90,100.3,141.1,0.0,1,0,Kédougou,Kédougou,12.53697,-12.18257,108.8,1.85,532,4.5,102,20.9,0,6.278521424165844,0,4.5135,1,0.0,False,False,False,True,False,True,False,False,False,False,False,False,False,True
Z0390,2023,1454.0,90,23.1,42.2,0.0,0,0,Kédougou,Kédougou,12.53697,-12.18257,108.8,1.85,532,4.5,102,20.9,0,6.278521424165844,0,1.0395,1,0.0,False,False,False,True,False,True,False,False,False,False,False,False,False,True
Z0390,2024,2513.3,90,117.6,155.7,0.0,1,0,Kédougou,Kédougou,12.53697,-12.18257,108.8,1.85,532,4.5,102,20.9,0,6.278521424165844,0,5.291999999999999,1,0.0,False,False,False,True,False,True,False,False,False,False,False,False,False,True
Z0391,2015,1144.5,87,45.9,80.3,0.0,0,0,Kédougou,Kédougou,12.56296,-12.18625,87.8,2.76,1582,57.3,6021,18.6,1,7.367077059881012,1,26.300699999999996,1,0.1,False,False,False,True,False,False,False,True,False,False,False,False,False,True
Z0391,2016,1526.0,90,90.6,179.6,0.0,1,0,Kédougou,Kédougou,12.56296,-12.18625,87.8,2.76,1582,57.3,6021,18.6,1,7.367077059881012,1,51.913799999999995,1,0.1,False,False,False,True,False,False,False,True,False,False,False,False,False,True
Z0391,2017,1007.4,73,55.6,114.0,0.0,0,0,Kédougou,Kédougou,12.56296,-12.18625,87.8,2.76,1582,57.3,6021,18.6,1,7.367077059881012,1,31.858800000000002,1,0.1,False,False,False,True,False,False,False,True,False,False,False,False,False,True
Z0391,2018,1250.2,90,32.4,52.9,0.0,0,0,Kédougou,Kédougou,12.56296,-12.18625,87.8,2.76,1582,57.3,6021,18.6,1,7.367077059881012,1,18.565199999999997,1,0.1,False,False,False,True,False,False,False,True,False,False,False,False,False,True
Z0391,2019,1256.9,81,40.6,61.6,0.0,0,0,Kédougou,Kédougou,12.56296,-12.18625,87.8,2.76,1582,57.3,6021,18.6,1,7.367077059881012,1,23.2638,1,0.1,False,False,False,True,False,False,False,True,False,False,False,False,False,True
Z0391,2020,1111.6,71,104.3,222.8,0.0,0,0,Kédougou,Kédougou,12.56296,-12.18625,87.8,2.76,1582,57.3,6021,18.6,1,7.367077059881012,1,59.76389999999999,1,0.1,False,False,False,True,False,False,False,True,False,False,False,False,False,True
Z0391,2021,1427.1,90,45.9,81.0,0.0,0,0,Kédougou,Kédougou,12.56296,-12.18625,87.8,2.76,1582,57.3,6021,18.6,1,7.367077059881012,1,26.300699999999996,1,0.1,False,False,False,True,False,False,False,True,False,False,False,False,False,True
Z0391,2022,1295.3,90,52.9,77.5,0.0,1,0,Kédougou,Kédougou,12.56296,-12.18625,87.8,2.76,1582,57.3,6021,18.6,1,7.367077059881012,1,30.311699999999995,1,0.1,False,False,False,True,False,False,False,True,False,False,False,False,False,True
Z0391,2023,1256.9,90,117.9,224.1,0.0,1,0,Kédougou,Kédougou,12.56296,-12.18625,87.8,2.76,1582,57.3,6021,18.6,1,7.367077059881012,1,67.5567,1,0.1,False,False,False,True,False,False,False,True,False,False,False,False,False,True
Z0391,2024,1263.6,90,52.9,102.1,0.0,0,0,Kédougou,Kédougou,12.56296,-12.18625,87.8,2.76,1582,57.3,6021,18.6,1,7.367077059881012,1,30.311699999999995,1,0.1,False,False,False,True,False,False,False,True,False,False,False,False,False,True
Z0392,2015,1037.3,68,43.8,58.0,0.0,0,0,Kédougou,Kédougou,12.56402,-12.18757,98.3,1.9,548,1.0,98,17.4,0,6.3080984415095305,1,0.43799999999999994,0,0.0,True,False,False,False,False,True,False,False,False,False,True,False,False,False
Z0392,2016,1190.5,84,44.6,74.4,0.0,1,0,Kédougou,Kédougou,12.56402,-12.18757,98.3,1.9,548,1.0,98,17.4,0,6.3080984415095305,1,0.446,0,0.0,True,False,False,False,False,True,False,False,False,False,True,False,False,False
Z0392,2017,854.7,57,27.8,53.2,0.0,0,0,Kédougou,Kédougou,12.56402,-12.18757,98.3,1.9,548,1.0,98,17.4,0,6.3080984415095305,1,0.278,0,0.0,True,False,False,False,False,True,False,False,False,False,True,False,False,False
Z0392,2018,1160.3,80,114.5,243.5,0.0,1,0,Kédougou,Kédougou,12.56402,-12.18757,98.3,1.9,548,1.0,98,17.4,0,6.3080984415095305,1,1.145,0,0.0,True,False,False,False,False,True,False,False,False,False,True,False,False,False
Z0392,2019,884.0,68,86.1,111.9,0.0,1,0,Kédougou,Kédougou,12.56402,-12.18757,98.3,1.9,548,1.0,98,17.4,0,6.3080984415095305,1,0.861,0,0.0,True,False,False,False,False,True,False,False,False,False,True,False,False,False
Z0392,2020,1160.3,84,150.5,196.3,0.0,1,0,Kédougou,Kédougou,12.56402,-12.18757,98.3,1.9,548,1.0,98,17.4,0,6.3080984415095305,1,1.505,0,0.0,True,False,False,False,False,True,False,False,False,False,True,False,False,False
Z0392,2021,797.0,57,10.0,14.5,0.0,0,0,Kédougou,Kédougou,12.56402,-12.18757,98.3,1.9,548,1.0,98,17.4,0,6.3080984415095305,1,0.1,0,0.0,True,False,False,False,False,True,False,False,False,False,True,False,False,False
Z0392,2022,1274.1,90,23.1,41.0,0.0,0,0,Kédougou,Kédougou,12.56402,-12.18757,98.3,1.9,548,1.0,98,17.4,0,6.3080984415095305,1,0.231,0,0.0,True,False,False,False,False,True,False,False,False,False,True,False,False,False
Z0392,2023,1490.9,90,104.8,162.7,0.0,1,0,Kédougou,Kédougou,12.56402,-12.18757,98.3,1.9,548,1.0,98,17.4,0,6.3080984415095305,1,1.048,0,0.0,True,False,False,False,False,True,False,False,False,False,True,False,False,False
Z0392,2024,1424.1,90,83.8,134.0,0.0,1,0,Kédougou,Kédougou,12.56402,-12.18757,98.3,1.9,548,1.0,98,17.4,0,6.3080984415095305,1,0.838,0,0.0,True,False,False,False,False,True,False,False,False,False,True,False,False,False
Z0393,2015,350.1,22,10.0,18.0,6.23,0,1,Matam,Matam,15.65782,-13.26256,12.1,0.58,311,66.0,10296,5.0,10,5.7430031878094825,1,6.6,0,1.0,False,False,True,False,False,False,True,False,False,False,True,False,False,False
Z0393,2016,291.7,21,10.0,15.2,7.94,1,1,Matam,Matam,15.65782,-13.26256,12.1,0.58,311,66.0,10296,5.0,10,5.7430031878094825,1,6.6,0,1.0,False,False,True,False,False,False,True,False,False,False,True,False,False,False
Z0393,2017,404.7,28,16.1,29.0,8.09,1,1,Matam,Matam,15.65782,-13.26256,12.1,0.58,311,66.0,10296,5.0,10,5.7430031878094825,1,10.626000000000001,0,1.0,False,False,True,False,False,False,True,False,False,False,True,False,False,False
Z0393,2018,431.3,29,12.4,21.9,8.58,1,1,Matam,Matam,15.65782,-13.26256,12.1,0.58,311,66.0,10296,5.0,10,5.7430031878094825,1,8.184,0,1.0,False,False,True,False,False,False,True,False,False,False,True,False,False,False
Z0393,2019,417.7,29,27.3,58.1,8.53,1,1,Matam,Matam,15.65782,-13.26256,12.1,0.58,311,66.0,10296,5.0,10,5.7430031878094825,1,18.018,0,1.0,False,False,True,False,False,False,True,False,False,False,True,False,False,False
Z0393,2020,412.9,28,14.6,28.4,10.47,1,1,Matam,Matam,15.65782,-13.26256,12.1,0.58,311,66.0,10296,5.0,10,5.7430031878094825,1,9.636000000000001,0,1.0,False,False,True,False,False,False,True,False,False,False,True,False,False,False
Z0393,2021,426.8,32,14.6,16.5,7.12,1,1,Matam,Matam,15.65782,-13.26256,12.1,0.58,311,66.0,10296,5.0,10,5.7430031878094825,1,9.636000000000001,0,1.0,False,False,True,False,False,False,True,False,False,False,True,False,False,False
Z0393,2022,630.7,47,33.7,58.0,6.6,0,1,Matam,Matam,15.65782,-13.26256,12.1,0.58,311,66.0,10296,5.0,10,5.7430031878094825,1,22.242000000000004,0,1.0,False,False,True,False,False,False,True,False,False,False,True,False,False,False
Z0393,2023,281.7,19,10.1,21.5,3.42,1,1,Matam,Matam,15.65782,-13.26256,12.1,0.58,311,66.0,10296,5.0,10,5.7430031878094825,1,6.666,0,1.0,False,False,True,False,False,False,True,False,False,False,True,False,False,False
Z0393,2024,298.1,19,15.8,31.1,8.8,1,1,Matam,Matam,15.65782,-13.26256,12.1,0.58,311,66.0,10296,5.0,10,5.7430031878094825,1,10.427999999999999,0,1.0,False,False,True,False,False,False,True,False,False,False,True,False,False,False
Z0394,2015,388.5,31,28.8,60.5,6.67,0,1,Matam,Matam,15.64477,-13.23488,20.4,0.29,720,27.4,170,4.9,0,6.580639137284949,0,7.8912,1,0.0,False,False,False,False,True,True,False,False,False,False,False,False,False,True
Z0394,2016,412.3,39,21.5,45.1,7.31,0,1,Matam,Matam,15.64477,-13.23488,20.4,0.29,720,27.4,170,4.9,0,6.580639137284949,0,5.891,1,0.0,False,False,False,False,True,True,False,False,False,False,False,False,False,True
Z0394,2017,389.1,22,25.9,34.0,6.68,0,1,Matam,Matam,15.64477,-13.23488,20.4,0.29,720,27.4,170,4.9,0,6.580639137284949,0,7.0966,1,0.0,False,False,False,False,True,True,False,False,False,False,False,False,False,True
Z0394,2018,488.2,36,10.4,13.2,5.49,0,1,Matam,Matam,15.64477,-13.23488,20.4,0.29,720,27.4,170,4.9,0,6.580639137284949,0,2.8495999999999997,1,0.0,False,False,False,False,True,True,False,False,False,False,False,False,False,True
Z0394,2019,330.6,26,10.0,17.8,6.86,0,1,Matam,Matam,15.64477,-13.23488,20.4,0.29,720,27.4,170,4.9,0,6.580639137284949,0,2.74,1,0.0,False,False,False,False,True,True,False,False,False,False,False,False,False,True
Z0394,2020,435.1,29,12.4,16.0,9.15,0,1,Matam,Matam,15.64477,-13.23488,20.4,0.29,720,27.4,170,4.9,0,6.580639137284949,0,3.3975999999999997,1,0.0,False,False,False,False,True,True,False,False,False,False,False,False,False,True
Z0394,2021,392.2,27,36.3,48.4,6.01,0,1,Matam,Matam,15.64477,-13.23488,20.4,0.29,720,27.4,170,4.9,0,6.580639137284949,0,9.9462,1,0.0,False,False,False,False,True,True,False,False,False,False,False,False,False,True
Z0394,2022,563.7,42,12.8,22.8,5.92,0,1,Matam,Matam,15.64477,-13.23488,20.4,0.29,720,27.4,170,4.9,0,6.580639137284949,0,3.5072,1,0.0,False,False,False,False,True,True,False,False,False,False,False,False,False,True
Z0394,2023,360.5,23,10.0,12.3,5.44,0,1,Matam,Matam,15.64477,-13.23488,20.4,0.29,720,27.4,170,4.9,0,6.580639137284949,0,2.74,1,0.0,False,False,False,False,True,True,False,False,False,False,False,False,False,True
Z0394,2024,444.3,31,12.8,38.3,6.44,0,1,Matam,Matam,15.64477,-13.23488,20.4,0.29,720,27.4,170,4.9,0,6.580639137284949,0,3.5072,1,0.0,False,False,False,False,True,True,False,False,False,False,False,False,False,True
Z0395,2015,513.0,41,52.5,114.9,6.93,1,1,Matam,Matam,15.68514,-13.23417,15.5,0.21,621,19.7,162,5.2,4,6.432940092739179,1,10.3425,0,0.4,True,False,False,False,False,True,False,False,False,False,True,False,False,False
Z0395,2016,492.9,41,26.6,41.7,4.67,0,1,Matam,Matam,15.68514,-13.23417,15.5,0.21,621,19.7,162,5.2,4,6.432940092739179,1,5.2402,0,0.4,True,False,False,False,False,True,False,False,False,False,True,False,False,False
Z0395,2017,442.0,31,23.8,30.4,6.96,1,1,Matam,Matam,15.68514,-13.23417,15.5,0.21,621,19.7,162,5.2,4,6.432940092739179,1,4.6886,0,0.4,True,False,False,False,False,True,False,False,False,False,True,False,False,False
Z0395,2018,384.0,28,25.9,35.5,5.91,0,1,Matam,Matam,15.68514,-13.23417,15.5,0.21,621,19.7,162,5.2,4,6.432940092739179,1,5.1023,0,0.4,True,False,False,False,False,True,False,False,False,False,True,False,False,False
Z0395,2019,538.4,37,25.3,33.4,6.35,0,1,Matam,Matam,15.68514,-13.23417,15.5,0.21,621,19.7,162,5.2,4,6.432940092739179,1,4.9841,0,0.4,True,False,False,False,False,True,False,False,False,False,True,False,False,False
Z0395,2020,654.0,35,54.5,109.0,7.24,0,1,Matam,Matam,15.68514,-13.23417,15.5,0.21,621,19.7,162,5.2,4,6.432940092739179,1,10.7365,0,0.4,True,False,False,False,False,True,False,False,False,False,True,False,False,False
Z0395,2021,317.3,23,10.0,19.6,6.7,0,1,Matam,Matam,15.68514,-13.23417,15.5,0.21,621,19.7,162,5.2,4,6.432940092739179,1,1.97,0,0.4,True,False,False,False,False,True,False,False,False,False,True,False,False,False
Z0395,2022,547.5,39,12.6,21.6,4.32,0,1,Matam,Matam,15.68514,-13.23417,15.5,0.21,621,19.7,162,5.2,4,6.432940092739179,1,2.4821999999999997,0,0.4,True,False,False,False,False,True,False,False,False,False,True,False,False,False
Z0395,2023,391.2,24,19.7,37.4,6.84,0,1,Matam,Matam,15.68514,-13.23417,15.5,0.21,621,19.7,162,5.2,4,6.432940092739179,1,3.8808999999999996,0,0.4,True,False,False,False,False,True,False,False,False,False,True,False,False,False
Z0395,2024,489.8,30,48.2,86.2,10.35,1,1,Matam,Matam,15.68514,-13.23417,15.5,0.21,621,19.7,162,5.2,4,6.432940092739179,1,9.4954,0,0.4,True,False,False,False,False,True,False,False,False,False,True,False,False,False
Z0396,2015,474.0,35,10.0,20.3,7.13,0,1,Matam,Matam,15.67108,-13.26199,15.5,2.27,1756,36.8,255,2.9,1,7.471363088187097,1,3.68,1,0.1,False,False,True,False,False,False,False,False,False,True,False,False,False,True
Z0396,2016,407.4,32,22.5,39.6,6.79,0,1,Matam,Matam,15.67108,-13.26199,15.5,2.27,1756,36.8,255,2.9,1,7.471363088187097,1,8.28,1,0.1,False,False,True,False,False,False,False,False,False,True,False,False,False,True
Z0396,2017,416.9,33,33.7,55.1,6.84,0,1,Matam,Matam,15.67108,-13.26199,15.5,2.27,1756,36.8,255,2.9,1,7.471363088187097,1,12.4016,1,0.1,False,False,True,False,False,False,False,False,False,True,False,False,False,True
Z0396,2018,375.6,28,26.0,46.8,4.17,0,1,Matam,Matam,15.67108,-13.26199,15.5,2.27,1756,36.8,255,2.9,1,7.471363088187097,1,9.568,1,0.1,False,False,True,False,False,False,False,False,False,True,False,False,False,True
Z0396,2019,383.3,30,14.4,30.1,5.55,1,1,Matam,Matam,15.67108,-13.26199,15.5,2.27,1756,36.8,255,2.9,1,7.471363088187097,1,5.2992,1,0.1,False,False,True,False,False,False,False,False,False,True,False,False,False,True
Z0396,2020,437.9,40,51.5,100.8,9.07,0,1,Matam,Matam,15.67108,-13.26199,15.5,2.27,1756,36.8,255,2.9,1,7.471363088187097,1,18.951999999999998,1,0.1,False,False,True,False,False,False,False,False,False,True,False,False,False,True
Z0396,2021,316.0,25,28.9,36.1,5.18,0,1,Matam,Matam,15.67108,-13.26199,15.5,2.27,1756,36.8,255,2.9,1,7.471363088187097,1,10.635199999999998,1,0.1,False,False,True,False,False,False,False,False,False,True,False,False,False,True
Z0396,2022,555.7,32,20.2,27.2,4.91,0,1,Matam,Matam,15.67108,-13.26199,15.5,2.27,1756,36.8,255,2.9,1,7.471363088187097,1,7.433599999999999,1,0.1,False,False,True,False,False,False,False,False,False,True,False,False,False,True
Z0396,2023,393.3,25,17.4,21.2,7.33,0,1,Matam,Matam,15.67108,-13.26199,15.5,2.27,1756,36.8,255,2.9,1,7.471363088187097,1,6.403199999999999,1,0.1,False,False,True,False,False,False,False,False,False,True,False,False,False,True
Z0396,2024,504.1,41,13.7,27.6,8.38,1,1,Matam,Matam,15.67108,-13.26199,15.5,2.27,1756,36.8,255,2.9,1,7.471363088187097,1,5.041599999999999,1,0.1,False,False,True,False,False,False,False,False,False,True,False,False,False,True
Z0397,2015,560.6,44,74.2,146.7,6.86,1,1,Matam,Matam,15.65864,-13.26592,20.7,1.01,248,5.7,180,6.5,1,5.517452896464707,0,4.229400000000001,1,0.1,False,True,False,False,False,False,False,False,True,False,False,False,False,True
Z0397,2016,300.3,13,10.8,18.0,6.19,0,1,Matam,Matam,15.65864,-13.26592,20.7,1.01,248,5.7,180,6.5,1,5.517452896464707,0,0.6156000000000001,1,0.1,False,True,False,False,False,False,False,False,True,False,False,False,False,True
Z0397,2017,321.3,17,18.2,27.5,6.95,0,1,Matam,Matam,15.65864,-13.26592,20.7,1.01,248,5.7,180,6.5,1,5.517452896464707,0,1.0373999999999999,1,0.1,False,True,False,False,False,False,False,False,True,False,False,False,False,True
Z0397,2018,350.0,24,14.2,22.4,6.98,0,1,Matam,Matam,15.65864,-13.26592,20.7,1.01,248,5.7,180,6.5,1,5.517452896464707,0,0.8094,1,0.1,False,True,False,False,False,False,False,False,True,False,False,False,False,True
Z0397,2019,561.4,38,13.6,21.1,5.05,0,1,Matam,Matam,15.65864,-13.26592,20.7,1.01,248,5.7,180,6.5,1,5.517452896464707,0,0.7752,1,0.1,False,True,False,False,False,False,False,False,True,False,False,False,False,True
Z0397,2020,580.9,39,14.9,24.0,8.81,0,1,Matam,Matam,15.65864,-13.26592,20.7,1.01,248,5.7,180,6.5,1,5.517452896464707,0,0.8493,1,0.1,False,True,False,False,False,False,False,False,True,False,False,False,False,True
Z0397,2021,484.6,29,10.0,13.6,4.46,0,1,Matam,Matam,15.65864,-13.26592,20.7,1.01,248,5.7,180,6.5,1,5.517452896464707,0,0.57,1,0.1,False,True,False,False,False,False,False,False,True,False,False,False,False,True
Z0397,2022,549.6,44,27.2,47.5,3.77,0,1,Matam,Matam,15.65864,-13.26592,20.7,1.01,248,5.7,180,6.5,1,5.517452896464707,0,1.5504,1,0.1,False,True,False,False,False,False,False,False,True,False,False,False,False,True
Z0397,2023,450.0,30,12.7,21.6,6.61,0,1,Matam,Matam,15.65864,-13.26592,20.7,1.01,248,5.7,180,6.5,1,5.517452896464707,0,0.7239,1,0.1,False,True,False,False,False,False,False,False,True,False,False,False,False,True
Z0397,2024,564.1,39,16.4,30.6,9.99,0,1,Matam,Matam,15.65864,-13.26592,20.7,1.01,248,5.7,180,6.5,1,5.517452896464707,0,0.9347999999999999,1,0.1,False,True,False,False,False,False,False,False,True,False,False,False,False,True
Z0398,2015,356.0,23,19.2,27.6,9.84,0,1,Matam,Matam,15.66677,-13.24912,17.0,0.74,339,24.1,100,4.6,0,5.8289456176102075,0,4.6272,0,0.0,True,False,False,False,False,True,False,False,False,False,True,False,False,False
Z0398,2016,336.2,26,14.8,19.5,5.16,0,1,Matam,Matam,15.66677,-13.24912,17.0,0.74,339,24.1,100,4.6,0,5.8289456176102075,0,3.5668000000000006,0,0.0,True,False,False,False,False,True,False,False,False,False,True,False,False,False
Z0398,2017,424.7,29,30.1,59.0,7.54,0,1,Matam,Matam,15.66677,-13.24912,17.0,0.74,339,24.1,100,4.6,0,5.8289456176102075,0,7.254100000000001,0,0.0,True,False,False,False,False,True,False,False,False,False,True,False,False,False
Z0398,2018,340.0,21,12.4,20.6,7.32,0,1,Matam,Matam,15.66677,-13.24912,17.0,0.74,339,24.1,100,4.6,0,5.8289456176102075,0,2.9884000000000004,0,0.0,True,False,False,False,False,True,False,False,False,False,True,False,False,False
Z0398,2019,384.3,22,23.0,31.3,6.7,0,1,Matam,Matam,15.66677,-13.24912,17.0,0.74,339,24.1,100,4.6,0,5.8289456176102075,0,5.543000000000001,0,0.0,True,False,False,False,False,True,False,False,False,False,True,False,False,False
Z0398,2020,432.9,31,24.2,43.1,7.67,0,1,Matam,Matam,15.66677,-13.24912,17.0,0.74,339,24.1,100,4.6,0,5.8289456176102075,0,5.8322,0,0.0,True,False,False,False,False,True,False,False,False,False,True,False,False,False
Z0398,2021,451.3,28,32.2,39.1,4.61,1,1,Matam,Matam,15.66677,-13.24912,17.0,0.74,339,24.1,100,4.6,0,5.8289456176102075,0,7.760200000000001,0,0.0,True,False,False,False,False,True,False,False,False,False,True,False,False,False
Z0398,2022,423.8,36,21.9,40.8,4.51,0,1,Matam,Matam,15.66677,-13.24912,17.0,0.74,339,24.1,100,4.6,0,5.8289456176102075,0,5.2779,0,0.0,True,False,False,False,False,True,False,False,False,False,True,False,False,False
Z0398,2023,314.8,22,10.0,20.4,4.42,0,1,Matam,Matam,15.66677,-13.24912,17.0,0.74,339,24.1,100,4.6,0,5.8289456176102075,0,2.41,0,0.0,True,False,False,False,False,True,False,False,False,False,True,False,False,False
Z0398,2024,307.5,23,19.2,40.7,8.3,0,1,Matam,Matam,15.66677,-13.24912,17.0,0.74,339,24.1,100,4.6,0,5.8289456176102075,0,4.6272,0,0.0,True,False,False,False,False,True,False,False,False,False,True,False,False,False
Z0399,2015,437.1,39,10.0,12.4,5.61,0,1,Matam,Matam,15.644,-13.26633,15.6,0.21,174,83.2,30189,4.1,4,5.1647859739235145,0,8.32,1,0.4,False,True,False,False,False,False,True,False,False,False,False,False,False,True
Z0399,2016,303.9,17,12.3,20.7,6.89,0,1,Matam,Matam,15.644,-13.26633,15.6,0.21,174,83.2,30189,4.1,4,5.1647859739235145,0,10.233600000000001,1,0.4,False,True,False,False,False,False,True,False,False,False,False,False,False,True
Z0399,2017,352.4,25,10.0,21.1,5.01,0,1,Matam,Matam,15.644,-13.26633,15.6,0.21,174,83.2,30189,4.1,4,5.1647859739235145,0,8.32,1,0.4,False,True,False,False,False,False,True,False,False,False,False,False,False,True
Z0399,2018,238.4,10,19.5,42.3,6.26,0,1,Matam,Matam,15.644,-13.26633,15.6,0.21,174,83.2,30189,4.1,4,5.1647859739235145,0,16.224,1,0.4,False,True,False,False,False,False,True,False,False,False,False,False,False,True
Z0399,2019,458.6,33,10.0,18.1,6.14,1,1,Matam,Matam,15.644,-13.26633,15.6,0.21,174,83.2,30189,4.1,4,5.1647859739235145,0,8.32,1,0.4,False,True,False,False,False,False,True,False,False,False,False,False,False,True
Z0399,2020,737.1,54,27.0,59.3,9.26,1,1,Matam,Matam,15.644,-13.26633,15.6,0.21,174,83.2,30189,4.1,4,5.1647859739235145,0,22.464000000000002,1,0.4,False,True,False,False,False,False,True,False,False,False,False,False,False,True
Z0399,2021,280.0,21,17.9,35.4,10.18,1,1,Matam,Matam,15.644,-13.26633,15.6,0.21,174,83.2,30189,4.1,4,5.1647859739235145,0,14.8928,1,0.4,False,True,False,False,False,False,True,False,False,False,False,False,False,True
Z0399,2022,422.5,24,20.0,42.8,6.71,0,1,Matam,Matam,15.644,-13.26633,15.6,0.21,174,83.2,30189,4.1,4,5.1647859739235145,0,16.64,1,0.4,False,True,False,False,False,False,True,False,False,False,False,False,False,True
Z0399,2023,448.3,26,53.2,76.1,5.54,1,1,Matam,Matam,15.644,-13.26633,15.6,0.21,174,83.2,30189,4.1,4,5.1647859739235145,0,44.26240000000001,1,0.4,False,True,False,False,False,False,True,False,False,False,False,False,False,True
Z0399,2024,504.9,40,10.0,12.7,5.46,0,1,Matam,Matam,15.644,-13.26633,15.6,0.21,174,83.2,30189,4.1,4,5.1647859739235145,0,8.32,1,0.4,False,True,False,False,False,False,True,False,False,False,False,False,False,True
Z0400,2015,411.3,23,20.1,40.5,5.69,0,1,Matam,Matam,15.6879,-13.25252,16.0,0.3,1770,34.1,253,1.3,1,7.479299637782834,0,6.854100000000001,1,0.1,False,False,True,False,False,False,False,False,False,True,False,False,False,True
Z0400,2016,297.3,21,19.6,33.0,7.57,0,1,Matam,Matam,15.6879,-13.25252,16.0,0.3,1770,34.1,253,1.3,1,7.479299637782834,0,6.683600000000001,1,0.1,False,False,True,False,False,False,False,False,False,True,False,False,False,True
Z0400,2017,449.6,24,28.4,50.7,7.23,0,1,Matam,Matam,15.6879,-13.25252,16.0,0.3,1770,34.1,253,1.3,1,7.479299637782834,0,9.6844,1,0.1,False,False,True,False,False,False,False,False,False,True,False,False,False,True
Z0400,2018,397.3,24,24.5,52.1,5.85,1,1,Matam,Matam,15.6879,-13.25252,16.0,0.3,1770,34.1,253,1.3,1,7.479299637782834,0,8.3545,1,0.1,False,False,True,False,False,False,False,False,False,True,False,False,False,True
Z0400,2019,326.4,28,32.9,49.3,6.86,1,1,Matam,Matam,15.6879,-13.25252,16.0,0.3,1770,34.1,253,1.3,1,7.479299637782834,0,11.218900000000001,1,0.1,False,False,True,False,False,False,False,False,False,True,False,False,False,True
Z0400,2020,666.1,46,25.7,38.9,7.13,0,1,Matam,Matam,15.6879,-13.25252,16.0,0.3,1770,34.1,253,1.3,1,7.479299637782834,0,8.7637,1,0.1,False,False,True,False,False,False,False,False,False,True,False,False,False,True
Z0400,2021,428.4,29,34.1,73.5,5.45,0,1,Matam,Matam,15.6879,-13.25252,16.0,0.3,1770,34.1,253,1.3,1,7.479299637782834,0,11.628100000000002,1,0.1,False,False,True,False,False,False,False,False,False,True,False,False,False,True
Z0400,2022,432.1,28,15.7,23.7,6.1,0,1,Matam,Matam,15.6879,-13.25252,16.0,0.3,1770,34.1,253,1.3,1,7.479299637782834,0,5.3537,1,0.1,False,False,True,False,False,False,False,False,False,True,False,False,False,True
Z0400,2023,291.7,12,14.5,31.0,6.56,0,1,Matam,Matam,15.6879,-13.25252,16.0,0.3,1770,34.1,253,1.3,1,7.479299637782834,0,4.944500000000001,1,0.1,False,False,True,False,False,False,False,False,False,True,False,False,False,True
Z0400,2024,411.3,35,29.0,44.1,10.17,0,1,Matam,Matam,15.6879,-13.25252,16.0,0.3,1770,34.1,253,1.3,1,7.479299637782834,0,9.889000000000001,1,0.1,False,False,True,False,False,False,False,False,False,True,False,False,False,True
Z0401,2015,349.5,31,27.5,45.1,5.95,0,1,Matam,Matam,15.65685,-13.26943,10.8,0.47,974,88.1,26513,1.8,2,6.882437470997847,1,24.2275,0,0.2,False,True,False,False,False,False,True,False,False,False,True,False,False,False
Z0401,2016,461.6,33,11.9,16.0,5.42,1,1,Matam,Matam,15.65685,-13.26943,10.8,0.47,974,88.1,26513,1.8,2,6.882437470997847,1,10.483899999999998,0,0.2,False,True,False,False,False,False,True,False,False,False,True,False,False,False
Z0401,2017,560.0,32,38.2,61.9,6.77,0,1,Matam,Matam,15.65685,-13.26943,10.8,0.47,974,88.1,26513,1.8,2,6.882437470997847,1,33.6542,0,0.2,False,True,False,False,False,False,True,False,False,False,True,False,False,False
Z0401,2018,397.7,21,27.6,41.1,6.72,0,1,Matam,Matam,15.65685,-13.26943,10.8,0.47,974,88.1,26513,1.8,2,6.882437470997847,1,24.3156,0,0.2,False,True,False,False,False,False,True,False,False,False,True,False,False,False
Z0401,2019,207.4,9,10.0,18.8,7.11,0,1,Matam,Matam,15.65685,-13.26943,10.8,0.47,974,88.1,26513,1.8,2,6.882437470997847,1,8.81,0,0.2,False,True,False,False,False,False,True,False,False,False,True,False,False,False
Z0401,2020,722.9,49,31.9,48.1,8.19,0,1,Matam,Matam,15.65685,-13.26943,10.8,0.47,974,88.1,26513,1.8,2,6.882437470997847,1,28.1039,0,0.2,False,True,False,False,False,False,True,False,False,False,True,False,False,False
Z0401,2021,242.8,17,15.3,18.7,9.44,0,1,Matam,Matam,15.65685,-13.26943,10.8,0.47,974,88.1,26513,1.8,2,6.882437470997847,1,13.4793,0,0.2,False,True,False,False,False,False,True,False,False,False,True,False,False,False
Z0401,2022,369.0,23,10.0,15.9,8.58,0,1,Matam,Matam,15.65685,-13.26943,10.8,0.47,974,88.1,26513,1.8,2,6.882437470997847,1,8.81,0,0.2,False,True,False,False,False,False,True,False,False,False,True,False,False,False
Z0401,2023,400.5,22,22.9,28.1,5.45,1,1,Matam,Matam,15.65685,-13.26943,10.8,0.47,974,88.1,26513,1.8,2,6.882437470997847,1,20.174899999999997,0,0.2,False,True,False,False,False,False,True,False,False,False,True,False,False,False
Z0401,2024,536.2,34,17.3,37.7,10.95,1,1,Matam,Matam,15.65685,-13.26943,10.8,0.47,974,88.1,26513,1.8,2,6.882437470997847,1,15.241299999999999,0,0.2,False,True,False,False,False,False,True,False,False,False,True,False,False,False
Z0402,2015,401.6,34,10.8,17.1,6.03,0,1,Matam,Matam,15.66414,-13.24303,20.5,1.23,1530,18.8,148,7.6,0,7.333676395657684,0,2.0304,0,0.0,False,False,False,True,False,True,False,False,False,False,True,False,False,False
Z0402,2016,418.1,34,12.4,25.5,4.91,0,1,Matam,Matam,15.66414,-13.24303,20.5,1.23,1530,18.8,148,7.6,0,7.333676395657684,0,2.3312,0,0.0,False,False,False,True,False,True,False,False,False,False,True,False,False,False
Z0402,2017,394.3,42,14.0,27.0,7.69,0,1,Matam,Matam,15.66414,-13.24303,20.5,1.23,1530,18.8,148,7.6,0,7.333676395657684,0,2.6319999999999997,0,0.0,False,False,False,True,False,True,False,False,False,False,True,False,False,False
Z0402,2018,450.8,39,14.8,24.1,8.07,0,1,Matam,Matam,15.66414,-13.24303,20.5,1.23,1530,18.8,148,7.6,0,7.333676395657684,0,2.7824,0,0.0,False,False,False,True,False,True,False,False,False,False,True,False,False,False
Z0402,2019,523.1,35,11.0,18.9,6.79,0,1,Matam,Matam,15.66414,-13.24303,20.5,1.23,1530,18.8,148,7.6,0,7.333676395657684,0,2.068,0,0.0,False,False,False,True,False,True,False,False,False,False,True,False,False,False
Z0402,2020,522.7,34,12.4,17.4,8.43,0,1,Matam,Matam,15.66414,-13.24303,20.5,1.23,1530,18.8,148,7.6,0,7.333676395657684,0,2.3312,0,0.0,False,False,False,True,False,True,False,False,False,False,True,False,False,False
Z0402,2021,356.7,32,10.0,16.1,7.47,0,1,Matam,Matam,15.66414,-13.24303,20.5,1.23,1530,18.8,148,7.6,0,7.333676395657684,0,1.88,0,0.0,False,False,False,True,False,True,False,False,False,False,True,False,False,False
Z0402,2022,550.7,42,11.6,25.4,6.63,0,1,Matam,Matam,15.66414,-13.24303,20.5,1.23,1530,18.8,148,7.6,0,7.333676395657684,0,2.1808,0,0.0,False,False,False,True,False,True,False,False,False,False,True,False,False,False
Z0402,2023,365.8,27,19.2,34.0,7.43,0,1,Matam,Matam,15.66414,-13.24303,20.5,1.23,1530,18.8,148,7.6,0,7.333676395657684,0,3.6096,0,0.0,False,False,False,True,False,True,False,False,False,False,True,False,False,False
Z0402,2024,949.9,70,12.9,26.4,9.66,0,1,Matam,Matam,15.66414,-13.24303,20.5,1.23,1530,18.8,148,7.6,0,7.333676395657684,0,2.4252000000000002,0,0.0,False,False,False,True,False,True,False,False,False,False,True,False,False,False
Z0403,2015,469.0,42,21.4,33.4,6.05,1,1,Matam,Matam,15.66043,-13.25956,14.1,0.69,550,66.0,2597,5.0,5,6.311734809152915,1,14.123999999999999,0,0.5,True,False,False,False,False,False,False,True,False,False,True,False,False,False
Z0403,2016,541.4,42,14.0,22.0,5.96,0,1,Matam,Matam,15.66043,-13.25956,14.1,0.69,550,66.0,2597,5.0,5,6.311734809152915,1,9.24,0,0.5,True,False,False,False,False,False,False,True,False,False,True,False,False,False
Z0403,2017,350.9,28,28.1,40.2,6.31,1,1,Matam,Matam,15.66043,-13.25956,14.1,0.69,550,66.0,2597,5.0,5,6.311734809152915,1,18.546000000000003,0,0.5,True,False,False,False,False,False,False,True,False,False,True,False,False,False
Z0403,2018,361.1,26,10.0,15.1,5.8,1,1,Matam,Matam,15.66043,-13.25956,14.1,0.69,550,66.0,2597,5.0,5,6.311734809152915,1,6.6,0,0.5,True,False,False,False,False,False,False,True,False,False,True,False,False,False
Z0403,2019,312.9,12,10.0,20.5,6.94,0,1,Matam,Matam,15.66043,-13.25956,14.1,0.69,550,66.0,2597,5.0,5,6.311734809152915,1,6.6,0,0.5,True,False,False,False,False,False,False,True,False,False,True,False,False,False
Z0403,2020,449.9,27,10.0,18.5,10.43,1,1,Matam,Matam,15.66043,-13.25956,14.1,0.69,550,66.0,2597,5.0,5,6.311734809152915,1,6.6,0,0.5,True,False,False,False,False,False,False,True,False,False,True,False,False,False
Z0403,2021,410.1,27,14.0,30.8,5.69,1,1,Matam,Matam,15.66043,-13.25956,14.1,0.69,550,66.0,2597,5.0,5,6.311734809152915,1,9.24,0,0.5,True,False,False,False,False,False,False,True,False,False,True,False,False,False
Z0403,2022,485.8,39,22.2,43.0,8.28,1,1,Matam,Matam,15.66043,-13.25956,14.1,0.69,550,66.0,2597,5.0,5,6.311734809152915,1,14.652000000000001,0,0.5,True,False,False,False,False,False,False,True,False,False,True,False,False,False
Z0403,2023,445.1,27,10.0,16.4,7.16,0,1,Matam,Matam,15.66043,-13.25956,14.1,0.69,550,66.0,2597,5.0,5,6.311734809152915,1,6.6,0,0.5,True,False,False,False,False,False,False,True,False,False,True,False,False,False
Z0403,2024,643.1,47,17.7,22.2,10.22,1,1,Matam,Matam,15.66043,-13.25956,14.1,0.69,550,66.0,2597,5.0,5,6.311734809152915,1,11.682,0,0.5,True,False,False,False,False,False,False,True,False,False,True,False,False,False
Z0404,2015,684.0,34,33.4,57.5,0.0,0,0,Fatick,Fatick,14.33406,-16.42893,9.9,0.69,945,2.8,256,2.3,1,6.852242569051878,0,0.9351999999999999,1,0.1,False,False,True,False,False,False,False,False,True,False,False,False,False,True
Z0404,2016,485.3,38,14.4,27.7,0.0,0,0,Fatick,Fatick,14.33406,-16.42893,9.9,0.69,945,2.8,256,2.3,1,6.852242569051878,0,0.4032,1,0.1,False,False,True,False,False,False,False,False,True,False,False,False,False,True
Z0404,2017,726.9,45,45.4,61.5,0.0,0,0,Fatick,Fatick,14.33406,-16.42893,9.9,0.69,945,2.8,256,2.3,1,6.852242569051878,0,1.2711999999999999,1,0.1,False,False,True,False,False,False,False,False,True,False,False,False,False,True
Z0404,2018,684.0,53,45.9,60.7,0.0,0,0,Fatick,Fatick,14.33406,-16.42893,9.9,0.69,945,2.8,256,2.3,1,6.852242569051878,0,1.2852,1,0.1,False,False,True,False,False,False,False,False,True,False,False,False,False,True
Z0404,2019,668.0,40,22.5,37.2,0.0,0,0,Fatick,Fatick,14.33406,-16.42893,9.9,0.69,945,2.8,256,2.3,1,6.852242569051878,0,0.6299999999999999,1,0.1,False,False,True,False,False,False,False,False,True,False,False,False,False,True
Z0404,2020,1019.4,75,33.4,61.2,0.0,0,0,Fatick,Fatick,14.33406,-16.42893,9.9,0.69,945,2.8,256,2.3,1,6.852242569051878,0,0.9351999999999999,1,0.1,False,False,True,False,False,False,False,False,True,False,False,False,False,True
Z0404,2021,1064.6,79,157.7,204.5,0.0,1,0,Fatick,Fatick,14.33406,-16.42893,9.9,0.69,945,2.8,256,2.3,1,6.852242569051878,0,4.4155999999999995,1,0.1,False,False,True,False,False,False,False,False,True,False,False,False,False,True
Z0404,2022,458.2,27,43.5,52.2,0.0,0,0,Fatick,Fatick,14.33406,-16.42893,9.9,0.69,945,2.8,256,2.3,1,6.852242569051878,0,1.218,1,0.1,False,False,True,False,False,False,False,False,True,False,False,False,False,True
Z0404,2023,391.9,27,14.2,20.6,0.0,0,0,Fatick,Fatick,14.33406,-16.42893,9.9,0.69,945,2.8,256,2.3,1,6.852242569051878,0,0.39759999999999995,1,0.1,False,False,True,False,False,False,False,False,True,False,False,False,False,True
Z0404,2024,760.8,46,24.8,40.3,0.0,0,0,Fatick,Fatick,14.33406,-16.42893,9.9,0.69,945,2.8,256,2.3,1,6.852242569051878,0,0.6944,1,0.1,False,False,True,False,False,False,False,False,True,False,False,False,False,True
Z0405,2015,645.3,45,40.0,64.5,0.0,0,0,Fatick,Fatick,14.31815,-16.41773,1.6,0.41,123,14.6,271,1.9,1,4.820281565605037,1,5.84,2,0.1,False,False,True,False,False,False,False,False,False,True,False,True,False,False
Z0405,2016,594.3,38,56.1,122.2,0.0,1,0,Fatick,Fatick,14.31815,-16.41773,1.6,0.41,123,14.6,271,1.9,1,4.820281565605037,1,8.1906,2,0.1,False,False,True,False,False,False,False,False,False,True,False,True,False,False
Z0405,2017,393.7,28,12.7,15.4,0.0,0,0,Fatick,Fatick,14.31815,-16.41773,1.6,0.41,123,14.6,271,1.9,1,4.820281565605037,1,1.8541999999999998,2,0.1,False,False,True,False,False,False,False,False,False,True,False,True,False,False
Z0405,2018,863.4,63,42.9,55.9,0.0,0,0,Fatick,Fatick,14.31815,-16.41773,1.6,0.41,123,14.6,271,1.9,1,4.820281565605037,1,6.263399999999999,2,0.1,False,False,True,False,False,False,False,False,False,True,False,True,False,False
Z0405,2019,612.7,40,16.9,36.3,0.0,0,0,Fatick,Fatick,14.31815,-16.41773,1.6,0.41,123,14.6,271,1.9,1,4.820281565605037,1,2.4673999999999996,2,0.1,False,False,True,False,False,False,False,False,False,True,False,True,False,False
Z0405,2020,855.3,60,38.0,71.1,0.0,0,0,Fatick,Fatick,14.31815,-16.41773,1.6,0.41,123,14.6,271,1.9,1,4.820281565605037,1,5.547999999999999,2,0.1,False,False,True,False,False,False,False,False,False,True,False,True,False,False
Z0405,2021,545.4,37,11.3,23.5,0.0,0,0,Fatick,Fatick,14.31815,-16.41773,1.6,0.41,123,14.6,271,1.9,1,4.820281565605037,1,1.6498000000000002,2,0.1,False,False,True,False,False,False,False,False,False,True,False,True,False,False
Z0405,2022,724.5,48,53.6,109.4,0.0,0,0,Fatick,Fatick,14.31815,-16.41773,1.6,0.41,123,14.6,271,1.9,1,4.820281565605037,1,7.8256,2,0.1,False,False,True,False,False,False,False,False,False,True,False,True,False,False
Z0405,2023,449.5,24,22.5,32.5,0.0,0,0,Fatick,Fatick,14.31815,-16.41773,1.6,0.41,123,14.6,271,1.9,1,4.820281565605037,1,3.285,2,0.1,False,False,True,False,False,False,False,False,False,True,False,True,False,False
Z0405,2024,778.1,57,46.2,82.4,0.0,0,0,Fatick,Fatick,14.31815,-16.41773,1.6,0.41,123,14.6,271,1.9,1,4.820281565605037,1,6.7452,2,0.1,False,False,True,False,False,False,False,False,False,True,False,True,False,False
Z0406,2015,697.0,57,54.3,104.6,0.0,1,0,Fatick,Fatick,14.36167,-16.41043,3.3,0.06,1074,73.3,20205,2.25,3,6.980075940561763,1,39.801899999999996,1,0.3,True,False,False,False,False,False,True,False,False,False,False,False,False,True
Z0406,2016,604.6,46,17.9,26.7,0.0,1,0,Fatick,Fatick,14.36167,-16.41043,3.3,0.06,1074,73.3,20205,2.25,3,6.980075940561763,1,13.1207,1,0.3,True,False,False,False,False,False,True,False,False,False,False,False,False,True
Z0406,2017,399.4,32,13.9,28.9,0.0,0,0,Fatick,Fatick,14.36167,-16.41043,3.3,0.06,1074,73.3,20205,2.25,3,6.980075940561763,1,10.1887,1,0.3,True,False,False,False,False,False,True,False,False,False,False,False,False,True
Z0406,2018,369.0,20,23.2,31.7,0.0,1,0,Fatick,Fatick,14.36167,-16.41043,3.3,0.06,1074,73.3,20205,2.25,3,6.980075940561763,1,17.0056,1,0.3,True,False,False,False,False,False,True,False,False,False,False,False,False,True
Z0406,2019,612.8,40,17.2,23.3,0.0,0,0,Fatick,Fatick,14.36167,-16.41043,3.3,0.06,1074,73.3,20205,2.25,3,6.980075940561763,1,12.6076,1,0.3,True,False,False,False,False,False,True,False,False,False,False,False,False,True
Z0406,2020,935.7,68,31.4,68.8,0.0,1,0,Fatick,Fatick,14.36167,-16.41043,3.3,0.06,1074,73.3,20205,2.25,3,6.980075940561763,1,23.016199999999998,1,0.3,True,False,False,False,False,False,True,False,False,False,False,False,False,True
Z0406,2021,581.5,37,59.3,121.1,0.0,0,0,Fatick,Fatick,14.36167,-16.41043,3.3,0.06,1074,73.3,20205,2.25,3,6.980075940561763,1,43.466899999999995,1,0.3,True,False,False,False,False,False,True,False,False,False,False,False,False,True
Z0406,2022,896.2,69,23.2,32.9,0.0,0,0,Fatick,Fatick,14.36167,-16.41043,3.3,0.06,1074,73.3,20205,2.25,3,6.980075940561763,1,17.0056,1,0.3,True,False,False,False,False,False,True,False,False,False,False,False,False,True
Z0406,2023,685.9,44,13.4,20.3,0.0,0,0,Fatick,Fatick,14.36167,-16.41043,3.3,0.06,1074,73.3,20205,2.25,3,6.980075940561763,1,9.8222,1,0.3,True,False,False,False,False,False,True,False,False,False,False,False,False,True
Z0406,2024,927.5,64,25.5,40.6,0.0,0,0,Fatick,Fatick,14.36167,-16.41043,3.3,0.06,1074,73.3,20205,2.25,3,6.980075940561763,1,18.691499999999998,1,0.3,True,False,False,False,False,False,True,False,False,False,False,False,False,True
Z0407,2015,629.7,44,24.6,36.1,0.0,0,0,Fatick,Fatick,14.31784,-16.43023,7.0,1.4,239,7.1,154,4.6,0,5.480638923341991,0,1.7466,1,0.0,False,True,False,False,False,False,False,False,True,False,False,False,True,False
Z0407,2016,511.5,31,22.1,47.9,0.0,0,0,Fatick,Fatick,14.31784,-16.43023,7.0,1.4,239,7.1,154,4.6,0,5.480638923341991,0,1.5691,1,0.0,False,True,False,False,False,False,False,False,True,False,False,False,True,False
Z0407,2017,721.2,49,21.9,26.7,0.0,0,0,Fatick,Fatick,14.31784,-16.43023,7.0,1.4,239,7.1,154,4.6,0,5.480638923341991,0,1.5548999999999997,1,0.0,False,True,False,False,False,False,False,False,True,False,False,False,True,False
Z0407,2018,558.9,35,10.0,14.1,0.0,0,0,Fatick,Fatick,14.31784,-16.43023,7.0,1.4,239,7.1,154,4.6,0,5.480638923341991,0,0.71,1,0.0,False,True,False,False,False,False,False,False,True,False,False,False,True,False
Z0407,2019,680.9,46,18.1,33.3,0.0,0,0,Fatick,Fatick,14.31784,-16.43023,7.0,1.4,239,7.1,154,4.6,0,5.480638923341991,0,1.2851,1,0.0,False,True,False,False,False,False,False,False,True,False,False,False,True,False
Z0407,2020,1184.7,79,21.9,40.1,0.0,0,0,Fatick,Fatick,14.31784,-16.43023,7.0,1.4,239,7.1,154,4.6,0,5.480638923341991,0,1.5548999999999997,1,0.0,False,True,False,False,False,False,False,False,True,False,False,False,True,False
Z0407,2021,548.3,36,18.7,30.3,0.0,0,0,Fatick,Fatick,14.31784,-16.43023,7.0,1.4,239,7.1,154,4.6,0,5.480638923341991,0,1.3276999999999999,1,0.0,False,True,False,False,False,False,False,False,True,False,False,False,True,False
Z0407,2022,985.6,61,47.3,63.6,0.0,0,0,Fatick,Fatick,14.31784,-16.43023,7.0,1.4,239,7.1,154,4.6,0,5.480638923341991,0,3.3583,1,0.0,False,True,False,False,False,False,False,False,True,False,False,False,True,False
Z0407,2023,572.4,43,20.0,36.3,0.0,0,0,Fatick,Fatick,14.31784,-16.43023,7.0,1.4,239,7.1,154,4.6,0,5.480638923341991,0,1.42,1,0.0,False,True,False,False,False,False,False,False,True,False,False,False,True,False
Z0407,2024,904.0,67,68.0,84.4,0.0,0,0,Fatick,Fatick,14.31784,-16.43023,7.0,1.4,239,7.1,154,4.6,0,5.480638923341991,0,4.827999999999999,1,0.0,False,True,False,False,False,False,False,False,True,False,False,False,True,False
Z0408,2015,529.2,32,21.1,36.4,0.0,0,0,Fatick,Fatick,14.35984,-16.40424,3.1,1.18,1006,7.7,175,2.2,1,6.914730892718563,1,1.6247000000000003,1,0.1,False,True,False,False,False,True,False,False,False,False,False,False,False,True
Z0408,2016,667.1,48,64.6,90.8,0.0,0,0,Fatick,Fatick,14.35984,-16.40424,3.1,1.18,1006,7.7,175,2.2,1,6.914730892718563,1,4.9742,1,0.1,False,True,False,False,False,True,False,False,False,False,False,False,False,True
Z0408,2017,610.6,41,25.8,31.9,0.0,0,0,Fatick,Fatick,14.35984,-16.40424,3.1,1.18,1006,7.7,175,2.2,1,6.914730892718563,1,1.9866,1,0.1,False,True,False,False,False,True,False,False,False,False,False,False,False,True
Z0408,2018,487.0,32,10.0,19.2,0.0,0,0,Fatick,Fatick,14.35984,-16.40424,3.1,1.18,1006,7.7,175,2.2,1,6.914730892718563,1,0.77,1,0.1,False,True,False,False,False,True,False,False,False,False,False,False,False,True
Z0408,2019,569.0,39,16.0,22.3,0.0,0,0,Fatick,Fatick,14.35984,-16.40424,3.1,1.18,1006,7.7,175,2.2,1,6.914730892718563,1,1.232,1,0.1,False,True,False,False,False,True,False,False,False,False,False,False,False,True
Z0408,2020,898.2,62,20.6,32.8,0.0,1,0,Fatick,Fatick,14.35984,-16.40424,3.1,1.18,1006,7.7,175,2.2,1,6.914730892718563,1,1.5862,1,0.1,False,True,False,False,False,True,False,False,False,False,False,False,False,True
Z0408,2021,587.2,45,27.3,51.4,0.0,0,0,Fatick,Fatick,14.35984,-16.40424,3.1,1.18,1006,7.7,175,2.2,1,6.914730892718563,1,2.1021,1,0.1,False,True,False,False,False,True,False,False,False,False,False,False,False,True
Z0408,2022,960.4,66,55.7,95.1,0.0,0,0,Fatick,Fatick,14.35984,-16.40424,3.1,1.18,1006,7.7,175,2.2,1,6.914730892718563,1,4.288900000000001,1,0.1,False,True,False,False,False,True,False,False,False,False,False,False,False,True
Z0408,2023,719.8,47,51.6,68.3,0.0,0,0,Fatick,Fatick,14.35984,-16.40424,3.1,1.18,1006,7.7,175,2.2,1,6.914730892718563,1,3.9732,1,0.1,False,True,False,False,False,True,False,False,False,False,False,False,False,True
Z0408,2024,705.8,42,63.7,95.2,0.0,0,0,Fatick,Fatick,14.35984,-16.40424,3.1,1.18,1006,7.7,175,2.2,1,6.914730892718563,1,4.9049000000000005,1,0.1,False,True,False,False,False,True,False,False,False,False,False,False,False,True
Z0409,2015,555.2,36,11.3,14.9,0.0,0,0,Fatick,Fatick,14.33231,-16.41748,5.0,0.38,173,75.6,20510,2.1,4,5.159055299214529,0,8.5428,0,0.4,False,False,False,True,False,False,True,False,False,False,True,False,False,False
Z0409,2016,769.4,53,21.5,41.2,0.0,0,0,Fatick,Fatick,14.33231,-16.41748,5.0,0.38,173,75.6,20510,2.1,4,5.159055299214529,0,16.253999999999998,0,0.4,False,False,False,True,False,False,True,False,False,False,True,False,False,False
Z0409,2017,698.6,48,30.4,54.1,0.0,1,0,Fatick,Fatick,14.33231,-16.41748,5.0,0.38,173,75.6,20510,2.1,4,5.159055299214529,0,22.9824,0,0.4,False,False,False,True,False,False,True,False,False,False,True,False,False,False
Z0409,2018,861.3,64,57.7,120.9,0.0,0,0,Fatick,Fatick,14.33231,-16.41748,5.0,0.38,173,75.6,20510,2.1,4,5.159055299214529,0,43.6212,0,0.4,False,False,False,True,False,False,True,False,False,False,True,False,False,False
Z0409,2019,822.6,59,35.7,53.7,0.0,0,0,Fatick,Fatick,14.33231,-16.41748,5.0,0.38,173,75.6,20510,2.1,4,5.159055299214529,0,26.9892,0,0.4,False,False,False,True,False,False,True,False,False,False,True,False,False,False
Z0409,2020,898.0,55,31.0,57.3,0.0,1,0,Fatick,Fatick,14.33231,-16.41748,5.0,0.38,173,75.6,20510,2.1,4,5.159055299214529,0,23.436,0,0.4,False,False,False,True,False,False,True,False,False,False,True,False,False,False
Z0409,2021,454.7,29,25.9,39.5,0.0,0,0,Fatick,Fatick,14.33231,-16.41748,5.0,0.38,173,75.6,20510,2.1,4,5.159055299214529,0,19.580399999999997,0,0.4,False,False,False,True,False,False,True,False,False,False,True,False,False,False
Z0409,2022,429.6,29,10.0,17.0,0.0,0,0,Fatick,Fatick,14.33231,-16.41748,5.0,0.38,173,75.6,20510,2.1,4,5.159055299214529,0,7.56,0,0.4,False,False,False,True,False,False,True,False,False,False,True,False,False,False
Z0409,2023,534.5,36,22.8,50.0,0.0,0,0,Fatick,Fatick,14.33231,-16.41748,5.0,0.38,173,75.6,20510,2.1,4,5.159055299214529,0,17.2368,0,0.4,False,False,False,True,False,False,True,False,False,False,True,False,False,False
Z0409,2024,850.1,65,88.9,133.1,0.0,1,0,Fatick,Fatick,14.33231,-16.41748,5.0,0.38,173,75.6,20510,2.1,4,5.159055299214529,0,67.2084,0,0.4,False,False,False,True,False,False,True,False,False,False,True,False,False,False
Z0410,2015,433.3,34,10.4,18.8,0.0,0,0,Fatick,Fatick,14.32046,-16.41796,0.5,0.74,1082,78.4,5143,2.5,0,6.9874902470009905,1,8.1536,2,0.0,False,False,False,True,False,False,False,True,False,False,False,True,False,False
Z0410,2016,613.7,39,32.4,54.0,0.0,1,0,Fatick,Fatick,14.32046,-16.41796,0.5,0.74,1082,78.4,5143,2.5,0,6.9874902470009905,1,25.4016,2,0.0,False,False,False,True,False,False,False,True,False,False,False,True,False,False
Z0410,2017,517.9,25,20.1,42.8,0.0,0,0,Fatick,Fatick,14.32046,-16.41796,0.5,0.74,1082,78.4,5143,2.5,0,6.9874902470009905,1,15.758400000000002,2,0.0,False,False,False,True,False,False,False,True,False,False,False,True,False,False
Z0410,2018,786.9,53,29.6,50.2,0.0,0,0,Fatick,Fatick,14.32046,-16.41796,0.5,0.74,1082,78.4,5143,2.5,0,6.9874902470009905,1,23.206400000000002,2,0.0,False,False,False,True,False,False,False,True,False,False,False,True,False,False
Z0410,2019,683.5,50,12.7,18.6,0.0,0,0,Fatick,Fatick,14.32046,-16.41796,0.5,0.74,1082,78.4,5143,2.5,0,6.9874902470009905,1,9.956800000000001,2,0.0,False,False,False,True,False,False,False,True,False,False,False,True,False,False
Z0410,2020,803.1,61,64.5,117.3,0.0,0,0,Fatick,Fatick,14.32046,-16.41796,0.5,0.74,1082,78.4,5143,2.5,0,6.9874902470009905,1,50.568000000000005,2,0.0,False,False,False,True,False,False,False,True,False,False,False,True,False,False
Z0410,2021,507.2,33,17.7,21.2,0.0,0,0,Fatick,Fatick,14.32046,-16.41796,0.5,0.74,1082,78.4,5143,2.5,0,6.9874902470009905,1,13.876800000000001,2,0.0,False,False,False,True,False,False,False,True,False,False,False,True,False,False
Z0410,2022,879.4,60,64.2,118.0,0.0,1,0,Fatick,Fatick,14.32046,-16.41796,0.5,0.74,1082,78.4,5143,2.5,0,6.9874902470009905,1,50.332800000000006,2,0.0,False,False,False,True,False,False,False,True,False,False,False,True,False,False
Z0410,2023,471.9,34,22.2,35.7,0.0,0,0,Fatick,Fatick,14.32046,-16.41796,0.5,0.74,1082,78.4,5143,2.5,0,6.9874902470009905,1,17.4048,2,0.0,False,False,False,True,False,False,False,True,False,False,False,True,False,False
Z0410,2024,940.3,63,16.3,33.3,0.0,0,0,Fatick,Fatick,14.32046,-16.41796,0.5,0.74,1082,78.4,5143,2.5,0,6.9874902470009905,1,12.779200000000001,2,0.0,False,False,False,True,False,False,False,True,False,False,False,True,False,False
Z0411,2015,900.0,69,38.4,80.9,0.0,0,0,Fatick,Fatick,14.3434,-16.41374,5.4,0.6,336,0.0,370,2.1,0,5.820082930352362,0,0.0,0,0.0,False,False,False,False,True,True,False,False,False,False,True,False,False,False
Z0411,2016,732.7,55,43.5,91.8,0.0,0,0,Fatick,Fatick,14.3434,-16.41374,5.4,0.6,336,0.0,370,2.1,0,5.820082930352362,0,0.0,0,0.0,False,False,False,False,True,True,False,False,False,False,True,False,False,False
Z0411,2017,609.4,40,18.0,72.6,0.0,1,0,Fatick,Fatick,14.3434,-16.41374,5.4,0.6,336,0.0,370,2.1,0,5.820082930352362,0,0.0,0,0.0,False,False,False,False,True,True,False,False,False,False,True,False,False,False
Z0411,2018,652.7,51,18.0,36.2,0.0,0,0,Fatick,Fatick,14.3434,-16.41374,5.4,0.6,336,0.0,370,2.1,0,5.820082930352362,0,0.0,0,0.0,False,False,False,False,True,True,False,False,False,False,True,False,False,False
Z0411,2019,501.7,27,10.0,12.1,0.0,0,0,Fatick,Fatick,14.3434,-16.41374,5.4,0.6,336,0.0,370,2.1,0,5.820082930352362,0,0.0,0,0.0,False,False,False,False,True,True,False,False,False,False,True,False,False,False
Z0411,2020,734.9,48,10.0,19.3,0.0,0,0,Fatick,Fatick,14.3434,-16.41374,5.4,0.6,336,0.0,370,2.1,0,5.820082930352362,0,0.0,0,0.0,False,False,False,False,True,True,False,False,False,False,True,False,False,False
Z0411,2021,561.1,43,11.1,22.1,0.0,0,0,Fatick,Fatick,14.3434,-16.41374,5.4,0.6,336,0.0,370,2.1,0,5.820082930352362,0,0.0,0,0.0,False,False,False,False,True,True,False,False,False,False,True,False,False,False
Z0411,2022,943.8,72,22.8,44.3,0.0,0,0,Fatick,Fatick,14.3434,-16.41374,5.4,0.6,336,0.0,370,2.1,0,5.820082930352362,0,0.0,0,0.0,False,False,False,False,True,True,False,False,False,False,True,False,False,False
Z0411,2023,487.1,26,10.0,12.0,0.0,0,0,Fatick,Fatick,14.3434,-16.41374,5.4,0.6,336,0.0,370,2.1,0,5.820082930352362,0,0.0,0,0.0,False,False,False,False,True,True,False,False,False,False,True,False,False,False
Z0411,2024,811.8,56,56.2,73.2,0.0,0,0,Fatick,Fatick,14.3434,-16.41374,5.4,0.6,336,0.0,370,2.1,0,5.820082930352362,0,0.0,0,0.0,False,False,False,False,True,True,False,False,False,False,True,False,False,False
Z0412,2015,705.2,51,50.1,94.2,0.0,0,0,Fatick,Fatick,14.36007,-16.40632,7.3,0.21,493,51.1,4755,4.3,0,6.202535517187923,0,25.601100000000002,1,0.0,False,False,False,True,False,False,False,True,False,False,False,False,False,True
Z0412,2016,608.9,42,12.8,20.9,0.0,0,0,Fatick,Fatick,14.36007,-16.40632,7.3,0.21,493,51.1,4755,4.3,0,6.202535517187923,0,6.540800000000001,1,0.0,False,False,False,True,False,False,False,True,False,False,False,False,False,True
Z0412,2017,518.7,36,14.9,93.2,0.0,0,0,Fatick,Fatick,14.36007,-16.40632,7.3,0.21,493,51.1,4755,4.3,0,6.202535517187923,0,7.6139,1,0.0,False,False,False,True,False,False,False,True,False,False,False,False,False,True
Z0412,2018,621.4,47,10.0,14.5,0.0,0,0,Fatick,Fatick,14.36007,-16.40632,7.3,0.21,493,51.1,4755,4.3,0,6.202535517187923,0,5.11,1,0.0,False,False,False,True,False,False,False,True,False,False,False,False,False,True
Z0412,2019,259.4,25,14.9,21.2,0.0,0,0,Fatick,Fatick,14.36007,-16.40632,7.3,0.21,493,51.1,4755,4.3,0,6.202535517187923,0,7.6139,1,0.0,False,False,False,True,False,False,False,True,False,False,False,False,False,True
Z0412,2020,565.5,42,12.8,25.0,0.0,0,0,Fatick,Fatick,14.36007,-16.40632,7.3,0.21,493,51.1,4755,4.3,0,6.202535517187923,0,6.540800000000001,1,0.0,False,False,False,True,False,False,False,True,False,False,False,False,False,True
Z0412,2021,530.7,35,54.3,105.8,0.0,0,0,Fatick,Fatick,14.36007,-16.40632,7.3,0.21,493,51.1,4755,4.3,0,6.202535517187923,0,27.7473,1,0.0,False,False,False,True,False,False,False,True,False,False,False,False,False,True
Z0412,2022,1013.1,79,79.0,154.9,0.0,0,0,Fatick,Fatick,14.36007,-16.40632,7.3,0.21,493,51.1,4755,4.3,0,6.202535517187923,0,40.369,1,0.0,False,False,False,True,False,False,False,True,False,False,False,False,False,True
Z0412,2023,562.8,45,27.8,43.9,0.0,1,0,Fatick,Fatick,14.36007,-16.40632,7.3,0.21,493,51.1,4755,4.3,0,6.202535517187923,0,14.205800000000002,1,0.0,False,False,False,True,False,False,False,True,False,False,False,False,False,True
Z0412,2024,570.7,39,11.7,23.5,0.0,0,0,Fatick,Fatick,14.36007,-16.40632,7.3,0.21,493,51.1,4755,4.3,0,6.202535517187923,0,5.9787,1,0.0,False,False,False,True,False,False,False,True,False,False,False,False,False,True
Z0413,2015,281.8,23,10.0,18.6,0.0,0,0,Louga,Louga,15.60916,-16.21419,35.2,0.45,6440,39.3,4645,7.9,0,8.77043908654689,0,3.93,2,0.0,False,False,True,False,False,False,False,True,False,False,False,True,False,False
Z0413,2016,230.6,21,10.0,19.4,0.0,0,0,Louga,Louga,15.60916,-16.21419,35.2,0.45,6440,39.3,4645,7.9,0,8.77043908654689,0,3.93,2,0.0,False,False,True,False,False,False,False,True,False,False,False,True,False,False
Z0413,2017,337.9,17,10.0,18.6,0.0,0,0,Louga,Louga,15.60916,-16.21419,35.2,0.45,6440,39.3,4645,7.9,0,8.77043908654689,0,3.93,2,0.0,False,False,True,False,False,False,False,True,False,False,False,True,False,False
Z0413,2018,321.9,18,36.5,49.0,0.0,0,0,Louga,Louga,15.60916,-16.21419,35.2,0.45,6440,39.3,4645,7.9,0,8.77043908654689,0,14.344499999999998,2,0.0,False,False,True,False,False,False,False,True,False,False,False,True,False,False
Z0413,2019,179.8,6,10.0,15.5,0.0,0,0,Louga,Louga,15.60916,-16.21419,35.2,0.45,6440,39.3,4645,7.9,0,8.77043908654689,0,3.93,2,0.0,False,False,True,False,False,False,False,True,False,False,False,True,False,False
Z0413,2020,325.5,31,10.0,15.4,0.0,0,0,Louga,Louga,15.60916,-16.21419,35.2,0.45,6440,39.3,4645,7.9,0,8.77043908654689,0,3.93,2,0.0,False,False,True,False,False,False,False,True,False,False,False,True,False,False
Z0413,2021,423.3,31,33.2,61.7,0.0,0,0,Louga,Louga,15.60916,-16.21419,35.2,0.45,6440,39.3,4645,7.9,0,8.77043908654689,0,13.0476,2,0.0,False,False,True,False,False,False,False,True,False,False,False,True,False,False
Z0413,2022,371.0,17,17.9,31.5,0.0,0,0,Louga,Louga,15.60916,-16.21419,35.2,0.45,6440,39.3,4645,7.9,0,8.77043908654689,0,7.034699999999999,2,0.0,False,False,True,False,False,False,False,True,False,False,False,True,False,False
Z0413,2023,256.7,17,10.0,16.7,0.0,0,0,Louga,Louga,15.60916,-16.21419,35.2,0.45,6440,39.3,4645,7.9,0,8.77043908654689,0,3.93,2,0.0,False,False,True,False,False,False,False,True,False,False,False,True,False,False
Z0413,2024,424.1,28,22.3,45.2,0.0,0,0,Louga,Louga,15.60916,-16.21419,35.2,0.45,6440,39.3,4645,7.9,0,8.77043908654689,0,8.7639,2,0.0,False,False,True,False,False,False,False,True,False,False,False,True,False,False
Z0414,2015,248.5,16,10.0,22.0,0.0,0,0,Louga,Louga,15.61002,-16.21744,0.5,1.22,2981,59.6,10683,1.6,1,8.000349495324684,1,5.96,2,0.1,False,False,False,True,False,False,False,True,False,False,False,True,False,False
Z0414,2016,365.4,26,18.9,28.9,0.0,1,0,Louga,Louga,15.61002,-16.21744,0.5,1.22,2981,59.6,10683,1.6,1,8.000349495324684,1,11.2644,2,0.1,False,False,False,True,False,False,False,True,False,False,False,True,False,False
Z0414,2017,473.1,36,18.9,78.8,0.0,0,0,Louga,Louga,15.61002,-16.21744,0.5,1.22,2981,59.6,10683,1.6,1,8.000349495324684,1,11.2644,2,0.1,False,False,False,True,False,False,False,True,False,False,False,True,False,False
Z0414,2018,406.3,32,16.7,28.3,0.0,0,0,Louga,Louga,15.61002,-16.21744,0.5,1.22,2981,59.6,10683,1.6,1,8.000349495324684,1,9.953199999999999,2,0.1,False,False,False,True,False,False,False,True,False,False,False,True,False,False
Z0414,2019,286.3,21,10.0,21.1,0.0,0,0,Louga,Louga,15.61002,-16.21744,0.5,1.22,2981,59.6,10683,1.6,1,8.000349495324684,1,5.96,2,0.1,False,False,False,True,False,False,False,True,False,False,False,True,False,False
Z0414,2020,470.3,32,35.8,61.1,0.0,1,0,Louga,Louga,15.61002,-16.21744,0.5,1.22,2981,59.6,10683,1.6,1,8.000349495324684,1,21.336799999999997,2,0.1,False,False,False,True,False,False,False,True,False,False,False,True,False,False
Z0414,2021,431.2,30,23.4,36.2,0.0,0,0,Louga,Louga,15.61002,-16.21744,0.5,1.22,2981,59.6,10683,1.6,1,8.000349495324684,1,13.946399999999999,2,0.1,False,False,False,True,False,False,False,True,False,False,False,True,False,False
Z0414,2022,276.0,16,18.9,47.8,0.0,1,0,Louga,Louga,15.61002,-16.21744,0.5,1.22,2981,59.6,10683,1.6,1,8.000349495324684,1,11.2644,2,0.1,False,False,False,True,False,False,False,True,False,False,False,True,False,False
Z0414,2023,412.4,30,26.7,55.2,0.0,0,0,Louga,Louga,15.61002,-16.21744,0.5,1.22,2981,59.6,10683,1.6,1,8.000349495324684,1,15.9132,2,0.1,False,False,False,True,False,False,False,True,False,False,False,True,False,False
Z0414,2024,528.0,38,18.9,35.9,0.0,0,0,Louga,Louga,15.61002,-16.21744,0.5,1.22,2981,59.6,10683,1.6,1,8.000349495324684,1,11.2644,2,0.1,False,False,False,True,False,False,False,True,False,False,False,True,False,False
Z0415,2015,229.4,14,18.8,25.4,0.0,0,0,Louga,Louga,15.61256,-16.21366,55.6,0.72,36789,15.6,249,7.35,0,10.51298134809882,0,2.9328000000000003,1,0.0,False,False,True,False,False,False,False,False,False,True,False,False,False,True
Z0415,2016,265.6,18,26.6,52.1,0.0,0,0,Louga,Louga,15.61256,-16.21366,55.6,0.72,36789,15.6,249,7.35,0,10.51298134809882,0,4.1496,1,0.0,False,False,True,False,False,False,False,False,False,True,False,False,False,True
Z0415,2017,210.8,11,10.0,16.4,0.0,0,0,Louga,Louga,15.61256,-16.21366,55.6,0.72,36789,15.6,249,7.35,0,10.51298134809882,0,1.56,1,0.0,False,False,True,False,False,False,False,False,False,True,False,False,False,True
Z0415,2018,437.1,32,22.5,45.6,0.0,0,0,Louga,Louga,15.61256,-16.21366,55.6,0.72,36789,15.6,249,7.35,0,10.51298134809882,0,3.51,1,0.0,False,False,True,False,False,False,False,False,False,True,False,False,False,True
Z0415,2019,338.6,25,12.0,15.4,0.0,0,0,Louga,Louga,15.61256,-16.21366,55.6,0.72,36789,15.6,249,7.35,0,10.51298134809882,0,1.8719999999999999,1,0.0,False,False,True,False,False,False,False,False,False,True,False,False,False,True
Z0415,2020,406.4,30,25.6,35.3,0.0,0,0,Louga,Louga,15.61256,-16.21366,55.6,0.72,36789,15.6,249,7.35,0,10.51298134809882,0,3.9936000000000003,1,0.0,False,False,True,False,False,False,False,False,False,True,False,False,False,True
Z0415,2021,371.9,27,13.2,22.0,0.0,0,0,Louga,Louga,15.61256,-16.21366,55.6,0.72,36789,15.6,249,7.35,0,10.51298134809882,0,2.0591999999999997,1,0.0,False,False,True,False,False,False,False,False,False,True,False,False,False,True
Z0415,2022,534.0,39,32.3,66.2,0.0,0,0,Louga,Louga,15.61256,-16.21366,55.6,0.72,36789,15.6,249,7.35,0,10.51298134809882,0,5.038799999999999,1,0.0,False,False,True,False,False,False,False,False,False,True,False,False,False,True
Z0415,2023,402.3,33,12.8,22.3,0.0,0,0,Louga,Louga,15.61256,-16.21366,55.6,0.72,36789,15.6,249,7.35,0,10.51298134809882,0,1.9968000000000001,1,0.0,False,False,True,False,False,False,False,False,False,True,False,False,False,True
Z0415,2024,727.1,53,50.1,101.4,0.0,0,0,Louga,Louga,15.61256,-16.21366,55.6,0.72,36789,15.6,249,7.35,0,10.51298134809882,0,7.815600000000001,1,0.0,False,False,True,False,False,False,False,False,False,True,False,False,False,True
Z0416,2015,366.3,28,17.1,34.4,0.0,0,0,Louga,Louga,15.62004,-16.2288,25.8,2.74,20591,72.6,5721,5.3,0,9.932657929835909,1,12.4146,0,0.0,False,False,False,False,True,False,False,True,False,False,True,False,False,False
Z0416,2016,432.8,34,17.1,33.2,0.0,0,0,Louga,Louga,15.62004,-16.2288,25.8,2.74,20591,72.6,5721,5.3,0,9.932657929835909,1,12.4146,0,0.0,False,False,False,False,True,False,False,True,False,False,True,False,False,False
Z0416,2017,397.6,28,29.6,56.7,0.0,0,0,Louga,Louga,15.62004,-16.2288,25.8,2.74,20591,72.6,5721,5.3,0,9.932657929835909,1,21.4896,0,0.0,False,False,False,False,True,False,False,True,False,False,True,False,False,False
Z0416,2018,366.3,27,10.0,13.7,0.0,0,0,Louga,Louga,15.62004,-16.2288,25.8,2.74,20591,72.6,5721,5.3,0,9.932657929835909,1,7.26,0,0.0,False,False,False,False,True,False,False,True,False,False,True,False,False,False
Z0416,2019,402.6,37,24.5,37.9,0.0,0,0,Louga,Louga,15.62004,-16.2288,25.8,2.74,20591,72.6,5721,5.3,0,9.932657929835909,1,17.787,0,0.0,False,False,False,False,True,False,False,True,False,False,True,False,False,False
Z0416,2020,323.3,15,10.9,22.6,0.0,0,0,Louga,Louga,15.62004,-16.2288,25.8,2.74,20591,72.6,5721,5.3,0,9.932657929835909,1,7.913399999999999,0,0.0,False,False,False,False,True,False,False,True,False,False,True,False,False,False
Z0416,2021,287.0,18,17.1,27.3,0.0,0,0,Louga,Louga,15.62004,-16.2288,25.8,2.74,20591,72.6,5721,5.3,0,9.932657929835909,1,12.4146,0,0.0,False,False,False,False,True,False,False,True,False,False,True,False,False,False
Z0416,2022,394.9,26,29.3,44.3,0.0,0,0,Louga,Louga,15.62004,-16.2288,25.8,2.74,20591,72.6,5721,5.3,0,9.932657929835909,1,21.2718,0,0.0,False,False,False,False,True,False,False,True,False,False,True,False,False,False
Z0416,2023,394.9,14,10.0,21.2,0.0,0,0,Louga,Louga,15.62004,-16.2288,25.8,2.74,20591,72.6,5721,5.3,0,9.932657929835909,1,7.26,0,0.0,False,False,False,False,True,False,False,True,False,False,True,False,False,False
Z0416,2024,523.4,43,21.4,43.7,0.0,0,0,Louga,Louga,15.62004,-16.2288,25.8,2.74,20591,72.6,5721,5.3,0,9.932657929835909,1,15.536399999999999,0,0.0,False,False,False,False,True,False,False,True,False,False,True,False,False,False
Z0417,2015,307.6,18,28.5,49.6,0.0,0,0,Louga,Louga,15.58093,-16.23327,33.7,3.37,2618,0.0,216,7.0,0,7.870547844507712,1,0.0,0,0.0,False,False,False,False,True,False,False,False,True,False,True,False,False,False
Z0417,2016,434.3,32,24.6,33.4,0.0,0,0,Louga,Louga,15.58093,-16.23327,33.7,3.37,2618,0.0,216,7.0,0,7.870547844507712,1,0.0,0,0.0,False,False,False,False,True,False,False,False,True,False,True,False,False,False
Z0417,2017,221.4,20,10.0,20.9,0.0,0,0,Louga,Louga,15.58093,-16.23327,33.7,3.37,2618,0.0,216,7.0,0,7.870547844507712,1,0.0,0,0.0,False,False,False,False,True,False,False,False,True,False,True,False,False,False
Z0417,2018,353.9,29,10.0,16.5,0.0,0,0,Louga,Louga,15.58093,-16.23327,33.7,3.37,2618,0.0,216,7.0,0,7.870547844507712,1,0.0,0,0.0,False,False,False,False,True,False,False,False,True,False,True,False,False,False
Z0417,2019,316.6,17,32.9,42.0,0.0,0,0,Louga,Louga,15.58093,-16.23327,33.7,3.37,2618,0.0,216,7.0,0,7.870547844507712,1,0.0,0,0.0,False,False,False,False,True,False,False,False,True,False,True,False,False,False
Z0417,2020,368.9,30,10.5,20.2,0.0,0,0,Louga,Louga,15.58093,-16.23327,33.7,3.37,2618,0.0,216,7.0,0,7.870547844507712,1,0.0,0,0.0,False,False,False,False,True,False,False,False,True,False,True,False,False,False
Z0417,2021,411.9,21,11.3,15.0,0.0,0,0,Louga,Louga,15.58093,-16.23327,33.7,3.37,2618,0.0,216,7.0,0,7.870547844507712,1,0.0,0,0.0,False,False,False,False,True,False,False,False,True,False,True,False,False,False
Z0417,2022,388.5,21,17.7,28.5,0.0,0,0,Louga,Louga,15.58093,-16.23327,33.7,3.37,2618,0.0,216,7.0,0,7.870547844507712,1,0.0,0,0.0,False,False,False,False,True,False,False,False,True,False,True,False,False,False
Z0417,2023,408.3,32,10.0,14.9,0.0,0,0,Louga,Louga,15.58093,-16.23327,33.7,3.37,2618,0.0,216,7.0,0,7.870547844507712,1,0.0,0,0.0,False,False,False,False,True,False,False,False,True,False,True,False,False,False
Z0417,2024,523.6,39,23.8,39.9,0.0,0,0,Louga,Louga,15.58093,-16.23327,33.7,3.37,2618,0.0,216,7.0,0,7.870547844507712,1,0.0,0,0.0,False,False,False,False,True,False,False,False,True,False,True,False,False,False
Z0418,2015,426.2,26,10.0,19.4,0.0,0,0,Louga,Louga,15.62549,-16.23128,37.2,2.65,6320,29.0,248,2.7,0,8.751632702472298,0,2.9,2,0.0,False,False,True,False,False,False,False,False,False,True,False,True,False,False
Z0418,2016,417.5,29,41.6,85.8,0.0,0,0,Louga,Louga,15.62549,-16.23128,37.2,2.65,6320,29.0,248,2.7,0,8.751632702472298,0,12.064,2,0.0,False,False,True,False,False,False,False,False,False,True,False,True,False,False
Z0418,2017,494.3,28,45.9,97.1,0.0,0,0,Louga,Louga,15.62549,-16.23128,37.2,2.65,6320,29.0,248,2.7,0,8.751632702472298,0,13.311,2,0.0,False,False,True,False,False,False,False,False,False,True,False,True,False,False
Z0418,2018,268.6,21,21.2,41.5,0.0,0,0,Louga,Louga,15.62549,-16.23128,37.2,2.65,6320,29.0,248,2.7,0,8.751632702472298,0,6.148,2,0.0,False,False,True,False,False,False,False,False,False,True,False,True,False,False
Z0418,2019,283.3,18,10.0,15.0,0.0,0,0,Louga,Louga,15.62549,-16.23128,37.2,2.65,6320,29.0,248,2.7,0,8.751632702472298,0,2.9,2,0.0,False,False,True,False,False,False,False,False,False,True,False,True,False,False
Z0418,2020,455.2,31,42.2,59.6,0.0,0,0,Louga,Louga,15.62549,-16.23128,37.2,2.65,6320,29.0,248,2.7,0,8.751632702472298,0,12.238000000000001,2,0.0,False,False,True,False,False,False,False,False,False,True,False,True,False,False
Z0418,2021,202.2,19,10.0,18.7,0.0,0,0,Louga,Louga,15.62549,-16.23128,37.2,2.65,6320,29.0,248,2.7,0,8.751632702472298,0,2.9,2,0.0,False,False,True,False,False,False,False,False,False,True,False,True,False,False
Z0418,2022,460.2,25,37.0,47.3,0.0,0,0,Louga,Louga,15.62549,-16.23128,37.2,2.65,6320,29.0,248,2.7,0,8.751632702472298,0,10.73,2,0.0,False,False,True,False,False,False,False,False,False,True,False,True,False,False
Z0418,2023,241.2,18,10.0,17.2,0.0,0,0,Louga,Louga,15.62549,-16.23128,37.2,2.65,6320,29.0,248,2.7,0,8.751632702472298,0,2.9,2,0.0,False,False,True,False,False,False,False,False,False,True,False,True,False,False
Z0418,2024,425.6,30,18.0,37.8,0.0,0,0,Louga,Louga,15.62549,-16.23128,37.2,2.65,6320,29.0,248,2.7,0,8.751632702472298,0,5.22,2,0.0,False,False,True,False,False,False,False,False,False,True,False,True,False,False
Z0419,2015,366.1,19,18.1,35.7,0.0,0,0,Louga,Louga,15.61227,-16.23354,28.9,1.25,6441,40.6,4283,8.3,0,8.770594329891145,1,7.348600000000001,1,0.0,False,True,False,False,False,False,False,True,False,False,False,False,True,False
Z0419,2016,345.9,30,10.0,21.4,0.0,0,0,Louga,Louga,15.61227,-16.23354,28.9,1.25,6441,40.6,4283,8.3,0,8.770594329891145,1,4.06,1,0.0,False,True,False,False,False,False,False,True,False,False,False,False,True,False
Z0419,2017,327.0,28,13.0,19.7,0.0,0,0,Louga,Louga,15.61227,-16.23354,28.9,1.25,6441,40.6,4283,8.3,0,8.770594329891145,1,5.2780000000000005,1,0.0,False,True,False,False,False,False,False,True,False,False,False,False,True,False
Z0419,2018,393.1,17,28.7,46.6,0.0,0,0,Louga,Louga,15.61227,-16.23354,28.9,1.25,6441,40.6,4283,8.3,0,8.770594329891145,1,11.6522,1,0.0,False,True,False,False,False,False,False,True,False,False,False,False,True,False
Z0419,2019,477.8,35,15.8,27.8,0.0,0,0,Louga,Louga,15.61227,-16.23354,28.9,1.25,6441,40.6,4283,8.3,0,8.770594329891145,1,6.4148000000000005,1,0.0,False,True,False,False,False,False,False,True,False,False,False,False,True,False
Z0419,2020,525.2,36,10.0,13.3,0.0,0,0,Louga,Louga,15.61227,-16.23354,28.9,1.25,6441,40.6,4283,8.3,0,8.770594329891145,1,4.06,1,0.0,False,True,False,False,False,False,False,True,False,False,False,False,True,False
Z0419,2021,221.2,13,10.6,22.7,0.0,0,0,Louga,Louga,15.61227,-16.23354,28.9,1.25,6441,40.6,4283,8.3,0,8.770594329891145,1,4.3036,1,0.0,False,True,False,False,False,False,False,True,False,False,False,False,True,False
Z0419,2022,278.1,20,10.0,15.9,0.0,0,0,Louga,Louga,15.61227,-16.23354,28.9,1.25,6441,40.6,4283,8.3,0,8.770594329891145,1,4.06,1,0.0,False,True,False,False,False,False,False,True,False,False,False,False,True,False
Z0419,2023,273.1,22,16.2,31.3,0.0,0,0,Louga,Louga,15.61227,-16.23354,28.9,1.25,6441,40.6,4283,8.3,0,8.770594329891145,1,6.5772,1,0.0,False,True,False,False,False,False,False,True,False,False,False,False,True,False
Z0419,2024,260.8,14,23.8,32.2,0.0,0,0,Louga,Louga,15.61227,-16.23354,28.9,1.25,6441,40.6,4283,8.3,0,8.770594329891145,1,9.6628,1,0.0,False,True,False,False,False,False,False,True,False,False,False,False,True,False
Z0420,2015,461.1,31,20.2,33.8,0.0,0,0,Louga,Louga,15.62314,-16.22225,13.3,11.5,4813,57.7,4917,4.2,0,8.479283618343016,1,11.6554,2,0.0,False,False,False,False,True,False,False,True,False,False,False,True,False,False
Z0420,2016,239.8,16,21.2,29.8,0.0,0,0,Louga,Louga,15.62314,-16.22225,13.3,11.5,4813,57.7,4917,4.2,0,8.479283618343016,1,12.2324,2,0.0,False,False,False,False,True,False,False,True,False,False,False,True,False,False
Z0420,2017,261.8,25,11.7,18.3,0.0,0,0,Louga,Louga,15.62314,-16.22225,13.3,11.5,4813,57.7,4917,4.2,0,8.479283618343016,1,6.750900000000001,2,0.0,False,False,False,False,True,False,False,True,False,False,False,True,False,False
Z0420,2018,453.3,32,11.6,21.7,0.0,0,0,Louga,Louga,15.62314,-16.22225,13.3,11.5,4813,57.7,4917,4.2,0,8.479283618343016,1,6.693200000000001,2,0.0,False,False,False,False,True,False,False,True,False,False,False,True,False,False
Z0420,2019,319.4,28,17.6,28.6,0.0,0,0,Louga,Louga,15.62314,-16.22225,13.3,11.5,4813,57.7,4917,4.2,0,8.479283618343016,1,10.1552,2,0.0,False,False,False,False,True,False,False,True,False,False,False,True,False,False
Z0420,2020,386.9,26,40.7,89.3,0.0,0,0,Louga,Louga,15.62314,-16.22225,13.3,11.5,4813,57.7,4917,4.2,0,8.479283618343016,1,23.483900000000002,2,0.0,False,False,False,False,True,False,False,True,False,False,False,True,False,False
Z0420,2021,475.3,31,39.3,64.8,0.0,0,0,Louga,Louga,15.62314,-16.22225,13.3,11.5,4813,57.7,4917,4.2,0,8.479283618343016,1,22.6761,2,0.0,False,False,False,False,True,False,False,True,False,False,False,True,False,False
Z0420,2022,396.7,27,10.0,21.9,0.0,0,0,Louga,Louga,15.62314,-16.22225,13.3,11.5,4813,57.7,4917,4.2,0,8.479283618343016,1,5.77,2,0.0,False,False,False,False,True,False,False,True,False,False,False,True,False,False
Z0420,2023,450.5,25,19.6,36.4,0.0,0,0,Louga,Louga,15.62314,-16.22225,13.3,11.5,4813,57.7,4917,4.2,0,8.479283618343016,1,11.3092,2,0.0,False,False,False,False,True,False,False,True,False,False,False,True,False,False
Z0420,2024,396.7,49,35.1,70.8,0.0,0,0,Louga,Louga,15.62314,-16.22225,13.3,11.5,4813,57.7,4917,4.2,0,8.479283618343016,1,20.2527,2,0.0,False,False,False,False,True,False,False,True,False,False,False,True,False,False
Z0421,2015,253.7,11,10.0,14.5,0.0,0,0,Louga,Louga,15.59887,-16.20329,34.4,4.18,3999,57.7,6376,8.1,0,8.294049640102028,0,5.77,1,0.0,False,False,False,True,False,False,False,True,False,False,False,False,False,True
Z0421,2016,495.7,36,32.4,56.8,0.0,0,0,Louga,Louga,15.59887,-16.20329,34.4,4.18,3999,57.7,6376,8.1,0,8.294049640102028,0,18.6948,1,0.0,False,False,False,True,False,False,False,True,False,False,False,False,False,True
Z0421,2017,339.3,21,15.5,33.3,0.0,0,0,Louga,Louga,15.59887,-16.20329,34.4,4.18,3999,57.7,6376,8.1,0,8.294049640102028,0,8.9435,1,0.0,False,False,False,True,False,False,False,True,False,False,False,False,False,True
Z0421,2018,306.3,22,29.5,48.3,0.0,0,0,Louga,Louga,15.59887,-16.20329,34.4,4.18,3999,57.7,6376,8.1,0,8.294049640102028,0,17.0215,1,0.0,False,False,False,True,False,False,False,True,False,False,False,False,False,True
Z0421,2019,258.2,15,26.5,31.8,0.0,0,0,Louga,Louga,15.59887,-16.20329,34.4,4.18,3999,57.7,6376,8.1,0,8.294049640102028,0,15.290500000000002,1,0.0,False,False,False,True,False,False,False,True,False,False,False,False,False,True
Z0421,2020,420.0,34,35.1,62.1,0.0,0,0,Louga,Louga,15.59887,-16.20329,34.4,4.18,3999,57.7,6376,8.1,0,8.294049640102028,0,20.2527,1,0.0,False,False,False,True,False,False,False,True,False,False,False,False,False,True
Z0421,2021,309.2,17,10.5,21.3,0.0,0,0,Louga,Louga,15.59887,-16.20329,34.4,4.18,3999,57.7,6376,8.1,0,8.294049640102028,0,6.0585,1,0.0,False,False,False,True,False,False,False,True,False,False,False,False,False,True
Z0421,2022,306.9,19,10.3,14.7,0.0,0,0,Louga,Louga,15.59887,-16.20329,34.4,4.18,3999,57.7,6376,8.1,0,8.294049640102028,0,5.9431,1,0.0,False,False,False,True,False,False,False,True,False,False,False,False,False,True
Z0421,2023,561.4,38,45.9,90.1,0.0,0,0,Louga,Louga,15.59887,-16.20329,34.4,4.18,3999,57.7,6376,8.1,0,8.294049640102028,0,26.484299999999998,1,0.0,False,False,False,True,False,False,False,True,False,False,False,False,False,True
Z0421,2024,463.1,38,11.2,18.6,0.0,0,0,Louga,Louga,15.59887,-16.20329,34.4,4.18,3999,57.7,6376,8.1,0,8.294049640102028,0,6.4624,1,0.0,False,False,False,True,False,False,False,True,False,False,False,False,False,True
Z0422,2015,305.0,29,13.1,25.5,0.0,0,0,Louga,Louga,15.62546,-16.24378,35.6,0.94,1522,0.6,96,7.7,0,7.328437352895162,0,0.07859999999999999,1,0.0,False,False,False,False,True,True,False,False,False,False,False,False,False,True
Z0422,2016,283.6,23,10.0,16.4,0.0,0,0,Louga,Louga,15.62546,-16.24378,35.6,0.94,1522,0.6,96,7.7,0,7.328437352895162,0,0.06,1,0.0,False,False,False,False,True,True,False,False,False,False,False,False,False,True
Z0422,2017,425.2,28,33.1,40.5,0.0,0,0,Louga,Louga,15.62546,-16.24378,35.6,0.94,1522,0.6,96,7.7,0,7.328437352895162,0,0.1986,1,0.0,False,False,False,False,True,True,False,False,False,False,False,False,False,True
Z0422,2018,295.9,25,18.3,39.8,0.0,0,0,Louga,Louga,15.62546,-16.24378,35.6,0.94,1522,0.6,96,7.7,0,7.328437352895162,0,0.10980000000000001,1,0.0,False,False,False,False,True,True,False,False,False,False,False,False,False,True
Z0422,2019,192.6,15,11.5,19.1,0.0,0,0,Louga,Louga,15.62546,-16.24378,35.6,0.94,1522,0.6,96,7.7,0,7.328437352895162,0,0.06899999999999999,1,0.0,False,False,False,False,True,True,False,False,False,False,False,False,False,True
Z0422,2020,415.8,29,11.5,59.9,0.0,0,0,Louga,Louga,15.62546,-16.24378,35.6,0.94,1522,0.6,96,7.7,0,7.328437352895162,0,0.06899999999999999,1,0.0,False,False,False,False,True,True,False,False,False,False,False,False,False,True
Z0422,2021,405.0,21,10.0,18.3,0.0,0,0,Louga,Louga,15.62546,-16.24378,35.6,0.94,1522,0.6,96,7.7,0,7.328437352895162,0,0.06,1,0.0,False,False,False,False,True,True,False,False,False,False,False,False,False,True
Z0422,2022,446.8,34,11.1,21.3,0.0,0,0,Louga,Louga,15.62546,-16.24378,35.6,0.94,1522,0.6,96,7.7,0,7.328437352895162,0,0.06659999999999999,1,0.0,False,False,False,False,True,True,False,False,False,False,False,False,False,True
Z0422,2023,419.6,30,26.9,42.9,0.0,0,0,Louga,Louga,15.62546,-16.24378,35.6,0.94,1522,0.6,96,7.7,0,7.328437352895162,0,0.16139999999999996,1,0.0,False,False,False,False,True,True,False,False,False,False,False,False,False,True
Z0422,2024,411.6,27,10.0,15.6,0.0,0,0,Louga,Louga,15.62546,-16.24378,35.6,0.94,1522,0.6,96,7.7,0,7.328437352895162,0,0.06,1,0.0,False,False,False,False,True,True,False,False,False,False,False,False,False,True
Z0423,2015,387.2,26,27.0,51.2,0.0,0,0,Louga,Louga,15.62736,-16.20077,30.2,3.68,7281,0.8,86,6.6,0,8.893160828735379,1,0.21600000000000003,2,0.0,False,False,False,True,False,True,False,False,False,False,False,True,False,False
Z0423,2016,319.4,24,16.2,25.0,0.0,0,0,Louga,Louga,15.62736,-16.20077,30.2,3.68,7281,0.8,86,6.6,0,8.893160828735379,1,0.12960000000000002,2,0.0,False,False,False,True,False,True,False,False,False,False,False,True,False,False
Z0423,2017,330.4,15,10.0,15.7,0.0,0,0,Louga,Louga,15.62736,-16.20077,30.2,3.68,7281,0.8,86,6.6,0,8.893160828735379,1,0.08,2,0.0,False,False,False,True,False,True,False,False,False,False,False,True,False,False
Z0423,2018,382.7,33,10.0,15.7,0.0,0,0,Louga,Louga,15.62736,-16.20077,30.2,3.68,7281,0.8,86,6.6,0,8.893160828735379,1,0.08,2,0.0,False,False,False,True,False,True,False,False,False,False,False,True,False,False
Z0423,2019,189.8,10,10.0,13.9,0.0,0,0,Louga,Louga,15.62736,-16.20077,30.2,3.68,7281,0.8,86,6.6,0,8.893160828735379,1,0.08,2,0.0,False,False,False,True,False,True,False,False,False,False,False,True,False,False
Z0423,2020,394.7,26,18.1,33.0,0.0,0,0,Louga,Louga,15.62736,-16.20077,30.2,3.68,7281,0.8,86,6.6,0,8.893160828735379,1,0.1448,2,0.0,False,False,False,True,False,True,False,False,False,False,False,True,False,False
Z0423,2021,266.0,17,12.2,17.7,0.0,0,0,Louga,Louga,15.62736,-16.20077,30.2,3.68,7281,0.8,86,6.6,0,8.893160828735379,1,0.09759999999999999,2,0.0,False,False,False,True,False,True,False,False,False,False,False,True,False,False
Z0423,2022,388.4,22,34.9,45.1,0.0,0,0,Louga,Louga,15.62736,-16.20077,30.2,3.68,7281,0.8,86,6.6,0,8.893160828735379,1,0.2792,2,0.0,False,False,False,True,False,True,False,False,False,False,False,True,False,False
Z0423,2023,414.7,34,21.0,40.5,0.0,0,0,Louga,Louga,15.62736,-16.20077,30.2,3.68,7281,0.8,86,6.6,0,8.893160828735379,1,0.168,2,0.0,False,False,False,True,False,True,False,False,False,False,False,True,False,False
Z0423,2024,444.7,26,25.6,55.0,0.0,0,0,Louga,Louga,15.62736,-16.20077,30.2,3.68,7281,0.8,86,6.6,0,8.893160828735379,1,0.20480000000000004,2,0.0,False,False,False,True,False,True,False,False,False,False,False,True,False,False
Z0424,2015,365.9,29,13.3,17.1,0.0,0,0,Louga,Louga,15.60086,-16.24068,57.2,1.77,2127,54.4,9608,9.8,0,7.662937850461535,0,7.2352,0,0.0,False,False,True,False,False,False,False,True,False,False,True,False,False,False
Z0424,2016,257.1,26,16.5,21.7,0.0,0,0,Louga,Louga,15.60086,-16.24068,57.2,1.77,2127,54.4,9608,9.8,0,7.662937850461535,0,8.976,0,0.0,False,False,True,False,False,False,False,True,False,False,True,False,False,False
Z0424,2017,330.6,28,11.4,13.8,0.0,0,0,Louga,Louga,15.60086,-16.24068,57.2,1.77,2127,54.4,9608,9.8,0,7.662937850461535,0,6.2016,0,0.0,False,False,True,False,False,False,False,True,False,False,True,False,False,False
Z0424,2018,291.9,21,10.9,20.2,0.0,0,0,Louga,Louga,15.60086,-16.24068,57.2,1.77,2127,54.4,9608,9.8,0,7.662937850461535,0,5.929600000000001,0,0.0,False,False,True,False,False,False,False,True,False,False,True,False,False,False
Z0424,2019,227.9,17,10.0,14.9,0.0,0,0,Louga,Louga,15.60086,-16.24068,57.2,1.77,2127,54.4,9608,9.8,0,7.662937850461535,0,5.44,0,0.0,False,False,True,False,False,False,False,True,False,False,True,False,False,False
Z0424,2020,428.5,24,43.8,70.4,0.0,0,0,Louga,Louga,15.60086,-16.24068,57.2,1.77,2127,54.4,9608,9.8,0,7.662937850461535,0,23.827199999999998,0,0.0,False,False,True,False,False,False,False,True,False,False,True,False,False,False
Z0424,2021,261.9,22,13.3,19.8,0.0,0,0,Louga,Louga,15.60086,-16.24068,57.2,1.77,2127,54.4,9608,9.8,0,7.662937850461535,0,7.2352,0,0.0,False,False,True,False,False,False,False,True,False,False,True,False,False,False
Z0424,2022,521.6,37,17.8,23.1,0.0,0,0,Louga,Louga,15.60086,-16.24068,57.2,1.77,2127,54.4,9608,9.8,0,7.662937850461535,0,9.683200000000001,0,0.0,False,False,True,False,False,False,False,True,False,False,True,False,False,False
Z0424,2023,513.8,37,10.0,18.1,0.0,0,0,Louga,Louga,15.60086,-16.24068,57.2,1.77,2127,54.4,9608,9.8,0,7.662937850461535,0,5.44,0,0.0,False,False,True,False,False,False,False,True,False,False,True,False,False,False
Z0424,2024,352.4,21,18.7,27.0,0.0,0,0,Louga,Louga,15.60086,-16.24068,57.2,1.77,2127,54.4,9608,9.8,0,7.662937850461535,0,10.1728,0,0.0,False,False,True,False,False,False,False,True,False,False,True,False,False,False
Z0425,2015,304.9,22,10.0,12.1,0.0,0,0,Louga,Louga,15.62765,-16.21402,34.05,1.44,1686,8.3,304,8.8,0,7.430707082545968,0,0.83,1,0.0,False,True,False,False,False,True,False,False,False,False,False,False,False,True
Z0425,2016,414.7,27,21.1,29.2,0.0,0,0,Louga,Louga,15.62765,-16.21402,34.05,1.44,1686,8.3,304,8.8,0,7.430707082545968,0,1.7513000000000003,1,0.0,False,True,False,False,False,True,False,False,False,False,False,False,False,True
Z0425,2017,245.7,15,10.7,20.3,0.0,0,0,Louga,Louga,15.62765,-16.21402,34.05,1.44,1686,8.3,304,8.8,0,7.430707082545968,0,0.8881,1,0.0,False,True,False,False,False,True,False,False,False,False,False,False,False,True
Z0425,2018,434.3,29,42.7,90.6,0.0,0,0,Louga,Louga,15.62765,-16.21402,34.05,1.44,1686,8.3,304,8.8,0,7.430707082545968,0,3.5441000000000007,1,0.0,False,True,False,False,False,True,False,False,False,False,False,False,False,True
Z0425,2019,274.7,20,34.9,71.4,0.0,0,0,Louga,Louga,15.62765,-16.21402,34.05,1.44,1686,8.3,304,8.8,0,7.430707082545968,0,2.8967,1,0.0,False,True,False,False,False,True,False,False,False,False,False,False,False,True
Z0425,2020,433.4,34,13.5,16.7,0.0,0,0,Louga,Louga,15.62765,-16.21402,34.05,1.44,1686,8.3,304,8.8,0,7.430707082545968,0,1.1205,1,0.0,False,True,False,False,False,True,False,False,False,False,False,False,False,True
Z0425,2021,368.3,19,10.0,18.4,0.0,0,0,Louga,Louga,15.62765,-16.21402,34.05,1.44,1686,8.3,304,8.8,0,7.430707082545968,0,0.83,1,0.0,False,True,False,False,False,True,False,False,False,False,False,False,False,True
Z0425,2022,482.8,33,22.6,34.5,0.0,0,0,Louga,Louga,15.62765,-16.21402,34.05,1.44,1686,8.3,304,8.8,0,7.430707082545968,0,1.8758000000000004,1,0.0,False,True,False,False,False,True,False,False,False,False,False,False,False,True
Z0425,2023,231.1,16,19.4,26.3,0.0,0,0,Louga,Louga,15.62765,-16.21402,34.05,1.44,1686,8.3,304,8.8,0,7.430707082545968,0,1.6102,1,0.0,False,True,False,False,False,True,False,False,False,False,False,False,False,True
Z0425,2024,381.7,24,18.1,30.8,0.0,0,0,Louga,Louga,15.62765,-16.21402,34.05,1.44,1686,8.3,304,8.8,0,7.430707082545968,0,1.5023000000000002,1,0.0,False,True,False,False,False,True,False,False,False,False,False,False,False,True
