zone_id,annee,cumul_pluie_hivernage_mm,nb_jours_pluie,pluie_max_24h_mm,pluie_max_72h_mm,hauteur_crue_fleuve_m,inondation,duree_submersion_jours,is_riverain
Z0001,2015,354.6,33,31.0,41.0,,1,1,0
Z0001,2016,455.9,35,27.4,49.6,,1,4,0
Z0001,2017,327.1,24,25.1,45.5,,1,6,0
Z0001,2018,275.3,30,11.9,25.2,,1,1,0
Z0001,2019,545.2,36,11.4,13.9,,1,5,0
Z0001,2020,536.7,37,10.0,14.7,,1,1,0
Z0001,2021,424.5,29,22.4,27.4,,1,6,0
Z0001,2022,502.9,41,18.8,29.4,,0,0,0
Z0001,2023,371.6,29,13.4,27.2,,1,9,0
Z0001,2024,413.5,25,13.4,22.4,,1,1,0
Z0002,2015,377.0,26,11.9,22.7,,0,0,0
Z0002,2016,379.2,24,10.0,17.0,,0,0,0
Z0002,2017,436.2,31,18.8,26.7,,0,0,0
Z0002,2018,289.3,17,13.6,22.3,,0,0,0
Z0002,2019,394.8,20,17.2,25.9,,0,0,0
Z0002,2020,687.7,50,59.7,122.4,,0,0,0
Z0002,2021,477.3,33,16.7,34.6,,1,1,0
Z0002,2022,440.6,35,17.7,28.2,,0,0,0
Z0002,2023,436.2,31,13.5,28.1,,1,1,0
Z0002,2024,633.4,50,45.1,66.8,,0,0,0
Z0003,2015,281.7,24,13.5,29.3,,0,0,0
Z0003,2016,612.7,46,21.9,34.0,,0,0,0
Z0003,2017,465.7,32,17.7,35.3,,0,0,0
Z0003,2018,382.5,24,17.2,36.0,,0,0,0
Z0003,2019,394.3,33,10.8,21.3,,0,0,0
Z0003,2020,555.8,34,43.0,93.6,,1,8,0
Z0003,2021,351.9,28,29.7,45.0,,0,0,0
Z0003,2022,507.6,39,22.1,46.9,,0,0,0
Z0003,2023,265.8,22,20.9,37.0,,0,0,0
Z0003,2024,400.1,27,10.0,14.2,,0,0,0
Z0004,2015,474.6,33,74.7,148.8,,1,5,0
Z0004,2016,353.2,30,10.0,20.1,,0,0,0
Z0004,2017,643.0,41,39.8,48.1,,0,0,0
Z0004,2018,366.4,20,16.4,25.9,,0,0,0
Z0004,2019,378.7,28,62.5,122.7,,0,0,0
Z0004,2020,547.4,29,15.2,26.9,,0,0,0
Z0004,2021,320.7,18,33.1,47.1,,1,28,0
Z0004,2022,280.9,28,16.2,26.9,,0,0,0
Z0004,2023,189.0,16,10.0,17.6,,0,0,0
Z0004,2024,388.4,26,24.0,34.1,,0,0,0
Z0005,2015,536.8,41,20.1,37.8,,0,0,0
Z0005,2016,351.9,23,34.0,51.2,,0,0,0
Z0005,2017,352.2,23,20.9,38.0,,0,0,0
Z0005,2018,444.6,28,26.2,46.6,,0,0,0
Z0005,2019,348.8,23,19.9,34.1,,0,0,0
Z0005,2020,402.2,25,22.8,37.9,,0,0,0
Z0005,2021,351.0,22,16.1,34.1,,0,0,0
Z0005,2022,552.0,30,32.8,53.0,,0,0,0
Z0005,2023,360.1,25,17.9,33.1,,0,0,0
Z0005,2024,401.0,26,26.6,36.9,,0,0,0
Z0006,2015,338.4,22,18.1,29.6,,0,0,0
Z0006,2016,410.8,30,10.0,17.4,,1,1,0
Z0006,2017,350.1,36,15.1,20.4,,0,0,0
Z0006,2018,283.6,18,44.4,55.3,,1,4,0
Z0006,2019,352.8,26,10.0,17.0,,0,0,0
Z0006,2020,478.0,28,62.2,91.6,,1,3,0
Z0006,2021,323.4,26,27.9,55.4,,1,13,0
Z0006,2022,407.4,30,10.7,14.2,,0,0,0
Z0006,2023,425.3,25,12.8,27.6,,1,8,0
Z0006,2024,552.9,43,19.1,26.3,,0,0,0
Z0007,2015,457.1,30,43.8,53.6,,0,0,0
Z0007,2016,370.9,22,16.3,27.1,,0,0,0
Z0007,2017,254.8,19,20.0,37.2,,0,0,0
Z0007,2018,427.9,33,21.5,46.3,,1,4,0
Z0007,2019,362.4,31,10.0,17.7,,0,0,0
Z0007,2020,397.0,22,10.0,20.2,,0,0,0
Z0007,2021,432.0,27,17.6,38.8,,0,0,0
Z0007,2022,653.7,41,23.0,41.4,,0,0,0
Z0007,2023,261.8,20,17.6,32.9,,0,0,0
Z0007,2024,373.7,21,17.5,35.7,,0,0,0
Z0008,2015,472.6,31,51.8,99.3,,0,0,0
Z0008,2016,523.1,39,15.9,32.5,,0,0,0
Z0008,2017,619.5,45,14.2,23.2,,0,0,0
Z0008,2018,366.4,28,17.4,31.1,,0,0,0
Z0008,2019,317.6,15,10.0,19.8,,0,0,0
Z0008,2020,448.8,32,15.3,25.0,,0,0,0
Z0008,2021,703.0,50,19.1,26.5,,0,0,0
Z0008,2022,632.2,49,13.7,17.6,,0,0,0
Z0008,2023,660.1,50,23.9,45.8,,0,0,0
Z0008,2024,702.8,46,47.7,83.1,,0,0,0
Z0009,2015,525.7,41,25.7,39.6,,0,0,0
Z0009,2016,341.1,20,12.2,22.6,,0,0,0
Z0009,2017,444.5,33,24.4,53.5,,0,0,0
Z0009,2018,431.9,33,18.2,32.3,,0,0,0
Z0009,2019,435.7,28,29.5,56.4,,0,0,0
Z0009,2020,399.3,30,14.6,30.8,,1,2,0
Z0009,2021,339.1,21,15.5,22.3,,0,0,0
Z0009,2022,469.7,33,19.6,33.2,,0,0,0
Z0009,2023,325.2,23,10.0,12.2,,0,0,0
Z0009,2024,346.5,21,23.3,37.8,,0,0,0
Z0010,2015,328.6,22,19.6,29.9,,0,0,0
Z0010,2016,381.3,28,35.7,62.7,,0,0,0
Z0010,2017,732.7,47,27.9,51.3,,1,28,0
Z0010,2018,434.0,35,12.6,24.5,,1,4,0
Z0010,2019,393.5,32,59.3,111.4,,0,0,0
Z0010,2020,383.2,18,10.0,14.3,,1,9,0
Z0010,2021,382.0,24,25.7,50.0,,0,0,0
Z0010,2022,393.6,20,10.0,21.8,,0,0,0
Z0010,2023,393.5,32,14.9,18.1,,1,16,0
Z0010,2024,497.1,28,25.5,44.3,,0,0,0
Z0011,2015,514.2,41,22.7,35.9,,0,0,0
Z0011,2016,496.0,38,10.0,14.6,,0,0,0
Z0011,2017,512.0,33,14.3,21.0,,0,0,0
Z0011,2018,360.5,27,14.3,22.8,,0,0,0
Z0011,2019,339.0,24,10.0,21.4,,0,0,0
Z0011,2020,451.9,32,16.4,32.0,,0,0,0
Z0011,2021,278.9,21,10.0,17.8,,0,0,0
Z0011,2022,463.2,30,18.7,38.3,,1,9,0
Z0011,2023,490.6,35,10.0,16.6,,0,0,0
Z0011,2024,606.2,41,64.9,124.9,,1,15,0
Z0012,2015,333.7,26,10.9,14.8,,0,0,0
Z0012,2016,290.7,12,10.4,14.8,,1,4,0
Z0012,2017,360.9,29,13.5,71.5,,1,6,0
Z0012,2018,443.6,25,52.8,96.6,,0,0,0
Z0012,2019,429.7,31,16.0,31.1,,0,0,0
Z0012,2020,380.8,30,13.5,29.4,,0,0,0
Z0012,2021,549.5,34,12.0,16.3,,0,0,0
Z0012,2022,325.7,27,15.0,26.0,,0,0,0
Z0012,2023,526.8,38,36.9,73.4,,0,0,0
Z0012,2024,549.8,37,10.4,19.2,,1,10,0
Z0013,2015,303.5,19,12.3,17.4,,0,0,0
Z0013,2016,429.1,39,14.7,24.4,,0,0,0
Z0013,2017,493.8,29,18.3,38.8,,0,0,0
Z0013,2018,304.8,27,10.0,13.1,,0,0,0
Z0013,2019,499.6,35,17.2,31.5,,1,12,0
Z0013,2020,517.6,32,11.6,23.2,,0,0,0
Z0013,2021,567.1,44,12.3,15.7,,1,29,0
Z0013,2022,499.0,39,48.9,75.9,,1,15,0
Z0013,2023,502.6,33,36.7,80.6,,1,2,0
Z0013,2024,667.5,51,28.7,37.9,,0,0,0
Z0014,2015,349.8,25,21.0,35.7,,1,11,0
Z0014,2016,297.7,19,10.0,18.4,,1,4,0
Z0014,2017,255.6,20,10.7,19.5,,1,3,0
Z0014,2018,517.3,38,21.2,44.4,,1,1,0
Z0014,2019,381.0,29,19.3,25.4,,1,1,0
Z0014,2020,458.5,35,23.0,28.3,,1,4,0
Z0014,2021,275.8,16,10.0,14.6,,1,5,0
Z0014,2022,274.9,20,14.3,25.7,,1,3,0
Z0014,2023,441.3,29,21.8,30.8,,1,9,0
Z0014,2024,409.5,30,39.9,76.8,,1,7,0
Z0015,2015,561.7,43,25.4,45.3,,0,0,0
Z0015,2016,413.0,31,34.1,72.5,,1,3,0
Z0015,2017,390.4,31,13.8,23.7,,0,0,0
Z0015,2018,290.1,19,22.7,31.2,,1,1,0
Z0015,2019,340.7,30,12.5,20.8,,1,10,0
Z0015,2020,431.0,39,55.9,69.8,,1,5,0
Z0015,2021,294.6,14,14.5,26.2,,0,0,0
Z0015,2022,373.2,25,64.2,130.8,,1,3,0
Z0015,2023,357.7,24,25.4,39.8,,0,0,0
Z0015,2024,502.5,33,58.8,89.9,,0,0,0
Z0016,2015,446.7,34,29.8,57.3,,1,6,0
Z0016,2016,516.6,33,18.6,35.8,,1,5,0
Z0016,2017,554.5,32,15.5,26.9,,1,2,0
Z0016,2018,383.0,33,22.8,32.3,,1,8,0
Z0016,2019,452.0,36,44.4,57.6,,0,0,0
Z0016,2020,557.7,48,19.3,38.5,,0,0,0
Z0016,2021,452.0,36,35.0,69.9,,1,7,0
Z0016,2022,340.5,21,19.3,28.9,,1,1,0
Z0016,2023,569.0,31,12.4,21.6,,1,1,0
Z0016,2024,446.3,30,10.0,21.4,,0,0,0
Z0017,2015,361.4,30,10.0,18.3,,0,0,0
Z0017,2016,322.6,24,25.0,38.4,,0,0,0
Z0017,2017,374.5,28,14.5,30.0,,1,7,0
Z0017,2018,342.9,26,21.9,29.3,,0,0,0
Z0017,2019,529.4,40,30.1,59.4,,0,0,0
Z0017,2020,509.1,29,34.1,60.6,,0,0,0
Z0017,2021,350.2,25,29.4,43.7,,0,0,0
Z0017,2022,752.9,51,26.8,35.9,,1,3,0
Z0017,2023,401.7,23,30.4,60.6,,0,0,0
Z0017,2024,642.8,42,56.9,114.8,,0,0,0
Z0018,2015,277.0,18,15.1,24.4,,0,0,0
Z0018,2016,383.9,28,15.2,26.4,,0,0,0
Z0018,2017,314.0,19,13.7,24.3,,0,0,0
Z0018,2018,564.2,40,49.5,92.7,,1,17,0
Z0018,2019,340.8,25,15.1,23.5,,0,0,0
Z0018,2020,463.3,39,27.6,50.0,,1,12,0
Z0018,2021,406.3,31,14.2,24.0,,0,0,0
Z0018,2022,391.1,31,31.4,68.1,,0,0,0
Z0018,2023,345.9,31,26.3,34.1,,0,0,0
Z0018,2024,418.5,21,27.1,38.4,,0,0,0
Z0019,2015,312.4,22,19.2,30.5,,1,4,0
Z0019,2016,377.6,30,11.1,17.0,,0,0,0
Z0019,2017,366.0,28,16.4,32.9,,1,22,0
Z0019,2018,385.0,29,21.0,26.2,,0,0,0
Z0019,2019,555.2,39,10.0,22.0,,1,8,0
Z0019,2020,426.9,32,67.0,88.4,,0,0,0
Z0019,2021,349.7,26,38.4,68.0,,0,0,0
Z0019,2022,775.2,52,20.1,42.1,,1,11,0
Z0019,2023,341.5,27,20.9,39.2,,1,5,0
Z0019,2024,418.6,29,13.4,20.9,,1,14,0
Z0020,2015,430.4,34,20.7,30.4,,0,0,0
Z0020,2016,503.2,36,39.8,74.4,,0,0,0
Z0020,2017,401.3,27,18.4,30.6,,0,0,0
Z0020,2018,449.6,30,39.4,67.0,,0,0,0
Z0020,2019,474.1,29,79.9,105.1,,1,11,0
Z0020,2020,555.0,40,26.0,41.3,,0,0,0
Z0020,2021,379.5,30,21.8,42.6,,0,0,0
Z0020,2022,327.0,26,40.5,88.5,,0,0,0
Z0020,2023,494.4,33,22.6,45.4,,0,0,0
Z0020,2024,626.5,47,24.3,33.6,,0,0,0
Z0021,2015,442.5,37,19.8,24.8,,1,15,0
Z0021,2016,274.7,17,29.3,43.9,,1,3,0
Z0021,2017,382.4,25,20.6,31.6,,0,0,0
Z0021,2018,449.4,23,16.5,23.5,,0,0,0
Z0021,2019,472.8,36,11.6,19.1,,0,0,0
Z0021,2020,448.6,33,19.8,41.7,,1,1,0
Z0021,2021,278.4,20,10.0,15.4,,0,0,0
Z0021,2022,579.4,50,122.0,182.5,,1,6,0
Z0021,2023,399.9,29,12.4,22.0,,0,0,0
Z0021,2024,651.5,49,83.3,135.4,,0,0,0
Z0022,2015,399.6,26,40.7,62.8,,1,4,0
Z0022,2016,323.4,16,11.5,19.3,,0,0,0
Z0022,2017,514.5,34,32.7,64.3,,0,0,0
Z0022,2018,510.5,37,16.0,29.1,,0,0,0
Z0022,2019,564.6,43,25.0,48.4,,0,0,0
Z0022,2020,503.9,38,21.0,39.4,,1,4,0
Z0022,2021,348.5,21,25.6,54.9,,0,0,0
Z0022,2022,493.0,38,10.0,20.3,,1,1,0
Z0022,2023,413.1,31,27.0,57.8,,0,0,0
Z0022,2024,539.6,37,17.7,22.8,,0,0,0
Z0023,2015,344.1,26,23.5,39.6,,1,6,0
Z0023,2016,486.0,40,42.2,85.1,,1,10,0
Z0023,2017,519.0,40,46.9,93.5,,1,6,0
Z0023,2018,503.0,45,24.5,30.2,,1,5,0
Z0023,2019,418.7,27,28.9,55.3,,1,6,0
Z0023,2020,551.2,36,11.5,24.0,,1,2,0
Z0023,2021,443.2,30,10.0,18.9,,1,3,0
Z0023,2022,551.6,36,44.7,64.4,,1,4,0
Z0023,2023,325.7,23,23.6,32.9,,1,7,0
Z0023,2024,486.0,33,24.5,49.3,,1,4,0
Z0024,2015,595.7,43,10.2,15.8,,1,4,0
Z0024,2016,323.3,25,10.0,13.3,,0,0,0
Z0024,2017,401.0,35,23.3,44.7,,1,7,0
Z0024,2018,325.9,26,16.5,35.2,,1,1,0
Z0024,2019,388.2,33,29.1,42.9,,0,0,0
Z0024,2020,441.8,35,20.5,37.8,,1,15,0
Z0024,2021,416.4,29,10.2,27.9,,0,0,0
Z0024,2022,318.9,22,10.0,13.1,,1,10,0
Z0024,2023,480.7,36,10.0,14.6,,1,1,0
Z0024,2024,401.9,27,10.0,18.9,,1,9,0
Z0025,2015,815.2,59,18.2,30.9,,0,0,0
Z0025,2016,297.6,18,16.2,35.4,,0,0,0
Z0025,2017,444.7,29,10.0,13.7,,0,0,0
Z0025,2018,349.7,14,13.4,26.0,,0,0,0
Z0025,2019,654.5,43,43.3,85.7,,1,12,0
Z0025,2020,600.2,44,15.5,19.4,,0,0,0
Z0025,2021,362.2,29,19.7,25.4,,0,0,0
Z0025,2022,766.4,51,97.4,211.4,,1,3,0
Z0025,2023,401.6,28,10.0,17.5,,1,2,0
Z0025,2024,549.2,36,14.1,25.0,,0,0,0
Z0026,2015,423.9,28,17.6,25.3,,0,0,0
Z0026,2016,342.7,25,16.6,21.8,,0,0,0
Z0026,2017,425.3,38,26.0,49.0,,0,0,0
Z0026,2018,351.9,30,21.4,32.8,,1,3,0
Z0026,2019,562.9,40,22.8,31.1,,0,0,0
Z0026,2020,362.4,32,11.1,23.8,,0,0,0
Z0026,2021,519.6,40,24.0,29.1,,0,0,0
Z0026,2022,459.4,39,25.0,32.8,,0,0,0
Z0026,2023,350.4,18,21.4,31.8,,0,0,0
Z0026,2024,450.7,37,21.4,15.3,,1,3,0
Z0027,2015,370.1,26,10.0,12.6,,0,0,0
Z0027,2016,344.4,23,47.4,78.0,,0,0,0
Z0027,2017,262.4,17,14.6,29.5,,0,0,0
Z0027,2018,280.2,18,17.5,35.6,,1,3,0
Z0027,2019,569.3,36,43.1,83.5,,0,0,0
Z0027,2020,346.2,30,13.9,19.8,,1,7,0
Z0027,2021,299.2,22,16.3,27.2,,0,0,0
Z0027,2022,337.0,23,10.0,12.9,,0,0,0
Z0027,2023,351.4,22,10.0,13.4,,0,0,0
Z0027,2024,570.3,41,25.1,46.8,,1,16,0
Z0028,2015,206.8,19,16.200000000000003,15.1,,1,18,0
Z0028,2016,273.7,21,12.2,20.2,,0,0,0
Z0028,2017,463.7,40,11.9,14.9,,1,8,0
Z0028,2018,292.4,20,16.200000000000003,27.2,,0,0,0
Z0028,2019,568.1,29,16.1,32.0,,0,0,0
Z0028,2020,464.1,31,18.0,27.9,,1,11,0
Z0028,2021,413.6,31,42.1,84.6,,1,13,0
Z0028,2022,484.2,32,28.9,56.2,,0,0,0
Z0028,2023,300.7,12,10.0,19.1,,0,0,0
Z0028,2024,468.5,28,16.3,35.4,,0,0,0
Z0029,2015,504.0,32,40.1,67.1,,0,0,0
Z0029,2016,299.7,28,29.3,57.8,,0,0,0
Z0029,2017,354.0,17,14.5,24.6,,0,0,0
Z0029,2018,423.9,27,17.4,23.2,,0,0,0
Z0029,2019,209.4,18,15.1,18.6,,0,0,0
Z0029,2020,471.2,37,10.0,14.9,,0,0,0
Z0029,2021,524.4,37,56.5,95.7,,0,0,0
Z0029,2022,455.7,24,14.0,18.9,,0,0,0
Z0029,2023,434.4,33,30.1,52.4,,0,0,0
Z0029,2024,535.3,32,48.1,61.0,,0,0,0
Z0030,2015,361.7,25,20.8,31.7,,0,0,0
Z0030,2016,417.8,31,13.5,25.7,,1,10,0
Z0030,2017,601.8,50,50.1,92.3,,0,0,0
Z0030,2018,554.1,37,12.3,23.7,,1,9,0
Z0030,2019,480.4,33,39.2,66.7,,0,0,0
Z0030,2020,442.9,26,48.9,96.5,,1,3,0
Z0030,2021,502.8,35,10.0,19.7,,0,0,0
Z0030,2022,507.7,37,37.5,74.1,,0,0,0
Z0030,2023,358.6,24,42.4,77.6,,1,7,0
Z0030,2024,447.4,40,24.0,50.3,,1,4,0
Z0031,2015,377.5,27,11.4,18.2,,0,0,0
Z0031,2016,407.3,27,36.6,52.4,,0,0,0
Z0031,2017,298.4,22,22.9,42.7,,0,0,0
Z0031,2018,431.3,32,11.9,19.1,,1,12,0
Z0031,2019,367.1,22,29.5,48.4,,1,4,0
Z0031,2020,561.7,31,20.7,45.5,,0,0,0
Z0031,2021,329.5,25,40.1,56.8,,1,5,0
Z0031,2022,340.4,25,15.1,26.1,,1,2,0
Z0031,2023,333.7,22,13.9,29.4,,0,0,0
Z0031,2024,484.3,33,31.7,56.1,,0,0,0
Z0032,2015,445.2,31,17.4,33.9,,0,0,0
Z0032,2016,375.8,29,23.4,30.7,,1,4,0
Z0032,2017,397.4,29,27.3,59.6,,0,0,0
Z0032,2018,436.6,35,23.4,31.1,,1,3,0
Z0032,2019,479.0,34,31.1,47.1,,1,17,0
Z0032,2020,617.9,46,12.4,23.8,,0,0,0
Z0032,2021,309.4,18,10.0,19.5,,1,8,0
Z0032,2022,483.1,34,37.7,63.3,,1,1,0
Z0032,2023,568.7,41,16.4,25.8,,1,1,0
Z0032,2024,535.4,39,33.3,68.5,,1,2,0
Z0033,2015,373.5,25,18.7,30.7,,0,0,0
Z0033,2016,410.1,28,10.0,12.3,,0,0,0
Z0033,2017,391.1,23,20.2,24.3,,1,2,0
Z0033,2018,341.0,24,10.0,14.7,,1,1,0
Z0033,2019,445.2,32,10.0,21.1,,1,6,0
Z0033,2020,371.4,27,10.0,21.2,,1,15,0
Z0033,2021,449.4,29,10.0,53.1,,1,6,0
Z0033,2022,689.9,43,27.1,50.9,,1,1,0
Z0033,2023,499.3,40,26.4,45.6,,1,8,0
Z0033,2024,652.9,47,10.0,14.3,,1,5,0
Z0034,2015,367.6,26,26.2,53.7,,1,22,0
Z0034,2016,352.8,33,10.0,17.9,,1,11,0
Z0034,2017,347.1,26,10.0,20.1,,1,7,0
Z0034,2018,420.1,38,20.7,27.2,,1,19,0
Z0034,2019,388.6,24,10.0,20.1,,1,9,0
Z0034,2020,474.5,38,24.9,34.4,,1,9,0
Z0034,2021,333.4,27,10.0,12.0,,1,9,0
Z0034,2022,456.9,36,10.0,16.8,,0,0,0
Z0034,2023,467.7,31,44.4,59.0,,1,15,0
Z0034,2024,430.4,30,10.0,19.1,,0,0,0
Z0035,2015,349.8,25,23.4,13.9,,0,0,0
Z0035,2016,486.5,33,25.7,40.9,,1,3,0
Z0035,2017,410.5,26,12.0,17.0,,1,2,0
Z0035,2018,656.9,52,65.2,114.7,,0,0,0
Z0035,2019,484.6,35,14.7,27.0,,0,0,0
Z0035,2020,534.2,40,21.2,33.9,,1,10,0
Z0035,2021,509.7,41,29.4,57.9,,1,3,0
Z0035,2022,312.6,22,10.0,14.0,,1,16,0
Z0035,2023,287.3,22,23.4,27.1,,1,4,0
Z0035,2024,484.6,44,25.6,55.8,,1,5,0
Z0036,2015,292.9,26,10.0,15.1,,1,7,0
Z0036,2016,389.9,34,20.8,44.8,,0,0,0
Z0036,2017,472.2,37,25.8,36.4,,1,11,0
Z0036,2018,392.5,28,21.05,19.0,,0,0,0
Z0036,2019,289.8,20,14.8,23.9,,0,0,0
Z0036,2020,432.3,29,21.3,45.3,,1,4,0
Z0036,2021,294.1,29,17.3,30.0,,0,0,0
Z0036,2022,392.5,40,26.5,34.6,,1,7,0
Z0036,2023,471.5,25,21.05,24.0,,1,10,0
Z0036,2024,625.1,49,39.0,85.5,,1,24,0
Z0037,2015,337.1,25,29.2,63.5,,0,0,0
Z0037,2016,329.7,23,10.0,17.8,,0,0,0
Z0037,2017,340.9,20,10.0,15.2,,1,4,0
Z0037,2018,500.7,31,13.6,29.5,,0,0,0
Z0037,2019,340.9,20,20.7,37.8,,0,0,0
Z0037,2020,407.6,21,11.8,20.0,,0,0,0
Z0037,2021,336.8,27,10.5,16.5,,0,0,0
Z0037,2022,434.5,30,32.0,59.1,,0,0,0
Z0037,2023,313.9,25,21.7,42.9,,0,0,0
Z0037,2024,558.7,34,18.2,35.4,,0,0,0
Z0038,2015,453.6,28,28.0,42.5,,0,0,0
Z0038,2016,584.7,36,26.5,34.3,,0,0,0
Z0038,2017,325.4,25,24.1,22.1,,0,0,0
Z0038,2018,406.5,35,17.4,37.6,,0,0,0
Z0038,2019,447.6,24,11.6,17.2,,0,0,0
Z0038,2020,484.4,33,24.1,40.8,,0,0,0
Z0038,2021,534.8,33,12.9,18.8,,1,5,0
Z0038,2022,657.8,44,63.0,95.7,,1,2,0
Z0038,2023,394.0,32,27.5,45.2,,1,5,0
Z0038,2024,379.9,27,17.0,28.2,,0,0,0
Z0039,2015,373.1,28,11.6,24.1,,1,6,0
Z0039,2016,420.3,29,19.4,32.0,,1,6,0
Z0039,2017,636.0,46,20.7,42.6,,1,15,0
Z0039,2018,414.0,27,22.8,47.8,,0,0,0
Z0039,2019,420.3,31,48.8,74.6,,1,12,0
Z0039,2020,547.8,37,47.8,71.5,,1,13,0
Z0039,2021,446.2,38,30.6,66.7,,1,9,0
Z0039,2022,632.0,46,17.6,35.6,,1,10,0
Z0039,2023,325.1,20,10.0,21.4,,0,0,0
Z0039,2024,322.6,22,14.1,21.3,,0,0,0
Z0040,2015,228.0,13,10.0,16.8,,1,2,0
Z0040,2016,396.0,29,17.3,37.1,,0,0,0
Z0040,2017,338.8,26,10.0,17.4,,0,0,0
Z0040,2018,391.4,24,14.8,66.2,,0,0,0
Z0040,2019,385.7,25,42.5,72.9,,0,0,0
Z0040,2020,586.1,38,41.1,87.5,,0,0,0
Z0040,2021,410.4,34,10.0,20.3,,1,3,0
Z0040,2022,571.3,39,14.8,30.5,,0,0,0
Z0040,2023,513.9,37,10.8,22.1,,0,0,0
Z0040,2024,451.8,36,36.3,56.7,,1,1,0
Z0041,2015,324.3,23,10.2,17.4,,1,2,0
Z0041,2016,634.3,42,31.4,44.4,,0,0,0
Z0041,2017,342.0,18,15.2,19.2,,0,0,0
Z0041,2018,309.7,20,23.7,34.7,,1,5,0
Z0041,2019,586.5,34,14.4,23.2,,0,0,0
Z0041,2020,400.5,31,22.0,30.1,,1,1,0
Z0041,2021,420.7,29,12.9,27.7,,1,1,0
Z0041,2022,297.5,23,15.2,25.5,,1,2,0
Z0041,2023,429.1,27,25.3,45.2,,1,4,0
Z0041,2024,513.2,33,10.0,20.7,,1,13,0
Z0042,2015,505.3,40,19.7,28.8,,0,0,0
Z0042,2016,335.4,29,10.0,17.5,,0,0,0
Z0042,2017,335.4,25,10.3,18.0,,0,0,0
Z0042,2018,247.5,17,10.0,15.1,,1,6,0
Z0042,2019,595.0,41,33.3,70.8,,0,0,0
Z0042,2020,329.1,25,10.0,17.2,,0,0,0
Z0042,2021,484.0,38,13.6,26.0,,0,0,0
Z0042,2022,488.7,34,15.0,27.0,,0,0,0
Z0042,2023,214.3,6,10.0,15.3,,1,3,0
Z0042,2024,557.4,40,10.0,18.9,,0,0,0
Z0043,2015,336.4,22,17.6,33.6,,0,0,0
Z0043,2016,386.5,31,10.0,17.9,,0,0,0
Z0043,2017,257.9,19,11.1,23.1,,0,0,0
Z0043,2018,486.0,36,13.1,23.0,,0,0,0
Z0043,2019,374.7,23,33.2,70.1,,0,0,0
Z0043,2020,553.7,31,15.5,28.6,,1,7,0
Z0043,2021,386.5,22,10.0,12.5,,1,6,0
Z0043,2022,328.1,25,11.1,13.9,,1,9,0
Z0043,2023,461.2,36,51.1,85.1,,0,0,0
Z0043,2024,441.8,31,13.3,21.1,,0,0,0
Z0044,2015,400.6,22,10.9,15.1,,0,0,0
Z0044,2016,348.0,21,13.8,20.8,,1,10,0
Z0044,2017,426.8,35,22.8,45.1,,1,14,0
Z0044,2018,501.7,45,68.6,124.4,,1,2,0
Z0044,2019,534.6,44,50.8,101.8,,1,12,0
Z0044,2020,363.4,25,20.1,36.3,,1,2,0
Z0044,2021,531.8,38,41.0,76.6,,1,17,0
Z0044,2022,477.1,25,27.1,40.8,,0,0,0
Z0044,2023,452.3,28,20.7,31.7,,0,0,0
Z0044,2024,393.3,30,10.0,18.2,,0,0,0
Z0045,2015,421.9,30,54.9,89.0,,1,14,0
Z0045,2016,349.3,22,27.0,50.3,,1,14,0
Z0045,2017,581.0,45,11.7,15.0,,1,25,0
Z0045,2018,438.5,31,10.6,13.4,,1,18,0
Z0045,2019,211.0,10,10.0,13.6,,0,0,0
Z0045,2020,503.4,31,15.1,26.2,,1,35,0
Z0045,2021,441.4,37,15.4,33.6,,1,19,0
Z0045,2022,354.1,22,11.1,22.9,,1,6,0
Z0045,2023,511.9,39,29.3,63.7,,1,4,0
Z0045,2024,636.0,39,45.7,85.7,,0,0,0
Z0046,2015,361.3,24,21.7,39.6,,1,14,0
Z0046,2016,314.4,24,13.1,21.9,,0,0,0
Z0046,2017,452.0,33,50.0,109.6,,0,0,0
Z0046,2018,378.1,28,13.6,28.2,,0,0,0
Z0046,2019,364.6,26,37.4,58.1,,0,0,0
Z0046,2020,604.6,41,11.1,23.5,,0,0,0
Z0046,2021,363.8,24,11.1,14.3,,0,0,0
Z0046,2022,353.4,25,11.4,23.9,,0,0,0
Z0046,2023,406.0,33,32.9,54.5,,1,5,0
Z0046,2024,421.5,30,27.2,57.8,,0,0,0
Z0047,2015,395.1,30,10.0,17.8,,0,0,0
Z0047,2016,398.1,25,24.6,39.5,,0,0,0
Z0047,2017,449.8,33,13.4,21.2,,0,0,0
Z0047,2018,469.4,32,24.6,46.3,,1,1,0
Z0047,2019,558.6,43,23.0,50.1,,1,16,0
Z0047,2020,721.1,48,10.0,17.7,,0,0,0
Z0047,2021,519.6,36,29.0,35.4,,0,0,0
Z0047,2022,509.6,36,34.2,42.1,,0,0,0
Z0047,2023,468.5,38,13.2,23.9,,0,0,0
Z0047,2024,615.6,43,10.0,13.4,,0,0,0
Z0048,2015,520.5,38,10.5,14.6,,0,0,0
Z0048,2016,501.8,39,10.4,22.4,,1,4,0
Z0048,2017,319.2,21,10.0,15.8,,0,0,0
Z0048,2018,417.7,25,16.3,25.2,,0,0,0
Z0048,2019,577.8,42,19.9,29.4,,0,0,0
Z0048,2020,646.9,48,24.4,41.3,,1,3,0
Z0048,2021,296.1,26,10.0,19.6,,0,0,0
Z0048,2022,574.2,38,25.8,56.5,,1,18,0
Z0048,2023,246.1,18,10.0,16.5,,0,0,0
Z0048,2024,683.9,44,66.2,126.0,,1,9,0
Z0049,2015,461.7,31,21.7,32.0,,0,0,0
Z0049,2016,374.5,25,14.9,24.5,,0,0,0
Z0049,2017,579.5,49,29.5,35.5,,0,0,0
Z0049,2018,427.4,38,24.0,46.1,,0,0,0
Z0049,2019,496.8,37,17.3,25.3,,0,0,0
Z0049,2020,344.5,25,10.0,19.6,,0,0,0
Z0049,2021,414.8,29,29.4,45.0,,0,0,0
Z0049,2022,522.6,37,25.6,43.9,,0,0,0
Z0049,2023,367.6,31,29.3,37.7,,0,0,0
Z0049,2024,375.9,25,17.7,29.4,,0,0,0
Z0050,2015,376.9,26,18.3,32.8,,0,0,0
Z0050,2016,278.3,17,18.3,39.7,,1,4,0
Z0050,2017,328.0,20,20.3,43.0,,0,0,0
Z0050,2018,412.1,34,10.0,20.0,,0,0,0
Z0050,2019,407.0,30,13.8,29.7,,0,0,0
Z0050,2020,588.4,36,89.1,130.1,,1,10,0
Z0050,2021,374.4,32,21.8,30.0,,0,0,0
Z0050,2022,264.9,17,13.7,28.8,,0,0,0
Z0050,2023,617.8,42,31.9,47.1,,0,0,0
Z0050,2024,690.3,44,35.4,55.6,,0,0,0
Z0051,2015,381.7,36,34.8,44.5,,0,0,0
Z0051,2016,424.0,29,34.9,62.4,,0,0,0
Z0051,2017,424.0,31,19.8,38.7,,1,8,0
Z0051,2018,648.7,50,20.6,37.3,,0,0,0
Z0051,2019,247.4,13,10.0,21.0,,0,0,0
Z0051,2020,652.6,52,21.7,30.1,,0,0,0
Z0051,2021,312.2,21,12.5,24.8,,0,0,0
Z0051,2022,555.0,37,10.0,17.2,,0,0,0
Z0051,2023,472.7,29,29.3,56.9,,0,0,0
Z0051,2024,335.2,25,10.0,14.5,,0,0,0
Z0052,2015,470.9,39,16.6,36.1,,1,2,0
Z0052,2016,479.0,38,12.1,17.0,,0,0,0
Z0052,2017,490.3,36,10.6,16.0,,0,0,0
Z0052,2018,368.9,23,37.6,69.5,,0,0,0
Z0052,2019,492.5,31,37.2,61.3,,0,0,0
Z0052,2020,440.2,35,17.7,23.1,,0,0,0
Z0052,2021,440.1,33,31.9,69.1,,0,0,0
Z0052,2022,591.9,41,18.8,26.5,,0,0,0
Z0052,2023,515.1,34,18.0,34.5,,0,0,0
Z0052,2024,481.7,31,34.0,59.6,,0,0,0
Z0053,2015,357.1,24,10.0,16.7,,0,0,0
Z0053,2016,466.2,34,20.3,30.0,,0,0,0
Z0053,2017,485.2,34,33.3,40.7,,0,0,0
Z0053,2018,359.1,24,31.8,57.5,,0,0,0
Z0053,2019,252.9,20,17.9,29.2,,0,0,0
Z0053,2020,647.7,53,45.1,93.3,,1,15,0
Z0053,2021,368.6,18,10.0,14.3,,0,0,0
Z0053,2022,557.7,41,44.1,85.1,,0,0,0
Z0053,2023,391.0,29,31.1,52.6,,0,0,0
Z0053,2024,663.3,44,88.5,177.2,,1,1,0
Z0054,2015,477.9,33,21.5,31.5,,0,0,0
Z0054,2016,359.9,20,17.3,36.4,,0,0,0
Z0054,2017,458.8,34,18.6,39.4,,0,0,0
Z0054,2018,471.4,39,18.4,32.6,,0,0,0
Z0054,2019,416.2,28,22.7,49.2,,0,0,0
Z0054,2020,504.4,40,10.0,16.4,,0,0,0
Z0054,2021,443.3,26,36.6,68.5,,1,9,0
Z0054,2022,469.4,35,20.2,40.1,,0,0,0
Z0054,2023,298.4,18,10.0,13.5,,0,0,0
Z0054,2024,499.1,34,15.7,21.0,,0,0,0
Z0055,2015,358.0,29,13.5,18.3,,0,0,0
Z0055,2016,337.9,22,23.8,50.6,,0,0,0
Z0055,2017,332.4,23,11.8,20.0,,0,0,0
Z0055,2018,562.7,41,13.0,27.6,,1,8,0
Z0055,2019,463.0,30,39.1,69.1,,0,0,0
Z0055,2020,425.6,31,29.8,45.3,,0,0,0
Z0055,2021,189.8,10,10.0,20.8,,0,0,0
Z0055,2022,523.0,34,10.0,21.6,,0,0,0
Z0055,2023,293.5,14,10.7,20.8,,0,0,0
Z0055,2024,480.9,30,22.3,43.9,,0,0,0
Z0056,2015,502.2,39,10.0,14.2,,0,0,0
Z0056,2016,457.9,36,10.0,14.9,,0,0,0
Z0056,2017,397.8,26,10.3,18.1,,0,0,0
Z0056,2018,504.4,30,76.3,148.2,,0,0,0
Z0056,2019,529.5,33,17.3,23.6,,1,9,0
Z0056,2020,493.9,29,14.2,18.8,,0,0,0
Z0056,2021,284.7,24,20.3,28.4,,0,0,0
Z0056,2022,515.5,34,12.3,15.6,,0,0,0
Z0056,2023,376.8,31,23.3,43.6,,0,0,0
Z0056,2024,530.2,34,10.8,15.2,,0,0,0
Z0057,2015,395.6,20,22.2,46.0,,1,1,0
Z0057,2016,278.8,13,10.0,13.6,,0,0,0
Z0057,2017,442.1,31,71.8,134.4,,1,2,0
Z0057,2018,320.0,21,10.0,19.9,,1,6,0
Z0057,2019,430.4,31,42.8,88.6,,1,1,0
Z0057,2020,787.9,62,37.2,68.1,,1,4,0
Z0057,2021,421.5,34,19.6,29.9,,0,0,0
Z0057,2022,301.1,27,11.0,13.7,,1,7,0
Z0057,2023,353.7,27,12.9,22.1,,1,2,0
Z0057,2024,490.2,29,10.0,20.1,,1,5,0
Z0058,2015,330.9,25,24.0,32.3,,1,4,0
Z0058,2016,524.3,36,22.4,45.7,,1,2,0
Z0058,2017,418.1,32,12.8,20.1,,0,0,0
Z0058,2018,326.2,24,33.9,50.8,,0,0,0
Z0058,2019,432.5,30,41.3,77.1,,1,8,0
Z0058,2020,616.8,42,10.0,19.3,,1,8,0
Z0058,2021,458.9,38,19.0,36.9,,1,3,0
Z0058,2022,526.7,41,19.4,39.5,,0,0,0
Z0058,2023,326.2,21,10.0,18.1,,0,0,0
Z0058,2024,482.0,27,25.0,36.5,,1,5,0
Z0059,2015,141.4,10,10.0,12.2,,0,0,0
Z0059,2016,556.8,37,10.0,14.6,,0,0,0
Z0059,2017,392.5,29,10.0,20.2,,0,0,0
Z0059,2018,255.1,16,10.0,14.0,,0,0,0
Z0059,2019,601.6,44,30.4,62.2,,0,0,0
Z0059,2020,630.3,42,14.0,20.9,,0,0,0
Z0059,2021,346.9,25,22.4,38.0,,0,0,0
Z0059,2022,367.5,22,40.5,56.3,,0,0,0
Z0059,2023,585.1,36,31.9,54.0,,1,10,0
Z0059,2024,538.5,34,11.6,14.9,,0,0,0
Z0060,2015,398.4,27,15.0,31.1,,0,0,0
Z0060,2016,459.0,32,27.0,41.7,,0,0,0
Z0060,2017,389.7,22,10.3,16.6,,0,0,0
Z0060,2018,493.6,37,22.1,29.3,,0,0,0
Z0060,2019,375.6,24,48.6,79.5,,1,3,0
Z0060,2020,652.9,42,22.9,30.6,,0,0,0
Z0060,2021,364.5,34,16.7,28.9,,0,0,0
Z0060,2022,591.1,41,16.3,33.9,,1,5,0
Z0060,2023,621.5,43,25.3,47.5,,0,0,0
Z0060,2024,918.6,61,33.0,53.6,,0,0,0
Z0061,2015,404.7,29,12.9,26.5,,0,0,0
Z0061,2016,507.5,33,45.2,67.7,,1,5,0
Z0061,2017,389.3,31,14.7,21.7,,0,0,0
Z0061,2018,361.2,21,27.7,48.4,,1,4,0
Z0061,2019,532.5,38,13.0,20.9,,0,0,0
Z0061,2020,711.2,47,52.7,95.7,,1,4,0
Z0061,2021,432.7,27,32.7,53.7,,1,3,0
Z0061,2022,540.5,35,24.0,51.7,,0,0,0
Z0061,2023,355.5,30,14.9,30.1,,1,12,0
Z0061,2024,444.0,26,24.0,27.5,,0,0,0
Z0062,2015,398.0,31,10.5,39.2,,1,12,0
Z0062,2016,281.4,26,33.5,72.6,,0,0,0
Z0062,2017,428.3,31,10.0,16.5,,0,0,0
Z0062,2018,417.9,28,10.0,12.2,,0,0,0
Z0062,2019,308.4,21,10.0,12.9,,0,0,0
Z0062,2020,380.4,29,11.0,18.7,,0,0,0
Z0062,2021,341.5,24,18.2,24.7,,0,0,0
Z0062,2022,423.5,26,48.4,66.3,,1,8,0
Z0062,2023,458.3,41,10.0,15.1,,0,0,0
Z0062,2024,659.9,50,10.5,20.1,,0,0,0
Z0063,2015,424.6,21,45.5,82.9,,1,9,0
Z0063,2016,410.3,29,36.4,14.0,,1,1,0
Z0063,2017,423.2,20,37.5,79.1,,1,1,0
Z0063,2018,306.4,18,10.6,13.7,,0,0,0
Z0063,2019,536.1,42,43.6,53.3,,0,0,0
Z0063,2020,370.1,29,36.4,62.6,,0,0,0
Z0063,2021,518.2,42,57.4,92.5,,1,12,0
Z0063,2022,410.3,27,18.1,39.6,,0,0,0
Z0063,2023,374.7,19,10.0,19.5,,0,0,0
Z0063,2024,348.6,10,27.4,34.3,,1,3,0
Z0064,2015,292.5,17,21.6,38.0,,0,0,0
Z0064,2016,255.7,18,10.0,19.5,,0,0,0
Z0064,2017,357.3,22,27.7,53.4,,1,14,0
Z0064,2018,306.5,21,16.9,36.9,,0,0,0
Z0064,2019,444.5,32,11.6,17.1,,0,0,0
Z0064,2020,389.3,25,38.8,50.5,,1,14,0
Z0064,2021,496.8,33,10.0,14.0,,1,20,0
Z0064,2022,542.5,47,43.7,64.9,,1,11,0
Z0064,2023,303.2,26,10.0,14.4,,1,32,0
Z0064,2024,812.5,53,12.1,20.1,,0,0,0
Z0065,2015,371.0,25,22.5,12.9,,0,0,0
Z0065,2016,300.1,17,11.7,22.5,,0,0,0
Z0065,2017,364.0,24,26.5,50.9,,0,0,0
Z0065,2018,387.9,24,22.5,39.0,,0,0,0
Z0065,2019,376.7,28,10.0,16.6,,1,12,0
Z0065,2020,602.8,36,14.8,29.4,,0,0,0
Z0065,2021,317.2,18,22.7,33.8,,0,0,0
Z0065,2022,571.3,33,23.4,37.3,,1,14,0
Z0065,2023,412.6,21,20.9,25.9,,0,0,0
Z0065,2024,538.7,39,30.1,64.6,,1,2,0
Z0066,2015,252.2,9,21.0,26.5,,0,0,0
Z0066,2016,363.5,27,12.4,23.6,,1,1,0
Z0066,2017,335.3,20,20.6,30.5,,0,0,0
Z0066,2018,442.0,37,10.0,14.8,,0,0,0
Z0066,2019,498.2,33,31.3,56.3,,0,0,0
Z0066,2020,646.3,48,30.8,59.1,,0,0,0
Z0066,2021,306.6,17,14.5,19.2,,0,0,0
Z0066,2022,397.6,25,25.8,50.7,,0,0,0
Z0066,2023,314.5,15,10.0,21.0,,1,13,0
Z0066,2024,474.2,34,35.7,45.6,,0,0,0
Z0067,2015,431.4,28,10.3,15.4,,0,0,0
Z0067,2016,330.8,26,11.1,19.9,,0,0,0
Z0067,2017,407.6,20,10.1,13.3,,0,0,0
Z0067,2018,225.0,23,10.0,12.5,,0,0,0
Z0067,2019,364.3,24,11.1,40.2,,1,7,0
Z0067,2020,594.8,39,10.9,15.8,,1,7,0
Z0067,2021,510.9,40,15.7,21.5,,1,4,0
Z0067,2022,511.5,34,23.2,48.5,,1,10,0
Z0067,2023,566.3,39,31.1,50.5,,0,0,0
Z0067,2024,458.7,38,12.8,28.1,,1,28,0
Z0068,2015,274.4,15,10.0,19.6,,1,9,0
Z0068,2016,455.4,33,10.0,17.9,,1,2,0
Z0068,2017,393.3,32,10.0,15.3,,0,0,0
Z0068,2018,302.2,20,15.4,23.3,,0,0,0
Z0068,2019,444.3,36,10.0,12.2,,1,7,0
Z0068,2020,452.9,30,44.7,66.6,,1,4,0
Z0068,2021,439.3,26,20.1,35.8,,0,0,0
Z0068,2022,402.7,24,25.9,34.8,,1,16,0
Z0068,2023,361.9,32,13.3,18.2,,0,0,0
Z0068,2024,490.7,31,27.8,58.0,,1,12,0
Z0069,2015,428.9,29,18.2,25.4,,1,12,0
Z0069,2016,329.6,21,13.1,15.8,,0,0,0
Z0069,2017,280.2,17,23.2,34.6,,0,0,0
Z0069,2018,534.3,32,49.8,70.1,,0,0,0
Z0069,2019,489.7,43,29.2,50.4,,0,0,0
Z0069,2020,601.7,46,32.9,58.7,,0,0,0
Z0069,2021,564.1,46,45.7,73.5,,0,0,0
Z0069,2022,421.5,26,10.0,21.8,,0,0,0
Z0069,2023,381.4,32,20.3,41.2,,0,0,0
Z0069,2024,535.8,33,19.4,23.9,,0,0,0
Z0070,2015,321.3,22,11.0,14.2,,0,0,0
Z0070,2016,173.9,10,10.4,15.2,,0,0,0
Z0070,2017,258.0,21,10.0,19.6,,0,0,0
Z0070,2018,295.1,13,28.5,39.5,,0,0,0
Z0070,2019,371.6,25,35.4,53.0,,0,0,0
Z0070,2020,306.3,28,15.5,22.3,,0,0,0
Z0070,2021,305.0,16,10.0,14.3,,0,0,0
Z0070,2022,502.3,33,37.2,61.0,,0,0,0
Z0070,2023,501.6,31,89.5,130.3,,0,0,0
Z0070,2024,407.9,30,25.8,52.0,,1,6,0
Z0071,2015,314.2,21,17.6,26.7,,0,0,0
Z0071,2016,425.5,37,15.7,25.7,,0,0,0
Z0071,2017,157.0,5,10.0,13.6,,0,0,0
Z0071,2018,550.7,43,22.7,40.7,,0,0,0
Z0071,2019,346.1,22,17.6,29.5,,0,0,0
Z0071,2020,693.0,49,26.2,41.6,,0,0,0
Z0071,2021,335.5,22,24.9,37.0,,1,9,0
Z0071,2022,720.2,51,25.7,41.4,,0,0,0
Z0071,2023,425.5,27,34.9,59.4,,1,12,0
Z0071,2024,690.1,48,23.2,36.7,,0,0,0
Z0072,2015,451.9,32,25.1,36.1,,0,0,0
Z0072,2016,559.2,42,17.0,35.5,,0,0,0
Z0072,2017,385.9,27,10.0,13.6,,0,0,0
Z0072,2018,572.5,43,11.6,23.8,,0,0,0
Z0072,2019,184.1,11,10.0,20.4,,0,0,0
Z0072,2020,396.1,29,10.0,21.1,,0,0,0
Z0072,2021,386.3,25,11.6,20.8,,0,0,0
Z0072,2022,434.4,26,10.0,15.5,,0,0,0
Z0072,2023,412.2,30,35.4,77.6,,0,0,0
Z0072,2024,471.4,29,52.8,107.2,,0,0,0
Z0073,2015,320.4,18,10.0,21.8,,0,0,0
Z0073,2016,408.5,29,22.5,32.0,,0,0,0
Z0073,2017,508.9,37,12.5,15.2,,0,0,0
Z0073,2018,408.1,36,22.7,33.9,,0,0,0
Z0073,2019,344.7,17,10.0,20.1,,0,0,0
Z0073,2020,398.3,28,11.0,15.0,,0,0,0
Z0073,2021,408.5,31,14.8,25.3,,0,0,0
Z0073,2022,670.8,44,28.7,50.3,,1,1,0
Z0073,2023,467.0,36,10.0,15.6,,0,0,0
Z0073,2024,542.8,31,37.8,66.4,,0,0,0
Z0074,2015,346.6,27,41.6,67.1,,1,8,0
Z0074,2016,313.3,27,10.0,14.0,,0,0,0
Z0074,2017,271.7,24,10.7,16.6,,0,0,0
Z0074,2018,354.1,17,13.7,26.3,,0,0,0
Z0074,2019,321.9,21,10.5,21.9,,0,0,0
Z0074,2020,524.0,32,22.8,41.1,,1,2,0
Z0074,2021,409.1,26,15.0,20.4,,0,0,0
Z0074,2022,354.1,46,15.7,27.5,,0,0,0
Z0074,2023,432.5,32,15.0,34.5,,1,10,0
Z0074,2024,455.5,32,36.6,55.4,,0,0,0
Z0075,2015,247.1,16,10.0,14.8,,1,5,0
Z0075,2016,315.3,25,13.4,21.4,,0,0,0
Z0075,2017,356.1,28,30.5,50.0,,0,0,0
Z0075,2018,688.2,44,11.0,18.5,,0,0,0
Z0075,2019,414.3,30,19.2,35.0,,0,0,0
Z0075,2020,370.1,25,10.0,21.0,,0,0,0
Z0075,2021,476.6,35,16.3,24.5,,0,0,0
Z0075,2022,693.0,53,19.4,32.2,,0,0,0
Z0075,2023,424.8,31,43.3,87.1,,0,0,0
Z0075,2024,604.7,52,55.7,96.5,,0,0,0
Z0076,2015,514.8,40,15.3,33.3,,0,0,0
Z0076,2016,456.8,40,25.3,48.4,,0,0,0
Z0076,2017,332.9,26,13.2,20.2,,0,0,0
Z0076,2018,450.1,34,11.0,14.8,,0,0,0
Z0076,2019,379.4,24,10.0,20.5,,0,0,0
Z0076,2020,714.8,55,16.3,35.5,,0,0,0
Z0076,2021,349.4,26,10.0,18.5,,0,0,0
Z0076,2022,570.1,44,16.1,28.3,,0,0,0
Z0076,2023,354.4,19,21.3,42.2,,0,0,0
Z0076,2024,490.1,33,12.0,23.9,,0,0,0
Z0077,2015,304.0,15,10.0,19.9,,0,0,0
Z0077,2016,422.9,33,32.6,59.9,,0,0,0
Z0077,2017,387.6,20,13.9,17.7,,0,0,0
Z0077,2018,256.7,14,10.0,20.7,,0,0,0
Z0077,2019,410.5,28,47.5,64.8,,0,0,0
Z0077,2020,466.9,36,17.7,32.1,,1,3,0
Z0077,2021,420.5,26,22.4,39.7,,0,0,0
Z0077,2022,323.4,21,14.1,29.8,,0,0,0
Z0077,2023,388.6,30,11.6,17.6,,0,0,0
Z0077,2024,726.4,46,59.2,104.2,,1,7,0
Z0078,2015,337.1,19,13.3,25.7,,1,1,0
Z0078,2016,419.8,30,10.0,20.1,,0,0,0
Z0078,2017,445.8,30,11.9,21.3,,0,0,0
Z0078,2018,265.6,21,22.0,47.8,,0,0,0
Z0078,2019,364.5,20,14.1,20.9,,0,0,0
Z0078,2020,444.9,32,38.1,77.5,,1,4,0
Z0078,2021,724.0,51,16.8,26.4,,0,0,0
Z0078,2022,411.7,23,10.2,19.0,,0,0,0
Z0078,2023,520.4,33,15.6,34.3,,0,0,0
Z0078,2024,529.4,27,10.6,20.6,,0,0,0
Z0079,2015,393.1,31,10.0,12.1,,1,2,0
Z0079,2016,256.5,21,21.4,35.7,,0,0,0
Z0079,2017,356.5,26,31.6,56.4,,0,0,0
Z0079,2018,421.9,29,24.9,48.7,,0,0,0
Z0079,2019,222.2,5,10.0,19.2,,0,0,0
Z0079,2020,650.1,42,32.1,62.8,,1,2,0
Z0079,2021,496.8,41,20.1,42.7,,0,0,0
Z0079,2022,538.7,36,16.1,28.7,,1,3,0
Z0079,2023,288.9,20,10.0,19.3,,0,0,0
Z0079,2024,452.3,29,33.6,54.4,,1,2,0
Z0080,2015,619.0,51,17.8,32.8,,1,1,0
Z0080,2016,465.3,33,14.9,32.6,,1,1,0
Z0080,2017,240.3,14,15.5,28.1,,1,2,0
Z0080,2018,393.6,25,16.5,28.4,,0,0,0
Z0080,2019,550.7,33,11.9,19.2,,0,0,0
Z0080,2020,611.9,53,13.7,27.9,,0,0,0
Z0080,2021,415.9,28,48.3,66.8,,1,5,0
Z0080,2022,373.5,19,22.5,47.3,,1,4,0
Z0080,2023,281.8,18,19.6,30.3,,1,7,0
Z0080,2024,456.5,33,33.9,42.8,,0,0,0
Z0081,2015,574.8,42,32.4,44.0,,0,0,0
Z0081,2016,468.4,30,17.7,33.6,,0,0,0
Z0081,2017,432.4,37,44.4,92.7,,1,6,0
Z0081,2018,432.1,26,28.4,53.0,,0,0,0
Z0081,2019,397.6,30,12.0,19.5,,0,0,0
Z0081,2020,563.1,32,36.2,69.9,,1,4,0
Z0081,2021,357.1,24,11.8,15.0,,0,0,0
Z0081,2022,505.1,40,63.0,112.6,,0,0,0
Z0081,2023,301.8,21,10.4,16.2,,0,0,0
Z0081,2024,468.9,31,50.2,64.0,,0,0,0
Z0082,2015,374.6,32,14.5,29.8,,1,3,0
Z0082,2016,482.5,33,44.5,69.3,,1,13,0
Z0082,2017,251.7,20,28.2,51.1,,0,0,0
Z0082,2018,475.7,31,29.1,47.6,,1,3,0
Z0082,2019,347.4,25,21.0,30.0,,1,4,0
Z0082,2020,490.9,36,35.2,56.2,,1,5,0
Z0082,2021,258.0,23,10.0,19.6,,0,0,0
Z0082,2022,455.7,28,20.0,42.2,,1,2,0
Z0082,2023,395.4,20,26.7,39.6,,1,4,0
Z0082,2024,519.9,39,12.5,21.6,,1,4,0
Z0083,2015,461.0,31,39.5,48.3,,0,0,0
Z0083,2016,384.6,27,13.8,20.5,,0,0,0
Z0083,2017,350.6,29,10.0,13.1,,0,0,0
Z0083,2018,464.3,31,23.3,32.8,,0,0,0
Z0083,2019,499.3,32,89.0,133.6,,0,0,0
Z0083,2020,673.0,52,35.5,65.5,,0,0,0
Z0083,2021,461.0,19,14.4,26.4,,0,0,0
Z0083,2022,593.7,39,25.9,42.8,,0,0,0
Z0083,2023,330.8,24,10.0,17.0,,0,0,0
Z0083,2024,457.7,31,14.7,32.0,,0,0,0
Z0084,2015,378.5,32,40.9,65.5,,1,1,0
Z0084,2016,350.1,26,15.4,29.3,,0,0,0
Z0084,2017,385.2,25,10.0,14.7,,0,0,0
Z0084,2018,497.9,30,15.8,29.5,,1,12,0
Z0084,2019,268.0,16,10.0,17.3,,1,21,0
Z0084,2020,624.6,43,15.1,25.7,,1,16,0
Z0084,2021,538.5,37,59.7,91.2,,1,11,0
Z0084,2022,569.7,47,55.4,105.4,,1,5,0
Z0084,2023,341.1,22,10.0,20.2,,1,5,0
Z0084,2024,682.9,51,47.2,57.0,,1,9,0
Z0085,2015,332.6,28,42.8,76.3,,0,0,0
Z0085,2016,460.7,33,10.0,19.1,,1,1,0
Z0085,2017,461.4,30,25.1,44.4,,0,0,0
Z0085,2018,451.4,30,22.3,31.6,,0,0,0
Z0085,2019,498.9,35,41.6,90.6,,1,8,0
Z0085,2020,453.2,29,26.9,37.1,,1,9,0
Z0085,2021,221.4,11,10.0,19.9,,0,0,0
Z0085,2022,573.2,40,81.7,102.8,,1,1,0
Z0085,2023,572.2,38,19.3,26.4,,1,1,0
Z0085,2024,587.9,44,29.4,46.2,,0,0,0
Z0086,2015,498.9,33,15.7,24.9,,0,0,0
Z0086,2016,325.0,15,22.5,31.7,,1,24,0
Z0086,2017,389.8,24,36.5,78.9,,1,18,0
Z0086,2018,425.1,26,27.6,48.2,,1,8,0
Z0086,2019,470.9,29,10.7,22.9,,1,18,0
Z0086,2020,496.5,38,10.0,18.6,,0,0,0
Z0086,2021,341.5,22,24.7,50.6,,1,3,0
Z0086,2022,685.9,51,42.5,55.5,,1,6,0
Z0086,2023,289.2,20,11.8,20.2,,1,12,0
Z0086,2024,578.0,30,27.8,50.1,,0,0,0
Z0087,2015,578.0,53,41.3,87.8,,1,3,0
Z0087,2016,325.4,20,10.0,13.6,,1,2,0
Z0087,2017,343.3,26,20.7,33.5,,1,19,0
Z0087,2018,478.8,33,29.2,39.6,,1,6,0
Z0087,2019,440.9,28,10.8,17.6,,0,0,0
Z0087,2020,333.5,29,20.2,32.7,,0,0,0
Z0087,2021,578.4,44,29.9,40.6,,1,5,0
Z0087,2022,713.1,43,23.9,32.8,,1,29,0
Z0087,2023,367.0,26,10.0,16.5,,0,0,0
Z0087,2024,385.1,25,20.9,44.4,,0,0,0
Z0088,2015,628.1,48,10.0,13.4,,1,6,0
Z0088,2016,493.2,42,10.0,17.6,,1,14,0
Z0088,2017,320.4,32,20.4,30.7,,0,0,0
Z0088,2018,616.6,45,23.5,33.6,,1,8,0
Z0088,2019,323.3,16,22.7,34.8,,1,1,0
Z0088,2020,600.2,37,10.0,14.7,,1,2,0
Z0088,2021,495.0,35,26.3,37.8,,1,3,0
Z0088,2022,312.3,24,36.1,49.0,,0,0,0
Z0088,2023,380.7,23,15.7,24.6,,0,0,0
Z0088,2024,331.7,22,25.9,47.2,,1,2,0
Z0089,2015,305.7,16,15.8,26.5,,0,0,0
Z0089,2016,362.3,27,12.6,25.8,,0,0,0
Z0089,2017,368.0,19,12.8,22.5,,0,0,0
Z0089,2018,517.1,39,10.0,14.8,,0,0,0
Z0089,2019,357.6,28,21.3,45.7,,1,6,0
Z0089,2020,479.4,41,12.4,22.2,,0,0,0
Z0089,2021,432.7,23,22.3,31.0,,1,7,0
Z0089,2022,520.7,39,31.2,37.9,,0,0,0
Z0089,2023,383.6,27,18.0,30.5,,0,0,0
Z0089,2024,573.5,40,62.7,100.2,,1,15,0
Z0090,2015,249.1,17,12.6,19.5,,0,0,0
Z0090,2016,340.4,23,27.2,42.6,,1,7,0
Z0090,2017,497.3,42,11.2,24.0,,0,0,0
Z0090,2018,448.6,33,24.8,38.0,,1,7,0
Z0090,2019,352.5,22,34.8,63.4,,1,3,0
Z0090,2020,263.1,20,10.0,13.3,,1,13,0
Z0090,2021,646.8,53,63.4,109.5,,1,16,0
Z0090,2022,520.4,46,16.6,32.9,,1,26,0
Z0090,2023,378.0,32,23.9,30.4,,0,0,0
Z0090,2024,821.4,61,12.8,25.8,,1,1,0
Z0091,2015,543.7,42,38.1,77.8,,1,2,0
Z0091,2016,408.8,30,18.8,34.7,,0,0,0
Z0091,2017,322.9,22,10.0,12.8,,1,5,0
Z0091,2018,459.3,31,13.8,29.6,,1,3,0
Z0091,2019,371.7,27,13.9,22.6,,1,3,0
Z0091,2020,837.0,59,24.9,34.4,,1,4,0
Z0091,2021,498.7,46,24.8,41.7,,1,5,0
Z0091,2022,482.9,27,49.4,74.0,,1,4,0
Z0091,2023,449.8,30,23.6,45.7,,1,4,0
Z0091,2024,552.3,38,23.1,45.7,,1,2,0
Z0092,2015,494.7,25,19.1,26.0,,1,34,0
Z0092,2016,523.4,47,33.9,46.5,,1,38,0
Z0092,2017,406.3,27,20.1,29.2,,0,0,0
Z0092,2018,544.6,42,13.9,22.0,,1,4,0
Z0092,2019,494.7,36,10.3,16.7,,1,14,0
Z0092,2020,623.8,47,38.5,84.2,,1,20,0
Z0092,2021,442.1,29,48.4,58.6,,1,5,0
Z0092,2022,819.5,53,34.0,57.6,,1,24,0
Z0092,2023,479.5,29,10.0,15.3,,1,6,0
Z0092,2024,378.0,21,23.0,42.0,,0,0,0
Z0093,2015,322.5,22,10.0,17.8,,0,0,0
Z0093,2016,465.6,31,10.0,14.0,,1,5,0
Z0093,2017,296.3,20,18.9,41.0,,1,1,0
Z0093,2018,407.2,29,25.9,34.5,,0,0,0
Z0093,2019,430.0,27,18.9,49.4,,1,7,0
Z0093,2020,505.7,37,22.4,39.2,,1,14,0
Z0093,2021,331.2,24,10.0,15.4,,0,0,0
Z0093,2022,505.9,37,22.7,46.3,,1,7,0
Z0093,2023,477.4,32,35.0,50.4,,0,0,0
Z0093,2024,476.0,35,13.7,28.9,,1,3,0
Z0094,2015,306.7,23,10.0,18.8,,0,0,0
Z0094,2016,277.0,25,10.0,12.7,,0,0,0
Z0094,2017,283.0,15,12.0,23.6,,0,0,0
Z0094,2018,599.3,39,15.4,23.5,,0,0,0
Z0094,2019,508.2,37,17.2,32.2,,0,0,0
Z0094,2020,483.5,38,23.7,50.3,,1,14,0
Z0094,2021,422.0,30,16.6,25.7,,0,0,0
Z0094,2022,677.5,43,58.4,92.8,,0,0,0
Z0094,2023,589.0,52,20.8,44.0,,0,0,0
Z0094,2024,483.5,32,10.0,14.9,,1,17,0
Z0095,2015,374.8,24,25.0,51.2,,0,0,0
Z0095,2016,596.5,40,21.7,28.2,,0,0,0
Z0095,2017,407.7,33,10.0,21.5,,0,0,0
Z0095,2018,353.9,22,33.6,53.7,,0,0,0
Z0095,2019,334.5,27,16.9,34.5,,0,0,0
Z0095,2020,668.4,49,13.1,24.0,,0,0,0
Z0095,2021,304.6,22,10.8,15.1,,0,0,0
Z0095,2022,540.2,36,33.1,71.7,,0,0,0
Z0095,2023,419.2,25,31.8,61.1,,0,0,0
Z0095,2024,568.8,35,46.0,94.4,,0,0,0
Z0096,2015,265.3,21,17.2,36.3,,0,0,0
Z0096,2016,420.5,26,24.0,30.8,,0,0,0
Z0096,2017,464.9,34,51.3,72.0,,0,0,0
Z0096,2018,343.7,26,21.1,30.3,,0,0,0
Z0096,2019,417.7,35,21.9,43.1,,0,0,0
Z0096,2020,527.3,36,10.6,17.5,,0,0,0
Z0096,2021,337.1,27,19.6,35.6,,1,28,0
Z0096,2022,426.4,27,10.0,17.1,,0,0,0
Z0096,2023,411.4,30,29.7,56.7,,1,20,0
Z0096,2024,517.2,34,10.0,13.9,,0,0,0
Z0097,2015,490.7,32,11.1,18.7,,0,0,0
Z0097,2016,458.4,37,37.3,78.2,,0,0,0
Z0097,2017,380.0,22,20.3,41.2,,0,0,0
Z0097,2018,383.0,27,10.0,13.5,,0,0,0
Z0097,2019,543.0,41,40.4,62.2,,0,0,0
Z0097,2020,544.4,41,32.5,68.9,,0,0,0
Z0097,2021,373.9,19,36.6,72.9,,0,0,0
Z0097,2022,460.7,28,13.6,18.8,,0,0,0
Z0097,2023,331.0,21,14.3,17.6,,0,0,0
Z0097,2024,372.1,25,10.0,17.3,,0,0,0
Z0098,2015,443.1,29,12.7,25.7,,0,0,0
Z0098,2016,430.8,28,30.8,50.3,,0,0,0
Z0098,2017,265.6,14,16.8,32.5,,0,0,0
Z0098,2018,430.8,30,41.9,88.9,,0,0,0
Z0098,2019,420.4,27,10.0,18.7,,0,0,0
Z0098,2020,545.2,32,50.3,61.9,,0,0,0
Z0098,2021,348.2,23,12.9,21.2,,0,0,0
Z0098,2022,504.6,32,49.2,64.5,,0,0,0
Z0098,2023,414.0,32,40.6,80.1,,0,0,0
Z0098,2024,469.5,35,44.5,67.9,,0,0,0
Z0099,2015,411.2,23,23.6,38.9,,0,0,0
Z0099,2016,205.3,14,10.0,15.8,,0,0,0
Z0099,2017,480.4,35,34.2,42.1,,0,0,0
Z0099,2018,532.0,44,10.0,20.1,,0,0,0
Z0099,2019,532.0,19,10.0,15.8,,0,0,0
Z0099,2020,556.4,40,33.6,66.0,,0,0,0
Z0099,2021,588.0,44,43.0,57.4,,1,3,0
Z0099,2022,556.4,44,23.1,37.5,,0,0,0
Z0099,2023,289.4,17,21.7,47.1,,0,0,0
Z0099,2024,600.7,45,37.9,63.9,,0,0,0
Z0100,2015,263.3,17,10.0,16.8,,0,0,0
Z0100,2016,560.1,49,40.1,65.4,,0,0,0
Z0100,2017,353.8,21,33.5,70.2,,0,0,0
Z0100,2018,282.3,23,10.0,15.0,,0,0,0
Z0100,2019,210.2,16,11.7,24.4,,0,0,0
Z0100,2020,267.6,17,10.0,18.3,,0,0,0
Z0100,2021,540.4,40,31.7,58.0,,1,5,0
Z0100,2022,342.6,33,27.3,45.9,,1,5,0
Z0100,2023,374.9,21,17.0,22.2,,0,0,0
Z0100,2024,662.9,51,24.3,52.0,,0,0,0
Z0101,2015,405.3,18,36.8,75.9,,1,24,0
Z0101,2016,372.9,27,14.3,20.5,,0,0,0
Z0101,2017,454.9,34,21.5,44.0,,0,0,0
Z0101,2018,736.3,60,22.2,38.0,,0,0,0
Z0101,2019,501.5,31,10.0,17.8,,0,0,0
Z0101,2020,571.9,36,35.7,72.2,,0,0,0
Z0101,2021,258.3,13,10.0,16.2,,0,0,0
Z0101,2022,447.2,29,23.9,46.9,,0,0,0
Z0101,2023,533.9,30,10.0,19.9,,0,0,0
Z0101,2024,399.3,25,51.7,108.0,,0,0,0
Z0102,2015,266.3,13,15.0,22.5,,1,5,0
Z0102,2016,427.4,32,37.4,63.1,,1,8,0
Z0102,2017,391.4,33,10.0,19.3,,0,0,0
Z0102,2018,393.2,28,11.3,22.0,,0,0,0
Z0102,2019,350.1,25,30.6,37.7,,1,6,0
Z0102,2020,571.7,47,50.5,106.9,,1,10,0
Z0102,2021,420.2,26,12.7,17.6,,1,5,0
Z0102,2022,667.0,35,18.2,22.2,,1,5,0
Z0102,2023,417.7,29,18.2,42.5,,1,1,0
Z0102,2024,480.1,27,21.4,40.5,,0,0,0
Z0103,2015,505.1,29,14.9,26.2,,0,0,0
Z0103,2016,286.4,31,24.7,39.4,,0,0,0
Z0103,2017,341.1,25,10.0,12.2,,0,0,0
Z0103,2018,449.6,32,20.6,44.5,,0,0,0
Z0103,2019,340.5,25,10.0,17.0,,1,2,0
Z0103,2020,448.8,34,11.4,19.9,,0,0,0
Z0103,2021,436.8,32,15.5,33.1,,0,0,0
Z0103,2022,375.8,27,11.2,19.0,,0,0,0
Z0103,2023,613.7,46,14.3,23.5,,0,0,0
Z0103,2024,358.3,25,20.2,35.1,,0,0,0
Z0104,2015,394.0,23,15.8,27.9,,1,8,0
Z0104,2016,448.6,30,10.0,13.4,,1,5,0
Z0104,2017,345.3,32,10.0,21.1,,1,1,0
Z0104,2018,419.1,29,15.8,31.4,,0,0,0
Z0104,2019,353.3,22,10.0,12.5,,1,3,0
Z0104,2020,496.5,33,15.5,19.6,,0,0,0
Z0104,2021,298.7,11,16.9,29.3,,1,1,0
Z0104,2022,774.0,54,20.1,41.5,,1,1,0
Z0104,2023,376.1,24,18.4,36.9,,1,1,0
Z0104,2024,587.6,41,12.7,23.8,,1,10,0
Z0105,2015,295.5,24,37.9,49.0,,0,0,0
Z0105,2016,590.3,37,19.8,39.8,,0,0,0
Z0105,2017,612.1,48,23.7,47.4,,0,0,0
Z0105,2018,382.7,31,23.7,34.3,,0,0,0
Z0105,2019,530.0,40,10.0,21.8,,0,0,0
Z0105,2020,649.9,47,16.9,25.3,,0,0,0
Z0105,2021,493.2,33,36.2,73.9,,0,0,0
Z0105,2022,443.2,29,31.8,64.8,,0,0,0
Z0105,2023,335.3,24,10.0,18.4,,0,0,0
Z0105,2024,594.5,47,118.4,214.0,,0,0,0
Z0106,2015,412.6,24,24.0,30.5,,0,0,0
Z0106,2016,426.3,29,17.4,25.9,,0,0,0
Z0106,2017,269.1,16,10.0,12.5,,1,12,0
Z0106,2018,373.7,28,30.2,61.7,,0,0,0
Z0106,2019,342.0,22,10.0,15.9,,0,0,0
Z0106,2020,651.8,47,41.6,80.0,,1,4,0
Z0106,2021,433.3,29,19.3,24.8,,1,11,0
Z0106,2022,382.7,33,13.3,22.5,,0,0,0
Z0106,2023,392.4,23,10.0,21.6,,1,7,0
Z0106,2024,405.2,25,11.6,21.3,,1,6,0
Z0107,2015,481.8,30,30.7,57.8,,0,0,0
Z0107,2016,314.8,20,20.9,27.3,,1,6,0
Z0107,2017,358.6,25,10.0,15.8,,1,2,0
Z0107,2018,460.8,25,14.1,19.4,,0,0,0
Z0107,2019,600.7,49,30.7,43.0,,0,0,0
Z0107,2020,501.7,31,24.1,47.7,,1,3,0
Z0107,2021,381.8,29,21.4,29.4,,0,0,0
Z0107,2022,545.5,32,67.7,118.9,,0,0,0
Z0107,2023,399.3,25,11.5,17.7,,0,0,0
Z0107,2024,409.0,31,27.7,43.0,,0,0,0
Z0108,2015,353.6,24,10.1,18.0,,0,0,0
Z0108,2016,413.5,19,50.8,99.3,,0,0,0
Z0108,2017,466.2,36,27.4,40.6,,0,0,0
Z0108,2018,461.4,39,10.0,19.4,,0,0,0
Z0108,2019,359.8,26,12.7,15.2,,0,0,0
Z0108,2020,371.3,31,10.0,18.7,,0,0,0
Z0108,2021,321.4,18,11.7,15.2,,0,0,0
Z0108,2022,634.2,46,41.6,89.4,,0,0,0
Z0108,2023,359.3,23,21.9,39.6,,0,0,0
Z0108,2024,580.2,41,20.2,37.8,,0,0,0
Z0109,2015,652.2,46,23.6,43.9,,0,0,0
Z0109,2016,478.0,37,33.0,59.8,,0,0,0
Z0109,2017,486.9,35,23.2,42.5,,0,0,0
Z0109,2018,425.3,35,33.6,71.9,,0,0,0
Z0109,2019,423.4,33,23.9,45.6,,0,0,0
Z0109,2020,820.6,61,18.9,37.9,,0,0,0
Z0109,2021,424.7,37,29.7,49.7,,0,0,0
Z0109,2022,594.8,45,10.0,16.5,,0,0,0
Z0109,2023,617.7,47,39.4,69.3,,0,0,0
Z0109,2024,649.6,35,96.3,161.9,,0,0,0
Z0110,2015,468.3,25,34.4,48.4,,0,0,0
Z0110,2016,438.6,32,18.5,35.4,,0,0,0
Z0110,2017,394.4,26,10.0,18.8,,0,0,0
Z0110,2018,387.9,26,10.0,17.0,,0,0,0
Z0110,2019,353.9,27,24.9,37.3,,0,0,0
Z0110,2020,616.6,48,11.2,14.0,,0,0,0
Z0110,2021,376.6,23,14.9,20.6,,0,0,0
Z0110,2022,513.5,37,18.8,27.9,,0,0,0
Z0110,2023,324.5,25,30.2,57.5,,0,0,0
Z0110,2024,496.3,29,17.4,37.7,,0,0,0
Z0111,2015,448.0,34,22.1,32.6,,0,0,0
Z0111,2016,423.2,24,29.7,57.0,,0,0,0
Z0111,2017,427.3,30,24.4,38.2,,1,8,0
Z0111,2018,294.4,26,10.0,18.1,,0,0,0
Z0111,2019,375.8,29,23.1,48.8,,0,0,0
Z0111,2020,507.5,30,22.1,26.9,,0,0,0
Z0111,2021,487.7,28,26.5,53.5,,0,0,0
Z0111,2022,476.1,29,22.0,42.1,,1,12,0
Z0111,2023,487.3,33,19.0,34.2,,0,0,0
Z0111,2024,889.6,64,34.3,47.9,,1,6,0
Z0112,2015,527.1,37,18.5,30.5,,0,0,0
Z0112,2016,607.6,38,10.8,13.3,,0,0,0
Z0112,2017,713.6,55,14.8,25.9,,0,0,0
Z0112,2018,532.9,40,21.3,35.1,,0,0,0
Z0112,2019,397.1,35,10.0,17.3,,0,0,0
Z0112,2020,466.5,35,13.8,24.6,,0,0,0
Z0112,2021,615.0,40,50.0,94.2,,0,0,0
Z0112,2022,493.0,38,52.9,88.4,,0,0,0
Z0112,2023,390.7,22,21.4,34.5,,0,0,0
Z0112,2024,360.9,15,45.2,74.2,,1,9,0
Z0113,2015,375.3,29,11.1,14.7,,0,0,0
Z0113,2016,555.7,41,42.1,76.7,,0,0,0
Z0113,2017,401.5,29,20.3,34.2,,0,0,0
Z0113,2018,464.3,29,29.3,52.2,,0,0,0
Z0113,2019,236.4,22,10.0,15.3,,0,0,0
Z0113,2020,516.6,38,10.0,19.6,,0,0,0
Z0113,2021,453.1,33,34.3,43.4,,0,0,0
Z0113,2022,555.5,33,16.7,22.3,,0,0,0
Z0113,2023,327.1,22,10.0,15.3,,0,0,0
Z0113,2024,467.9,34,29.0,36.5,,0,0,0
Z0114,2015,402.3,25,16.5,26.1,,0,0,0
Z0114,2016,348.3,20,21.4,42.8,,0,0,0
Z0114,2017,419.9,28,12.1,23.5,,0,0,0
Z0114,2018,404.8,30,10.0,18.5,,0,0,0
Z0114,2019,308.3,19,10.0,20.8,,0,0,0
Z0114,2020,498.3,31,27.6,49.1,,1,8,0
Z0114,2021,460.9,28,22.0,29.4,,0,0,0
Z0114,2022,745.9,53,86.9,189.7,,1,7,0
Z0114,2023,401.0,23,24.7,44.8,,0,0,0
Z0114,2024,437.8,25,13.5,29.7,,1,2,0
Z0115,2015,368.0,19,17.3,22.9,,0,0,0
Z0115,2016,502.7,33,11.0,19.6,,0,0,0
Z0115,2017,292.3,22,10.0,16.2,,0,0,0
Z0115,2018,371.6,26,34.8,72.8,,0,0,0
Z0115,2019,496.0,39,10.6,22.5,,1,9,0
Z0115,2020,628.5,43,27.2,51.9,,0,0,0
Z0115,2021,443.3,24,16.9,24.9,,0,0,0
Z0115,2022,443.3,29,15.9,29.8,,0,0,0
Z0115,2023,289.9,16,35.6,59.0,,1,1,0
Z0115,2024,538.0,31,21.6,34.9,,0,0,0
Z0116,2015,448.5,32,10.0,15.8,,0,0,0
Z0116,2016,482.3,32,13.1,27.7,,0,0,0
Z0116,2017,377.0,27,19.6,38.0,,0,0,0
Z0116,2018,394.8,27,10.0,15.2,,0,0,0
Z0116,2019,225.3,12,14.4,18.2,,0,0,0
Z0116,2020,586.6,47,10.6,23.3,,0,0,0
Z0116,2021,438.2,37,22.2,46.9,,0,0,0
Z0116,2022,558.5,39,14.4,25.5,,0,0,0
Z0116,2023,444.4,29,18.2,39.4,,0,0,0
Z0116,2024,732.5,50,66.4,144.1,,0,0,0
Z0117,2015,403.7,31,10.0,15.0,,1,1,0
Z0117,2016,331.7,14,10.0,15.9,,0,0,0
Z0117,2017,337.6,18,16.55,48.8,,0,0,0
Z0117,2018,607.5,40,25.7,36.0,,0,0,0
Z0117,2019,314.3,23,20.3,43.2,,0,0,0
Z0117,2020,547.1,40,48.1,80.1,,1,6,0
Z0117,2021,503.9,40,11.7,23.8,,0,0,0
Z0117,2022,398.9,28,12.8,24.3,,0,0,0
Z0117,2023,464.3,37,47.5,89.1,,0,0,0
Z0117,2024,412.1,31,16.55,66.9,,0,0,0
Z0118,2015,368.2,28,12.5,15.0,,0,0,0
Z0118,2016,384.4,25,39.9,73.2,,0,0,0
Z0118,2017,473.2,33,15.7,25.3,,0,0,0
Z0118,2018,369.2,25,11.6,23.7,,0,0,0
Z0118,2019,479.0,36,22.5,38.0,,0,0,0
Z0118,2020,458.9,35,45.5,82.6,,0,0,0
Z0118,2021,408.6,28,46.1,69.2,,0,0,0
Z0118,2022,478.2,37,31.1,58.4,,0,0,0
Z0118,2023,408.6,38,27.0,42.6,,1,11,0
Z0118,2024,273.3,16,17.7,34.7,,0,0,0
Z0119,2015,375.9,24,32.1,47.5,,1,7,0
Z0119,2016,376.9,29,10.0,14.5,,0,0,0
Z0119,2017,310.8,27,10.4,12.8,,0,0,0
Z0119,2018,644.1,49,13.8,23.2,,0,0,0
Z0119,2019,401.6,30,23.4,46.8,,0,0,0
Z0119,2020,498.7,37,10.0,15.6,,0,0,0
Z0119,2021,620.8,42,32.5,64.1,,0,0,0
Z0119,2022,332.4,26,25.6,44.5,,0,0,0
Z0119,2023,337.6,22,15.0,26.2,,0,0,0
Z0119,2024,690.0,50,16.7,21.5,,0,0,0
Z0120,2015,180.5,7,10.0,14.0,,0,0,0
Z0120,2016,313.9,13,10.0,13.1,,0,0,0
Z0120,2017,390.3,17,16.1,26.0,,0,0,0
Z0120,2018,395.1,24,19.7,38.3,,0,0,0
Z0120,2019,350.8,32,10.0,21.2,,1,1,0
Z0120,2020,296.2,19,13.8,27.0,,0,0,0
Z0120,2021,441.3,32,23.2,50.7,,1,8,0
Z0120,2022,453.9,36,34.5,66.2,,0,0,0
Z0120,2023,289.9,16,16.3,25.4,,0,0,0
Z0120,2024,363.4,17,17.1,27.9,,0,0,0
Z0121,2015,455.2,31,23.7,42.4,,0,0,0
Z0121,2016,220.0,19,12.6,23.0,,0,0,0
Z0121,2017,493.5,41,18.3,35.5,,0,0,0
Z0121,2018,349.6,27,10.6,20.7,,0,0,0
Z0121,2019,464.5,36,32.2,39.8,,0,0,0
Z0121,2020,506.1,42,22.6,47.3,,0,0,0
Z0121,2021,433.0,29,14.6,23.3,,0,0,0
Z0121,2022,377.1,26,19.3,40.6,,1,6,0
Z0121,2023,356.5,32,31.8,56.0,,1,5,0
Z0121,2024,576.6,32,10.0,17.9,,0,0,0
Z0122,2015,418.6,27,13.8,18.2,,0,0,0
Z0122,2016,342.0,24,20.5,31.8,,0,0,0
Z0122,2017,292.0,24,10.8,17.0,,0,0,0
Z0122,2018,369.2,18,10.0,19.0,,0,0,0
Z0122,2019,344.4,27,28.4,53.3,,0,0,0
Z0122,2020,551.9,46,59.9,107.8,,0,0,0
Z0122,2021,388.5,29,12.3,17.8,,0,0,0
Z0122,2022,564.2,41,10.8,16.8,,0,0,0
Z0122,2023,666.0,49,35.0,47.2,,0,0,0
Z0122,2024,655.8,41,69.5,95.8,,1,5,0
Z0123,2015,349.6,25,32.7,54.9,,0,0,0
Z0123,2016,282.6,17,10.0,20.1,,0,0,0
Z0123,2017,420.0,31,30.6,66.9,,0,0,0
Z0123,2018,264.2,19,20.5,36.0,,1,17,0
Z0123,2019,280.2,20,10.0,20.7,,0,0,0
Z0123,2020,511.1,29,28.2,48.1,,1,6,0
Z0123,2021,332.8,27,39.0,55.2,,1,1,0
Z0123,2022,371.2,20,10.0,18.7,,0,0,0
Z0123,2023,395.5,26,23.7,34.2,,0,0,0
Z0123,2024,411.2,35,10.0,17.4,,1,4,0
Z0124,2015,489.2,29,18.6,33.3,,0,0,0
Z0124,2016,489.2,42,20.6,30.4,,0,0,0
Z0124,2017,420.9,28,10.0,12.3,,0,0,0
Z0124,2018,396.8,31,16.9,27.7,,0,0,0
Z0124,2019,415.2,35,24.1,32.7,,0,0,0
Z0124,2020,510.1,38,21.5,32.9,,0,0,0
Z0124,2021,554.5,38,48.7,78.7,,0,0,0
Z0124,2022,561.2,38,12.6,15.6,,0,0,0
Z0124,2023,387.3,30,14.7,29.8,,1,10,0
Z0124,2024,635.7,47,20.2,33.3,,0,0,0
Z0125,2015,408.0,28,51.8,112.6,,0,0,0
Z0125,2016,413.2,30,14.4,24.9,,0,0,0
Z0125,2017,364.7,28,30.1,46.7,,0,0,0
Z0125,2018,307.1,20,13.0,23.9,,0,0,0
Z0125,2019,448.3,36,56.4,107.9,,1,2,0
Z0125,2020,370.0,26,10.0,19.3,,0,0,0
Z0125,2021,364.9,23,36.7,51.0,,0,0,0
Z0125,2022,602.4,49,16.6,62.4,,0,0,0
Z0125,2023,334.0,24,10.3,16.8,,0,0,0
Z0125,2024,267.8,10,16.6,25.7,,0,0,0
Z0126,2015,621.9,41,16.2,29.7,,0,0,0
Z0126,2016,514.6,27,39.6,65.1,,0,0,0
Z0126,2017,369.5,25,14.7,17.9,,0,0,0
Z0126,2018,199.3,14,14.6,20.5,,0,0,0
Z0126,2019,571.2,33,10.0,13.6,,0,0,0
Z0126,2020,575.9,39,60.4,122.9,,0,0,0
Z0126,2021,514.6,20,16.6,23.8,,0,0,0
Z0126,2022,514.6,43,17.0,27.7,,0,0,0
Z0126,2023,470.1,34,16.6,42.3,,0,0,0
Z0126,2024,288.5,29,17.5,22.7,,0,0,0
Z0127,2015,324.2,18,10.0,21.2,,0,0,0
Z0127,2016,532.0,33,21.1,33.1,,0,0,0
Z0127,2017,391.8,27,17.7,27.9,,0,0,0
Z0127,2018,345.5,24,15.6,31.6,,0,0,0
Z0127,2019,443.5,31,10.0,12.3,,0,0,0
Z0127,2020,444.0,33,27.1,47.3,,0,0,0
Z0127,2021,491.9,25,14.6,29.8,,0,0,0
Z0127,2022,608.5,40,80.5,125.8,,1,4,0
Z0127,2023,415.3,34,12.6,27.5,,0,0,0
Z0127,2024,410.2,29,17.6,34.1,,0,0,0
Z0128,2015,399.3,27,23.7,29.9,,0,0,0
Z0128,2016,465.9,32,13.4,17.9,,0,0,0
Z0128,2017,338.2,29,23.7,31.9,,0,0,0
Z0128,2018,430.3,30,27.8,52.7,,0,0,0
Z0128,2019,463.3,33,21.4,37.4,,0,0,0
Z0128,2020,853.6,70,34.5,62.5,,0,0,0
Z0128,2021,524.2,35,10.7,22.4,,0,0,0
Z0128,2022,633.9,46,46.6,95.5,,0,0,0
Z0128,2023,383.6,24,15.6,30.0,,0,0,0
Z0128,2024,690.3,50,28.1,59.0,,0,0,0
Z0129,2015,328.0,27,11.3,19.2,,0,0,0
Z0129,2016,472.0,31,37.5,66.4,,0,0,0
Z0129,2017,350.7,21,10.0,13.0,,0,0,0
Z0129,2018,442.7,24,12.6,16.4,,0,0,0
Z0129,2019,633.4,40,76.4,137.7,,0,0,0
Z0129,2020,473.5,31,33.8,42.3,,1,5,0
Z0129,2021,320.4,20,12.6,18.6,,0,0,0
Z0129,2022,447.3,26,13.4,23.9,,0,0,0
Z0129,2023,251.6,20,10.0,14.2,,1,7,0
Z0129,2024,510.5,34,33.9,61.8,,0,0,0
Z0130,2015,537.4,39,31.6,52.9,,0,0,0
Z0130,2016,235.2,18,21.4,38.8,,0,0,0
Z0130,2017,421.7,26,22.6,48.3,,0,0,0
Z0130,2018,264.2,16,10.0,21.6,,0,0,0
Z0130,2019,397.5,25,43.4,62.7,,0,0,0
Z0130,2020,436.7,31,41.7,81.6,,0,0,0
Z0130,2021,263.8,21,11.5,24.3,,0,0,0
Z0130,2022,313.4,15,17.5,25.4,,0,0,0
Z0130,2023,455.5,34,10.0,20.6,,0,0,0
Z0130,2024,621.0,44,29.9,57.6,,0,0,0
Z0131,2015,524.7,38,18.9,31.7,,0,0,0
Z0131,2016,424.8,31,14.4,18.8,,0,0,0
Z0131,2017,380.5,30,15.5,20.6,,0,0,0
Z0131,2018,529.6,41,10.9,14.7,,0,0,0
Z0131,2019,458.8,34,33.8,62.8,,0,0,0
Z0131,2020,451.7,36,11.4,21.7,,0,0,0
Z0131,2021,335.8,16,21.3,29.6,,0,0,0
Z0131,2022,413.1,36,12.7,24.8,,0,0,0
Z0131,2023,306.8,18,15.2,31.1,,0,0,0
Z0131,2024,452.3,30,59.6,94.8,,0,0,0
Z0132,2015,353.8,22,11.8,15.4,,0,0,0
Z0132,2016,482.6,35,27.0,33.9,,0,0,0
Z0132,2017,419.6,23,17.3,31.7,,0,0,0
Z0132,2018,472.6,36,36.5,64.5,,0,0,0
Z0132,2019,635.9,43,70.4,128.6,,0,0,0
Z0132,2020,703.3,47,39.4,72.0,,0,0,0
Z0132,2021,608.2,45,56.9,115.7,,0,0,0
Z0132,2022,340.6,31,18.3,37.5,,0,0,0
Z0132,2023,375.3,21,15.8,33.3,,0,0,0
Z0132,2024,675.2,47,25.0,37.4,,0,0,0
Z0133,2015,556.5,31,10.0,13.6,,0,0,0
Z0133,2016,518.0,41,10.0,20.5,,0,0,0
Z0133,2017,459.4,29,17.4,37.0,,0,0,0
Z0133,2018,344.1,21,26.5,45.4,,0,0,0
Z0133,2019,369.1,18,11.3,16.6,,0,0,0
Z0133,2020,299.6,18,22.7,41.5,,0,0,0
Z0133,2021,360.3,23,31.8,43.9,,0,0,0
Z0133,2022,476.3,34,10.0,13.5,,0,0,0
Z0133,2023,210.6,10,12.7,27.5,,0,0,0
Z0133,2024,369.1,37,35.2,75.4,,0,0,0
Z0134,2015,575.5,43,32.9,53.7,,0,0,0
Z0134,2016,262.7,17,11.3,15.8,,0,0,0
Z0134,2017,287.5,27,20.8,36.1,,0,0,0
Z0134,2018,466.4,38,32.9,74.1,,0,0,0
Z0134,2019,412.1,32,17.0,31.6,,0,0,0
Z0134,2020,360.8,27,15.2,31.1,,0,0,0
Z0134,2021,543.1,36,36.2,75.7,,0,0,0
Z0134,2022,575.4,43,53.4,91.9,,0,0,0
Z0134,2023,555.8,34,46.1,98.5,,0,0,0
Z0134,2024,465.6,41,37.1,60.3,,0,0,0
Z0135,2015,278.2,19,29.5,61.0,,1,11,0
Z0135,2016,412.5,29,13.9,20.5,,1,1,0
Z0135,2017,308.9,26,10.0,19.0,,0,0,0
Z0135,2018,460.5,23,37.3,47.6,,1,7,0
Z0135,2019,405.8,26,10.7,12.8,,1,6,0
Z0135,2020,422.9,29,15.2,25.6,,0,0,0
Z0135,2021,623.6,43,10.2,17.8,,0,0,0
Z0135,2022,522.4,25,21.0,32.6,,0,0,0
Z0135,2023,308.9,20,23.3,34.9,,0,0,0
Z0135,2024,376.6,27,10.0,19.0,,0,0,0
Z0136,2015,614.2,33,32.6,60.8,,0,0,0
Z0136,2016,498.6,43,65.6,100.3,,0,0,0
Z0136,2017,343.3,24,31.3,43.7,,0,0,0
Z0136,2018,578.9,44,33.7,58.1,,0,0,0
Z0136,2019,408.9,23,10.0,13.0,,0,0,0
Z0136,2020,391.8,25,10.0,13.8,,0,0,0
Z0136,2021,342.8,26,11.0,17.9,,0,0,0
Z0136,2022,606.8,41,12.8,19.5,,0,0,0
Z0136,2023,531.0,33,10.0,20.3,,0,0,0
Z0136,2024,475.0,36,48.2,59.0,,0,0,0
Z0137,2015,613.4,50,32.3,46.2,,0,0,0
Z0137,2016,371.8,29,12.1,23.0,,0,0,0
Z0137,2017,373.7,24,23.0,46.2,,0,0,0
Z0137,2018,456.1,33,12.1,40.5,,0,0,0
Z0137,2019,311.5,26,10.0,12.8,,0,0,0
Z0137,2020,302.9,24,13.6,23.8,,0,0,0
Z0137,2021,236.9,19,10.0,18.8,,0,0,0
Z0137,2022,530.3,36,10.0,13.6,,0,0,0
Z0137,2023,430.5,34,10.0,12.6,,0,0,0
Z0137,2024,420.6,29,17.2,26.9,,0,0,0
Z0138,2015,536.1,39,12.8,25.1,,0,0,0
Z0138,2016,256.3,17,13.8,18.0,,0,0,0
Z0138,2017,343.9,28,15.8,28.9,,0,0,0
Z0138,2018,375.3,18,17.3,57.4,,1,7,0
Z0138,2019,452.8,31,17.3,41.9,,0,0,0
Z0138,2020,460.8,36,20.0,37.8,,1,6,0
Z0138,2021,368.7,28,15.5,21.3,,1,8,0
Z0138,2022,502.2,43,23.4,47.7,,0,0,0
Z0138,2023,451.9,29,29.4,63.3,,0,0,0
Z0138,2024,347.0,25,18.8,28.8,,1,4,0
Z0139,2015,157.0,8,10.0,16.2,,0,0,0
Z0139,2016,423.9,37,19.5,23.6,,0,0,0
Z0139,2017,367.4,29,25.7,56.3,,0,0,0
Z0139,2018,421.2,33,10.4,15.1,,0,0,0
Z0139,2019,441.9,16,47.4,71.9,,0,0,0
Z0139,2020,362.5,23,22.9,34.1,,0,0,0
Z0139,2021,370.3,26,29.3,37.0,,0,0,0
Z0139,2022,356.6,27,13.9,19.5,,0,0,0
Z0139,2023,353.2,21,42.2,57.9,,0,0,0
Z0139,2024,713.6,46,35.0,49.8,,0,0,0
Z0140,2015,477.0,35,12.3,22.6,,0,0,0
Z0140,2016,458.1,30,14.7,31.5,,0,0,0
Z0140,2017,235.6,14,10.0,17.9,,0,0,0
Z0140,2018,566.9,37,14.7,25.8,,0,0,0
Z0140,2019,318.2,18,24.8,41.0,,0,0,0
Z0140,2020,471.0,37,10.0,14.8,,0,0,0
Z0140,2021,325.8,25,38.0,58.9,,0,0,0
Z0140,2022,684.8,48,25.4,35.1,,0,0,0
Z0140,2023,430.7,32,26.8,34.8,,0,0,0
Z0140,2024,458.1,35,10.0,16.5,,0,0,0
Z0141,2015,435.8,26,16.0,28.2,,0,0,0
Z0141,2016,131.7,8,15.9,22.2,,1,3,0
Z0141,2017,578.9,31,25.2,47.7,,0,0,0
Z0141,2018,346.5,24,17.7,28.3,,0,0,0
Z0141,2019,363.6,21,12.7,17.7,,0,0,0
Z0141,2020,500.2,39,10.0,20.2,,0,0,0
Z0141,2021,311.1,22,10.0,18.1,,0,0,0
Z0141,2022,471.3,36,41.1,70.5,,0,0,0
Z0141,2023,297.6,26,10.0,21.7,,0,0,0
Z0141,2024,784.5,54,31.8,39.7,,0,0,0
Z0142,2015,353.6,23,17.8,29.5,,0,0,0
Z0142,2016,334.9,27,10.5,14.1,,0,0,0
Z0142,2017,455.5,33,44.7,55.3,,0,0,0
Z0142,2018,489.5,39,21.9,40.8,,0,0,0
Z0142,2019,458.2,36,26.2,47.7,,0,0,0
Z0142,2020,571.1,46,42.9,72.4,,0,0,0
Z0142,2021,495.6,37,36.2,73.7,,0,0,0
Z0142,2022,524.0,32,17.8,36.9,,0,0,0
Z0142,2023,476.2,35,17.8,25.3,,0,0,0
Z0142,2024,520.5,40,23.9,42.4,,0,0,0
Z0143,2015,369.6,23,15.1,29.7,,0,0,0
Z0143,2016,440.1,32,19.0,29.4,,0,0,0
Z0143,2017,498.0,41,10.4,22.2,,0,0,0
Z0143,2018,321.0,28,17.0,16.9,,0,0,0
Z0143,2019,430.6,25,24.7,38.2,,0,0,0
Z0143,2020,549.3,39,33.7,47.4,,0,0,0
Z0143,2021,631.0,47,16.5,34.6,,0,0,0
Z0143,2022,645.2,41,26.1,32.9,,0,0,0
Z0143,2023,284.1,29,10.0,18.5,,0,0,0
Z0143,2024,496.8,39,17.0,33.5,,0,0,0
Z0144,2015,412.5,29,30.4,51.0,,0,0,0
Z0144,2016,606.7,46,15.0,21.0,,0,0,0
Z0144,2017,499.9,38,26.9,56.1,,0,0,0
Z0144,2018,347.6,20,21.2,43.9,,0,0,0
Z0144,2019,368.8,26,10.0,21.4,,0,0,0
Z0144,2020,498.7,39,46.5,77.3,,0,0,0
Z0144,2021,449.5,27,10.0,15.9,,0,0,0
Z0144,2022,393.0,21,38.9,84.0,,0,0,0
Z0144,2023,399.0,31,10.0,15.5,,0,0,0
Z0144,2024,467.8,30,20.2,39.2,,1,4,0
Z0145,2015,511.8,35,37.8,52.1,,1,4,0
Z0145,2016,381.0,22,10.0,13.1,,0,0,0
Z0145,2017,499.2,35,15.4,22.2,,0,0,0
Z0145,2018,443.8,33,10.0,20.7,,0,0,0
Z0145,2019,627.2,40,18.5,26.7,,0,0,0
Z0145,2020,533.4,34,21.0,37.3,,0,0,0
Z0145,2021,354.2,18,10.0,18.3,,0,0,0
Z0145,2022,595.2,41,18.1,24.4,,0,0,0
Z0145,2023,375.2,36,36.8,79.0,,0,0,0
Z0145,2024,482.7,28,19.9,40.2,,0,0,0
Z0146,2015,530.6,42,10.0,21.8,,0,0,0
Z0146,2016,440.4,31,20.0,35.8,,0,0,0
Z0146,2017,493.8,41,53.7,86.2,,0,0,0
Z0146,2018,457.2,32,23.5,43.0,,0,0,0
Z0146,2019,406.9,31,30.8,66.0,,0,0,0
Z0146,2020,534.7,38,18.3,29.9,,0,0,0
Z0146,2021,647.2,49,49.7,95.6,,1,23,0
Z0146,2022,500.1,33,21.7,37.8,,0,0,0
Z0146,2023,293.3,20,17.5,27.6,,0,0,0
Z0146,2024,627.2,38,21.6,47.1,,0,0,0
Z0147,2015,423.5,19,27.1,49.8,,1,3,0
Z0147,2016,417.3,35,16.4,34.7,,0,0,0
Z0147,2017,391.7,28,13.3,19.3,,0,0,0
Z0147,2018,343.3,35,16.3,29.8,,0,0,0
Z0147,2019,307.7,21,10.0,15.2,,0,0,0
Z0147,2020,670.4,44,22.2,31.5,,0,0,0
Z0147,2021,451.5,32,19.3,40.5,,0,0,0
Z0147,2022,411.5,29,10.0,19.4,,0,0,0
Z0147,2023,407.2,29,10.0,20.7,,0,0,0
Z0147,2024,770.1,56,44.7,59.2,,0,0,0
Z0148,2015,308.3,17,11.4,17.4,,0,0,0
Z0148,2016,202.4,16,10.0,12.1,,0,0,0
Z0148,2017,318.9,26,13.5,23.9,,0,0,0
Z0148,2018,400.9,26,48.1,80.0,,1,14,0
Z0148,2019,472.2,31,35.0,73.5,,1,2,0
Z0148,2020,416.9,31,24.4,50.5,,0,0,0
Z0148,2021,334.6,22,10.0,21.2,,0,0,0
Z0148,2022,465.9,33,18.9,22.9,,0,0,0
Z0148,2023,337.3,21,10.0,21.5,,0,0,0
Z0148,2024,406.0,28,15.0,18.9,,0,0,0
Z0149,2015,263.3,23,19.3,36.5,,0,0,0
Z0149,2016,303.7,20,36.7,52.5,,0,0,0
Z0149,2017,318.4,18,31.9,64.6,,0,0,0
Z0149,2018,309.4,17,10.0,12.2,,0,0,0
Z0149,2019,449.9,32,26.5,46.0,,0,0,0
Z0149,2020,592.6,38,10.0,21.1,,0,0,0
Z0149,2021,429.5,33,25.0,40.4,,0,0,0
Z0149,2022,654.4,47,10.0,17.1,,0,0,0
Z0149,2023,318.2,24,10.0,18.3,,0,0,0
Z0149,2024,585.8,44,69.1,148.6,,0,0,0
Z0150,2015,357.9,23,17.7,25.7,,0,0,0
Z0150,2016,534.7,42,10.0,13.4,,0,0,0
Z0150,2017,362.1,27,29.3,45.7,,0,0,0
Z0150,2018,362.1,36,43.9,80.1,,0,0,0
Z0150,2019,282.9,15,10.0,17.9,,0,0,0
Z0150,2020,288.0,20,12.5,20.6,,0,0,0
Z0150,2021,284.7,17,14.0,19.6,,0,0,0
Z0150,2022,543.2,40,23.0,31.3,,0,0,0
Z0150,2023,469.4,27,32.5,43.6,,0,0,0
Z0150,2024,521.4,39,10.0,21.5,,0,0,0
Z0151,2015,575.5,44,36.5,58.3,,0,0,0
Z0151,2016,565.8,38,31.6,69.7,,0,0,0
Z0151,2017,207.6,17,10.0,18.8,,0,0,0
Z0151,2018,192.5,13,10.0,12.3,,0,0,0
Z0151,2019,452.8,31,17.1,29.5,,0,0,0
Z0151,2020,574.8,38,33.9,49.6,,0,0,0
Z0151,2021,464.9,31,71.0,124.4,,0,0,0
Z0151,2022,608.9,48,31.6,45.9,,0,0,0
Z0151,2023,356.2,20,15.7,25.6,,0,0,0
Z0151,2024,728.5,54,75.7,115.1,,0,0,0
Z0152,2015,277.2,10,12.6,15.3,,0,0,0
Z0152,2016,388.3,21,23.5,43.4,,0,0,0
Z0152,2017,322.8,20,27.2,40.8,,0,0,0
Z0152,2018,439.2,35,31.1,54.1,,0,0,0
Z0152,2019,502.4,33,41.1,63.7,,1,15,0
Z0152,2020,554.8,38,14.8,23.5,,0,0,0
Z0152,2021,598.9,46,48.4,105.4,,0,0,0
Z0152,2022,429.9,28,10.0,14.9,,0,0,0
Z0152,2023,310.2,26,10.2,13.5,,0,0,0
Z0152,2024,456.4,38,23.5,35.6,,0,0,0
Z0153,2015,443.2,37,10.0,13.9,,0,0,0
Z0153,2016,307.7,15,26.6,56.3,,0,0,0
Z0153,2017,483.2,26,11.8,21.3,,0,0,0
Z0153,2018,649.6,48,18.9,38.6,,0,0,0
Z0153,2019,511.1,33,19.6,37.2,,0,0,0
Z0153,2020,483.2,34,36.3,73.9,,0,0,0
Z0153,2021,442.4,38,10.0,20.3,,0,0,0
Z0153,2022,708.8,47,34.4,51.4,,0,0,0
Z0153,2023,438.0,32,56.7,101.7,,1,5,0
Z0153,2024,629.7,52,10.0,15.4,,0,0,0
Z0154,2015,419.9,31,16.2,34.0,,0,0,0
Z0154,2016,445.6,32,52.6,91.6,,0,0,0
Z0154,2017,410.9,30,33.1,71.4,,1,2,0
Z0154,2018,283.8,21,12.9,19.9,,0,0,0
Z0154,2019,607.1,46,35.3,72.6,,0,0,0
Z0154,2020,682.4,51,52.9,72.4,,0,0,0
Z0154,2021,405.3,26,38.1,67.0,,1,5,0
Z0154,2022,561.3,39,29.0,58.0,,1,4,0
Z0154,2023,492.8,39,31.1,54.1,,1,3,0
Z0154,2024,649.8,53,23.3,46.8,,0,0,0
Z0155,2015,474.0,37,27.5,47.2,,0,0,0
Z0155,2016,283.8,17,16.5,22.8,,0,0,0
Z0155,2017,546.7,43,16.0,31.3,,0,0,0
Z0155,2018,359.8,25,10.0,16.3,,0,0,0
Z0155,2019,423.8,31,10.0,13.3,,0,0,0
Z0155,2020,681.7,46,44.9,79.3,,0,0,0
Z0155,2021,387.4,30,10.4,12.7,,0,0,0
Z0155,2022,491.7,31,27.4,36.2,,0,0,0
Z0155,2023,268.1,21,11.1,14.7,,0,0,0
Z0155,2024,566.2,42,20.7,37.6,,0,0,0
Z0156,2015,346.3,24,12.2,21.4,,0,0,0
Z0156,2016,338.3,22,10.0,14.7,,0,0,0
Z0156,2017,441.1,28,21.1,36.7,,1,6,0
Z0156,2018,531.3,32,16.6,24.3,,0,0,0
Z0156,2019,314.1,26,18.5,31.2,,0,0,0
Z0156,2020,343.0,22,10.0,15.5,,0,0,0
Z0156,2021,438.6,34,17.3,33.3,,1,9,0
Z0156,2022,495.6,35,36.4,73.8,,0,0,0
Z0156,2023,574.0,43,17.8,24.7,,0,0,0
Z0156,2024,536.4,31,23.5,29.6,,0,0,0
Z0157,2015,324.7,19,12.2,21.5,,0,0,0
Z0157,2016,302.1,20,20.1,27.8,,0,0,0
Z0157,2017,360.1,23,29.4,52.2,,0,0,0
Z0157,2018,445.7,38,35.6,69.7,,0,0,0
Z0157,2019,495.9,34,33.1,60.3,,1,5,0
Z0157,2020,489.2,30,24.7,37.2,,0,0,0
Z0157,2021,241.5,14,10.0,14.7,,0,0,0
Z0157,2022,617.5,47,30.4,55.8,,0,0,0
Z0157,2023,464.9,29,10.0,16.3,,0,0,0
Z0157,2024,445.7,46,13.0,18.6,,0,0,0
Z0158,2015,459.0,30,15.0,24.5,,0,0,0
Z0158,2016,517.5,37,26.4,32.9,,0,0,0
Z0158,2017,389.4,24,23.1,28.8,,0,0,0
Z0158,2018,442.3,31,31.4,62.1,,0,0,0
Z0158,2019,329.4,12,10.0,13.9,,0,0,0
Z0158,2020,746.3,59,54.8,66.6,,0,0,0
Z0158,2021,459.0,31,10.0,12.9,,0,0,0
Z0158,2022,538.5,36,36.4,53.8,,0,0,0
Z0158,2023,320.9,27,10.0,19.1,,0,0,0
Z0158,2024,567.2,37,16.1,28.6,,0,0,0
Z0159,2015,384.0,28,10.0,15.3,,1,5,0
Z0159,2016,292.2,18,14.6,27.3,,0,0,0
Z0159,2017,355.3,25,10.0,14.7,,0,0,0
Z0159,2018,312.4,19,26.2,41.2,,1,15,0
Z0159,2019,516.4,30,30.7,64.1,,0,0,0
Z0159,2020,545.0,34,10.0,19.0,,0,0,0
Z0159,2021,576.3,39,34.9,67.2,,0,0,0
Z0159,2022,379.1,25,14.0,23.4,,0,0,0
Z0159,2023,384.0,44,37.5,53.3,,0,0,0
Z0159,2024,685.7,39,14.6,29.9,,0,0,0
Z0160,2015,562.8,43,12.7,20.6,,1,5,0
Z0160,2016,630.2,50,58.9,120.5,,1,9,0
Z0160,2017,395.8,28,10.0,16.6,,0,0,0
Z0160,2018,495.4,32,36.2,49.5,,0,0,0
Z0160,2019,347.3,23,11.7,24.9,,0,0,0
Z0160,2020,679.4,48,10.0,14.4,,0,0,0
Z0160,2021,442.2,33,10.0,12.4,,0,0,0
Z0160,2022,446.9,27,18.8,23.6,,1,2,0
Z0160,2023,354.7,27,16.1,25.6,,0,0,0
Z0160,2024,395.6,21,13.0,26.4,,0,0,0
Z0161,2015,388.2,24,10.1,16.3,,0,0,0
Z0161,2016,289.3,26,16.4,30.7,,0,0,0
Z0161,2017,305.6,18,10.0,18.8,,0,0,0
Z0161,2018,354.2,23,10.0,17.2,,0,0,0
Z0161,2019,331.5,29,10.1,34.5,,0,0,0
Z0161,2020,520.2,35,10.0,21.1,,0,0,0
Z0161,2021,349.8,30,10.0,19.0,,0,0,0
Z0161,2022,465.2,34,23.5,49.8,,0,0,0
Z0161,2023,366.8,25,26.6,53.7,,0,0,0
Z0161,2024,631.3,49,17.5,34.1,,0,0,0
Z0162,2015,307.8,34,10.0,21.9,,1,17,0
Z0162,2016,395.1,21,29.0,61.3,,0,0,0
Z0162,2017,426.9,28,11.3,14.4,,0,0,0
Z0162,2018,395.1,21,18.3,39.9,,0,0,0
Z0162,2019,290.8,12,10.0,18.7,,0,0,0
Z0162,2020,904.9,68,71.2,93.6,,0,0,0
Z0162,2021,308.2,21,14.6,27.4,,0,0,0
Z0162,2022,393.4,22,12.7,21.0,,0,0,0
Z0162,2023,416.3,27,14.6,21.5,,0,0,0
Z0162,2024,396.8,27,20.8,35.8,,0,0,0
Z0163,2015,274.6,19,10.0,20.9,,0,0,0
Z0163,2016,517.5,35,27.9,59.5,,0,0,0
Z0163,2017,518.5,44,16.7,30.5,,0,0,0
Z0163,2018,462.9,33,21.0,41.0,,0,0,0
Z0163,2019,396.4,18,18.8,27.8,,0,0,0
Z0163,2020,499.9,36,54.4,118.8,,0,0,0
Z0163,2021,499.9,21,19.8,35.3,,0,0,0
Z0163,2022,561.6,36,44.5,57.1,,0,0,0
Z0163,2023,449.3,34,14.4,24.2,,0,0,0
Z0163,2024,521.9,38,25.3,34.8,,0,0,0
Z0164,2015,515.2,33,20.9,40.6,,0,0,0
Z0164,2016,286.1,17,10.0,12.6,,0,0,0
Z0164,2017,307.0,24,10.0,16.5,,0,0,0
Z0164,2018,346.2,29,18.0,23.9,,0,0,0
Z0164,2019,320.1,17,10.0,18.6,,0,0,0
Z0164,2020,534.9,37,14.8,28.1,,0,0,0
Z0164,2021,327.1,18,23.6,37.4,,0,0,0
Z0164,2022,580.4,42,35.3,75.9,,0,0,0
Z0164,2023,245.4,19,25.0,42.7,,0,0,0
Z0164,2024,426.0,25,12.7,26.4,,0,0,0
Z0165,2015,229.6,19,10.0,13.6,,0,0,0
Z0165,2016,470.9,32,10.0,13.2,,0,0,0
Z0165,2017,380.8,26,10.0,15.3,,0,0,0
Z0165,2018,500.1,29,10.0,21.6,,0,0,0
Z0165,2019,294.7,23,11.4,18.3,,0,0,0
Z0165,2020,518.2,37,11.4,42.1,,0,0,0
Z0165,2021,500.1,37,44.9,94.7,,0,0,0
Z0165,2022,491.4,32,14.7,21.8,,1,9,0
Z0165,2023,321.1,28,19.6,23.8,,0,0,0
Z0165,2024,441.5,27,13.3,21.0,,0,0,0
Z0166,2015,355.9,23,10.0,15.2,,0,0,0
Z0166,2016,683.1,49,48.9,101.3,,1,18,0
Z0166,2017,481.4,39,10.0,20.5,,0,0,0
Z0166,2018,561.1,42,42.0,62.1,,0,0,0
Z0166,2019,502.3,33,37.9,63.1,,0,0,0
Z0166,2020,440.7,26,35.5,68.0,,0,0,0
Z0166,2021,358.1,28,12.7,20.7,,0,0,0
Z0166,2022,465.6,35,21.0,25.6,,0,0,0
Z0166,2023,364.9,35,20.0,28.9,,0,0,0
Z0166,2024,659.6,47,45.0,70.7,,1,8,0
Z0167,2015,403.3,20,16.1,27.1,,0,0,0
Z0167,2016,472.0,41,11.2,19.6,,0,0,0
Z0167,2017,573.6,48,47.6,81.0,,0,0,0
Z0167,2018,301.2,19,17.6,29.2,,0,0,0
Z0167,2019,496.4,35,39.2,84.8,,0,0,0
Z0167,2020,788.0,61,36.5,79.2,,0,0,0
Z0167,2021,468.2,39,38.8,66.4,,0,0,0
Z0167,2022,517.7,34,15.1,25.8,,0,0,0
Z0167,2023,328.9,20,28.4,50.2,,0,0,0
Z0167,2024,523.2,45,64.5,133.2,,0,0,0
Z0168,2015,323.2,24,16.5,22.4,,0,0,0
Z0168,2016,358.9,28,13.7,22.2,,0,0,0
Z0168,2017,526.4,38,14.8,23.4,,0,0,0
Z0168,2018,367.3,23,16.7,23.0,,0,0,0
Z0168,2019,317.4,23,11.8,17.3,,0,0,0
Z0168,2020,706.7,50,32.6,41.0,,0,0,0
Z0168,2021,377.0,22,27.7,35.1,,0,0,0
Z0168,2022,521.4,32,10.0,16.9,,0,0,0
Z0168,2023,449.6,33,14.8,77.7,,0,0,0
Z0168,2024,329.7,24,10.0,21.3,,1,3,0
Z0169,2015,372.9,33,30.2,43.5,,0,0,0
Z0169,2016,228.7,12,10.0,18.4,,0,0,0
Z0169,2017,355.4,31,25.0,30.5,,0,0,0
Z0169,2018,407.3,25,20.0,41.7,,0,0,0
Z0169,2019,358.2,25,15.1,25.3,,0,0,0
Z0169,2020,400.1,26,21.2,36.9,,0,0,0
Z0169,2021,523.6,39,52.0,83.1,,0,0,0
Z0169,2022,727.6,52,89.1,113.9,,0,0,0
Z0169,2023,366.7,25,13.6,25.3,,0,0,0
Z0169,2024,498.1,37,19.9,34.6,,0,0,0
Z0170,2015,367.3,30,10.0,21.4,,0,0,0
Z0170,2016,375.9,22,10.0,20.8,,0,0,0
Z0170,2017,348.4,20,23.8,24.0,,0,0,0
Z0170,2018,331.3,16,37.0,74.8,,0,0,0
Z0170,2019,510.2,34,61.1,118.1,,0,0,0
Z0170,2020,424.9,30,23.8,31.4,,0,0,0
Z0170,2021,470.7,28,14.2,24.0,,0,0,0
Z0170,2022,419.4,26,11.3,18.0,,0,0,0
Z0170,2023,344.1,25,35.1,71.7,,0,0,0
Z0170,2024,661.8,47,43.3,93.8,,0,0,0
Z0171,2015,544.4,36,24.6,48.8,,0,0,0
Z0171,2016,426.2,31,17.3,22.0,,0,0,0
Z0171,2017,297.8,26,23.3,32.3,,0,0,0
Z0171,2018,472.9,37,39.9,76.8,,0,0,0
Z0171,2019,258.2,19,29.8,42.4,,0,0,0
Z0171,2020,443.6,33,10.4,20.5,,0,0,0
Z0171,2021,240.7,17,10.0,14.4,,0,0,0
Z0171,2022,567.8,38,84.8,168.9,,0,0,0
Z0171,2023,322.8,24,23.3,24.7,,0,0,0
Z0171,2024,345.6,23,11.4,16.4,,0,0,0
Z0172,2015,462.4,29,11.4,16.8,,0,0,0
Z0172,2016,420.1,35,16.7,26.6,,0,0,0
Z0172,2017,565.0,36,29.3,53.4,,0,0,0
Z0172,2018,436.1,31,15.6,26.9,,0,0,0
Z0172,2019,447.6,28,12.4,15.2,,0,0,0
Z0172,2020,499.3,32,13.7,20.6,,0,0,0
Z0172,2021,503.1,29,47.2,67.0,,0,0,0
Z0172,2022,462.4,38,21.9,38.7,,0,0,0
Z0172,2023,391.1,18,15.6,14.6,,0,0,0
Z0172,2024,496.2,29,12.7,18.8,,0,0,0
Z0173,2015,833.0,63,13.1,18.5,,0,0,0
Z0173,2016,297.6,19,12.1,26.0,,0,0,0
Z0173,2017,293.8,21,15.7,25.9,,0,0,0
Z0173,2018,349.1,24,23.8,40.0,,0,0,0
Z0173,2019,415.5,33,10.0,12.9,,0,0,0
Z0173,2020,584.1,47,78.7,124.5,,1,2,0
Z0173,2021,415.5,24,10.0,20.6,,0,0,0
Z0173,2022,576.4,39,63.9,103.5,,0,0,0
Z0173,2023,402.8,29,24.3,30.8,,0,0,0
Z0173,2024,422.6,25,60.3,131.1,,0,0,0
Z0174,2015,358.1,22,10.7,16.6,,0,0,0
Z0174,2016,373.8,23,19.6,24.6,,0,0,0
Z0174,2017,606.7,41,26.5,50.6,,0,0,0
Z0174,2018,457.0,26,10.0,15.9,,0,0,0
Z0174,2019,381.3,20,18.3,36.7,,0,0,0
Z0174,2020,554.6,31,36.4,69.1,,0,0,0
Z0174,2021,529.2,42,24.0,43.5,,0,0,0
Z0174,2022,677.1,42,19.6,86.5,,0,0,0
Z0174,2023,507.1,31,10.0,16.2,,0,0,0
Z0174,2024,607.2,40,35.6,56.5,,0,0,0
Z0175,2015,315.1,21,13.7,18.4,,0,0,0
Z0175,2016,551.3,41,44.1,87.0,,0,0,0
Z0175,2017,474.7,32,28.6,55.0,,0,0,0
Z0175,2018,474.7,52,29.0,52.2,,0,0,0
Z0175,2019,343.3,22,20.3,39.4,,0,0,0
Z0175,2020,460.9,31,10.0,18.9,,0,0,0
Z0175,2021,592.0,37,13.5,16.6,,0,0,0
Z0175,2022,618.2,43,35.5,57.5,,0,0,0
Z0175,2023,394.6,26,10.0,15.0,,0,0,0
Z0175,2024,497.1,28,19.3,32.8,,0,0,0
Z0176,2015,152.0,5,14.1,23.7,,0,0,0
Z0176,2016,453.1,31,17.5,26.0,,0,0,0
Z0176,2017,396.7,20,36.1,56.2,,0,0,0
Z0176,2018,159.4,7,10.0,13.2,,0,0,0
Z0176,2019,385.0,22,13.8,22.1,,0,0,0
Z0176,2020,423.6,33,23.3,37.1,,0,0,0
Z0176,2021,455.4,22,28.4,44.1,,0,0,0
Z0176,2022,607.4,43,30.7,51.1,,1,2,0
Z0176,2023,271.7,20,10.0,12.6,,0,0,0
Z0176,2024,728.7,54,32.7,51.7,,0,0,0
Z0177,2015,286.8,19,19.1,24.4,,0,0,0
Z0177,2016,461.3,37,10.0,19.4,,0,0,0
Z0177,2017,417.9,26,19.1,34.1,,0,0,0
Z0177,2018,450.7,31,16.4,26.2,,0,0,0
Z0177,2019,477.9,31,29.9,36.9,,0,0,0
Z0177,2020,460.0,35,24.7,32.5,,0,0,0
Z0177,2021,460.9,29,12.9,25.2,,0,0,0
Z0177,2022,347.4,24,25.4,37.4,,0,0,0
Z0177,2023,287.0,19,10.0,12.8,,0,0,0
Z0177,2024,563.7,39,40.4,78.9,,0,0,0
Z0178,2015,574.6,38,17.7,49.5,,0,0,0
Z0178,2016,308.1,18,10.0,14.4,,0,0,0
Z0178,2017,487.3,35,12.6,16.7,,0,0,0
Z0178,2018,487.1,29,27.3,36.6,,0,0,0
Z0178,2019,334.2,27,17.7,30.4,,0,0,0
Z0178,2020,741.3,50,58.9,126.9,,0,0,0
Z0178,2021,553.3,34,14.2,23.4,,0,0,0
Z0178,2022,564.2,44,20.9,42.5,,0,0,0
Z0178,2023,394.3,24,16.8,23.4,,0,0,0
Z0178,2024,493.7,32,23.0,33.3,,0,0,0
Z0179,2015,446.4,26,31.7,45.2,,0,0,0
Z0179,2016,296.7,14,10.0,13.8,,0,0,0
Z0179,2017,513.7,34,20.1,27.4,,0,0,0
Z0179,2018,281.9,24,26.0,32.1,,0,0,0
Z0179,2019,434.0,31,47.9,104.3,,0,0,0
Z0179,2020,409.4,35,11.0,21.9,,0,0,0
Z0179,2021,352.5,25,10.0,13.0,,0,0,0
Z0179,2022,474.5,31,85.3,142.6,,0,0,0
Z0179,2023,569.2,45,62.4,132.9,,0,0,0
Z0179,2024,654.2,47,32.2,40.8,,0,0,0
Z0180,2015,584.2,48,18.9,40.6,,0,0,0
Z0180,2016,384.5,19,15.8,25.9,,0,0,0
Z0180,2017,393.9,27,10.0,20.1,,0,0,0
Z0180,2018,709.6,46,60.6,110.2,,0,0,0
Z0180,2019,412.1,24,28.5,50.9,,0,0,0
Z0180,2020,388.0,23,41.1,76.0,,0,0,0
Z0180,2021,376.3,17,24.6,51.9,,0,0,0
Z0180,2022,531.9,43,11.4,17.3,,0,0,0
Z0180,2023,387.2,35,17.6,22.3,,0,0,0
Z0180,2024,506.2,30,12.6,17.0,,0,0,0
Z0181,2015,365.0,28,31.9,39.8,,0,0,0
Z0181,2016,307.0,22,10.0,18.6,,0,0,0
Z0181,2017,434.9,34,27.7,44.7,,1,1,0
Z0181,2018,519.1,34,46.9,100.6,,0,0,0
Z0181,2019,279.2,17,21.9,42.7,,1,12,0
Z0181,2020,466.1,30,20.3,24.8,,0,0,0
Z0181,2021,295.6,10,10.0,12.9,,0,0,0
Z0181,2022,881.6,62,38.6,83.1,,1,6,0
Z0181,2023,379.3,32,30.1,62.7,,0,0,0
Z0181,2024,655.2,45,23.4,37.6,,1,2,0
Z0182,2015,373.4,29,10.0,12.7,,0,0,0
Z0182,2016,392.5,30,10.0,12.0,,0,0,0
Z0182,2017,292.1,32,14.6,27.6,,0,0,0
Z0182,2018,402.3,24,10.0,13.3,,0,0,0
Z0182,2019,509.9,36,10.0,14.5,,0,0,0
Z0182,2020,622.1,42,11.4,16.6,,1,2,0
Z0182,2021,703.9,51,32.3,63.0,,0,0,0
Z0182,2022,502.4,32,22.6,29.3,,1,8,0
Z0182,2023,485.7,28,31.2,59.2,,0,0,0
Z0182,2024,485.7,33,12.0,16.5,,1,7,0
Z0183,2015,514.5,34,21.4,29.6,,0,0,0
Z0183,2016,264.8,21,10.0,20.0,,0,0,0
Z0183,2017,439.9,27,17.5,21.2,,0,0,0
Z0183,2018,545.4,45,40.8,73.2,,0,0,0
Z0183,2019,583.3,43,21.3,19.4,,0,0,0
Z0183,2020,767.4,54,43.9,94.2,,0,0,0
Z0183,2021,586.3,34,38.9,82.5,,0,0,0
Z0183,2022,584.3,50,21.3,31.0,,0,0,0
Z0183,2023,303.9,26,10.0,17.6,,0,0,0
Z0183,2024,348.2,27,10.0,20.8,,0,0,0
Z0184,2015,362.7,23,13.8,17.7,,0,0,0
Z0184,2016,220.8,6,10.0,18.2,,0,0,0
Z0184,2017,646.7,40,17.1,20.8,,1,2,0
Z0184,2018,420.8,35,14.3,31.4,,0,0,0
Z0184,2019,362.7,19,12.2,15.5,,0,0,0
Z0184,2020,302.5,24,10.0,15.8,,0,0,0
Z0184,2021,420.0,32,29.5,58.4,,1,2,0
Z0184,2022,349.2,23,14.3,18.6,,0,0,0
Z0184,2023,247.5,19,17.0,35.2,,0,0,0
Z0184,2024,398.2,27,25.3,41.5,,0,0,0
Z0185,2015,478.7,43,27.0,37.2,,1,12,0
Z0185,2016,431.2,35,21.9,47.1,,0,0,0
Z0185,2017,198.3,14,17.6,31.2,,0,0,0
Z0185,2018,489.8,30,45.9,71.9,,0,0,0
Z0185,2019,460.7,30,13.7,23.5,,1,8,0
Z0185,2020,493.0,36,10.0,12.2,,0,0,0
Z0185,2021,282.7,18,20.6,35.6,,0,0,0
Z0185,2022,578.6,41,17.4,25.8,,1,11,0
Z0185,2023,584.7,42,14.6,24.5,,0,0,0
Z0185,2024,627.9,49,14.7,31.1,,0,0,0
Z0186,2015,493.6,38,34.8,64.9,,0,0,0
Z0186,2016,358.4,29,19.3,35.1,,0,0,0
Z0186,2017,571.4,42,25.0,50.9,,0,0,0
Z0186,2018,280.4,19,12.7,18.8,,0,0,0
Z0186,2019,425.8,28,28.1,43.9,,0,0,0
Z0186,2020,628.1,47,39.0,73.4,,1,8,0
Z0186,2021,601.3,40,10.0,20.2,,0,0,0
Z0186,2022,599.7,46,14.3,28.9,,0,0,0
Z0186,2023,526.4,37,56.4,94.7,,0,0,0
Z0186,2024,507.9,33,10.5,20.3,,0,0,0
Z0187,2015,333.6,27,11.5,14.6,,0,0,0
Z0187,2016,505.5,39,15.9,24.0,,0,0,0
Z0187,2017,505.8,33,34.7,47.6,,0,0,0
Z0187,2018,510.5,35,10.0,16.8,,0,0,0
Z0187,2019,305.4,18,16.5,33.8,,0,0,0
Z0187,2020,468.7,37,27.2,43.2,,0,0,0
Z0187,2021,313.8,23,14.5,19.3,,0,0,0
Z0187,2022,457.9,36,18.1,27.0,,0,0,0
Z0187,2023,316.0,25,10.0,19.6,,0,0,0
Z0187,2024,534.2,38,15.7,33.7,,0,0,0
Z0188,2015,328.6,20,13.4,23.6,,0,0,0
Z0188,2016,296.9,21,26.3,56.4,,0,0,0
Z0188,2017,281.8,24,18.8,25.8,,0,0,0
Z0188,2018,276.2,14,19.9,37.1,,0,0,0
Z0188,2019,533.7,36,34.0,71.1,,0,0,0
Z0188,2020,413.9,24,17.2,28.9,,0,0,0
Z0188,2021,577.7,37,73.1,140.3,,0,0,0
Z0188,2022,517.7,34,16.4,33.0,,0,0,0
Z0188,2023,412.0,30,21.3,43.3,,1,13,0
Z0188,2024,626.3,47,31.0,63.5,,1,4,0
Z0189,2015,326.7,22,14.6,25.8,,0,0,0
Z0189,2016,409.9,29,16.6,27.7,,0,0,0
Z0189,2017,348.9,29,25.4,40.2,,0,0,0
Z0189,2018,609.2,43,12.0,22.5,,0,0,0
Z0189,2019,362.7,26,10.0,14.2,,0,0,0
Z0189,2020,478.4,30,20.7,39.6,,0,0,0
Z0189,2021,251.6,16,10.0,16.3,,0,0,0
Z0189,2022,659.5,44,25.8,36.1,,0,0,0
Z0189,2023,396.5,22,43.7,84.3,,0,0,0
Z0189,2024,419.0,29,35.1,58.5,,0,0,0
Z0190,2015,407.4,30,44.4,91.5,,0,0,0
Z0190,2016,648.4,51,27.3,47.6,,0,0,0
Z0190,2017,457.2,26,68.1,105.1,,1,8,0
Z0190,2018,455.0,25,19.7,37.8,,0,0,0
Z0190,2019,232.4,18,10.5,16.9,,0,0,0
Z0190,2020,274.4,9,10.0,19.6,,0,0,0
Z0190,2021,489.4,38,24.3,39.0,,0,0,0
Z0190,2022,662.5,45,33.5,70.1,,0,0,0
Z0190,2023,386.2,28,23.9,48.8,,0,0,0
Z0190,2024,387.6,28,10.4,21.2,,0,0,0
Z0191,2015,580.6,46,10.0,20.1,,0,0,0
Z0191,2016,508.8,43,16.5,20.9,,0,0,0
Z0191,2017,307.9,18,16.5,34.8,,0,0,0
Z0191,2018,376.3,25,20.4,28.2,,0,0,0
Z0191,2019,387.1,24,15.6,28.0,,0,0,0
Z0191,2020,447.1,32,47.1,78.2,,1,1,0
Z0191,2021,582.2,39,13.5,24.8,,0,0,0
Z0191,2022,308.7,26,16.6,22.3,,0,0,0
Z0191,2023,505.4,36,16.5,51.0,,1,2,0
Z0191,2024,524.6,38,22.7,48.1,,0,0,0
Z0192,2015,334.8,17,32.8,44.4,,1,20,0
Z0192,2016,423.0,28,10.0,12.5,,0,0,0
Z0192,2017,307.4,28,14.7,19.7,,0,0,0
Z0192,2018,293.1,21,10.0,12.8,,0,0,0
Z0192,2019,430.6,28,10.0,14.6,,1,1,0
Z0192,2020,563.5,36,11.7,23.9,,0,0,0
Z0192,2021,503.1,40,15.6,22.2,,0,0,0
Z0192,2022,315.9,24,10.3,19.2,,0,0,0
Z0192,2023,423.0,33,10.0,17.5,,0,0,0
Z0192,2024,543.7,40,27.1,56.3,,0,0,0
Z0193,2015,407.8,32,12.0,21.1,,0,0,0
Z0193,2016,503.7,34,28.1,46.2,,0,0,0
Z0193,2017,453.3,33,12.3,26.5,,0,0,0
Z0193,2018,398.1,26,20.7,39.9,,0,0,0
Z0193,2019,350.1,32,21.2,46.2,,0,0,0
Z0193,2020,294.9,23,10.0,15.9,,0,0,0
Z0193,2021,366.1,25,22.7,44.9,,0,0,0
Z0193,2022,568.5,37,35.4,47.5,,0,0,0
Z0193,2023,406.4,26,10.0,15.8,,0,0,0
Z0193,2024,590.8,39,21.0,44.7,,0,0,0
Z0194,2015,705.1,43,21.4,27.0,,0,0,0
Z0194,2016,690.8,53,122.0,259.9,,1,5,0
Z0194,2017,460.7,33,17.5,35.5,,0,0,0
Z0194,2018,560.1,34,43.5,71.9,,1,8,0
Z0194,2019,927.3,67,67.1,130.8,,0,0,0
Z0194,2020,1019.6,72,37.4,49.3,,0,0,0
Z0194,2021,683.9,53,14.7,26.1,,1,1,0
Z0194,2022,649.7,56,30.0,50.2,,0,0,0
Z0194,2023,784.4,51,39.4,49.1,,1,10,0
Z0194,2024,754.3,52,100.2,171.3,,1,9,0
Z0195,2015,854.9,60,99.0,212.9,,0,0,0
Z0195,2016,669.9,50,25.0,46.3,,0,0,0
Z0195,2017,754.1,55,26.5,51.6,,0,0,0
Z0195,2018,1056.8,71,110.0,241.8,,1,7,0
Z0195,2019,569.4,38,18.8,40.8,,0,0,0
Z0195,2020,679.2,48,33.2,44.2,,0,0,0
Z0195,2021,545.5,34,46.0,76.2,,0,0,0
Z0195,2022,571.0,37,35.9,45.0,,0,0,0
Z0195,2023,673.0,46,13.9,22.4,,0,0,0
Z0195,2024,888.9,63,17.4,31.8,,0,0,0
Z0196,2015,493.1,31,15.1,27.6,,0,0,0
Z0196,2016,468.1,33,28.8,60.2,,0,0,0
Z0196,2017,720.0,50,34.2,45.9,,1,3,0
Z0196,2018,771.6,53,60.8,95.3,,0,0,0
Z0196,2019,488.4,30,15.6,20.8,,1,5,0
Z0196,2020,845.1,63,51.4,110.4,,1,4,0
Z0196,2021,690.5,52,10.0,15.7,,1,6,0
Z0196,2022,1012.0,74,40.0,86.9,,1,6,0
Z0196,2023,881.0,63,35.2,65.5,,0,0,0
Z0196,2024,732.7,59,32.0,57.6,,0,0,0
Z0197,2015,784.5,56,41.2,66.2,,0,0,0
Z0197,2016,770.2,53,26.1,55.3,,0,0,0
Z0197,2017,865.1,63,17.0,32.1,,0,0,0
Z0197,2018,816.4,54,42.8,58.9,,0,0,0
Z0197,2019,752.6,47,46.8,102.5,,0,0,0
Z0197,2020,956.6,66,68.6,129.1,,0,0,0
Z0197,2021,764.6,62,41.2,74.4,,0,0,0
Z0197,2022,914.1,61,15.8,25.4,,0,0,0
Z0197,2023,596.1,41,45.6,57.8,,0,0,0
Z0197,2024,833.2,53,30.6,63.1,,0,0,0
Z0198,2015,853.2,66,29.2,41.6,,0,0,0
Z0198,2016,942.0,64,17.3,24.4,,0,0,0
Z0198,2017,524.6,32,31.3,46.1,,0,0,0
Z0198,2018,675.1,49,39.7,85.9,,0,0,0
Z0198,2019,1156.4,81,42.2,58.7,,0,0,0
Z0198,2020,881.0,62,30.9,40.3,,0,0,0
Z0198,2021,604.8,39,22.3,46.8,,0,0,0
Z0198,2022,1129.3,82,34.4,46.2,,0,0,0
Z0198,2023,739.7,54,37.8,64.9,,0,0,0
Z0198,2024,626.7,46,34.0,66.0,,0,0,0
Z0199,2015,500.3,34,46.1,69.7,,1,8,0
Z0199,2016,915.4,67,51.7,65.0,,1,7,0
Z0199,2017,691.7,54,10.0,14.1,,1,4,0
Z0199,2018,614.0,42,31.1,46.3,,1,2,0
Z0199,2019,738.2,54,35.8,58.1,,1,15,0
Z0199,2020,604.8,38,19.5,34.7,,1,11,0
Z0199,2021,652.7,44,35.8,77.8,,1,4,0
Z0199,2022,856.6,63,84.6,152.5,,1,6,0
Z0199,2023,841.3,61,10.0,18.1,,1,10,0
Z0199,2024,1095.6,76,90.3,195.4,,1,3,0
Z0200,2015,1011.6,70,46.7,62.9,,0,0,0
Z0200,2016,803.7,60,26.7,40.4,,0,0,0
Z0200,2017,750.9,58,10.5,15.7,,0,0,0
Z0200,2018,916.9,67,36.7,53.9,,1,1,0
Z0200,2019,684.2,46,30.8,39.1,,0,0,0
Z0200,2020,744.8,50,71.4,141.2,,0,0,0
Z0200,2021,541.5,37,20.0,41.6,,0,0,0
Z0200,2022,1567.3,90,124.5,200.9,,1,5,0
Z0200,2023,747.4,51,53.1,113.4,,0,0,0
Z0200,2024,889.6,63,42.7,71.3,,0,0,0
Z0201,2015,800.7,55,30.6,51.0,,0,0,0
Z0201,2016,633.9,44,22.8,43.0,,0,0,0
Z0201,2017,840.5,64,49.3,73.5,,0,0,0
Z0201,2018,525.9,35,10.0,20.0,,0,0,0
Z0201,2019,555.7,46,28.1,57.6,,1,1,0
Z0201,2020,643.6,42,75.9,162.1,,1,10,0
Z0201,2021,752.5,49,32.2,65.7,,1,12,0
Z0201,2022,753.1,55,25.4,36.4,,0,0,0
Z0201,2023,555.1,26,20.6,44.6,,1,8,0
Z0201,2024,610.5,45,18.2,22.6,,0,0,0
Z0202,2015,497.3,36,23.7,44.3,,0,0,0
Z0202,2016,752.8,56,18.9,23.5,,0,0,0
Z0202,2017,866.5,65,39.8,54.6,,1,3,0
Z0202,2018,752.8,57,63.5,127.3,,1,4,0
Z0202,2019,612.2,44,30.1,48.5,,1,3,0
Z0202,2020,875.0,60,87.9,171.2,,1,12,0
Z0202,2021,720.2,47,49.7,80.7,,1,1,0
Z0202,2022,761.1,58,20.4,26.3,,0,0,0
Z0202,2023,627.3,40,10.0,17.7,,0,0,0
Z0202,2024,789.3,56,30.2,41.8,,1,2,0
Z0203,2015,918.4,73,65.5,129.0,,1,25,0
Z0203,2016,390.4,28,13.3,20.0,,0,0,0
Z0203,2017,605.7,43,35.0,44.2,,0,0,0
Z0203,2018,608.2,38,24.4,35.0,,1,4,0
Z0203,2019,527.9,40,10.0,16.5,,1,2,0
Z0203,2020,1074.1,75,26.9,42.2,,0,0,0
Z0203,2021,758.8,48,25.7,39.0,,1,6,0
Z0203,2022,1145.8,81,38.8,80.7,,1,3,0
Z0203,2023,770.4,52,16.0,30.4,,0,0,0
Z0203,2024,538.0,34,18.1,26.6,,0,0,0
Z0204,2015,818.6,59,15.5,21.6,,0,0,0
Z0204,2016,505.6,34,25.6,39.6,,0,0,0
Z0204,2017,706.9,54,66.3,120.2,,0,0,0
Z0204,2018,589.2,48,11.8,16.7,,1,3,0
Z0204,2019,713.8,56,17.2,30.1,,0,0,0
Z0204,2020,873.1,57,49.8,72.7,,0,0,0
Z0204,2021,629.5,45,10.0,19.0,,0,0,0
Z0204,2022,958.1,77,47.3,86.3,,0,0,0
Z0204,2023,743.4,54,43.6,90.7,,1,4,0
Z0204,2024,1020.8,76,51.3,73.9,,0,0,0
Z0205,2015,599.3,36,10.0,13.0,,0,0,0
Z0205,2016,582.0,45,16.3,19.7,,0,0,0
Z0205,2017,771.9,58,10.0,20.7,,1,22,0
Z0205,2018,589.6,38,35.4,56.8,,0,0,0
Z0205,2019,782.4,50,48.1,87.8,,1,7,0
Z0205,2020,477.1,41,20.5,41.0,,0,0,0
Z0205,2021,851.5,67,67.1,83.4,,1,8,0
Z0205,2022,1306.2,89,17.7,37.7,,0,0,0
Z0205,2023,732.3,52,19.6,37.9,,0,0,0
Z0205,2024,1072.9,76,55.2,104.1,,0,0,0
Z0206,2015,940.6,66,34.0,52.8,,0,0,0
Z0206,2016,731.8,52,41.7,79.7,,1,9,0
Z0206,2017,585.7,39,14.8,32.6,,1,1,0
Z0206,2018,643.7,42,43.9,86.2,,0,0,0
Z0206,2019,870.5,55,12.2,15.5,,0,0,0
Z0206,2020,610.7,36,51.5,102.7,,1,10,0
Z0206,2021,607.6,37,42.9,76.6,,1,9,0
Z0206,2022,724.3,50,47.8,84.0,,0,0,0
Z0206,2023,523.7,44,21.2,41.5,,0,0,0
Z0206,2024,1219.5,89,75.1,99.6,,1,3,0
Z0207,2015,628.5,39,24.4,39.8,,0,0,0
Z0207,2016,632.1,46,66.0,117.3,,0,0,0
Z0207,2017,691.1,52,22.5,47.4,,1,3,0
Z0207,2018,374.5,28,13.9,17.4,,0,0,0
Z0207,2019,436.9,28,10.9,19.6,,0,0,0
Z0207,2020,597.1,40,28.7,57.5,,0,0,0
Z0207,2021,713.4,52,97.6,123.7,,1,4,0
Z0207,2022,769.2,58,43.6,75.0,,0,0,0
Z0207,2023,492.8,36,51.3,102.8,,1,5,0
Z0207,2024,461.9,36,10.6,12.9,,0,0,0
Z0208,2015,472.7,31,14.9,22.8,,0,0,0
Z0208,2016,413.3,30,20.2,31.9,,0,0,0
Z0208,2017,445.2,33,21.8,43.1,,0,0,0
Z0208,2018,431.2,31,24.4,46.1,,0,0,0
Z0208,2019,570.4,42,10.0,13.5,,0,0,0
Z0208,2020,617.1,37,26.8,39.6,,0,0,0
Z0208,2021,376.1,27,10.0,17.2,,0,0,0
Z0208,2022,504.3,32,10.1,19.0,,0,0,0
Z0208,2023,376.0,32,32.0,45.7,,0,0,0
Z0208,2024,673.1,46,18.1,29.0,,0,0,0
Z0209,2015,450.2,28,44.2,71.4,,1,2,0
Z0209,2016,597.9,37,56.4,108.6,,1,11,0
Z0209,2017,396.2,24,36.1,68.3,,0,0,0
Z0209,2018,363.2,21,10.0,17.8,,0,0,0
Z0209,2019,508.3,36,13.4,29.1,,0,0,0
Z0209,2020,528.0,42,15.5,29.9,,1,1,0
Z0209,2021,413.7,27,25.6,40.4,,1,4,0
Z0209,2022,666.7,48,10.0,15.2,,0,0,0
Z0209,2023,438.4,24,13.2,22.4,,1,15,0
Z0209,2024,935.1,65,42.1,92.1,,1,2,0
Z0210,2015,591.6,42,38.2,53.2,,0,0,0
Z0210,2016,692.1,49,23.9,50.3,,0,0,0
Z0210,2017,370.3,25,42.8,75.1,,0,0,0
Z0210,2018,331.9,33,10.0,16.1,,0,0,0
Z0210,2019,435.1,33,37.7,71.3,,0,0,0
Z0210,2020,663.7,47,42.5,71.7,,0,0,0
Z0210,2021,339.3,25,11.5,16.0,,0,0,0
Z0210,2022,630.3,43,24.6,40.3,,0,0,0
Z0210,2023,388.8,25,21.9,40.9,,0,0,0
Z0210,2024,563.6,41,26.4,46.4,,0,0,0
Z0211,2015,401.6,34,13.3,20.0,,0,0,0
Z0211,2016,517.8,32,27.8,40.3,,0,0,0
Z0211,2017,491.8,27,20.0,31.2,,1,5,0
Z0211,2018,620.5,45,24.5,38.1,,0,0,0
Z0211,2019,348.2,22,17.2,30.8,,1,21,0
Z0211,2020,631.8,36,10.0,20.8,,1,15,0
Z0211,2021,452.6,30,19.9,41.3,,1,3,0
Z0211,2022,915.0,69,14.9,26.7,,1,15,0
Z0211,2023,557.9,44,29.0,55.7,,1,11,0
Z0211,2024,623.7,47,19.9,22.4,,1,11,0
Z0212,2015,587.5,44,79.7,120.0,,0,0,0
Z0212,2016,355.5,24,16.2,30.2,,0,0,0
Z0212,2017,397.4,29,10.0,15.7,,0,0,0
Z0212,2018,643.0,49,30.3,49.6,,0,0,0
Z0212,2019,468.3,37,19.4,42.1,,0,0,0
Z0212,2020,708.8,51,81.3,172.2,,0,0,0
Z0212,2021,442.0,31,11.6,20.8,,0,0,0
Z0212,2022,571.2,43,29.8,47.4,,0,0,0
Z0212,2023,593.1,41,30.4,37.6,,0,0,0
Z0212,2024,508.5,37,26.6,41.1,,0,0,0
Z0213,2015,695.6,40,67.6,132.8,,0,0,0
Z0213,2016,477.1,21,40.4,63.8,,0,0,0
Z0213,2017,556.1,42,38.0,60.5,,0,0,0
Z0213,2018,729.6,50,62.6,120.0,,0,0,0
Z0213,2019,570.0,37,41.3,53.6,,0,0,0
Z0213,2020,438.8,28,10.0,15.3,,0,0,0
Z0213,2021,424.3,34,25.5,42.6,,0,0,0
Z0213,2022,877.2,58,21.6,33.3,,0,0,0
Z0213,2023,863.6,62,39.1,55.0,,0,0,0
Z0213,2024,679.2,43,74.9,133.3,,0,0,0
Z0214,2015,284.2,21,13.0,16.2,,0,0,0
Z0214,2016,473.2,36,13.8,25.9,,0,0,0
Z0214,2017,694.9,47,24.5,49.7,,0,0,0
Z0214,2018,432.1,29,20.0,35.5,,0,0,0
Z0214,2019,409.5,36,11.0,22.7,,0,0,0
Z0214,2020,586.3,42,66.7,85.0,,0,0,0
Z0214,2021,553.0,41,10.0,18.5,,0,0,0
Z0214,2022,619.8,38,16.4,23.4,,0,0,0
Z0214,2023,432.9,35,30.0,45.9,,0,0,0
Z0214,2024,635.3,45,19.0,23.9,,0,0,0
Z0215,2015,553.6,36,27.5,49.8,,1,1,0
Z0215,2016,538.6,40,23.3,35.5,,0,0,0
Z0215,2017,498.0,33,19.0,31.4,,0,0,0
Z0215,2018,397.6,24,13.6,16.8,,0,0,0
Z0215,2019,540.2,38,58.6,118.5,,1,19,0
Z0215,2020,599.4,49,30.8,48.6,,0,0,0
Z0215,2021,380.5,22,15.1,24.3,,1,2,0
Z0215,2022,494.5,33,16.7,22.2,,1,8,0
Z0215,2023,253.5,22,21.3,27.8,,0,0,0
Z0215,2024,579.6,36,39.9,82.6,,0,0,0
Z0216,2015,488.7,33,39.9,50.9,,0,0,0
Z0216,2016,579.7,39,61.3,107.3,,0,0,0
Z0216,2017,428.7,35,28.1,56.9,,0,0,0
Z0216,2018,393.7,33,12.4,25.1,,0,0,0
Z0216,2019,589.4,38,18.7,35.3,,0,0,0
Z0216,2020,848.9,64,45.6,87.5,,0,0,0
Z0216,2021,506.5,36,18.7,56.2,,0,0,0
Z0216,2022,513.6,42,10.0,17.0,,0,0,0
Z0216,2023,349.0,27,10.0,12.6,,0,0,0
Z0216,2024,269.4,16,10.0,21.6,,0,0,0
Z0217,2015,711.3,46,16.5,29.8,,0,0,0
Z0217,2016,397.6,26,22.2,46.5,,0,0,0
Z0217,2017,549.0,39,20.8,25.4,,0,0,0
Z0217,2018,501.0,38,16.6,34.3,,0,0,0
Z0217,2019,388.3,24,10.0,21.9,,0,0,0
Z0217,2020,616.6,46,17.3,22.1,,0,0,0
Z0217,2021,483.1,36,21.9,47.9,,0,0,0
Z0217,2022,690.8,47,28.2,40.7,,0,0,0
Z0217,2023,418.8,31,11.7,14.2,,0,0,0
Z0217,2024,549.5,42,59.4,83.7,,0,0,0
Z0218,2015,636.0,54,22.0,40.7,,0,0,0
Z0218,2016,493.2,33,31.7,50.5,,0,0,0
Z0218,2017,500.8,37,33.5,42.8,,0,0,0
Z0218,2018,377.6,32,18.1,28.3,,0,0,0
Z0218,2019,419.3,37,15.4,30.3,,0,0,0
Z0218,2020,646.0,45,47.2,70.2,,0,0,0
Z0218,2021,372.7,23,36.1,62.1,,0,0,0
Z0218,2022,721.2,53,50.1,82.9,,0,0,0
Z0218,2023,637.6,45,10.0,17.8,,0,0,0
Z0218,2024,794.1,57,27.2,33.2,,0,0,0
Z0219,2015,735.4,50,32.9,40.5,,0,0,0
Z0219,2016,494.7,34,55.9,122.6,,0,0,0
Z0219,2017,776.9,52,59.3,128.3,,0,0,0
Z0219,2018,303.6,20,25.1,13.9,,0,0,0
Z0219,2019,490.8,41,16.1,28.2,,0,0,0
Z0219,2020,744.2,46,13.4,24.2,,0,0,0
Z0219,2021,499.2,33,10.0,18.8,,0,0,0
Z0219,2022,514.9,34,25.1,52.8,,0,0,0
Z0219,2023,512.5,31,10.0,13.5,,0,0,0
Z0219,2024,904.9,69,52.5,67.6,,0,0,0
Z0220,2015,510.9,37,31.7,45.8,,0,0,0
Z0220,2016,409.8,27,22.7,43.2,,0,0,0
Z0220,2017,502.6,35,10.0,19.3,,1,3,0
Z0220,2018,646.7,46,10.0,17.6,,1,5,0
Z0220,2019,597.2,46,32.4,48.8,,1,9,0
Z0220,2020,948.6,70,10.0,20.0,,0,0,0
Z0220,2021,455.1,39,24.0,33.7,,0,0,0
Z0220,2022,568.0,46,47.0,86.0,,0,0,0
Z0220,2023,654.5,47,21.7,34.7,,0,0,0
Z0220,2024,497.2,33,10.0,12.7,,0,0,0
Z0221,2015,381.5,24,22.4,30.9,,0,0,0
Z0221,2016,389.4,28,66.2,115.6,,0,0,0
Z0221,2017,434.0,36,39.8,58.2,,0,0,0
Z0221,2018,593.4,42,55.5,82.4,,0,0,0
Z0221,2019,438.8,32,20.9,42.3,,0,0,0
Z0221,2020,728.3,46,74.1,147.6,,0,0,0
Z0221,2021,640.0,38,20.1,42.5,,0,0,0
Z0221,2022,398.4,35,10.8,19.0,,0,0,0
Z0221,2023,557.6,36,32.6,63.9,,0,0,0
Z0221,2024,763.4,53,42.8,54.6,,0,0,0
Z0222,2015,308.4,20,10.8,22.5,,0,0,0
Z0222,2016,439.3,40,15.5,23.8,,0,0,0
Z0222,2017,429.6,30,66.6,98.3,,0,0,0
Z0222,2018,757.5,56,39.3,84.1,,0,0,0
Z0222,2019,601.0,43,43.7,72.9,,0,0,0
Z0222,2020,675.0,48,26.0,39.5,,0,0,0
Z0222,2021,562.1,34,21.1,28.5,,0,0,0
Z0222,2022,378.3,31,25.9,49.5,,0,0,0
Z0222,2023,568.0,38,18.1,35.8,,0,0,0
Z0222,2024,825.7,63,21.4,29.3,,0,0,0
Z0223,2015,539.05,35,10.0,16.3,,0,0,0
Z0223,2016,550.4,39,73.3,129.6,,0,0,0
Z0223,2017,425.5,24,24.8,45.3,,0,0,0
Z0223,2018,515.9,30,27.3,51.1,,0,0,0
Z0223,2019,614.8,45,57.0,98.1,,1,13,0
Z0223,2020,539.05,37,28.3,56.2,,0,0,0
Z0223,2021,591.5,38,22.3,36.3,,1,4,0
Z0223,2022,527.7,39,37.3,75.2,,0,0,0
Z0223,2023,473.3,36,10.0,15.2,,0,0,0
Z0223,2024,654.1,44,82.9,111.8,,1,5,0
Z0224,2015,569.8,35,10.0,21.3,,0,0,0
Z0224,2016,323.6,22,33.7,72.3,,0,0,0
Z0224,2017,393.4,27,12.6,26.0,,0,0,0
Z0224,2018,658.0,39,28.6,59.1,,0,0,0
Z0224,2019,621.3,48,18.7,26.1,,0,0,0
Z0224,2020,449.1,37,12.7,24.7,,1,4,0
Z0224,2021,596.6,40,11.0,13.6,,1,5,0
Z0224,2022,614.1,43,26.2,43.0,,0,0,0
Z0224,2023,325.6,19,10.9,22.3,,0,0,0
Z0224,2024,569.8,41,17.3,30.0,,0,0,0
Z0225,2015,735.8,53,33.1,60.9,,0,0,0
Z0225,2016,299.8,22,25.1,44.6,,0,0,0
Z0225,2017,293.0,23,18.6,38.3,,0,0,0
Z0225,2018,700.1,46,63.0,124.8,,0,0,0
Z0225,2019,522.3,36,51.0,70.5,,0,0,0
Z0225,2020,676.2,53,33.1,45.5,,0,0,0
Z0225,2021,516.4,33,23.1,29.9,,0,0,0
Z0225,2022,536.2,33,44.0,70.3,,0,0,0
Z0225,2023,352.5,26,33.8,54.0,,0,0,0
Z0225,2024,633.8,54,23.7,34.4,,0,0,0
Z0226,2015,480.9,38,30.6,62.5,,0,0,0
Z0226,2016,648.7,46,21.0,30.7,,0,0,0
Z0226,2017,373.6,32,21.7,43.6,,0,0,0
Z0226,2018,480.9,42,50.2,94.7,,0,0,0
Z0226,2019,375.4,24,30.6,52.4,,0,0,0
Z0226,2020,820.1,62,47.2,57.1,,0,0,0
Z0226,2021,441.2,29,39.2,70.9,,0,0,0
Z0226,2022,466.7,33,11.2,23.7,,0,0,0
Z0226,2023,594.2,34,37.3,55.3,,0,0,0
Z0226,2024,787.7,53,37.5,58.3,,0,0,0
Z0227,2015,582.5,36,10.8,23.2,,0,0,0
Z0227,2016,515.1,34,10.0,19.8,,0,0,0
Z0227,2017,444.7,27,13.9,22.3,,0,0,0
Z0227,2018,312.3,23,13.1,22.8,,0,0,0
Z0227,2019,817.2,50,20.5,28.0,,0,0,0
Z0227,2020,666.8,50,55.5,111.3,,0,0,0
Z0227,2021,520.4,41,11.3,17.8,,0,0,0
Z0227,2022,552.9,35,27.0,42.6,,0,0,0
Z0227,2023,287.8,24,13.9,29.5,,0,0,0
Z0227,2024,644.5,49,28.5,61.3,,0,0,0
Z0228,2015,544.7,37,10.0,21.8,,0,0,0
Z0228,2016,349.4,29,25.5,55.9,,0,0,0
Z0228,2017,864.2,58,63.0,89.8,,0,0,0
Z0228,2018,503.6,39,14.4,18.2,,0,0,0
Z0228,2019,441.6,30,10.3,20.5,,0,0,0
Z0228,2020,663.9,39,58.0,125.7,,0,0,0
Z0228,2021,470.6,36,24.5,52.4,,0,0,0
Z0228,2022,382.1,27,14.3,30.1,,0,0,0
Z0228,2023,432.1,33,10.0,20.9,,0,0,0
Z0228,2024,587.2,43,56.6,79.5,,0,0,0
Z0229,2015,864.6,68,32.1,67.3,,0,0,0
Z0229,2016,578.9,36,22.5,48.4,,1,4,0
Z0229,2017,497.5,30,37.5,78.7,,1,15,0
Z0229,2018,383.8,28,33.2,65.0,,1,2,0
Z0229,2019,606.8,37,34.1,51.0,,0,0,0
Z0229,2020,895.6,65,34.0,44.5,,0,0,0
Z0229,2021,448.7,29,14.4,20.5,,0,0,0
Z0229,2022,419.1,30,33.2,14.9,,0,0,0
Z0229,2023,780.2,61,30.9,66.7,,0,0,0
Z0229,2024,760.2,60,46.2,79.8,,0,0,0
Z0230,2015,398.0,27,10.0,21.9,,0,0,0
Z0230,2016,452.3,34,19.3,24.3,,0,0,0
Z0230,2017,515.1,42,14.2,18.9,,0,0,0
Z0230,2018,574.1,41,20.1,24.4,,0,0,0
Z0230,2019,425.2,26,17.2,29.6,,0,0,0
Z0230,2020,514.5,36,15.3,24.1,,0,0,0
Z0230,2021,594.3,45,60.2,92.5,,0,0,0
Z0230,2022,645.7,41,55.7,75.4,,0,0,0
Z0230,2023,365.7,28,11.7,22.1,,0,0,0
Z0230,2024,852.7,61,44.4,56.4,,0,0,0
Z0231,2015,535.1,38,29.3,53.1,,0,0,0
Z0231,2016,540.3,43,97.2,133.6,,0,0,0
Z0231,2017,504.6,34,16.8,25.6,,0,0,0
Z0231,2018,455.5,32,55.7,118.0,,0,0,0
Z0231,2019,520.9,36,25.4,51.9,,0,0,0
Z0231,2020,555.2,41,16.7,31.3,,0,0,0
Z0231,2021,513.1,38,17.8,27.8,,0,0,0
Z0231,2022,608.1,40,34.1,68.1,,0,0,0
Z0231,2023,668.5,48,60.9,91.6,,0,0,0
Z0231,2024,444.0,26,10.0,20.0,,0,0,0
Z0232,2015,529.8,33,10.2,16.2,,0,0,0
Z0232,2016,564.5,40,29.3,49.8,,0,0,0
Z0232,2017,278.8,17,10.5,15.3,,0,0,0
Z0232,2018,635.1,45,10.0,20.9,,0,0,0
Z0232,2019,509.2,33,25.9,36.1,,0,0,0
Z0232,2020,687.7,43,33.9,46.6,,0,0,0
Z0232,2021,410.9,29,21.9,34.1,,0,0,0
Z0232,2022,722.0,55,29.0,37.1,,0,0,0
Z0232,2023,357.3,25,14.0,27.4,,0,0,0
Z0232,2024,473.4,28,22.8,41.6,,0,0,0
Z0233,2015,473.5,39,57.8,118.3,,0,0,0
Z0233,2016,675.5,49,12.7,18.1,,0,0,0
Z0233,2017,702.7,46,10.0,15.3,,0,0,0
Z0233,2018,535.5,41,42.4,89.5,,0,0,0
Z0233,2019,398.0,34,10.2,14.2,,0,0,0
Z0233,2020,564.9,48,13.3,17.1,,0,0,0
Z0233,2021,549.8,43,17.4,28.6,,0,0,0
Z0233,2022,645.5,44,40.8,71.5,,0,0,0
Z0233,2023,334.5,19,10.0,18.1,,0,0,0
Z0233,2024,548.6,50,13.3,30.3,,0,0,0
Z0234,2015,245.3,15,10.0,12.6,,0,0,0
Z0234,2016,374.7,28,31.7,15.4,,0,0,0
Z0234,2017,374.8,25,14.3,23.8,,0,0,0
Z0234,2018,757.8,53,31.7,57.9,,0,0,0
Z0234,2019,584.2,38,37.3,58.9,,0,0,0
Z0234,2020,539.6,38,42.0,67.0,,0,0,0
Z0234,2021,860.8,68,56.2,110.4,,0,0,0
Z0234,2022,736.1,54,19.2,36.4,,0,0,0
Z0234,2023,378.5,24,10.0,17.4,,0,0,0
Z0234,2024,571.9,41,39.0,83.9,,0,0,0
Z0235,2015,400.5,29,12.7,24.0,,0,0,0
Z0235,2016,611.1,43,17.1,36.2,,0,0,0
Z0235,2017,446.1,37,29.9,46.0,,0,0,0
Z0235,2018,456.4,37,10.0,16.7,,0,0,0
Z0235,2019,367.2,22,10.0,20.3,,0,0,0
Z0235,2020,744.4,51,10.0,17.4,,0,0,0
Z0235,2021,418.9,30,10.3,17.4,,0,0,0
Z0235,2022,597.3,43,37.0,61.3,,0,0,0
Z0235,2023,185.8,7,10.0,12.0,,0,0,0
Z0235,2024,569.3,36,21.3,35.6,,0,0,0
Z0236,2015,435.1,29,24.0,52.1,,0,0,0
Z0236,2016,325.5,17,10.7,16.7,,0,0,0
Z0236,2017,396.5,28,11.7,25.2,,0,0,0
Z0236,2018,437.1,29,14.9,22.6,,0,0,0
Z0236,2019,358.2,28,24.4,45.0,,0,0,0
Z0236,2020,602.3,42,35.2,48.1,,0,0,0
Z0236,2021,262.8,12,14.3,21.2,,1,3,0
Z0236,2022,504.7,36,10.0,20.8,,0,0,0
Z0236,2023,455.2,28,15.1,18.5,,0,0,0
Z0236,2024,340.8,25,22.8,35.1,,0,0,0
Z0237,2015,459.4,33,17.1,36.2,,0,0,0
Z0237,2016,584.5,37,27.5,42.7,,0,0,0
Z0237,2017,810.5,60,51.4,86.7,,0,0,0
Z0237,2018,729.2,46,10.0,12.3,,0,0,0
Z0237,2019,475.2,36,56.3,106.3,,0,0,0
Z0237,2020,448.2,25,24.9,49.5,,0,0,0
Z0237,2021,556.0,40,30.3,57.4,,0,0,0
Z0237,2022,678.6,56,43.2,79.0,,0,0,0
Z0237,2023,339.0,22,17.2,22.3,,0,0,0
Z0237,2024,618.1,37,37.4,55.6,,0,0,0
Z0238,2015,625.9,44,22.4,42.5,,0,0,0
Z0238,2016,541.3,45,22.4,13.1,,0,0,0
Z0238,2017,617.4,47,10.0,14.7,,0,0,0
Z0238,2018,675.7,40,59.4,81.1,,1,10,0
Z0238,2019,617.4,33,10.9,22.7,,0,0,0
Z0238,2020,862.6,64,62.5,132.3,,0,0,0
Z0238,2021,537.0,35,32.5,50.5,,0,0,0
Z0238,2022,961.5,69,21.0,27.0,,0,0,0
Z0238,2023,469.2,38,37.3,79.4,,0,0,0
Z0238,2024,426.5,31,16.1,24.0,,0,0,0
Z0239,2015,659.3,47,44.5,84.9,,1,7,0
Z0239,2016,553.9,40,31.9,44.2,,0,0,0
Z0239,2017,274.4,19,10.7,19.7,,0,0,0
Z0239,2018,599.9,32,28.2,42.0,,1,1,0
Z0239,2019,643.4,43,17.0,36.8,,0,0,0
Z0239,2020,905.7,68,80.3,143.6,,1,3,0
Z0239,2021,599.9,40,26.4,47.4,,0,0,0
Z0239,2022,419.6,31,10.0,12.7,,0,0,0
Z0239,2023,579.1,39,26.1,36.8,,0,0,0
Z0239,2024,627.2,39,26.4,83.2,,0,0,0
Z0240,2015,315.4,22,15.7,24.1,7.35,1,2,1
Z0240,2016,329.5,25,10.0,21.6,4.94,0,0,1
Z0240,2017,266.6,14,10.0,16.6,4.07,1,10,1
Z0240,2018,290.5,13,12.0,21.8,7.58,1,8,1
Z0240,2019,271.1,19,10.0,21.6,8.21,0,0,1
Z0240,2020,357.8,26,25.2,38.8,8.66,1,1,1
Z0240,2021,306.6,24,24.9,40.7,6.91,1,5,1
Z0240,2022,306.6,23,16.7,33.6,6.9,0,0,1
Z0240,2023,357.0,22,10.0,14.9,6.12,0,0,1
Z0240,2024,267.4,19,10.0,16.3,7.63,0,0,1
Z0241,2015,243.6,19,10.0,15.6,4.77,1,22,1
Z0241,2016,315.5,23,24.6,42.2,4.76,0,0,1
Z0241,2017,323.0,26,15.8,50.8,6.9,1,42,1
Z0241,2018,179.4,9,10.0,12.8,5.6,1,29,1
Z0241,2019,376.2,25,10.0,15.7,6.48,0,0,1
Z0241,2020,570.7,44,15.8,22.6,9.1,1,13,1
Z0241,2021,292.7,24,13.0,20.7,6.63,0,0,1
Z0241,2022,380.2,28,20.7,38.7,6.6,1,37,1
Z0241,2023,221.6,12,16.9,29.6,7.04,1,28,1
Z0241,2024,503.3,36,37.8,48.9,8.61,0,0,1
Z0242,2015,296.4,13,32.2,39.9,8.13,0,0,1
Z0242,2016,289.6,20,13.5,27.5,4.91,0,0,1
Z0242,2017,378.0,20,29.3,44.4,7.07,0,0,1
Z0242,2018,450.1,34,26.4,56.3,6.08,1,2,1
Z0242,2019,207.3,17,10.0,17.7,3.39,0,0,1
Z0242,2020,351.6,28,21.1,32.8,9.23,1,9,1
Z0242,2021,313.7,27,10.0,14.2,7.82,0,0,1
Z0242,2022,323.6,44,39.8,48.0,8.0,1,4,1
Z0242,2023,323.6,20,12.9,25.2,5.95,0,0,1
Z0242,2024,349.0,23,13.6,21.8,9.84,1,9,1
Z0243,2015,305.0,18,10.0,21.1,6.06,0,0,1
Z0243,2016,284.5,22,10.1,20.3,9.4,1,10,1
Z0243,2017,175.9,5,10.0,14.7,6.46,1,5,1
Z0243,2018,204.0,19,19.8,30.7,9.83,0,0,1
Z0243,2019,294.2,16,22.2,30.0,5.46,1,9,1
Z0243,2020,309.2,25,14.8,25.6,9.41,0,0,1
Z0243,2021,231.4,17,10.8,16.1,6.52,0,0,1
Z0243,2022,353.0,29,20.7,40.3,4.9,0,0,1
Z0243,2023,248.3,20,10.2,22.0,4.02,1,14,1
Z0243,2024,396.1,21,10.8,32.1,11.8,1,5,1
Z0244,2015,364.4,27,10.0,20.9,6.44,0,0,1
Z0244,2016,257.1,23,10.2,15.9,4.36,1,12,1
Z0244,2017,252.9,16,19.5,36.7,7.31,1,8,1
Z0244,2018,296.8,19,10.0,19.4,5.37,0,0,1
Z0244,2019,377.6,21,23.1,43.5,6.56,0,0,1
Z0244,2020,293.2,20,22.7,32.4,9.01,1,1,1
Z0244,2021,321.3,20,10.0,16.6,7.94,0,0,1
Z0244,2022,276.3,26,30.6,59.7,7.47,0,0,1
Z0244,2023,295.9,24,10.0,19.5,7.49,1,6,1
Z0244,2024,400.6,30,17.1,31.8,7.98,0,0,1
Z0245,2015,260.4,16,15.4,28.9,7.21,0,0,1
Z0245,2016,272.0,17,19.2,40.2,5.75,0,0,1
Z0245,2017,272.7,18,10.9,21.3,6.41,0,0,1
Z0245,2018,326.3,24,42.0,51.5,5.9,0,0,1
Z0245,2019,256.7,17,12.5,22.8,6.42,1,6,1
Z0245,2020,255.9,17,10.0,21.7,8.05,1,3,1
Z0245,2021,341.2,24,16.1,29.0,7.19,0,0,1
Z0245,2022,386.6,19,16.3,24.4,7.55,0,0,1
Z0245,2023,320.5,21,16.5,21.4,6.8,1,4,1
Z0245,2024,466.2,32,14.2,17.6,9.01,1,4,1
Z0246,2015,310.9,22,10.0,21.6,5.23,1,2,1
Z0246,2016,248.2,17,14.2,28.4,6.79,1,7,1
Z0246,2017,344.6,25,10.0,16.7,5.57,0,0,1
Z0246,2018,263.9,15,16.6,32.5,7.77,0,0,1
Z0246,2019,215.5,22,10.0,15.2,8.99,1,2,1
Z0246,2020,362.3,21,29.7,49.0,8.57,1,7,1
Z0246,2021,341.3,27,22.3,43.7,7.21,0,0,1
Z0246,2022,331.2,27,13.1,17.8,6.84,1,7,1
Z0246,2023,307.7,16,14.2,31.2,6.6,1,11,1
Z0246,2024,414.6,34,30.8,50.2,11.09,1,4,1
Z0247,2015,219.9,20,10.0,14.3,6.24,0,0,1
Z0247,2016,283.8,20,20.1,38.3,3.46,0,0,1
Z0247,2017,296.4,23,10.0,20.2,5.92,0,0,1
Z0247,2018,318.8,28,18.0,39.0,6.95,0,0,1
Z0247,2019,264.0,22,10.0,12.2,9.2,0,0,1
Z0247,2020,338.3,19,10.0,17.6,8.13,0,0,1
Z0247,2021,240.1,12,10.0,43.2,6.1,0,0,1
Z0247,2022,337.8,25,19.5,28.3,7.95,1,14,1
Z0247,2023,311.0,26,13.5,28.6,7.27,1,12,1
Z0247,2024,357.7,21,10.0,14.1,8.69,0,0,1
Z0248,2015,229.8,19,10.0,20.9,8.12,0,0,1
Z0248,2016,328.0,25,10.0,14.0,5.19,0,0,1
Z0248,2017,203.1,6,10.0,13.3,7.03,0,0,1
Z0248,2018,317.5,32,37.9,47.4,6.04,0,0,1
Z0248,2019,213.2,12,10.0,14.2,6.13,0,0,1
Z0248,2020,338.6,24,10.0,15.0,9.65,1,13,1
Z0248,2021,270.7,16,10.0,15.5,8.23,0,0,1
Z0248,2022,401.8,23,10.0,13.9,6.76,0,0,1
Z0248,2023,266.7,14,10.0,17.3,8.17,0,0,1
Z0248,2024,378.1,19,27.9,40.3,9.77,0,0,1
Z0249,2015,252.5,19,10.0,19.7,8.29,1,2,1
Z0249,2016,216.9,10,16.6,35.4,5.18,0,0,1
Z0249,2017,222.8,18,10.0,13.4,6.6,0,0,1
Z0249,2018,142.5,7,10.0,17.2,6.05,1,9,1
Z0249,2019,383.7,20,20.5,44.2,6.36,1,8,1
Z0249,2020,461.4,31,37.4,72.5,7.63,1,2,1
Z0249,2021,277.0,24,10.0,14.0,5.94,1,12,1
Z0249,2022,363.2,31,10.0,13.1,6.95,0,0,1
Z0249,2023,305.0,24,10.0,14.6,4.43,1,4,1
Z0249,2024,311.6,22,17.6,37.5,10.53,1,19,1
Z0250,2015,285.0,26,24.8,42.2,4.8,0,0,1
Z0250,2016,326.9,23,28.6,48.0,9.23,1,6,1
Z0250,2017,305.4,28,14.0,28.5,6.27,0,0,1
Z0250,2018,145.7,14,10.0,13.5,6.31,0,0,1
Z0250,2019,475.5,39,16.6,24.0,6.79,0,0,1
Z0250,2020,306.5,11,10.4,22.7,8.5,0,0,1
Z0250,2021,377.8,22,16.4,25.7,4.49,1,5,1
Z0250,2022,273.5,12,11.5,15.0,7.78,1,9,1
Z0250,2023,268.0,24,16.9,28.8,8.77,1,5,1
Z0250,2024,209.9,13,10.0,14.8,7.58,0,0,1
Z0251,2015,314.3,19,10.0,20.8,6.41,0,0,1
Z0251,2016,187.1,19,10.0,15.2,6.08,0,0,1
Z0251,2017,272.3,24,12.9,20.9,8.02,0,0,1
Z0251,2018,298.1,17,14.3,21.8,4.38,0,0,1
Z0251,2019,234.6,19,18.8,40.5,6.72,0,0,1
Z0251,2020,343.4,25,10.0,15.2,9.36,1,1,1
Z0251,2021,374.3,18,10.0,17.3,5.55,1,3,1
Z0251,2022,341.6,23,26.3,42.4,6.52,1,14,1
Z0251,2023,144.9,8,12.7,20.3,5.46,1,4,1
Z0251,2024,409.1,35,11.1,16.0,7.77,0,0,1
Z0252,2015,451.4,38,27.2,35.6,7.3,0,0,1
Z0252,2016,200.1,13,12.5,17.7,6.83,0,0,1
Z0252,2017,268.2,14,11.3,20.0,6.8,0,0,1
Z0252,2018,285.3,30,22.6,48.6,6.04,0,0,1
Z0252,2019,268.5,23,20.9,30.4,6.44,0,0,1
Z0252,2020,249.3,12,10.0,18.1,8.39,0,0,1
Z0252,2021,251.1,17,16.0,26.9,5.67,0,0,1
Z0252,2022,374.5,22,24.0,47.7,5.88,0,0,1
Z0252,2023,268.2,14,15.0,28.1,6.38,0,0,1
Z0252,2024,233.2,17,13.7,26.4,8.29,0,0,1
Z0253,2015,290.2,26,16.9,34.1,6.39,0,0,1
Z0253,2016,297.3,20,10.0,14.7,7.06,0,0,1
Z0253,2017,375.3,23,13.0,19.9,6.68,0,0,1
Z0253,2018,213.7,12,17.5,25.4,5.25,1,7,1
Z0253,2019,196.0,13,12.2,24.2,5.02,0,0,1
Z0253,2020,246.2,25,18.7,29.9,9.35,1,1,1
Z0253,2021,295.4,19,16.2,20.3,5.76,0,0,1
Z0253,2022,368.6,23,28.3,37.0,7.41,0,0,1
Z0253,2023,310.6,19,10.0,14.2,6.03,0,0,1
Z0253,2024,344.6,27,16.2,24.5,10.66,1,2,1
Z0254,2015,263.2,24,10.0,12.2,4.98,0,0,1
Z0254,2016,167.1,10,10.0,14.6,6.36,0,0,1
Z0254,2017,213.7,10,10.0,13.1,7.35,0,0,1
Z0254,2018,154.6,13,10.0,21.7,6.64,0,0,1
Z0254,2019,247.6,13,12.2,16.7,5.06,0,0,1
Z0254,2020,275.6,14,16.3,25.9,9.53,1,1,1
Z0254,2021,227.3,25,10.0,21.7,5.76,0,0,1
Z0254,2022,367.5,27,19.3,39.4,5.8,0,0,1
Z0254,2023,290.1,20,10.0,20.0,8.87,0,0,1
Z0254,2024,453.7,30,10.0,21.2,10.92,1,11,1
Z0255,2015,148.9,11,10.0,15.9,7.14,0,0,1
Z0255,2016,200.9,12,10.0,15.3,6.07,0,0,1
Z0255,2017,260.9,18,20.7,32.6,6.8,0,0,1
Z0255,2018,216.2,16,13.9,25.1,6.28,1,14,1
Z0255,2019,262.3,14,18.3,37.7,6.05,0,0,1
Z0255,2020,501.8,37,12.4,21.8,9.73,1,11,1
Z0255,2021,268.7,21,18.0,22.3,5.22,0,0,1
Z0255,2022,446.6,38,17.8,39.2,7.38,1,1,1
Z0255,2023,254.1,17,10.0,17.1,7.77,0,0,1
Z0255,2024,414.4,32,17.8,37.7,9.87,0,0,1
Z0256,2015,168.6,11,10.0,21.6,3.96,0,0,1
Z0256,2016,311.6,14,12.5,18.5,6.29,0,0,1
Z0256,2017,328.7,29,33.4,49.0,6.91,0,0,1
Z0256,2018,232.1,18,10.0,18.1,5.96,0,0,1
Z0256,2019,268.4,20,10.0,12.9,6.52,0,0,1
Z0256,2020,256.7,10,27.6,59.9,8.72,1,6,1
Z0256,2021,353.4,25,10.0,13.6,6.78,0,0,1
Z0256,2022,245.9,24,15.7,34.3,6.85,0,0,1
Z0256,2023,314.2,21,10.1,15.0,5.76,0,0,1
Z0256,2024,261.8,18,10.0,14.4,7.77,0,0,1
Z0257,2015,248.3,18,15.5,24.8,5.45,0,0,1
Z0257,2016,178.0,16,10.0,20.3,5.87,0,0,1
Z0257,2017,313.1,19,17.2,21.2,7.01,0,0,1
Z0257,2018,265.5,20,11.1,18.2,5.99,0,0,1
Z0257,2019,216.1,12,15.5,18.9,6.36,0,0,1
Z0257,2020,408.7,31,22.4,40.4,9.76,1,5,1
Z0257,2021,287.8,24,15.9,29.1,7.67,0,0,1
Z0257,2022,443.8,37,14.1,30.8,5.85,0,0,1
Z0257,2023,377.5,27,20.2,33.1,7.57,0,0,1
Z0257,2024,309.3,25,10.0,20.4,8.49,0,0,1
Z0258,2015,391.1,23,15.4,22.7,6.36,0,0,1
Z0258,2016,360.4,7,15.4,21.7,6.82,1,5,1
Z0258,2017,394.5,29,18.9,39.7,7.0,1,15,1
Z0258,2018,360.4,29,27.8,37.8,7.42,0,0,1
Z0258,2019,235.8,17,10.0,21.6,7.06,0,0,1
Z0258,2020,473.1,31,20.6,41.7,9.4,0,0,1
Z0258,2021,220.3,16,10.0,19.7,4.29,0,0,1
Z0258,2022,321.6,24,10.0,13.2,6.91,0,0,1
Z0258,2023,329.7,20,10.0,13.0,7.81,0,0,1
Z0258,2024,422.7,31,26.6,52.7,10.0,0,0,1
Z0259,2015,381.1,19,11.9,24.2,7.54,0,0,1
Z0259,2016,427.3,34,17.0,29.7,5.17,0,0,1
Z0259,2017,165.7,13,11.4,14.7,5.84,0,0,1
Z0259,2018,273.7,16,10.0,12.3,7.46,1,7,1
Z0259,2019,442.7,31,55.4,108.3,6.93,1,24,1
Z0259,2020,321.5,21,10.0,14.4,11.52,1,1,1
Z0259,2021,266.7,15,11.3,15.6,6.52,1,4,1
Z0259,2022,424.1,31,15.3,20.0,7.05,0,0,1
Z0259,2023,291.7,25,10.0,16.1,6.94,1,1,1
Z0259,2024,294.1,19,10.0,12.2,8.65,0,0,1
Z0260,2015,204.6,21,10.0,19.3,6.63,1,7,1
Z0260,2016,259.6,20,17.0,33.2,7.28,0,0,1
Z0260,2017,413.4,29,17.9,27.4,7.16,1,2,1
Z0260,2018,250.4,7,10.0,14.7,6.8,0,0,1
Z0260,2019,227.2,21,16.8,22.5,5.24,0,0,1
Z0260,2020,360.9,22,10.0,13.6,8.43,0,0,1
Z0260,2021,179.3,10,10.0,20.6,9.38,0,0,1
Z0260,2022,284.7,21,10.0,12.8,6.6,0,0,1
Z0260,2023,279.2,20,15.7,20.6,7.05,0,0,1
Z0260,2024,230.6,25,40.3,72.2,8.06,0,0,1
Z0261,2015,351.8,30,35.5,51.4,6.33,0,0,1
Z0261,2016,387.2,29,29.4,50.2,6.34,0,0,1
Z0261,2017,200.1,11,10.0,15.0,4.53,0,0,1
Z0261,2018,425.8,27,10.4,19.5,7.18,0,0,1
Z0261,2019,319.4,20,10.0,13.6,6.27,0,0,1
Z0261,2020,345.3,24,10.0,15.8,10.54,1,1,1
Z0261,2021,286.5,21,18.6,38.0,5.24,0,0,1
Z0261,2022,274.9,17,22.7,49.8,5.36,0,0,1
Z0261,2023,319.4,24,17.1,32.7,8.65,0,0,1
Z0261,2024,238.9,11,20.4,26.5,7.35,0,0,1
Z0262,2015,391.8,32,22.0,44.9,7.26,0,0,1
Z0262,2016,304.4,20,17.4,32.2,7.95,0,0,1
Z0262,2017,339.8,20,29.3,43.8,5.34,0,0,1
Z0262,2018,239.7,20,10.0,19.7,5.93,0,0,1
Z0262,2019,236.7,18,10.0,13.9,4.6,0,0,1
Z0262,2020,441.0,22,19.3,35.0,9.5,0,0,1
Z0262,2021,246.5,10,10.0,20.8,4.95,0,0,1
Z0262,2022,244.3,21,17.1,34.8,6.06,0,0,1
Z0262,2023,275.4,25,12.7,19.7,6.45,0,0,1
Z0262,2024,398.0,28,22.9,40.4,10.08,0,0,1
Z0263,2015,331.1,22,14.7,26.4,9.86,0,0,1
Z0263,2016,286.9,19,26.1,51.5,7.89,0,0,1
Z0263,2017,381.0,25,11.1,22.0,7.33,1,1,1
Z0263,2018,174.0,19,10.0,20.8,8.04,0,0,1
Z0263,2019,239.0,12,10.0,14.6,8.34,0,0,1
Z0263,2020,358.8,25,12.0,23.8,10.42,0,0,1
Z0263,2021,204.5,15,13.7,16.8,8.45,0,0,1
Z0263,2022,307.4,23,14.4,30.0,5.59,0,0,1
Z0263,2023,268.9,17,15.5,24.9,5.81,0,0,1
Z0263,2024,313.0,19,10.0,12.2,8.77,0,0,1
Z0264,2015,202.1,10,19.2,35.5,7.63,0,0,1
Z0264,2016,336.8,28,16.1,28.1,8.79,0,0,1
Z0264,2017,269.8,19,10.0,13.2,5.29,0,0,1
Z0264,2018,302.2,18,23.8,36.8,6.3,0,0,1
Z0264,2019,270.8,25,10.0,21.9,4.93,0,0,1
Z0264,2020,356.9,24,16.7,32.2,6.15,0,0,1
Z0264,2021,245.4,21,12.1,15.7,6.29,0,0,1
Z0264,2022,452.4,31,27.2,58.2,6.09,0,0,1
Z0264,2023,221.6,11,16.7,27.6,5.65,0,0,1
Z0264,2024,492.3,30,23.1,40.2,7.4,0,0,1
Z0265,2015,345.2,25,27.1,59.3,7.71,0,0,1
Z0265,2016,206.1,18,10.0,19.8,6.4,0,0,1
Z0265,2017,418.5,29,25.1,45.2,7.51,1,7,1
Z0265,2018,338.5,30,10.9,15.1,6.44,0,0,1
Z0265,2019,375.6,21,25.9,55.0,5.96,0,0,1
Z0265,2020,392.1,27,19.4,31.6,9.42,0,0,1
Z0265,2021,250.5,26,20.8,38.4,7.74,0,0,1
Z0265,2022,348.9,28,20.6,43.2,7.32,1,4,1
Z0265,2023,298.1,13,20.6,14.2,5.71,1,1,1
Z0265,2024,403.8,22,18.8,24.1,10.0,1,8,1
Z0266,2015,251.4,18,14.1,27.2,6.34,0,0,1
Z0266,2016,354.2,21,20.1,32.5,9.45,1,6,1
Z0266,2017,352.1,22,14.3,21.6,8.82,0,0,1
Z0266,2018,246.9,12,13.5,17.1,8.26,0,0,1
Z0266,2019,251.6,14,13.0,19.3,6.16,0,0,1
Z0266,2020,403.5,34,17.9,29.9,9.39,0,0,1
Z0266,2021,226.9,20,27.9,54.2,6.76,0,0,1
Z0266,2022,417.4,27,12.9,23.6,6.08,0,0,1
Z0266,2023,456.6,24,18.6,32.0,5.0,0,0,1
Z0266,2024,392.7,26,55.9,74.7,10.0,1,11,1
Z0267,2015,220.1,6,10.0,13.7,7.57,0,0,1
Z0267,2016,222.0,14,10.8,20.1,7.48,0,0,1
Z0267,2017,386.7,29,26.6,33.7,6.54,1,3,1
Z0267,2018,251.7,23,14.1,19.3,4.99,0,0,1
Z0267,2019,347.8,20,26.8,44.8,4.66,0,0,1
Z0267,2020,298.0,19,22.0,37.0,8.7,0,0,1
Z0267,2021,285.6,15,10.0,13.2,7.39,0,0,1
Z0267,2022,487.7,28,17.4,23.1,7.11,0,0,1
Z0267,2023,394.6,22,10.0,14.2,6.02,0,0,1
Z0267,2024,359.0,25,41.8,66.7,10.24,1,9,1
Z0268,2015,310.5,20,21.3,39.9,7.4,0,0,1
Z0268,2016,218.4,12,13.3,22.1,5.47,0,0,1
Z0268,2017,288.9,36,12.4,23.2,7.98,0,0,1
Z0268,2018,244.2,15,10.7,15.9,7.01,0,0,1
Z0268,2019,288.9,26,16.0,23.9,6.51,0,0,1
Z0268,2020,242.8,18,11.4,23.5,8.8,0,0,1
Z0268,2021,435.6,28,27.9,49.3,7.39,1,3,1
Z0268,2022,418.7,26,14.6,26.5,6.78,0,0,1
Z0268,2023,225.0,24,12.7,24.3,8.41,0,0,1
Z0268,2024,374.3,32,19.0,39.4,7.64,0,0,1
Z0269,2015,412.4,34,15.2,23.6,7.79,0,0,1
Z0269,2016,246.7,16,23.6,49.9,6.79,0,0,1
Z0269,2017,302.2,23,11.6,22.3,6.17,0,0,1
Z0269,2018,327.7,25,14.0,27.3,6.52,0,0,1
Z0269,2019,323.4,26,22.3,31.7,8.3,0,0,1
Z0269,2020,419.8,33,21.3,43.8,9.58,0,0,1
Z0269,2021,113.9,6,10.0,16.7,3.41,0,0,1
Z0269,2022,340.8,21,10.0,16.3,5.7,0,0,1
Z0269,2023,428.4,33,42.8,78.5,5.43,0,0,1
Z0269,2024,316.0,26,10.0,13.0,8.13,0,0,1
Z0270,2015,267.4,20,17.6,22.7,5.99,0,0,1
Z0270,2016,267.1,23,18.5,29.5,7.1,0,0,1
Z0270,2017,260.3,16,17.6,35.4,6.82,1,6,1
Z0270,2018,229.8,18,30.5,44.2,4.42,0,0,1
Z0270,2019,301.1,24,14.3,19.7,7.38,0,0,1
Z0270,2020,365.9,26,10.0,12.0,12.35,1,19,1
Z0270,2021,314.7,17,13.0,25.7,7.66,0,0,1
Z0270,2022,336.2,24,17.4,34.0,8.33,0,0,1
Z0270,2023,281.3,20,10.0,16.8,7.91,1,1,1
Z0270,2024,249.4,15,10.0,20.8,7.28,0,0,1
Z0271,2015,247.2,16,21.7,43.7,6.31,0,0,1
Z0271,2016,255.1,15,10.0,21.6,6.57,0,0,1
Z0271,2017,365.2,23,15.5,23.0,5.84,0,0,1
Z0271,2018,210.2,20,10.0,15.3,8.8,0,0,1
Z0271,2019,314.6,29,10.0,33.4,7.06,0,0,1
Z0271,2020,341.6,23,27.7,55.0,9.54,0,0,1
Z0271,2021,248.2,18,10.0,15.9,7.27,0,0,1
Z0271,2022,362.6,22,10.0,17.3,7.48,0,0,1
Z0271,2023,344.4,26,19.5,37.9,7.49,0,0,1
Z0271,2024,428.3,34,10.0,18.2,8.62,0,0,1
Z0272,2015,321.5,33,40.7,80.9,,0,0,0
Z0272,2016,660.0,49,26.1,37.5,,0,0,0
Z0272,2017,470.7,25,14.2,29.8,,0,0,0
Z0272,2018,534.8,46,31.3,61.4,,0,0,0
Z0272,2019,530.4,44,10.5,15.9,,0,0,0
Z0272,2020,595.3,39,37.2,77.9,,0,0,0
Z0272,2021,484.7,38,28.3,34.7,,0,0,0
Z0272,2022,642.6,34,60.6,130.8,,0,0,0
Z0272,2023,264.5,21,10.0,18.1,,0,0,0
Z0272,2024,453.8,35,13.5,25.8,,0,0,0
Z0273,2015,521.1,32,27.8,58.3,,0,0,0
Z0273,2016,367.5,28,23.9,40.5,,0,0,0
Z0273,2017,346.7,20,16.4,24.8,,0,0,0
Z0273,2018,633.5,54,20.8,33.8,,0,0,0
Z0273,2019,411.4,33,18.6,37.7,,0,0,0
Z0273,2020,756.6,50,29.7,49.5,,0,0,0
Z0273,2021,508.5,40,19.6,32.7,,0,0,0
Z0273,2022,935.3,72,27.0,54.2,,0,0,0
Z0273,2023,554.5,42,62.5,105.5,,0,0,0
Z0273,2024,548.2,43,34.8,71.3,,0,0,0
Z0274,2015,286.5,17,10.0,13.4,,0,0,0
Z0274,2016,572.3,36,27.8,38.8,,0,0,0
Z0274,2017,410.6,32,10.2,18.1,,0,0,0
Z0274,2018,773.8,54,26.9,37.6,,0,0,0
Z0274,2019,530.2,37,52.0,72.0,,0,0,0
Z0274,2020,657.2,47,27.0,40.7,,0,0,0
Z0274,2021,388.7,28,26.9,55.6,,0,0,0
Z0274,2022,722.1,47,67.5,83.8,,0,0,0
Z0274,2023,389.0,16,10.2,18.8,,0,0,0
Z0274,2024,687.7,58,11.7,21.6,,0,0,0
Z0275,2015,463.3,47,18.6,39.4,,0,0,0
Z0275,2016,656.9,49,31.2,67.5,,0,0,0
Z0275,2017,463.3,35,10.5,15.5,,0,0,0
Z0275,2018,432.9,29,21.4,37.6,,0,0,0
Z0275,2019,412.7,21,17.2,28.7,,0,0,0
Z0275,2020,567.3,44,45.3,87.8,,0,0,0
Z0275,2021,384.5,29,10.0,16.0,,0,0,0
Z0275,2022,740.5,56,33.8,65.5,,0,0,0
Z0275,2023,362.3,30,19.9,39.1,,0,0,0
Z0275,2024,727.6,49,20.9,33.5,,0,0,0
Z0276,2015,465.0,26,18.4,20.0,,0,0,0
Z0276,2016,779.9,55,18.4,24.8,,0,0,0
Z0276,2017,540.9,39,28.4,45.7,,0,0,0
Z0276,2018,299.2,21,13.1,23.4,,0,0,0
Z0276,2019,407.5,29,10.2,17.5,,0,0,0
Z0276,2020,465.7,31,15.9,34.6,,0,0,0
Z0276,2021,465.7,15,10.1,21.3,,0,0,0
Z0276,2022,784.0,55,28.3,47.4,,0,0,0
Z0276,2023,407.2,24,19.8,32.0,,0,0,0
Z0276,2024,592.6,38,60.2,123.2,,0,0,0
Z0277,2015,807.8,54,38.4,57.3,,0,0,0
Z0277,2016,253.7,11,14.2,18.9,,0,0,0
Z0277,2017,648.2,48,22.9,44.9,,0,0,0
Z0277,2018,442.8,36,32.3,52.6,,1,13,0
Z0277,2019,442.3,31,23.1,34.1,,0,0,0
Z0277,2020,497.7,33,17.4,30.8,,0,0,0
Z0277,2021,500.0,32,23.8,31.2,,0,0,0
Z0277,2022,572.5,36,13.5,20.3,,0,0,0
Z0277,2023,408.1,24,27.4,51.6,,0,0,0
Z0277,2024,560.8,36,20.0,40.2,,0,0,0
Z0278,2015,686.8,52,32.1,50.4,,0,0,0
Z0278,2016,482.6,44,12.2,24.8,,0,0,0
Z0278,2017,294.3,17,15.1,21.9,,0,0,0
Z0278,2018,416.4,33,14.8,23.5,,0,0,0
Z0278,2019,462.7,29,18.5,23.4,,0,0,0
Z0278,2020,823.4,60,50.9,106.8,,0,0,0
Z0278,2021,524.7,40,20.2,36.2,,0,0,0
Z0278,2022,821.4,55,79.9,153.4,,0,0,0
Z0278,2023,426.3,29,37.9,48.2,,0,0,0
Z0278,2024,613.2,39,13.3,27.7,,0,0,0
Z0279,2015,624.4,46,63.0,132.3,,0,0,0
Z0279,2016,553.9,40,16.9,31.3,,0,0,0
Z0279,2017,506.6,37,23.0,36.6,,0,0,0
Z0279,2018,573.2,38,10.0,12.6,,0,0,0
Z0279,2019,396.2,26,25.3,42.0,,0,0,0
Z0279,2020,466.4,27,15.7,34.6,,0,0,0
Z0279,2021,470.9,31,23.7,41.2,,0,0,0
Z0279,2022,810.3,57,54.0,118.5,,0,0,0
Z0279,2023,483.2,28,24.9,45.7,,0,0,0
Z0279,2024,663.0,49,39.4,73.1,,0,0,0
Z0280,2015,818.9,59,27.5,58.3,,0,0,0
Z0280,2016,725.8,53,20.4,27.4,,0,0,0
Z0280,2017,616.9,39,29.2,51.1,,0,0,0
Z0280,2018,407.9,33,38.3,81.3,,0,0,0
Z0280,2019,616.9,48,27.5,58.3,,0,0,0
Z0280,2020,448.3,38,10.0,12.6,,0,0,0
Z0280,2021,400.1,31,10.0,17.3,,0,0,0
Z0280,2022,899.8,68,60.2,81.1,,0,0,0
Z0280,2023,470.4,38,10.0,13.5,,0,0,0
Z0280,2024,669.9,45,40.5,56.3,,0,0,0
Z0281,2015,400.1,25,20.9,29.1,,0,0,0
Z0281,2016,643.3,53,12.6,22.8,,0,0,0
Z0281,2017,418.9,26,63.1,86.1,,0,0,0
Z0281,2018,526.6,22,14.8,24.1,,0,0,0
Z0281,2019,411.1,24,27.1,52.7,,0,0,0
Z0281,2020,602.0,41,16.0,33.1,,0,0,0
Z0281,2021,349.8,24,23.5,38.3,,0,0,0
Z0281,2022,526.6,38,10.0,20.8,,0,0,0
Z0281,2023,624.6,44,14.8,29.1,,0,0,0
Z0281,2024,667.7,47,57.1,113.7,,0,0,0
Z0282,2015,658.0,45,52.3,115.0,,1,15,0
Z0282,2016,272.9,12,16.5,19.8,,0,0,0
Z0282,2017,362.7,22,17.1,27.6,,0,0,0
Z0282,2018,486.9,29,21.2,34.3,,0,0,0
Z0282,2019,401.6,32,10.0,21.7,,0,0,0
Z0282,2020,705.4,48,11.5,15.8,,1,10,0
Z0282,2021,383.2,25,24.0,48.8,,0,0,0
Z0282,2022,707.1,43,41.0,61.0,,0,0,0
Z0282,2023,365.4,30,31.1,63.3,,0,0,0
Z0282,2024,722.0,51,29.8,55.3,,0,0,0
Z0283,2015,461.3,30,32.8,71.9,,0,0,0
Z0283,2016,441.5,33,10.0,14.2,,0,0,0
Z0283,2017,371.6,31,29.5,50.6,,0,0,0
Z0283,2018,617.9,44,31.5,61.4,,0,0,0
Z0283,2019,511.4,34,17.7,24.5,,0,0,0
Z0283,2020,532.5,35,31.6,41.6,,0,0,0
Z0283,2021,494.9,37,19.7,37.9,,0,0,0
Z0283,2022,502.4,33,10.0,20.6,,0,0,0
Z0283,2023,366.5,20,10.0,15.1,,0,0,0
Z0283,2024,491.8,31,18.2,32.2,,0,0,0
Z0284,2015,446.6,31,41.0,67.9,,0,0,0
Z0284,2016,345.0,26,23.4,48.8,,0,0,0
Z0284,2017,579.4,47,19.1,37.1,,1,3,0
Z0284,2018,410.5,34,17.6,27.4,,0,0,0
Z0284,2019,463.9,34,40.3,49.9,,0,0,0
Z0284,2020,574.0,38,34.0,54.2,,0,0,0
Z0284,2021,404.3,32,13.0,19.0,,0,0,0
Z0284,2022,726.8,53,26.1,39.6,,1,7,0
Z0284,2023,463.9,25,15.1,19.4,,0,0,0
Z0284,2024,756.4,49,28.5,46.3,,0,0,0
Z0285,2015,368.6,29,25.5,55.0,,0,0,0
Z0285,2016,427.8,26,13.9,22.1,,0,0,0
Z0285,2017,506.9,32,25.5,61.5,,0,0,0
Z0285,2018,506.9,43,15.8,29.0,,0,0,0
Z0285,2019,551.9,40,50.8,81.1,,0,0,0
Z0285,2020,561.8,52,33.8,57.6,,0,0,0
Z0285,2021,331.5,23,27.3,43.7,,0,0,0
Z0285,2022,743.3,55,35.3,58.6,,0,0,0
Z0285,2023,374.8,28,18.1,36.3,,0,0,0
Z0285,2024,643.4,43,10.1,14.1,,0,0,0
Z0286,2015,440.4,27,14.0,25.4,,0,0,0
Z0286,2016,347.1,24,16.9,13.8,,0,0,0
Z0286,2017,291.2,18,16.1,32.6,,0,0,0
Z0286,2018,357.6,25,16.9,23.4,,0,0,0
Z0286,2019,454.1,34,10.0,21.9,,0,0,0
Z0286,2020,976.8,67,75.9,97.2,,1,3,0
Z0286,2021,667.4,49,13.9,28.5,,0,0,0
Z0286,2022,861.2,67,45.1,98.2,,0,0,0
Z0286,2023,634.0,48,65.4,128.8,,0,0,0
Z0286,2024,537.4,41,29.9,61.9,,0,0,0
Z0287,2015,404.5,25,16.9,30.9,,0,0,0
Z0287,2016,386.6,28,21.0,44.8,,0,0,0
Z0287,2017,349.0,26,16.2,35.3,,0,0,0
Z0287,2018,424.3,40,20.5,66.5,,0,0,0
Z0287,2019,422.1,38,24.8,44.8,,0,0,0
Z0287,2020,578.9,47,23.3,47.5,,0,0,0
Z0287,2021,512.4,35,18.2,24.3,,0,0,0
Z0287,2022,493.9,32,20.5,42.5,,0,0,0
Z0287,2023,395.3,28,21.1,43.9,,0,0,0
Z0287,2024,494.4,35,10.0,17.6,,0,0,0
Z0288,2015,344.4,24,18.2,26.7,,0,0,0
Z0288,2016,493.8,38,23.5,66.0,,0,0,0
Z0288,2017,430.2,25,35.9,47.7,,1,1,0
Z0288,2018,427.0,27,14.1,22.3,,1,4,0
Z0288,2019,351.6,23,46.5,93.1,,0,0,0
Z0288,2020,571.4,39,21.5,30.2,,0,0,0
Z0288,2021,683.6,47,23.5,31.0,,0,0,0
Z0288,2022,692.8,51,47.7,79.0,,1,2,0
Z0288,2023,532.3,38,26.5,35.0,,0,0,0
Z0288,2024,423.6,33,11.8,24.3,,0,0,0
Z0289,2015,669.6,49,32.3,67.1,,0,0,0
Z0289,2016,602.2,41,33.0,60.2,,0,0,0
Z0289,2017,238.1,27,17.7,34.5,,0,0,0
Z0289,2018,375.5,27,10.0,12.4,,0,0,0
Z0289,2019,573.4,37,22.4,29.9,,0,0,0
Z0289,2020,570.5,40,21.4,46.5,,0,0,0
Z0289,2021,365.9,34,16.6,33.2,,0,0,0
Z0289,2022,586.9,43,10.0,17.6,,0,0,0
Z0289,2023,339.3,25,10.0,14.8,,0,0,0
Z0289,2024,800.9,58,43.9,81.6,,0,0,0
Z0290,2015,473.7,36,10.0,20.8,,0,0,0
Z0290,2016,473.7,39,10.0,14.2,,0,0,0
Z0290,2017,438.9,35,10.0,12.3,,0,0,0
Z0290,2018,548.1,43,38.7,61.8,,0,0,0
Z0290,2019,406.5,31,22.1,34.6,,0,0,0
Z0290,2020,755.8,55,19.5,35.6,,0,0,0
Z0290,2021,473.4,29,75.3,165.0,,1,7,0
Z0290,2022,617.2,40,29.9,52.3,,0,0,0
Z0290,2023,380.1,25,12.1,24.2,,0,0,0
Z0290,2024,771.3,46,16.5,27.3,,0,0,0
Z0291,2015,482.6,32,10.0,18.3,,0,0,0
Z0291,2016,503.9,37,12.0,16.4,,0,0,0
Z0291,2017,519.1,36,26.8,35.3,,0,0,0
Z0291,2018,522.7,34,21.3,38.6,,0,0,0
Z0291,2019,465.0,33,51.3,88.5,,0,0,0
Z0291,2020,834.2,53,28.1,34.3,,0,0,0
Z0291,2021,426.6,25,27.4,45.1,,0,0,0
Z0291,2022,519.1,37,49.0,68.1,,1,8,0
Z0291,2023,689.6,54,50.7,85.9,,0,0,0
Z0291,2024,657.5,47,27.4,88.3,,0,0,0
Z0292,2015,340.6,26,13.2,27.4,,0,0,0
Z0292,2016,328.6,24,10.6,17.0,,0,0,0
Z0292,2017,453.2,31,20.5,34.8,,0,0,0
Z0292,2018,557.1,44,15.2,20.8,,0,0,0
Z0292,2019,586.2,42,25.2,31.8,,0,0,0
Z0292,2020,308.6,22,17.5,27.4,,0,0,0
Z0292,2021,283.9,17,10.0,20.0,,0,0,0
Z0292,2022,484.3,38,39.9,55.9,,0,0,0
Z0292,2023,651.1,50,38.5,53.5,,0,0,0
Z0292,2024,431.8,35,40.8,76.3,,0,0,0
Z0293,2015,538.0,45,10.0,17.8,,0,0,0
Z0293,2016,463.2,38,19.3,36.4,,0,0,0
Z0293,2017,293.6,20,10.0,15.6,,0,0,0
Z0293,2018,604.8,39,58.9,101.4,,0,0,0
Z0293,2019,386.0,27,14.0,22.4,,0,0,0
Z0293,2020,1135.9,74,10.0,20.3,,0,0,0
Z0293,2021,428.1,33,17.9,24.7,,0,0,0
Z0293,2022,575.1,41,42.6,79.2,,0,0,0
Z0293,2023,538.0,41,42.6,63.2,,0,0,0
Z0293,2024,738.1,49,33.9,47.7,,0,0,0
Z0294,2015,600.0,42,31.0,44.3,,1,5,0
Z0294,2016,545.6,39,17.9,31.3,,1,4,0
Z0294,2017,535.9,38,18.0,36.5,,1,7,0
Z0294,2018,507.8,45,23.4,44.9,,1,5,0
Z0294,2019,507.8,36,46.9,87.9,,1,1,0
Z0294,2020,476.7,28,31.0,47.4,,1,2,0
Z0294,2021,456.9,33,10.0,17.3,,1,2,0
Z0294,2022,683.3,55,20.3,33.3,,1,2,0
Z0294,2023,352.0,29,11.0,16.1,,1,8,0
Z0294,2024,445.5,25,16.7,28.6,,1,2,0
Z0295,2015,407.7,23,23.2,33.0,,0,0,0
Z0295,2016,507.5,38,14.1,17.9,,0,0,0
Z0295,2017,392.1,23,29.8,60.3,,0,0,0
Z0295,2018,507.5,27,11.0,21.2,,0,0,0
Z0295,2019,334.8,23,37.4,54.1,,0,0,0
Z0295,2020,625.4,43,25.0,43.2,,0,0,0
Z0295,2021,683.6,54,48.9,62.3,,0,0,0
Z0295,2022,557.8,37,32.5,39.1,,0,0,0
Z0295,2023,390.7,32,10.0,16.4,,0,0,0
Z0295,2024,702.2,48,10.0,21.6,,0,0,0
Z0296,2015,507.6,25,18.9,27.8,,0,0,0
Z0296,2016,361.5,27,26.3,45.7,,0,0,0
Z0296,2017,479.6,26,12.5,21.8,,0,0,0
Z0296,2018,498.7,36,10.0,12.3,,0,0,0
Z0296,2019,605.7,45,12.4,25.5,,0,0,0
Z0296,2020,653.1,42,32.0,63.6,,0,0,0
Z0296,2021,274.2,24,20.2,31.0,,0,0,0
Z0296,2022,690.2,47,13.2,17.5,,0,0,0
Z0296,2023,516.5,30,10.0,16.2,,0,0,0
Z0296,2024,507.6,57,37.5,56.2,,0,0,0
Z0297,2015,345.0,24,15.9,20.6,,0,0,0
Z0297,2016,476.2,29,41.6,75.2,,0,0,0
Z0297,2017,632.1,49,10.0,16.3,,0,0,0
Z0297,2018,535.3,38,16.5,25.7,,0,0,0
Z0297,2019,528.1,41,28.3,34.9,,0,0,0
Z0297,2020,1093.4,77,23.0,39.7,,0,0,0
Z0297,2021,391.8,25,54.5,99.1,,0,0,0
Z0297,2022,843.3,61,82.5,162.7,,0,0,0
Z0297,2023,602.3,45,29.5,44.4,,0,0,0
Z0297,2024,578.3,38,14.1,24.9,,0,0,0
Z0298,2015,266.5,20,10.0,14.7,,0,0,0
Z0298,2016,603.5,42,29.9,51.5,,0,0,0
Z0298,2017,518.5,31,16.3,32.9,,0,0,0
Z0298,2018,450.2,34,10.0,21.2,,0,0,0
Z0298,2019,312.3,23,34.0,51.3,,0,0,0
Z0298,2020,578.3,45,12.7,20.7,,0,0,0
Z0298,2021,361.7,29,11.3,15.7,,0,0,0
Z0298,2022,405.1,26,29.3,37.2,,0,0,0
Z0298,2023,431.6,30,24.0,44.5,,0,0,0
Z0298,2024,792.0,53,36.4,53.8,,0,0,0
Z0299,2015,448.8,35,14.4,20.9,,0,0,0
Z0299,2016,614.1,40,37.9,55.2,,0,0,0
Z0299,2017,560.8,45,43.7,74.1,,0,0,0
Z0299,2018,527.1,37,15.5,21.6,,0,0,0
Z0299,2019,449.0,39,22.6,49.6,,0,0,0
Z0299,2020,1154.6,84,57.1,119.1,,0,0,0
Z0299,2021,400.1,23,31.2,47.2,,0,0,0
Z0299,2022,580.5,43,27.3,56.4,,1,47,0
Z0299,2023,419.2,33,16.6,31.5,,0,0,0
Z0299,2024,427.3,28,10.0,19.8,,0,0,0
Z0300,2015,357.6,21,13.7,28.0,,0,0,0
Z0300,2016,518.7,38,29.9,47.1,,0,0,0
Z0300,2017,385.8,30,39.1,56.0,,0,0,0
Z0300,2018,437.6,30,14.8,25.2,,0,0,0
Z0300,2019,428.6,30,12.9,25.7,,0,0,0
Z0300,2020,521.7,45,21.6,37.0,,0,0,0
Z0300,2021,493.2,35,13.1,19.2,,0,0,0
Z0300,2022,787.2,50,50.7,62.3,,1,1,0
Z0300,2023,294.8,20,20.2,29.5,,0,0,0
Z0300,2024,594.2,48,18.4,24.9,,0,0,0
Z0301,2015,474.2,29,26.1,45.5,,0,0,0
Z0301,2016,447.2,37,18.75,59.2,,0,0,0
Z0301,2017,388.3,28,18.4,23.1,,0,0,0
Z0301,2018,296.4,20,16.4,29.4,,1,7,0
Z0301,2019,422.2,29,10.0,15.1,,0,0,0
Z0301,2020,450.0,27,19.1,32.7,,0,0,0
Z0301,2021,523.0,40,18.75,27.2,,0,0,0
Z0301,2022,533.1,36,35.5,68.8,,0,0,0
Z0301,2023,415.1,34,16.1,29.3,,0,0,0
Z0301,2024,806.6,60,20.5,36.5,,0,0,0
Z0302,2015,383.1,34,17.7,28.1,,1,7,0
Z0302,2016,284.7,18,12.9,20.5,,0,0,0
Z0302,2017,511.8,20,14.7,17.9,,0,0,0
Z0302,2018,596.1,46,56.3,94.2,,0,0,0
Z0302,2019,511.8,44,23.6,46.4,,0,0,0
Z0302,2020,583.0,42,17.0,35.4,,0,0,0
Z0302,2021,388.0,29,27.0,52.8,,1,2,0
Z0302,2022,756.8,54,36.7,65.5,,0,0,0
Z0302,2023,577.8,40,11.8,21.5,,0,0,0
Z0302,2024,376.3,30,18.1,39.4,,0,0,0
Z0303,2015,575.5,42,30.8,65.9,,0,0,0
Z0303,2016,491.8,30,66.6,109.0,,0,0,0
Z0303,2017,674.9,47,10.0,17.8,,0,0,0
Z0303,2018,271.6,18,17.7,21.4,,0,0,0
Z0303,2019,550.6,38,25.1,48.0,,0,0,0
Z0303,2020,653.2,47,26.4,48.6,,0,0,0
Z0303,2021,524.0,34,37.8,77.8,,0,0,0
Z0303,2022,691.3,45,40.6,48.9,,0,0,0
Z0303,2023,492.1,33,35.0,56.8,,0,0,0
Z0303,2024,418.4,24,10.0,13.7,,0,0,0
Z0304,2015,497.2,37,22.2,47.3,,0,0,0
Z0304,2016,373.2,33,10.0,14.7,,1,4,0
Z0304,2017,591.6,37,58.6,103.1,,0,0,0
Z0304,2018,501.8,38,15.8,31.2,,0,0,0
Z0304,2019,277.2,20,10.0,21.3,,0,0,0
Z0304,2020,785.3,60,39.4,83.9,,0,0,0
Z0304,2021,657.0,47,15.8,28.0,,0,0,0
Z0304,2022,474.3,30,10.0,20.2,,0,0,0
Z0304,2023,384.5,26,16.1,32.9,,0,0,0
Z0304,2024,689.9,46,46.6,64.8,,0,0,0
Z0305,2015,522.1,38,10.0,19.9,,0,0,0
Z0305,2016,629.1,43,43.7,84.3,,0,0,0
Z0305,2017,361.0,22,13.3,26.6,,0,0,0
Z0305,2018,429.1,30,10.0,20.4,,0,0,0
Z0305,2019,434.6,34,10.0,12.5,,0,0,0
Z0305,2020,370.9,19,10.0,15.1,,0,0,0
Z0305,2021,771.4,54,70.9,131.6,,0,0,0
Z0305,2022,442.6,35,38.5,75.6,,0,0,0
Z0305,2023,479.7,34,25.2,36.8,,0,0,0
Z0305,2024,442.4,30,46.0,66.2,,0,0,0
Z0306,2015,587.5,39,32.6,60.5,,0,0,0
Z0306,2016,456.9,23,24.4,44.1,,0,0,0
Z0306,2017,454.0,28,10.0,20.1,,0,0,0
Z0306,2018,419.8,32,23.5,31.7,,0,0,0
Z0306,2019,405.1,24,10.0,14.8,,0,0,0
Z0306,2020,745.2,48,39.2,53.5,,0,0,0
Z0306,2021,453.1,29,73.5,130.2,,1,1,0
Z0306,2022,727.9,51,35.7,65.2,,1,5,0
Z0306,2023,350.5,21,35.2,77.0,,0,0,0
Z0306,2024,570.5,43,10.0,15.0,,1,6,0
Z0307,2015,276.5,22,12.4,24.2,,0,0,0
Z0307,2016,452.3,29,10.0,14.6,,0,0,0
Z0307,2017,522.0,39,36.8,48.6,,0,0,0
Z0307,2018,476.8,28,22.2,32.3,,1,13,0
Z0307,2019,470.9,35,37.4,75.4,,0,0,0
Z0307,2020,706.2,50,25.2,42.9,,0,0,0
Z0307,2021,339.6,25,10.0,14.8,,0,0,0
Z0307,2022,500.6,42,23.8,31.4,,0,0,0
Z0307,2023,407.4,29,19.6,32.5,,0,0,0
Z0307,2024,651.5,53,48.4,63.5,,0,0,0
Z0308,2015,428.4,30,19.5,34.9,,0,0,0
Z0308,2016,588.9,43,10.0,14.3,,0,0,0
Z0308,2017,603.9,35,40.3,82.6,,1,1,0
Z0308,2018,554.4,36,43.1,66.6,,0,0,0
Z0308,2019,708.0,55,26.4,41.3,,0,0,0
Z0308,2020,839.2,57,63.2,109.5,,0,0,0
Z0308,2021,400.8,27,10.0,13.3,,0,0,0
Z0308,2022,679.5,44,21.8,37.0,,0,0,0
Z0308,2023,462.8,35,10.0,14.4,,0,0,0
Z0308,2024,525.0,37,32.6,39.3,,0,0,0
Z0309,2015,519.3,34,14.7,29.7,,1,4,0
Z0309,2016,500.8,41,21.2,35.4,,0,0,0
Z0309,2017,557.7,47,91.9,176.9,,0,0,0
Z0309,2018,660.5,52,22.7,48.1,,0,0,0
Z0309,2019,519.1,44,57.6,70.6,,0,0,0
Z0309,2020,463.6,35,31.1,47.9,,0,0,0
Z0309,2021,484.6,40,10.0,20.3,,1,10,0
Z0309,2022,450.5,34,20.1,33.2,,1,2,0
Z0309,2023,391.9,27,22.5,48.5,,0,0,0
Z0309,2024,635.1,49,14.9,31.8,,0,0,0
Z0310,2015,495.7,36,10.0,16.8,,0,0,0
Z0310,2016,425.1,30,16.6,28.8,,0,0,0
Z0310,2017,540.3,38,21.3,33.7,,1,11,0
Z0310,2018,715.1,50,49.6,107.1,,1,7,0
Z0310,2019,584.5,37,29.2,41.1,,0,0,0
Z0310,2020,542.7,36,26.9,32.5,,0,0,0
Z0310,2021,438.8,30,49.1,62.2,,0,0,0
Z0310,2022,728.1,52,10.7,15.8,,0,0,0
Z0310,2023,353.9,28,15.0,23.4,,0,0,0
Z0310,2024,713.4,56,24.9,37.8,,1,4,0
Z0311,2015,637.3,48,57.4,80.5,,1,20,0
Z0311,2016,467.6,39,10.0,18.2,,0,0,0
Z0311,2017,393.4,29,24.6,39.5,,0,0,0
Z0311,2018,452.4,28,28.8,62.4,,0,0,0
Z0311,2019,435.4,31,10.0,21.2,,0,0,0
Z0311,2020,1129.0,79,30.5,64.5,,0,0,0
Z0311,2021,452.1,33,18.8,36.2,,1,7,0
Z0311,2022,422.7,35,21.4,36.1,,0,0,0
Z0311,2023,700.5,53,85.3,162.1,,1,4,0
Z0311,2024,660.7,45,27.9,51.8,,0,0,0
Z0312,2015,536.9,32,44.8,69.4,,0,0,0
Z0312,2016,389.4,34,19.5,26.1,,0,0,0
Z0312,2017,543.9,40,44.5,89.9,,0,0,0
Z0312,2018,444.3,29,13.0,28.0,,0,0,0
Z0312,2019,505.8,34,50.1,67.9,,0,0,0
Z0312,2020,525.1,29,10.2,18.0,,0,0,0
Z0312,2021,640.1,52,60.4,108.6,,0,0,0
Z0312,2022,403.5,28,14.8,32.1,,0,0,0
Z0312,2023,410.8,30,51.4,80.1,,0,0,0
Z0312,2024,454.1,35,44.5,34.5,,0,0,0
Z0313,2015,303.6,22,10.4,17.7,,0,0,0
Z0313,2016,299.6,29,10.0,15.9,,0,0,0
Z0313,2017,558.9,38,37.9,60.5,,1,3,0
Z0313,2018,683.7,47,26.4,40.9,,0,0,0
Z0313,2019,527.9,35,49.3,72.5,,0,0,0
Z0313,2020,514.8,38,15.3,26.0,,0,0,0
Z0313,2021,517.7,36,30.4,65.6,,0,0,0
Z0313,2022,766.2,54,37.8,68.1,,1,3,0
Z0313,2023,604.5,42,47.6,88.9,,0,0,0
Z0313,2024,598.1,48,32.7,44.5,,0,0,0
Z0314,2015,316.5,27,12.6,22.2,,0,0,0
Z0314,2016,504.4,49,44.5,65.1,,0,0,0
Z0314,2017,379.1,29,16.6,25.3,,0,0,0
Z0314,2018,388.9,26,10.0,12.6,,0,0,0
Z0314,2019,787.7,49,28.0,46.3,,0,0,0
Z0314,2020,421.5,18,10.0,13.3,,0,0,0
Z0314,2021,657.0,45,31.1,57.9,,0,0,0
Z0314,2022,550.1,40,37.9,79.1,,0,0,0
Z0314,2023,504.4,37,34.1,43.0,,0,0,0
Z0314,2024,713.0,46,10.0,18.6,,0,0,0
Z0315,2015,298.6,7,12.9,25.1,,0,0,0
Z0315,2016,452.5,32,24.5,49.3,,0,0,0
Z0315,2017,590.9,42,17.9,28.2,,1,1,0
Z0315,2018,589.7,39,11.9,26.1,,0,0,0
Z0315,2019,559.2,34,14.9,20.3,,0,0,0
Z0315,2020,849.9,55,18.0,28.2,,1,8,0
Z0315,2021,586.6,43,32.4,70.6,,0,0,0
Z0315,2022,804.9,52,58.9,84.8,,1,10,0
Z0315,2023,433.1,33,19.5,39.2,,0,0,0
Z0315,2024,606.2,44,49.4,88.4,,1,2,0
Z0316,2015,578.6,40,24.3,33.4,,1,6,0
Z0316,2016,468.1,31,49.1,62.1,,1,1,0
Z0316,2017,646.6,45,10.0,13.9,,0,0,0
Z0316,2018,680.6,51,28.4,38.3,,1,2,0
Z0316,2019,413.2,23,14.1,30.5,,1,7,0
Z0316,2020,825.0,59,14.7,29.7,,0,0,0
Z0316,2021,507.6,33,43.1,66.7,,1,5,0
Z0316,2022,538.0,39,15.6,29.3,,1,10,0
Z0316,2023,640.7,49,10.0,19.6,,0,0,0
Z0316,2024,638.4,40,72.5,102.4,,1,5,0
Z0317,2015,449.3,37,10.0,17.8,,1,8,0
Z0317,2016,868.2,66,72.4,138.0,,1,22,0
Z0317,2017,308.3,22,24.5,42.2,,0,0,0
Z0317,2018,547.3,43,38.3,53.1,,1,10,0
Z0317,2019,547.3,36,34.1,44.8,,0,0,0
Z0317,2020,552.7,37,18.9,41.4,,0,0,0
Z0317,2021,383.4,28,10.0,13.5,,0,0,0
Z0317,2022,608.0,41,66.1,85.3,,1,7,0
Z0317,2023,328.8,21,10.0,16.6,,0,0,0
Z0317,2024,814.4,53,83.9,163.7,,1,35,0
Z0318,2015,614.5,44,16.4,20.4,,0,0,0
Z0318,2016,688.5,36,17.4,34.1,,0,0,0
Z0318,2017,890.2,60,69.9,113.2,,0,0,0
Z0318,2018,751.1,55,15.4,24.6,,0,0,0
Z0318,2019,814.6,53,46.6,68.4,,0,0,0
Z0318,2020,745.8,65,14.2,21.2,,0,0,0
Z0318,2021,805.4,57,10.6,22.0,,0,0,0
Z0318,2022,990.6,73,79.9,103.2,,0,0,0
Z0318,2023,722.1,59,38.2,83.2,,0,0,0
Z0318,2024,1010.5,71,119.9,157.9,,0,0,0
Z0319,2015,526.6,33,29.15,80.8,,0,0,0
Z0319,2016,615.2,43,25.5,46.6,,0,0,0
Z0319,2017,444.5,20,30.1,46.6,,0,0,0
Z0319,2018,658.9,45,40.9,54.0,,0,0,0
Z0319,2019,667.8,48,58.6,92.0,,0,0,0
Z0319,2020,1194.9,83,29.15,276.0,,0,0,0
Z0319,2021,479.3,30,10.0,18.3,,0,0,0
Z0319,2022,1325.0,90,28.2,37.9,,0,0,0
Z0319,2023,512.9,36,18.1,26.6,,0,0,0
Z0319,2024,857.6,65,56.8,112.0,,0,0,0
Z0320,2015,708.5,51,92.1,137.9,,0,0,0
Z0320,2016,453.2,23,11.8,18.2,,0,0,0
Z0320,2017,745.5,49,17.8,26.7,,0,0,0
Z0320,2018,711.2,48,34.6,63.5,,1,3,0
Z0320,2019,594.5,35,10.0,14.5,,0,0,0
Z0320,2020,1129.8,83,92.1,184.6,,0,0,0
Z0320,2021,866.7,59,18.7,39.9,,0,0,0
Z0320,2022,1095.8,78,10.0,12.7,,0,0,0
Z0320,2023,613.2,48,17.8,99.0,,1,6,0
Z0320,2024,552.9,42,10.0,12.8,,0,0,0
Z0321,2015,911.6,59,14.8,18.4,,0,0,0
Z0321,2016,826.4,49,21.0,45.0,,0,0,0
Z0321,2017,524.3,31,30.6,52.3,,0,0,0
Z0321,2018,633.6,49,84.2,153.6,,0,0,0
Z0321,2019,624.6,40,17.6,24.1,,0,0,0
Z0321,2020,973.4,69,17.3,26.4,,0,0,0
Z0321,2021,644.4,45,10.0,21.1,,0,0,0
Z0321,2022,902.0,61,56.6,83.9,,0,0,0
Z0321,2023,520.9,35,23.1,48.0,,0,0,0
Z0321,2024,656.3,48,12.9,20.6,,0,0,0
Z0322,2015,502.5,35,11.4,19.5,,0,0,0
Z0322,2016,592.8,45,12.7,22.3,,0,0,0
Z0322,2017,858.2,57,29.2,56.7,,0,0,0
Z0322,2018,739.3,55,30.0,43.4,,0,0,0
Z0322,2019,654.0,53,26.6,57.3,,0,0,0
Z0322,2020,1016.6,70,43.9,87.8,,0,0,0
Z0322,2021,488.7,37,10.0,19.8,,0,0,0
Z0322,2022,661.1,39,10.8,23.1,,1,6,0
Z0322,2023,640.3,47,38.9,64.4,,0,0,0
Z0322,2024,746.2,57,27.5,47.9,,0,0,0
Z0323,2015,860.3,56,22.6,46.7,,0,0,0
Z0323,2016,739.7,54,62.2,90.5,,0,0,0
Z0323,2017,805.3,56,34.5,57.9,,0,0,0
Z0323,2018,666.7,53,45.1,67.2,,0,0,0
Z0323,2019,750.7,46,41.6,84.7,,1,3,0
Z0323,2020,764.8,54,18.3,37.3,,0,0,0
Z0323,2021,461.9,29,25.7,44.7,,0,0,0
Z0323,2022,754.9,47,44.6,59.0,,0,0,0
Z0323,2023,582.0,40,34.5,53.2,,0,0,0
Z0323,2024,907.5,61,24.9,54.4,,0,0,0
Z0324,2015,438.3,32,18.2,34.1,,0,0,0
Z0324,2016,642.3,39,22.2,28.9,,0,0,0
Z0324,2017,607.7,41,11.1,16.5,,0,0,0
Z0324,2018,698.7,53,37.5,45.2,,1,1,0
Z0324,2019,738.6,49,24.3,44.8,,0,0,0
Z0324,2020,841.0,61,51.7,83.3,,1,6,0
Z0324,2021,462.9,34,62.7,102.5,,1,4,0
Z0324,2022,739.0,48,27.6,53.9,,1,21,0
Z0324,2023,770.9,53,39.9,69.0,,0,0,0
Z0324,2024,1098.4,74,21.0,45.2,,0,0,0
Z0325,2015,568.9,39,10.0,21.8,,0,0,0
Z0325,2016,494.2,38,18.3,32.0,,0,0,0
Z0325,2017,773.7,58,34.9,48.1,,1,17,0
Z0325,2018,549.5,43,14.2,30.0,,0,0,0
Z0325,2019,540.0,43,12.7,19.1,,0,0,0
Z0325,2020,824.2,59,28.1,44.1,,0,0,0
Z0325,2021,667.6,48,36.6,74.0,,0,0,0
Z0325,2022,805.8,63,64.5,83.4,,0,0,0
Z0325,2023,532.8,40,46.9,93.1,,0,0,0
Z0325,2024,685.5,52,18.4,31.8,,0,0,0
Z0326,2015,613.1,46,32.3,59.7,,1,2,0
Z0326,2016,623.8,42,56.2,116.6,,0,0,0
Z0326,2017,859.3,54,11.1,14.1,,1,18,0
Z0326,2018,435.2,34,25.3,49.0,,0,0,0
Z0326,2019,650.6,48,12.1,26.4,,0,0,0
Z0326,2020,577.7,38,11.4,22.8,,0,0,0
Z0326,2021,534.1,41,22.7,28.5,,0,0,0
Z0326,2022,637.0,45,27.3,50.9,,0,0,0
Z0326,2023,543.7,43,30.0,56.3,,0,0,0
Z0326,2024,949.2,68,62.2,97.8,,0,0,0
Z0327,2015,524.2,34,43.6,83.3,,0,0,0
Z0327,2016,555.5,33,13.9,27.9,,0,0,0
Z0327,2017,727.3,48,18.4,37.1,,0,0,0
Z0327,2018,551.8,43,34.3,51.5,,0,0,0
Z0327,2019,509.8,45,38.2,50.1,,0,0,0
Z0327,2020,890.7,64,41.6,50.2,,0,0,0
Z0327,2021,589.5,42,14.9,32.1,,0,0,0
Z0327,2022,877.9,71,60.5,114.5,,0,0,0
Z0327,2023,766.3,56,31.1,53.4,,0,0,0
Z0327,2024,857.4,65,52.9,108.8,,0,0,0
Z0328,2015,1259.5,89,47.8,72.7,,1,5,0
Z0328,2016,743.6,46,29.1,45.2,,1,3,0
Z0328,2017,1351.1,90,54.8,66.4,,1,1,0
Z0328,2018,1403.4,90,43.0,75.0,,0,0,0
Z0328,2019,858.2,62,19.9,32.6,,0,0,0
Z0328,2020,1239.3,89,175.0,224.3,,1,6,0
Z0328,2021,944.4,68,22.9,33.2,,0,0,0
Z0328,2022,2557.5,90,177.8,297.9,,1,5,0
Z0328,2023,1075.4,81,52.9,86.3,,1,8,0
Z0328,2024,2099.1,90,80.7,105.4,,1,12,0
Z0329,2015,1256.2,90,100.3,142.6,,0,0,0
Z0329,2016,1398.9,90,50.0,108.7,,0,0,0
Z0329,2017,1087.2,76,82.1,165.5,,0,0,0
Z0329,2018,1140.9,90,73.2,128.9,,0,0,0
Z0329,2019,1065.8,77,57.5,87.0,,1,4,0
Z0329,2020,1623.2,90,17.1,22.8,,0,0,0
Z0329,2021,2485.1,90,260.0,342.4,,1,8,0
Z0329,2022,2189.2,90,83.4,129.8,,0,0,0
Z0329,2023,1431.6,90,114.0,165.4,,1,4,0
Z0329,2024,1835.6,90,68.0,149.1,,1,5,0
Z0330,2015,1220.7,83,97.5,31.9,,0,0,0
Z0330,2016,1404.7,90,35.0,56.3,,0,0,0
Z0330,2017,1117.9,80,28.9,54.5,,0,0,0
Z0330,2018,1391.7,90,37.7,82.7,,0,0,0
Z0330,2019,1325.3,88,118.9,211.7,,1,5,0
Z0330,2020,1697.8,90,151.4,296.0,,1,1,0
Z0330,2021,1392.5,90,97.5,183.7,,1,3,0
Z0330,2022,1515.6,90,134.9,243.3,,1,4,0
Z0330,2023,1622.6,90,83.4,103.5,,0,0,0
Z0330,2024,1783.9,90,131.3,159.5,,0,0,0
Z0331,2015,1343.5,90,84.9,178.0,,1,7,0
Z0331,2016,1163.5,84,102.3,169.3,,1,26,0
Z0331,2017,1265.0,90,80.7,145.0,,1,8,0
Z0331,2018,965.2,78,69.8,145.2,,0,0,0
Z0331,2019,1617.2,90,35.6,56.2,,1,7,0
Z0331,2020,1572.6,90,110.4,205.7,,1,19,0
Z0331,2021,940.5,65,51.5,90.5,,1,6,0
Z0331,2022,1253.2,90,99.2,139.4,,1,19,0
Z0331,2023,1041.6,71,49.6,85.0,,0,0,0
Z0331,2024,1507.1,90,174.9,230.1,,1,34,0
Z0332,2015,1168.0,80,44.8,85.4,,0,0,0
Z0332,2016,1502.6,90,54.9,89.9,,0,0,0
Z0332,2017,1483.2,90,157.0,240.1,,1,12,0
Z0332,2018,1585.6,90,62.4,135.3,,0,0,0
Z0332,2019,1660.5,90,136.8,253.1,,0,0,0
Z0332,2020,2106.3,90,111.0,221.8,,1,6,0
Z0332,2021,1669.1,90,60.8,89.0,,0,0,0
Z0332,2022,1140.1,85,20.0,31.7,,1,1,0
Z0332,2023,1254.8,87,40.0,70.5,,0,0,0
Z0332,2024,1122.0,79,53.4,113.2,,0,0,0
Z0333,2015,1042.4,71,26.9,50.6,,1,6,0
Z0333,2016,834.7,59,36.0,59.6,,0,0,0
Z0333,2017,1386.5,90,159.1,221.6,,1,3,0
Z0333,2018,1124.7,85,58.7,75.1,,0,0,0
Z0333,2019,1523.9,90,24.6,39.6,,0,0,0
Z0333,2020,1434.9,90,147.4,194.9,,1,4,0
Z0333,2021,1388.2,90,82.2,166.3,,1,3,0
Z0333,2022,1280.2,90,41.9,92.0,,0,0,0
Z0333,2023,1248.2,87,82.0,128.3,,0,0,0
Z0333,2024,2029.9,90,167.6,276.8,,1,10,0
Z0334,2015,2040.2,90,90.4,135.5,,1,1,0
Z0334,2016,1053.4,78,39.8,71.5,,1,14,0
Z0334,2017,1260.6,90,122.0,210.6,,1,1,0
Z0334,2018,897.6,69,28.7,60.8,,1,7,0
Z0334,2019,1732.3,90,71.4,139.9,,1,2,0
Z0334,2020,1761.2,90,105.3,162.8,,1,6,0
Z0334,2021,988.7,75,41.4,52.6,,0,0,0
Z0334,2022,1998.0,90,12.4,26.2,,1,8,0
Z0334,2023,1474.6,90,133.3,190.4,,1,7,0
Z0334,2024,1187.6,87,46.1,67.6,,0,0,0
Z0335,2015,1536.6,90,10.8,17.6,,0,0,0
Z0335,2016,1639.5,90,124.0,157.8,,1,8,0
Z0335,2017,1999.1,90,168.7,271.7,,1,3,0
Z0335,2018,2046.7,90,42.3,51.6,,0,0,0
Z0335,2019,1369.5,90,66.6,105.9,,1,7,0
Z0335,2020,2548.7,90,224.4,273.6,,1,11,0
Z0335,2021,815.7,56,13.1,17.0,,0,0,0
Z0335,2022,1203.9,87,185.1,315.9,,1,5,0
Z0335,2023,841.7,57,34.6,44.7,,1,6,0
Z0335,2024,2112.6,90,113.0,167.3,,0,0,0
Z0336,2015,1276.0,88,30.1,45.8,,0,0,0
Z0336,2016,1169.7,90,41.3,51.5,,1,4,0
Z0336,2017,1995.3,90,142.9,240.1,,1,2,0
Z0336,2018,1638.1,90,99.1,119.6,,0,0,0
Z0336,2019,1717.1,90,47.7,71.9,,0,0,0
Z0336,2020,1428.0,90,43.4,69.5,,0,0,0
Z0336,2021,1550.6,90,50.7,85.6,,0,0,0
Z0336,2022,1247.3,90,47.7,106.7,,0,0,0
Z0336,2023,1101.8,80,49.0,96.4,,0,0,0
Z0336,2024,782.5,58,34.4,63.0,,0,0,0
Z0337,2015,1042.2,74,29.5,51.8,,0,0,0
Z0337,2016,1692.1,90,68.2,133.1,,1,5,0
Z0337,2017,1656.5,90,54.5,81.3,,1,3,0
Z0337,2018,953.3,73,41.2,70.6,,0,0,0
Z0337,2019,1382.2,90,39.8,64.2,,0,0,0
Z0337,2020,1249.7,86,25.7,51.9,,0,0,0
Z0337,2021,1772.0,90,131.9,244.6,,1,1,0
Z0337,2022,1553.1,90,114.6,247.5,,1,7,0
Z0337,2023,1727.4,90,20.7,28.7,,0,0,0
Z0337,2024,1990.0,90,98.0,118.6,,1,2,0
Z0338,2015,1173.2,77,113.2,222.5,,1,2,0
Z0338,2016,985.7,64,159.6,214.8,,1,6,0
Z0338,2017,1439.3,90,42.3,71.3,,0,0,0
Z0338,2018,818.2,50,41.1,56.7,,0,0,0
Z0338,2019,1737.2,90,124.7,169.7,,0,0,0
Z0338,2020,1790.4,90,102.4,163.5,,0,0,0
Z0338,2021,1563.6,90,37.7,49.0,,1,1,0
Z0338,2022,1069.9,80,47.1,97.0,,0,0,0
Z0338,2023,1264.2,85,39.8,53.2,,0,0,0
Z0338,2024,1239.9,87,37.3,62.3,,0,0,0
Z0339,2015,1141.8,77,34.8,42.3,,0,0,0
Z0339,2016,1222.1,90,32.1,54.7,,0,0,0
Z0339,2017,1554.7,90,97.7,139.3,,0,0,0
Z0339,2018,952.5,71,51.4,111.4,,0,0,0
Z0339,2019,1186.6,83,66.9,87.6,,0,0,0
Z0339,2020,1222.1,90,149.2,313.3,,1,7,0
Z0339,2021,1340.4,90,80.9,97.6,,0,0,0
Z0339,2022,1912.4,90,66.9,46.0,,0,0,0
Z0339,2023,1153.3,85,31.6,62.0,,0,0,0
Z0339,2024,1374.9,90,138.1,267.6,,1,1,0
Z0340,2015,719.6,47,59.8,85.3,,0,0,0
Z0340,2016,1150.4,83,32.6,57.2,,0,0,0
Z0340,2017,1339.6,90,38.3,81.5,,0,0,0
Z0340,2018,1339.4,90,78.9,113.8,,1,3,0
Z0340,2019,903.1,70,23.1,37.9,,0,0,0
Z0340,2020,1255.4,90,76.8,141.6,,1,7,0
Z0340,2021,1046.1,74,37.9,67.7,,0,0,0
Z0340,2022,1179.2,83,46.8,100.2,,0,0,0
Z0340,2023,1136.3,81,58.0,113.4,,0,0,0
Z0340,2024,1471.1,90,72.5,97.3,,0,0,0
Z0341,2015,1081.6,73,49.8,107.1,,0,0,0
Z0341,2016,806.0,60,43.6,95.7,,0,0,0
Z0341,2017,1093.1,82,157.0,312.0,,0,0,0
Z0341,2018,1063.4,76,38.2,50.9,,0,0,0
Z0341,2019,1551.3,90,95.2,135.4,,0,0,0
Z0341,2020,856.4,54,25.3,41.9,,0,0,0
Z0341,2021,914.1,70,80.6,167.7,,0,0,0
Z0341,2022,710.3,46,10.0,14.5,,0,0,0
Z0341,2023,913.1,67,82.8,130.9,,0,0,0
Z0341,2024,1097.3,78,33.5,57.3,,0,0,0
Z0342,2015,940.5,63,35.4,51.5,,0,0,0
Z0342,2016,924.6,63,49.2,68.1,,0,0,0
Z0342,2017,929.4,67,59.0,128.0,,0,0,0
Z0342,2018,863.4,61,30.8,63.0,,0,0,0
Z0342,2019,1115.4,74,49.2,92.6,,0,0,0
Z0342,2020,1220.0,86,59.4,101.7,,0,0,0
Z0342,2021,1170.3,85,143.4,294.6,,0,0,0
Z0342,2022,1189.3,85,87.1,144.1,,0,0,0
Z0342,2023,1117.1,75,14.3,31.3,,0,0,0
Z0342,2024,1099.8,72,31.9,57.4,,0,0,0
Z0343,2015,954.4,71,81.8,168.5,,0,0,0
Z0343,2016,740.9,47,44.1,88.6,,0,0,0
Z0343,2017,733.3,58,59.3,94.0,,0,0,0
Z0343,2018,682.8,51,10.0,16.8,,0,0,0
Z0343,2019,1332.9,89,49.6,67.5,,0,0,0
Z0343,2020,895.4,64,89.1,109.9,,0,0,0
Z0343,2021,817.1,57,21.3,27.9,,0,0,0
Z0343,2022,895.4,68,83.3,133.4,,0,0,0
Z0343,2023,1144.9,88,38.4,60.0,,0,0,0
Z0343,2024,1517.7,90,54.3,81.0,,0,0,0
Z0344,2015,1004.6,64,32.3,50.5,,0,0,0
Z0344,2016,922.7,68,20.8,40.1,,0,0,0
Z0344,2017,903.9,68,22.8,27.7,,0,0,0
Z0344,2018,1249.2,87,18.6,39.9,,0,0,0
Z0344,2019,637.4,43,10.0,17.2,,0,0,0
Z0344,2020,1216.2,90,140.4,251.8,,0,0,0
Z0344,2021,1259.3,90,71.6,86.5,,0,0,0
Z0344,2022,1513.0,90,67.2,143.3,,0,0,0
Z0344,2023,1022.8,65,94.9,200.0,,0,0,0
Z0344,2024,1261.6,90,126.2,234.1,,0,0,0
Z0345,2015,826.7,62,19.1,25.7,,0,0,0
Z0345,2016,1091.8,78,127.1,156.3,,0,0,0
Z0345,2017,1105.7,79,42.7,84.7,,0,0,0
Z0345,2018,765.3,57,13.2,23.8,,0,0,0
Z0345,2019,719.3,57,33.5,59.8,,0,0,0
Z0345,2020,1108.0,75,35.6,54.3,,1,3,0
Z0345,2021,895.5,62,20.9,45.8,,0,0,0
Z0345,2022,1225.9,81,41.0,72.8,,0,0,0
Z0345,2023,1337.6,89,67.5,93.1,,0,0,0
Z0345,2024,1184.6,83,27.6,44.4,,0,0,0
Z0346,2015,993.8,72,41.9,70.4,,0,0,0
Z0346,2016,889.6,61,33.7,52.9,,0,0,0
Z0346,2017,908.6,67,26.0,55.1,,1,12,0
Z0346,2018,885.6,66,30.6,39.3,,1,1,0
Z0346,2019,1043.7,76,65.3,114.3,,1,5,0
Z0346,2020,1271.5,90,70.3,127.6,,0,0,0
Z0346,2021,764.9,59,24.4,53.3,,0,0,0
Z0346,2022,1466.9,90,26.3,38.4,,1,2,0
Z0346,2023,1339.9,90,45.6,64.9,,0,0,0
Z0346,2024,1335.2,85,114.7,245.0,,1,2,0
Z0347,2015,1018.2,68,63.3,100.2,,0,0,0
Z0347,2016,1059.4,79,55.0,120.3,,0,0,0
Z0347,2017,1025.8,67,10.0,16.0,,0,0,0
Z0347,2018,721.6,52,40.3,79.0,,0,0,0
Z0347,2019,1556.5,90,136.2,286.7,,0,0,0
Z0347,2020,1169.5,81,60.4,82.0,,0,0,0
Z0347,2021,969.2,66,62.5,121.6,,0,0,0
Z0347,2022,1020.5,69,127.4,201.5,,1,1,0
Z0347,2023,1260.1,88,40.5,82.9,,0,0,0
Z0347,2024,1285.9,90,35.8,74.5,,0,0,0
Z0348,2015,979.2,70,27.3,43.2,,0,0,0
Z0348,2016,917.1,62,44.8,88.9,,0,0,0
Z0348,2017,706.4,55,30.3,56.4,,0,0,0
Z0348,2018,1034.0,67,10.0,14.6,,0,0,0
Z0348,2019,1604.3,90,100.2,144.2,,0,0,0
Z0348,2020,765.0,45,33.2,99.0,,0,0,0
Z0348,2021,1348.2,90,146.7,267.7,,1,2,0
Z0348,2022,916.4,63,33.2,45.1,,0,0,0
Z0348,2023,966.3,76,31.4,56.7,,0,0,0
Z0348,2024,1463.4,90,121.3,219.4,,0,0,0
Z0349,2015,1709.1,90,85.1,137.5,,0,0,0
Z0349,2016,786.2,58,38.5,68.1,,0,0,0
Z0349,2017,1474.5,90,40.5,51.0,,0,0,0
Z0349,2018,933.7,63,43.0,69.4,,0,0,0
Z0349,2019,1328.1,90,40.8,59.8,,0,0,0
Z0349,2020,1070.5,84,40.6,53.6,,0,0,0
Z0349,2021,1076.1,77,35.7,74.5,,0,0,0
Z0349,2022,1397.9,90,45.9,85.6,,0,0,0
Z0349,2023,1228.7,88,80.7,119.8,,0,0,0
Z0349,2024,1329.6,90,35.1,43.2,,0,0,0
Z0350,2015,942.1,69,107.2,168.1,,1,5,0
Z0350,2016,1112.0,78,28.5,61.1,,0,0,0
Z0350,2017,961.5,73,40.8,53.8,,0,0,0
Z0350,2018,554.6,42,27.3,36.8,,0,0,0
Z0350,2019,966.0,73,34.4,59.6,,1,21,0
Z0350,2020,1131.5,86,107.1,213.7,,1,22,0
Z0350,2021,907.4,64,30.0,57.6,,1,3,0
Z0350,2022,1170.2,82,85.6,120.5,,1,7,0
Z0350,2023,959.3,62,70.4,89.3,,1,21,0
Z0350,2024,1753.8,90,175.3,294.9,,1,11,0
Z0351,2015,688.4,54,24.6,39.3,,1,14,0
Z0351,2016,729.7,53,159.0,192.8,,1,11,0
Z0351,2017,924.5,66,94.7,132.7,,0,0,0
Z0351,2018,1058.9,75,27.5,49.9,,0,0,0
Z0351,2019,938.2,70,48.9,94.9,,0,0,0
Z0351,2020,1863.2,90,79.3,154.1,,1,10,0
Z0351,2021,1243.3,85,130.3,176.9,,1,4,0
Z0351,2022,1958.3,90,71.2,150.6,,0,0,0
Z0351,2023,783.5,55,39.3,74.6,,0,0,0
Z0351,2024,1206.2,82,57.9,98.5,,0,0,0
Z0352,2015,971.9,62,55.0,100.9,,0,0,0
Z0352,2016,1351.7,90,33.7,52.9,,0,0,0
Z0352,2017,1419.2,90,105.9,219.9,,1,2,0
Z0352,2018,1657.9,90,58.2,117.5,,0,0,0
Z0352,2019,909.9,64,49.3,80.5,,0,0,0
Z0352,2020,1669.4,90,34.9,75.7,,0,0,0
Z0352,2021,1021.1,62,70.2,111.1,,0,0,0
Z0352,2022,912.0,64,23.2,50.4,,0,0,0
Z0352,2023,872.9,60,27.2,55.4,,0,0,0
Z0352,2024,1748.9,90,110.6,179.5,,1,1,0
Z0353,2015,1162.7,89,40.1,68.9,,0,0,0
Z0353,2016,1201.9,86,73.9,135.5,,1,7,0
Z0353,2017,1407.1,90,24.5,34.3,,0,0,0
Z0353,2018,835.4,55,23.9,37.4,,0,0,0
Z0353,2019,1130.5,85,82.9,137.9,,1,4,0
Z0353,2020,823.9,56,48.9,74.8,,0,0,0
Z0353,2021,1337.1,90,28.4,59.4,,0,0,0
Z0353,2022,1270.4,90,202.5,259.4,,1,4,0
Z0353,2023,1487.2,90,151.0,312.1,,1,3,0
Z0353,2024,1201.9,90,149.6,322.6,,1,9,0
Z0354,2015,800.2,57,44.1,75.1,,0,0,0
Z0354,2016,1053.1,71,63.5,91.8,,0,0,0
Z0354,2017,1441.1,90,10.6,16.3,,0,0,0
Z0354,2018,1238.3,90,50.9,83.5,,0,0,0
Z0354,2019,1559.5,90,48.8,78.0,,0,0,0
Z0354,2020,1368.0,90,128.9,239.6,,1,4,0
Z0354,2021,1025.3,78,52.0,96.8,,0,0,0
Z0354,2022,2029.2,90,84.2,116.9,,0,0,0
Z0354,2023,1403.4,90,40.7,56.3,,0,0,0
Z0354,2024,1379.8,90,64.4,116.7,,0,0,0
Z0355,2015,1073.1,76,56.1,91.6,,0,0,0
Z0355,2016,877.1,51,36.7,73.5,,0,0,0
Z0355,2017,1277.2,88,29.2,42.2,,0,0,0
Z0355,2018,707.7,48,16.0,28.4,,0,0,0
Z0355,2019,1410.8,90,99.3,155.9,,1,6,0
Z0355,2020,2227.2,90,82.7,104.8,,1,7,0
Z0355,2021,811.2,56,54.3,110.0,,0,0,0
Z0355,2022,1856.8,90,38.8,46.6,,0,0,0
Z0355,2023,955.9,68,22.2,30.5,,0,0,0
Z0355,2024,1857.1,90,38.6,49.7,,0,0,0
Z0356,2015,1084.6,75,71.7,136.7,,0,0,0
Z0356,2016,1305.8,90,58.5,93.7,,0,0,0
Z0356,2017,711.2,51,63.2,101.1,,1,14,0
Z0356,2018,891.7,60,32.2,60.8,,0,0,0
Z0356,2019,1264.4,89,39.6,47.7,,0,0,0
Z0356,2020,1160.3,83,77.1,152.9,,0,0,0
Z0356,2021,2431.2,90,28.4,56.5,,0,0,0
Z0356,2022,1952.3,90,129.5,161.7,,0,0,0
Z0356,2023,1122.7,77,12.8,20.3,,0,0,0
Z0356,2024,1812.5,90,115.1,140.6,,1,8,0
Z0357,2015,1335.2,90,57.3,94.9,,1,11,0
Z0357,2016,1317.6,90,100.1,213.0,,0,0,0
Z0357,2017,1017.5,72,60.6,126.9,,0,0,0
Z0357,2018,1268.6,87,96.7,179.7,,1,3,0
Z0357,2019,1306.3,90,43.5,53.5,,0,0,0
Z0357,2020,1311.2,86,54.9,71.2,,0,0,0
Z0357,2021,1192.6,90,51.4,93.3,,0,0,0
Z0357,2022,1028.7,80,29.3,38.2,,0,0,0
Z0357,2023,765.1,53,54.9,42.1,,0,0,0
Z0357,2024,1751.3,90,51.6,103.0,,0,0,0
Z0358,2015,658.5,45,12.9,19.7,,0,0,0
Z0358,2016,619.5,43,11.6,15.0,,0,0,0
Z0358,2017,978.2,68,10.7,15.1,,0,0,0
Z0358,2018,1182.7,88,20.0,26.7,,0,0,0
Z0358,2019,765.0,50,36.1,63.9,,0,0,0
Z0358,2020,1692.6,90,67.9,96.2,,0,0,0
Z0358,2021,786.2,56,32.8,166.6,,0,0,0
Z0358,2022,971.1,64,32.8,53.1,,0,0,0
Z0358,2023,1371.8,90,87.8,124.1,,0,0,0
Z0358,2024,1111.6,73,100.8,135.1,,0,0,0
Z0359,2015,1017.2,72,81.2,124.9,,0,0,0
Z0359,2016,581.0,40,42.1,63.5,,0,0,0
Z0359,2017,710.2,47,16.2,28.6,,0,0,0
Z0359,2018,1253.1,84,53.6,77.0,,0,0,0
Z0359,2019,1267.0,90,69.6,91.4,,1,4,0
Z0359,2020,1030.8,79,57.7,102.5,,1,5,0
Z0359,2021,1050.8,80,72.4,93.5,,1,7,0
Z0359,2022,1678.9,90,79.5,103.5,,1,1,0
Z0359,2023,1593.2,90,181.1,235.8,,1,6,0
Z0359,2024,1111.8,74,42.8,58.8,,0,0,0
Z0360,2015,1467.0,90,38.1,70.5,,0,0,0
Z0360,2016,881.1,68,21.3,45.5,,0,0,0
Z0360,2017,1325.2,90,43.0,85.2,,0,0,0
Z0360,2018,1028.7,75,36.4,62.7,,0,0,0
Z0360,2019,1255.1,90,38.1,69.8,,1,6,0
Z0360,2020,1092.9,74,25.4,49.7,,0,0,0
Z0360,2021,1470.8,90,73.2,142.4,,0,0,0
Z0360,2022,1033.0,71,38.3,53.3,,0,0,0
Z0360,2023,1500.4,90,96.4,196.4,,0,0,0
Z0360,2024,1495.5,90,89.3,177.7,,0,0,0
Z0361,2015,1248.7,88,36.7,69.1,,1,6,0
Z0361,2016,1313.7,90,103.1,135.9,,0,0,0
Z0361,2017,1096.8,75,51.3,69.5,,0,0,0
Z0361,2018,941.0,70,40.6,84.5,,0,0,0
Z0361,2019,897.8,59,48.4,96.2,,0,0,0
Z0361,2020,1269.8,83,109.6,144.7,,0,0,0
Z0361,2021,1763.3,90,79.1,160.2,,1,3,0
Z0361,2022,1033.0,69,48.5,70.9,,0,0,0
Z0361,2023,1096.8,67,24.3,38.2,,0,0,0
Z0361,2024,1007.4,68,46.8,66.6,,0,0,0
Z0362,2015,1338.4,90,29.1,51.3,,0,0,0
Z0362,2016,1130.9,78,14.1,24.9,,0,0,0
Z0362,2017,1339.2,90,54.6,116.3,,0,0,0
Z0362,2018,1156.2,86,15.2,21.7,,0,0,0
Z0362,2019,845.5,57,74.4,94.5,,0,0,0
Z0362,2020,1278.9,90,70.3,139.5,,0,0,0
Z0362,2021,1283.8,89,104.1,188.7,,0,0,0
Z0362,2022,1237.5,85,12.7,20.7,,0,0,0
Z0362,2023,843.6,62,33.4,47.6,,0,0,0
Z0362,2024,1242.8,90,65.0,110.8,,0,0,0
Z0363,2015,336.6,26,39.6,74.2,,0,0,0
Z0363,2016,534.5,41,15.1,28.2,,0,0,0
Z0363,2017,607.8,41,38.2,52.6,,0,0,0
Z0363,2018,1155.2,81,105.3,198.7,,1,5,0
Z0363,2019,587.4,36,14.7,24.7,,0,0,0
Z0363,2020,754.2,56,33.9,64.0,,0,0,0
Z0363,2021,451.7,30,29.4,57.2,,0,0,0
Z0363,2022,1011.2,76,61.1,104.7,,0,0,0
Z0363,2023,438.1,37,20.8,31.1,,0,0,0
Z0363,2024,946.8,71,45.1,83.3,,0,0,0
Z0364,2015,623.7,44,13.5,24.7,,0,0,0
Z0364,2016,977.7,67,94.4,134.4,,1,13,0
Z0364,2017,798.0,58,14.1,28.1,,0,0,0
Z0364,2018,798.3,57,37.0,72.3,,0,0,0
Z0364,2019,835.8,60,52.4,63.1,,0,0,0
Z0364,2020,890.9,60,34.9,48.1,,0,0,0
Z0364,2021,988.7,73,10.0,17.6,,0,0,0
Z0364,2022,827.9,58,74.9,128.0,,0,0,0
Z0364,2023,670.9,43,18.5,35.9,,0,0,0
Z0364,2024,887.4,73,76.5,153.2,,0,0,0
Z0365,2015,547.2,37,16.4,26.0,,0,0,0
Z0365,2016,866.8,58,38.5,68.8,,1,12,0
Z0365,2017,1336.6,90,51.9,69.9,,0,0,0
Z0365,2018,821.3,60,66.9,135.3,,1,4,0
Z0365,2019,926.3,66,29.9,64.7,,0,0,0
Z0365,2020,726.1,53,29.9,84.9,,1,20,0
Z0365,2021,594.2,35,11.9,14.6,,0,0,0
Z0365,2022,641.8,44,61.6,117.7,,0,0,0
Z0365,2023,703.4,52,12.5,21.2,,1,7,0
Z0365,2024,970.1,71,21.3,38.0,,0,0,0
Z0366,2015,810.3,57,46.5,99.4,,0,0,0
Z0366,2016,801.5,57,10.0,20.0,,0,0,0
Z0366,2017,607.4,37,27.5,39.2,,0,0,0
Z0366,2018,721.9,53,33.2,60.6,,0,0,0
Z0366,2019,573.1,47,10.0,21.8,,0,0,0
Z0366,2020,651.0,45,31.7,38.3,,0,0,0
Z0366,2021,825.0,65,32.3,42.0,,1,8,0
Z0366,2022,848.6,60,32.3,44.9,,0,0,0
Z0366,2023,677.7,49,28.8,38.7,,0,0,0
Z0366,2024,850.4,66,36.5,65.6,,0,0,0
Z0367,2015,720.0,48,36.8,58.9,,0,0,0
Z0367,2016,486.1,43,28.9,49.5,,0,0,0
Z0367,2017,687.4,60,77.9,116.9,,0,0,0
Z0367,2018,825.1,56,13.4,21.8,,0,0,0
Z0367,2019,807.3,55,45.4,57.3,,0,0,0
Z0367,2020,997.2,64,10.0,14.3,,0,0,0
Z0367,2021,752.4,49,16.7,35.9,,0,0,0
Z0367,2022,973.6,67,44.4,93.9,,0,0,0
Z0367,2023,715.7,46,18.7,30.7,,0,0,0
Z0367,2024,1234.3,85,46.3,99.7,,0,0,0
Z0368,2015,686.7,47,35.9,53.0,,0,0,0
Z0368,2016,1055.5,71,66.5,91.9,,0,0,0
Z0368,2017,685.4,51,10.0,15.6,,0,0,0
Z0368,2018,1549.4,90,59.6,71.6,,0,0,0
Z0368,2019,758.5,55,46.7,70.7,,0,0,0
Z0368,2020,910.6,63,39.5,80.2,,0,0,0
Z0368,2021,978.3,77,15.0,30.1,,0,0,0
Z0368,2022,739.4,57,10.0,12.6,,0,0,0
Z0368,2023,910.6,53,20.2,26.0,,0,0,0
Z0368,2024,1264.1,90,60.2,87.9,,0,0,0
Z0369,2015,693.6,49,60.5,115.3,,0,0,0
Z0369,2016,860.0,60,37.1,52.7,,0,0,0
Z0369,2017,676.0,44,25.4,50.0,,0,0,0
Z0369,2018,798.7,61,37.7,75.4,,0,0,0
Z0369,2019,815.8,48,16.6,28.5,,0,0,0
Z0369,2020,798.7,81,17.9,33.1,,0,0,0
Z0369,2021,1158.6,76,61.9,105.6,,0,0,0
Z0369,2022,1168.7,82,55.0,111.0,,0,0,0
Z0369,2023,774.7,59,52.6,75.6,,0,0,0
Z0369,2024,708.6,51,46.6,99.3,,0,0,0
Z0370,2015,652.2,48,23.9,32.6,,0,0,0
Z0370,2016,858.2,60,26.2,114.1,,0,0,0
Z0370,2017,1342.6,90,26.2,50.2,,0,0,0
Z0370,2018,434.0,36,25.9,33.5,,0,0,0
Z0370,2019,779.9,63,73.8,102.5,,0,0,0
Z0370,2020,810.4,57,22.1,37.6,,0,0,0
Z0370,2021,620.2,45,42.0,80.1,,0,0,0
Z0370,2022,1167.6,86,87.3,188.8,,0,0,0
Z0370,2023,668.0,51,18.1,34.0,,0,0,0
Z0370,2024,1705.0,90,55.4,96.5,,0,0,0
Z0371,2015,1060.1,71,36.4,61.5,,0,0,0
Z0371,2016,843.0,60,57.9,87.5,,1,1,0
Z0371,2017,568.5,38,14.4,27.7,,0,0,0
Z0371,2018,445.3,29,29.8,64.0,,0,0,0
Z0371,2019,377.0,29,15.6,21.4,,0,0,0
Z0371,2020,1554.6,90,214.8,291.0,,1,1,0
Z0371,2021,634.4,46,36.2,75.5,,0,0,0
Z0371,2022,770.8,53,37.8,81.7,,0,0,0
Z0371,2023,734.6,47,36.4,28.9,,0,0,0
Z0371,2024,864.2,73,37.7,51.3,,0,0,0
Z0372,2015,1244.2,85,46.8,57.8,,1,9,0
Z0372,2016,1209.8,86,18.3,37.7,,1,2,0
Z0372,2017,430.8,32,11.6,21.0,,0,0,0
Z0372,2018,1158.8,60,70.9,137.7,,1,2,0
Z0372,2019,850.0,64,22.0,44.8,,0,0,0
Z0372,2020,867.5,63,15.8,31.2,,1,2,0
Z0372,2021,1627.0,90,68.0,132.4,,1,6,0
Z0372,2022,1158.8,85,49.4,75.2,,0,0,0
Z0372,2023,706.3,52,27.1,37.0,,1,9,0
Z0372,2024,1258.3,90,48.4,103.4,,0,0,0
Z0373,2015,1294.6,90,81.6,126.7,,0,0,0
Z0373,2016,900.8,62,78.0,127.2,,1,3,0
Z0373,2017,493.4,31,17.8,33.8,,1,8,0
Z0373,2018,1164.2,85,53.6,97.0,,1,12,0
Z0373,2019,612.0,43,37.1,60.3,,0,0,0
Z0373,2020,1109.4,73,107.4,222.3,,1,9,0
Z0373,2021,971.5,65,39.3,81.0,,1,5,0
Z0373,2022,814.5,58,23.3,38.5,,1,12,0
Z0373,2023,642.6,49,53.2,102.8,,1,1,0
Z0373,2024,1060.7,75,18.7,32.0,,0,0,0
Z0374,2015,721.8,48,38.4,76.2,7.6,1,3,1
Z0374,2016,815.5,55,69.2,83.1,5.66,1,2,1
Z0374,2017,699.9,52,29.0,46.1,6.44,0,0,1
Z0374,2018,755.5,52,12.3,24.6,6.01,1,14,1
Z0374,2019,980.0,76,25.2,34.9,5.57,0,0,1
Z0374,2020,830.7,61,45.0,67.0,6.95,0,0,1
Z0374,2021,698.2,55,35.3,50.5,4.32,0,0,1
Z0374,2022,660.7,50,38.5,53.7,6.43,0,0,1
Z0374,2023,816.5,57,18.3,40.0,5.95,1,5,1
Z0374,2024,859.0,66,17.2,28.2,8.56,1,4,1
Z0375,2015,1036.3,70,22.2,43.9,7.1,0,0,1
Z0375,2016,660.3,47,22.2,51.3,8.21,0,0,1
Z0375,2017,394.5,27,17.1,28.0,5.33,0,0,1
Z0375,2018,508.8,36,21.8,38.7,6.52,0,0,1
Z0375,2019,451.3,39,21.6,26.3,6.96,0,0,1
Z0375,2020,1032.4,77,85.5,129.6,9.3,0,0,1
Z0375,2021,796.5,58,80.4,121.7,6.49,0,0,1
Z0375,2022,798.4,60,17.2,22.1,3.23,0,0,1
Z0375,2023,890.7,59,92.1,148.0,5.84,0,0,1
Z0375,2024,1122.3,72,90.4,149.2,8.8,0,0,1
Z0376,2015,505.3,34,10.7,13.9,7.59,0,0,1
Z0376,2016,889.9,59,55.8,121.6,5.49,0,0,1
Z0376,2017,905.4,70,34.2,55.2,4.94,0,0,1
Z0376,2018,573.8,33,32.4,64.0,5.05,0,0,1
Z0376,2019,799.0,58,45.4,90.5,8.05,0,0,1
Z0376,2020,894.2,59,36.5,56.6,9.07,0,0,1
Z0376,2021,700.8,47,25.9,36.9,5.51,0,0,1
Z0376,2022,1180.4,83,81.7,123.7,6.29,0,0,1
Z0376,2023,614.4,39,10.0,14.6,5.03,0,0,1
Z0376,2024,750.9,53,55.3,71.3,9.17,0,0,1
Z0377,2015,810.9,59,64.0,117.2,6.57,1,4,1
Z0377,2016,764.4,45,19.0,39.1,6.65,0,0,1
Z0377,2017,764.4,49,24.7,36.9,7.5,0,0,1
Z0377,2018,939.4,64,26.5,35.1,5.54,0,0,1
Z0377,2019,747.5,57,47.0,90.3,5.28,0,0,1
Z0377,2020,1057.8,80,19.7,42.2,10.33,1,2,1
Z0377,2021,525.2,34,28.3,59.5,6.27,0,0,1
Z0377,2022,980.1,76,26.7,52.2,5.16,0,0,1
Z0377,2023,762.8,53,26.5,52.3,6.54,0,0,1
Z0377,2024,624.0,49,12.6,27.3,9.24,0,0,1
Z0378,2015,606.3,41,27.9,43.5,5.56,0,0,1
Z0378,2016,666.0,50,84.4,180.4,9.9,1,7,1
Z0378,2017,598.0,45,17.4,22.2,4.48,0,0,1
Z0378,2018,998.3,76,24.8,53.4,9.05,1,17,1
Z0378,2019,722.4,51,10.0,18.9,7.0,0,0,1
Z0378,2020,1068.0,80,45.7,77.8,9.33,1,15,1
Z0378,2021,739.4,55,17.3,35.9,6.36,0,0,1
Z0378,2022,1344.8,90,96.8,165.5,5.18,1,13,1
Z0378,2023,613.9,39,23.4,31.6,8.06,0,0,1
Z0378,2024,803.1,62,24.8,48.2,9.88,0,0,1
Z0379,2015,781.8,54,10.0,21.8,4.89,0,0,1
Z0379,2016,830.5,62,83.5,167.8,6.12,0,0,1
Z0379,2017,683.1,52,33.7,48.7,5.92,0,0,1
Z0379,2018,500.6,37,29.0,35.4,5.95,0,0,1
Z0379,2019,843.4,56,79.6,166.6,8.37,0,0,1
Z0379,2020,1352.3,90,130.0,169.1,8.94,1,8,1
Z0379,2021,392.1,31,50.7,103.7,8.17,0,0,1
Z0379,2022,830.8,54,55.8,83.3,8.07,0,0,1
Z0379,2023,843.7,67,10.0,17.7,5.64,0,0,1
Z0379,2024,1216.6,88,30.6,45.4,9.24,0,0,1
Z0380,2015,818.8,56,58.8,101.2,6.63,0,0,1
Z0380,2016,585.4,42,12.8,20.7,6.0,0,0,1
Z0380,2017,638.6,48,86.1,189.2,7.04,0,0,1
Z0380,2018,760.2,58,39.2,62.0,4.99,0,0,1
Z0380,2019,815.4,58,35.9,49.0,6.92,0,0,1
Z0380,2020,855.1,60,31.0,49.4,8.92,0,0,1
Z0380,2021,962.8,66,30.2,64.5,5.83,0,0,1
Z0380,2022,777.6,60,79.8,162.7,5.43,1,12,1
Z0380,2023,982.9,72,38.9,64.9,5.21,0,0,1
Z0380,2024,651.7,39,13.6,19.4,8.2,0,0,1
Z0381,2015,580.0,43,21.0,40.3,6.95,0,0,1
Z0381,2016,817.4,60,15.5,32.3,6.34,0,0,1
Z0381,2017,755.4,53,42.9,74.6,5.97,0,0,1
Z0381,2018,815.2,59,90.5,123.6,4.98,0,0,1
Z0381,2019,754.3,51,14.5,22.5,6.05,0,0,1
Z0381,2020,620.5,44,23.1,32.9,10.63,0,0,1
Z0381,2021,689.6,55,48.9,85.8,9.03,0,0,1
Z0381,2022,1101.1,74,40.5,65.1,5.32,0,0,1
Z0381,2023,670.7,38,33.5,63.7,6.99,0,0,1
Z0381,2024,802.6,53,47.5,91.9,8.71,0,0,1
Z0382,2015,1592.5,90,46.0,72.0,,1,5,0
Z0382,2016,1087.6,74,39.5,59.7,,1,7,0
Z0382,2017,1047.5,72,55.2,90.8,,1,1,0
Z0382,2018,1132.3,83,130.1,203.6,,1,1,0
Z0382,2019,1292.5,90,35.4,57.9,,1,5,0
Z0382,2020,1325.7,90,45.1,77.7,,1,6,0
Z0382,2021,1327.8,90,150.0,326.7,,1,9,0
Z0382,2022,1080.7,81,16.2,32.5,,0,0,0
Z0382,2023,1689.9,90,75.2,113.0,,1,6,0
Z0382,2024,1548.3,90,120.4,254.3,,1,1,0
Z0383,2015,1307.9,90,51.7,63.8,,0,0,0
Z0383,2016,1476.9,90,42.8,80.5,,0,0,0
Z0383,2017,1064.0,69,51.4,108.3,,0,0,0
Z0383,2018,1227.5,87,34.4,58.2,,0,0,0
Z0383,2019,1066.8,81,53.1,104.9,,0,0,0
Z0383,2020,1341.7,90,27.3,44.6,,0,0,0
Z0383,2021,711.9,46,31.2,38.0,,0,0,0
Z0383,2022,1709.0,90,21.7,41.5,,0,0,0
Z0383,2023,1320.0,90,53.0,91.2,,0,0,0
Z0383,2024,1568.7,90,108.7,221.6,,0,0,0
Z0384,2015,861.5,63,18.5,30.8,,0,0,0
Z0384,2016,877.4,58,45.6,88.6,,0,0,0
Z0384,2017,862.3,64,34.0,51.3,,0,0,0
Z0384,2018,1335.7,90,61.6,122.8,,0,0,0
Z0384,2019,1184.6,77,123.0,217.6,,1,10,0
Z0384,2020,1812.9,90,117.4,252.0,,0,0,0
Z0384,2021,1064.3,71,65.3,90.3,,0,0,0
Z0384,2022,889.5,65,37.9,47.0,,0,0,0
Z0384,2023,1327.5,86,172.5,257.6,,0,0,0
Z0384,2024,1590.6,90,124.9,249.7,,0,0,0
Z0385,2015,1246.9,83,134.1,281.9,,1,7,0
Z0385,2016,1184.5,86,48.7,63.2,,0,0,0
Z0385,2017,1331.8,90,37.4,73.1,,0,0,0
Z0385,2018,841.4,60,57.2,99.2,,0,0,0
Z0385,2019,1234.2,88,10.0,13.0,,0,0,0
Z0385,2020,1749.1,90,64.5,100.4,,1,8,0
Z0385,2021,1283.7,90,20.6,34.3,,0,0,0
Z0385,2022,1201.5,90,70.0,139.6,,1,2,0
Z0385,2023,1261.4,90,27.1,45.9,,0,0,0
Z0385,2024,1166.5,84,48.7,101.9,,1,2,0
Z0386,2015,982.6,67,29.1,53.9,,1,6,0
Z0386,2016,1469.5,90,22.4,43.7,,1,7,0
Z0386,2017,880.2,65,27.0,46.0,,0,0,0
Z0386,2018,1230.8,88,36.3,66.1,,0,0,0
Z0386,2019,1073.7,69,29.9,51.4,,0,0,0
Z0386,2020,1127.3,72,133.3,278.3,,1,11,0
Z0386,2021,1162.4,84,75.3,94.4,,0,0,0
Z0386,2022,988.3,70,85.3,164.1,,0,0,0
Z0386,2023,1281.2,85,36.3,32.4,,0,0,0
Z0386,2024,1204.3,90,63.6,76.3,,0,0,0
Z0387,2015,954.2,63,54.8,79.6,,0,0,0
Z0387,2016,804.3,62,39.6,66.8,,0,0,0
Z0387,2017,1224.7,87,71.1,87.8,,0,0,0
Z0387,2018,886.6,69,43.5,52.9,,0,0,0
Z0387,2019,1116.5,75,31.1,57.4,,0,0,0
Z0387,2020,1314.3,90,128.7,230.5,,0,0,0
Z0387,2021,1432.1,90,99.3,185.0,,0,0,0
Z0387,2022,1414.3,90,90.0,130.9,,0,0,0
Z0387,2023,1361.1,90,33.8,55.6,,0,0,0
Z0387,2024,1262.3,90,24.4,35.2,,0,0,0
Z0388,2015,1293.7,90,35.5,72.9,,0,0,0
Z0388,2016,1225.2,89,33.2,69.1,,0,0,0
Z0388,2017,1293.7,86,79.9,122.6,,0,0,0
Z0388,2018,1835.7,90,64.6,87.6,,0,0,0
Z0388,2019,1752.0,90,91.7,138.7,,0,0,0
Z0388,2020,942.7,75,44.6,80.1,,0,0,0
Z0388,2021,1758.5,90,68.3,90.9,,0,0,0
Z0388,2022,1327.5,90,69.7,123.6,,0,0,0
Z0388,2023,1050.7,67,10.0,14.7,,0,0,0
Z0388,2024,1102.7,81,41.1,54.6,,0,0,0
Z0389,2015,1338.7,90,93.0,129.5,,0,0,0
Z0389,2016,1304.2,86,34.8,45.7,,0,0,0
Z0389,2017,1069.3,68,26.5,32.6,,0,0,0
Z0389,2018,1582.9,90,36.3,58.9,,0,0,0
Z0389,2019,997.1,75,65.7,135.4,,0,0,0
Z0389,2020,1862.1,90,72.5,144.9,,0,0,0
Z0389,2021,1338.7,72,50.4,62.3,,0,0,0
Z0389,2022,1434.6,90,95.5,158.9,,0,0,0
Z0389,2023,1031.4,72,105.6,150.4,,0,0,0
Z0389,2024,1433.7,90,52.2,97.3,,0,0,0
Z0390,2015,1060.0,72,71.4,101.8,,0,0,0
Z0390,2016,1637.1,90,85.8,115.6,,0,0,0
Z0390,2017,1440.9,90,62.2,83.4,,0,0,0
Z0390,2018,1430.5,90,53.6,82.4,,0,0,0
Z0390,2019,780.4,50,66.6,136.0,,0,0,0
Z0390,2020,1224.0,89,48.2,95.4,,0,0,0
Z0390,2021,850.5,60,20.1,29.9,,0,0,0
Z0390,2022,1516.2,90,100.3,141.1,,1,2,0
Z0390,2023,1454.0,90,23.1,42.2,,0,0,0
Z0390,2024,2513.3,90,117.6,155.7,,1,9,0
Z0391,2015,1144.5,87,45.9,80.3,,0,0,0
Z0391,2016,1526.0,90,90.6,179.6,,1,4,0
Z0391,2017,1007.4,73,55.6,114.0,,0,0,0
Z0391,2018,1250.2,90,32.4,52.9,,0,0,0
Z0391,2019,1256.9,81,40.6,61.6,,0,0,0
Z0391,2020,1111.6,71,104.3,222.8,,0,0,0
Z0391,2021,1427.1,90,45.9,81.0,,0,0,0
Z0391,2022,1295.3,90,52.9,77.5,,1,5,0
Z0391,2023,1256.9,90,117.9,224.1,,1,7,0
Z0391,2024,1263.6,90,52.9,102.1,,0,0,0
Z0392,2015,1037.3,68,43.8,58.0,,0,0,0
Z0392,2016,1190.5,84,44.6,74.4,,1,3,0
Z0392,2017,854.7,57,27.8,53.2,,0,0,0
Z0392,2018,1160.3,80,114.5,243.5,,1,2,0
Z0392,2019,884.0,68,86.1,111.9,,1,3,0
Z0392,2020,1160.3,84,150.5,196.3,,1,1,0
Z0392,2021,797.0,57,10.0,14.5,,0,0,0
Z0392,2022,1274.1,90,23.1,41.0,,0,0,0
Z0392,2023,1490.9,90,104.8,162.7,,1,6,0
Z0392,2024,1424.1,90,83.8,134.0,,1,1,0
Z0393,2015,350.1,22,10.0,18.0,6.23,0,0,1
Z0393,2016,291.7,21,10.0,15.2,7.94,1,13,1
Z0393,2017,404.7,28,16.1,29.0,8.09,1,11,1
Z0393,2018,431.3,29,12.4,21.9,8.58,1,4,1
Z0393,2019,417.7,29,27.3,58.1,8.53,1,1,1
Z0393,2020,412.9,28,14.6,28.4,10.47,1,2,1
Z0393,2021,426.8,32,14.6,16.5,7.12,1,6,1
Z0393,2022,630.7,47,33.7,58.0,6.6,0,0,1
Z0393,2023,281.7,19,10.1,21.5,3.42,1,1,1
Z0393,2024,298.1,19,15.8,31.1,8.8,1,2,1
Z0394,2015,388.5,31,28.8,60.5,6.67,0,0,1
Z0394,2016,412.3,39,21.5,45.1,7.31,0,0,1
Z0394,2017,389.1,22,25.9,34.0,6.68,0,0,1
Z0394,2018,488.2,36,10.4,13.2,5.49,0,0,1
Z0394,2019,330.6,26,10.0,17.8,6.86,0,0,1
Z0394,2020,435.1,29,12.4,16.0,9.15,0,0,1
Z0394,2021,392.2,27,36.3,48.4,6.01,0,0,1
Z0394,2022,563.7,42,12.8,22.8,5.92,0,0,1
Z0394,2023,360.5,23,10.0,12.3,5.44,0,0,1
Z0394,2024,444.3,31,12.8,38.3,6.44,0,0,1
Z0395,2015,513.0,41,52.5,114.9,6.93,1,13,1
Z0395,2016,492.9,41,26.6,41.7,4.67,0,0,1
Z0395,2017,442.0,31,23.8,30.4,6.96,1,1,1
Z0395,2018,384.0,28,25.9,35.5,5.91,0,0,1
Z0395,2019,538.4,37,25.3,33.4,6.35,0,0,1
Z0395,2020,654.0,35,54.5,109.0,7.24,0,0,1
Z0395,2021,317.3,23,10.0,19.6,6.7,0,0,1
Z0395,2022,547.5,39,12.6,21.6,4.32,0,0,1
Z0395,2023,391.2,24,19.7,37.4,6.84,0,0,1
Z0395,2024,489.8,30,48.2,86.2,10.35,1,1,1
Z0396,2015,474.0,35,10.0,20.3,7.13,0,0,1
Z0396,2016,407.4,32,22.5,39.6,6.79,0,0,1
Z0396,2017,416.9,33,33.7,55.1,6.84,0,0,1
Z0396,2018,375.6,28,26.0,46.8,4.17,0,0,1
Z0396,2019,383.3,30,14.4,30.1,5.55,1,10,1
Z0396,2020,437.9,40,51.5,100.8,9.07,0,0,1
Z0396,2021,316.0,25,28.9,36.1,5.18,0,0,1
Z0396,2022,555.7,32,20.2,27.2,4.91,0,0,1
Z0396,2023,393.3,25,17.4,21.2,7.33,0,0,1
Z0396,2024,504.1,41,13.7,27.6,8.38,1,1,1
Z0397,2015,560.6,44,74.2,146.7,6.86,1,7,1
Z0397,2016,300.3,13,10.8,18.0,6.19,0,0,1
Z0397,2017,321.3,17,18.2,27.5,6.95,0,0,1
Z0397,2018,350.0,24,14.2,22.4,6.98,0,0,1
Z0397,2019,561.4,38,13.6,21.1,5.05,0,0,1
Z0397,2020,580.9,39,14.9,24.0,8.81,0,0,1
Z0397,2021,484.6,29,10.0,13.6,4.46,0,0,1
Z0397,2022,549.6,44,27.2,47.5,3.77,0,0,1
Z0397,2023,450.0,30,12.7,21.6,6.61,0,0,1
Z0397,2024,564.1,39,16.4,30.6,9.99,0,0,1
Z0398,2015,356.0,23,19.2,27.6,9.84,0,0,1
Z0398,2016,336.2,26,14.8,19.5,5.16,0,0,1
Z0398,2017,424.7,29,30.1,59.0,7.54,0,0,1
Z0398,2018,340.0,21,12.4,20.6,7.32,0,0,1
Z0398,2019,384.3,22,23.0,31.3,6.7,0,0,1
Z0398,2020,432.9,31,24.2,43.1,7.67,0,0,1
Z0398,2021,451.3,28,32.2,39.1,4.61,1,3,1
Z0398,2022,423.8,36,21.9,40.8,4.51,0,0,1
Z0398,2023,314.8,22,10.0,20.4,4.42,0,0,1
Z0398,2024,307.5,23,19.2,40.7,8.3,0,0,1
Z0399,2015,437.1,39,10.0,12.4,5.61,0,0,1
Z0399,2016,303.9,17,12.3,20.7,6.89,0,0,1
Z0399,2017,352.4,25,10.0,21.1,5.01,0,0,1
Z0399,2018,238.4,10,19.5,42.3,6.26,0,0,1
Z0399,2019,458.6,33,10.0,18.1,6.14,1,5,1
Z0399,2020,737.1,54,27.0,59.3,9.26,1,2,1
Z0399,2021,280.0,21,17.9,35.4,10.18,1,2,1
Z0399,2022,422.5,24,20.0,42.8,6.71,0,0,1
Z0399,2023,448.3,26,53.2,76.1,5.54,1,4,1
Z0399,2024,504.9,40,10.0,12.7,5.46,0,0,1
Z0400,2015,411.3,23,20.1,40.5,5.69,0,0,1
Z0400,2016,297.3,21,19.6,33.0,7.57,0,0,1
Z0400,2017,449.6,24,28.4,50.7,7.23,0,0,1
Z0400,2018,397.3,24,24.5,52.1,5.85,1,15,1
Z0400,2019,326.4,28,32.9,49.3,6.86,1,10,1
Z0400,2020,666.1,46,25.7,38.9,7.13,0,0,1
Z0400,2021,428.4,29,34.1,73.5,5.45,0,0,1
Z0400,2022,432.1,28,15.7,23.7,6.1,0,0,1
Z0400,2023,291.7,12,14.5,31.0,6.56,0,0,1
Z0400,2024,411.3,35,29.0,44.1,10.17,0,0,1
Z0401,2015,349.5,31,27.5,45.1,5.95,0,0,1
Z0401,2016,461.6,33,11.9,16.0,5.42,1,13,1
Z0401,2017,560.0,32,38.2,61.9,6.77,0,0,1
Z0401,2018,397.7,21,27.6,41.1,6.72,0,0,1
Z0401,2019,207.4,9,10.0,18.8,7.11,0,0,1
Z0401,2020,722.9,49,31.9,48.1,8.19,0,0,1
Z0401,2021,242.8,17,15.3,18.7,9.44,0,0,1
Z0401,2022,369.0,23,10.0,15.9,8.58,0,0,1
Z0401,2023,400.5,22,22.9,28.1,5.45,1,5,1
Z0401,2024,536.2,34,17.3,37.7,10.95,1,4,1
Z0402,2015,401.6,34,10.8,17.1,6.03,0,0,1
Z0402,2016,418.1,34,12.4,25.5,4.91,0,0,1
Z0402,2017,394.3,42,14.0,27.0,7.69,0,0,1
Z0402,2018,450.8,39,14.8,24.1,8.07,0,0,1
Z0402,2019,523.1,35,11.0,18.9,6.79,0,0,1
Z0402,2020,522.7,34,12.4,17.4,8.43,0,0,1
Z0402,2021,356.7,32,10.0,16.1,7.47,0,0,1
Z0402,2022,550.7,42,11.6,25.4,6.63,0,0,1
Z0402,2023,365.8,27,19.2,34.0,7.43,0,0,1
Z0402,2024,949.9,70,12.9,26.4,9.66,0,0,1
Z0403,2015,469.0,42,21.4,33.4,6.05,1,7,1
Z0403,2016,541.4,42,14.0,22.0,5.96,0,0,1
Z0403,2017,350.9,28,28.1,40.2,6.31,1,2,1
Z0403,2018,361.1,26,10.0,15.1,5.8,1,4,1
Z0403,2019,312.9,12,10.0,20.5,6.94,0,0,1
Z0403,2020,449.9,27,10.0,18.5,10.43,1,2,1
Z0403,2021,410.1,27,14.0,30.8,5.69,1,5,1
Z0403,2022,485.8,39,22.2,43.0,8.28,1,6,1
Z0403,2023,445.1,27,10.0,16.4,7.16,0,0,1
Z0403,2024,643.1,47,17.7,22.2,10.22,1,3,1
Z0404,2015,684.0,34,33.4,57.5,,0,0,0
Z0404,2016,485.3,38,14.4,27.7,,0,0,0
Z0404,2017,726.9,45,45.4,61.5,,0,0,0
Z0404,2018,684.0,53,45.9,60.7,,0,0,0
Z0404,2019,668.0,40,22.5,37.2,,0,0,0
Z0404,2020,1019.4,75,33.4,61.2,,0,0,0
Z0404,2021,1064.6,79,157.7,204.5,,1,11,0
Z0404,2022,458.2,27,43.5,52.2,,0,0,0
Z0404,2023,391.9,27,14.2,20.6,,0,0,0
Z0404,2024,760.8,46,24.8,40.3,,0,0,0
Z0405,2015,645.3,45,40.0,64.5,,0,0,0
Z0405,2016,594.3,38,56.1,122.2,,1,6,0
Z0405,2017,393.7,28,12.7,15.4,,0,0,0
Z0405,2018,863.4,63,42.9,55.9,,0,0,0
Z0405,2019,612.7,40,16.9,36.3,,0,0,0
Z0405,2020,855.3,60,38.0,71.1,,0,0,0
Z0405,2021,545.4,37,11.3,23.5,,0,0,0
Z0405,2022,724.5,48,53.6,109.4,,0,0,0
Z0405,2023,449.5,24,22.5,32.5,,0,0,0
Z0405,2024,778.1,57,46.2,82.4,,0,0,0
Z0406,2015,697.0,57,54.3,104.6,,1,5,0
Z0406,2016,604.6,46,17.9,26.7,,1,2,0
Z0406,2017,399.4,32,13.9,28.9,,0,0,0
Z0406,2018,369.0,20,23.2,31.7,,1,4,0
Z0406,2019,612.8,40,17.2,23.3,,0,0,0
Z0406,2020,935.7,68,31.4,68.8,,1,1,0
Z0406,2021,581.5,37,59.3,121.1,,0,0,0
Z0406,2022,896.2,69,23.2,32.9,,0,0,0
Z0406,2023,685.9,44,13.4,20.3,,0,0,0
Z0406,2024,927.5,64,25.5,40.6,,0,0,0
Z0407,2015,629.7,44,24.6,36.1,,0,0,0
Z0407,2016,511.5,31,22.1,47.9,,0,0,0
Z0407,2017,721.2,49,21.9,26.7,,0,0,0
Z0407,2018,558.9,35,10.0,14.1,,0,0,0
Z0407,2019,680.9,46,18.1,33.3,,0,0,0
Z0407,2020,1184.7,79,21.9,40.1,,0,0,0
Z0407,2021,548.3,36,18.7,30.3,,0,0,0
Z0407,2022,985.6,61,47.3,63.6,,0,0,0
Z0407,2023,572.4,43,20.0,36.3,,0,0,0
Z0407,2024,904.0,67,68.0,84.4,,0,0,0
Z0408,2015,529.2,32,21.1,36.4,,0,0,0
Z0408,2016,667.1,48,64.6,90.8,,0,0,0
Z0408,2017,610.6,41,25.8,31.9,,0,0,0
Z0408,2018,487.0,32,10.0,19.2,,0,0,0
Z0408,2019,569.0,39,16.0,22.3,,0,0,0
Z0408,2020,898.2,62,20.6,32.8,,1,4,0
Z0408,2021,587.2,45,27.3,51.4,,0,0,0
Z0408,2022,960.4,66,55.7,95.1,,0,0,0
Z0408,2023,719.8,47,51.6,68.3,,0,0,0
Z0408,2024,705.8,42,63.7,95.2,,0,0,0
Z0409,2015,555.2,36,11.3,14.9,,0,0,0
Z0409,2016,769.4,53,21.5,41.2,,0,0,0
Z0409,2017,698.6,48,30.4,54.1,,1,6,0
Z0409,2018,861.3,64,57.7,120.9,,0,0,0
Z0409,2019,822.6,59,35.7,53.7,,0,0,0
Z0409,2020,898.0,55,31.0,57.3,,1,2,0
Z0409,2021,454.7,29,25.9,39.5,,0,0,0
Z0409,2022,429.6,29,10.0,17.0,,0,0,0
Z0409,2023,534.5,36,22.8,50.0,,0,0,0
Z0409,2024,850.1,65,88.9,133.1,,1,5,0
Z0410,2015,433.3,34,10.4,18.8,,0,0,0
Z0410,2016,613.7,39,32.4,54.0,,1,15,0
Z0410,2017,517.9,25,20.1,42.8,,0,0,0
Z0410,2018,786.9,53,29.6,50.2,,0,0,0
Z0410,2019,683.5,50,12.7,18.6,,0,0,0
Z0410,2020,803.1,61,64.5,117.3,,0,0,0
Z0410,2021,507.2,33,17.7,21.2,,0,0,0
Z0410,2022,879.4,60,64.2,118.0,,1,9,0
Z0410,2023,471.9,34,22.2,35.7,,0,0,0
Z0410,2024,940.3,63,16.3,33.3,,0,0,0
Z0411,2015,900.0,69,38.4,80.9,,0,0,0
Z0411,2016,732.7,55,43.5,91.8,,0,0,0
Z0411,2017,609.4,40,18.0,72.6,,1,4,0
Z0411,2018,652.7,51,18.0,36.2,,0,0,0
Z0411,2019,501.7,27,10.0,12.1,,0,0,0
Z0411,2020,734.9,48,10.0,19.3,,0,0,0
Z0411,2021,561.1,43,11.1,22.1,,0,0,0
Z0411,2022,943.8,72,22.8,44.3,,0,0,0
Z0411,2023,487.1,26,10.0,12.0,,0,0,0
Z0411,2024,811.8,56,56.2,73.2,,0,0,0
Z0412,2015,705.2,51,50.1,94.2,,0,0,0
Z0412,2016,608.9,42,12.8,20.9,,0,0,0
Z0412,2017,518.7,36,14.9,93.2,,0,0,0
Z0412,2018,621.4,47,10.0,14.5,,0,0,0
Z0412,2019,259.4,25,14.9,21.2,,0,0,0
Z0412,2020,565.5,42,12.8,25.0,,0,0,0
Z0412,2021,530.7,35,54.3,105.8,,0,0,0
Z0412,2022,1013.1,79,79.0,154.9,,0,0,0
Z0412,2023,562.8,45,27.8,43.9,,1,6,0
Z0412,2024,570.7,39,11.7,23.5,,0,0,0
Z0413,2015,281.8,23,10.0,18.6,,0,0,0
Z0413,2016,230.6,21,10.0,19.4,,0,0,0
Z0413,2017,337.9,17,10.0,18.6,,0,0,0
Z0413,2018,321.9,18,36.5,49.0,,0,0,0
Z0413,2019,179.8,6,10.0,15.5,,0,0,0
Z0413,2020,325.5,31,10.0,15.4,,0,0,0
Z0413,2021,423.3,31,33.2,61.7,,0,0,0
Z0413,2022,371.0,17,17.9,31.5,,0,0,0
Z0413,2023,256.7,17,10.0,16.7,,0,0,0
Z0413,2024,424.1,28,22.3,45.2,,0,0,0
Z0414,2015,248.5,16,10.0,22.0,,0,0,0
Z0414,2016,365.4,26,18.9,28.9,,1,10,0
Z0414,2017,473.1,36,18.9,78.8,,0,0,0
Z0414,2018,406.3,32,16.7,28.3,,0,0,0
Z0414,2019,286.3,21,10.0,21.1,,0,0,0
Z0414,2020,470.3,32,35.8,61.1,,1,4,0
Z0414,2021,431.2,30,23.4,36.2,,0,0,0
Z0414,2022,276.0,16,18.9,47.8,,1,1,0
Z0414,2023,412.4,30,26.7,55.2,,0,0,0
Z0414,2024,528.0,38,18.9,35.9,,0,0,0
Z0415,2015,229.4,14,18.8,25.4,,0,0,0
Z0415,2016,265.6,18,26.6,52.1,,0,0,0
Z0415,2017,210.8,11,10.0,16.4,,0,0,0
Z0415,2018,437.1,32,22.5,45.6,,0,0,0
Z0415,2019,338.6,25,12.0,15.4,,0,0,0
Z0415,2020,406.4,30,25.6,35.3,,0,0,0
Z0415,2021,371.9,27,13.2,22.0,,0,0,0
Z0415,2022,534.0,39,32.3,66.2,,0,0,0
Z0415,2023,402.3,33,12.8,22.3,,0,0,0
Z0415,2024,727.1,53,50.1,101.4,,0,0,0
Z0416,2015,366.3,28,17.1,34.4,,0,0,0
Z0416,2016,432.8,34,17.1,33.2,,0,0,0
Z0416,2017,397.6,28,29.6,56.7,,0,0,0
Z0416,2018,366.3,27,10.0,13.7,,0,0,0
Z0416,2019,402.6,37,24.5,37.9,,0,0,0
Z0416,2020,323.3,15,10.9,22.6,,0,0,0
Z0416,2021,287.0,18,17.1,27.3,,0,0,0
Z0416,2022,394.9,26,29.3,44.3,,0,0,0
Z0416,2023,394.9,14,10.0,21.2,,0,0,0
Z0416,2024,523.4,43,21.4,43.7,,0,0,0
Z0417,2015,307.6,18,28.5,49.6,,0,0,0
Z0417,2016,434.3,32,24.6,33.4,,0,0,0
Z0417,2017,221.4,20,10.0,20.9,,0,0,0
Z0417,2018,353.9,29,10.0,16.5,,0,0,0
Z0417,2019,316.6,17,32.9,42.0,,0,0,0
Z0417,2020,368.9,30,10.5,20.2,,0,0,0
Z0417,2021,411.9,21,11.3,15.0,,0,0,0
Z0417,2022,388.5,21,17.7,28.5,,0,0,0
Z0417,2023,408.3,32,10.0,14.9,,0,0,0
Z0417,2024,523.6,39,23.8,39.9,,0,0,0
Z0418,2015,426.2,26,10.0,19.4,,0,0,0
Z0418,2016,417.5,29,41.6,85.8,,0,0,0
Z0418,2017,494.3,28,45.9,97.1,,0,0,0
Z0418,2018,268.6,21,21.2,41.5,,0,0,0
Z0418,2019,283.3,18,10.0,15.0,,0,0,0
Z0418,2020,455.2,31,42.2,59.6,,0,0,0
Z0418,2021,202.2,19,10.0,18.7,,0,0,0
Z0418,2022,460.2,25,37.0,47.3,,0,0,0
Z0418,2023,241.2,18,10.0,17.2,,0,0,0
Z0418,2024,425.6,30,18.0,37.8,,0,0,0
Z0419,2015,366.1,19,18.1,35.7,,0,0,0
Z0419,2016,345.9,30,10.0,21.4,,0,0,0
Z0419,2017,327.0,28,13.0,19.7,,0,0,0
Z0419,2018,393.1,17,28.7,46.6,,0,0,0
Z0419,2019,477.8,35,15.8,27.8,,0,0,0
Z0419,2020,525.2,36,10.0,13.3,,0,0,0
Z0419,2021,221.2,13,10.6,22.7,,0,0,0
Z0419,2022,278.1,20,10.0,15.9,,0,0,0
Z0419,2023,273.1,22,16.2,31.3,,0,0,0
Z0419,2024,260.8,14,23.8,32.2,,0,0,0
Z0420,2015,461.1,31,20.2,33.8,,0,0,0
Z0420,2016,239.8,16,21.2,29.8,,0,0,0
Z0420,2017,261.8,25,11.7,18.3,,0,0,0
Z0420,2018,453.3,32,11.6,21.7,,0,0,0
Z0420,2019,319.4,28,17.6,28.6,,0,0,0
Z0420,2020,386.9,26,40.7,89.3,,0,0,0
Z0420,2021,475.3,31,39.3,64.8,,0,0,0
Z0420,2022,396.7,27,10.0,21.9,,0,0,0
Z0420,2023,450.5,25,19.6,36.4,,0,0,0
Z0420,2024,396.7,49,35.1,70.8,,0,0,0
Z0421,2015,253.7,11,10.0,14.5,,0,0,0
Z0421,2016,495.7,36,32.4,56.8,,0,0,0
Z0421,2017,339.3,21,15.5,33.3,,0,0,0
Z0421,2018,306.3,22,29.5,48.3,,0,0,0
Z0421,2019,258.2,15,26.5,31.8,,0,0,0
Z0421,2020,420.0,34,35.1,62.1,,0,0,0
Z0421,2021,309.2,17,10.5,21.3,,0,0,0
Z0421,2022,306.9,19,10.3,14.7,,0,0,0
Z0421,2023,561.4,38,45.9,90.1,,0,0,0
Z0421,2024,463.1,38,11.2,18.6,,0,0,0
Z0422,2015,305.0,29,13.1,25.5,,0,0,0
Z0422,2016,283.6,23,10.0,16.4,,0,0,0
Z0422,2017,425.2,28,33.1,40.5,,0,0,0
Z0422,2018,295.9,25,18.3,39.8,,0,0,0
Z0422,2019,192.6,15,11.5,19.1,,0,0,0
Z0422,2020,415.8,29,11.5,59.9,,0,0,0
Z0422,2021,405.0,21,10.0,18.3,,0,0,0
Z0422,2022,446.8,34,11.1,21.3,,0,0,0
Z0422,2023,419.6,30,26.9,42.9,,0,0,0
Z0422,2024,411.6,27,10.0,15.6,,0,0,0
Z0423,2015,387.2,26,27.0,51.2,,0,0,0
Z0423,2016,319.4,24,16.2,25.0,,0,0,0
Z0423,2017,330.4,15,10.0,15.7,,0,0,0
Z0423,2018,382.7,33,10.0,15.7,,0,0,0
Z0423,2019,189.8,10,10.0,13.9,,0,0,0
Z0423,2020,394.7,26,18.1,33.0,,0,0,0
Z0423,2021,266.0,17,12.2,17.7,,0,0,0
Z0423,2022,388.4,22,34.9,45.1,,0,0,0
Z0423,2023,414.7,34,21.0,40.5,,0,0,0
Z0423,2024,444.7,26,25.6,55.0,,0,0,0
Z0424,2015,365.9,29,13.3,17.1,,0,0,0
Z0424,2016,257.1,26,16.5,21.7,,0,0,0
Z0424,2017,330.6,28,11.4,13.8,,0,0,0
Z0424,2018,291.9,21,10.9,20.2,,0,0,0
Z0424,2019,227.9,17,10.0,14.9,,0,0,0
Z0424,2020,428.5,24,43.8,70.4,,0,0,0
Z0424,2021,261.9,22,13.3,19.8,,0,0,0
Z0424,2022,521.6,37,17.8,23.1,,0,0,0
Z0424,2023,513.8,37,10.0,18.1,,0,0,0
Z0424,2024,352.4,21,18.7,27.0,,0,0,0
Z0425,2015,304.9,22,10.0,12.1,,0,0,0
Z0425,2016,414.7,27,21.1,29.2,,0,0,0
Z0425,2017,245.7,15,10.7,20.3,,0,0,0
Z0425,2018,434.3,29,42.7,90.6,,0,0,0
Z0425,2019,274.7,20,34.9,71.4,,0,0,0
Z0425,2020,433.4,34,13.5,16.7,,0,0,0
Z0425,2021,368.3,19,10.0,18.4,,0,0,0
Z0425,2022,482.8,33,22.6,34.5,,0,0,0
Z0425,2023,231.1,16,19.4,26.3,,0,0,0
Z0425,2024,381.7,24,18.1,30.8,,0,0,0
