zone_id,localite,region,latitude,longitude,altitude_m,pente_pct,distance_plan_eau_m,type_sol,occupation_sol,taux_impermeabilisation_pct,densite_pop_hab_km2,reseau_assainissement,profondeur_nappe_m,nb_inondations_2005_2014,annee,pluie_max_24h_mm,pluie_max_72h_mm,nb_jours_pluie,cumul_pluie_hivernage_mm,hauteur_crue_fleuve_m,is_riverain,indice_pluie_impermeabilisation,log_distance_plan_eau,zone_basse,assainissement_score,historique_frequence,probabilite_inondation,niveau_risque,facteur_dominant,facteur_dominant_label
Z0001,Pikine,Dakar,14.77455,-17.39166,0.5,0.43,251,Hydromorphe,Agricole,25.0,276,Partiel,2.5,2,2025,120.0,192.0,31.9,420.73,0.0,0,30.0,5.529429087511423,1,1,0.2,0.9780765601630895,Très élevé,pluie_max_24h_mm,Pluie extrême (24h)
Z0002,Pikine,Dakar,14.75951,-17.40893,6.2,0.87,1305,Sableux,Urbain lâche,37.1,6555,Partiel,2.4,0,2025,120.0,192.0,31.7,455.16999999999996,0.0,0,44.52,7.174724309836376,1,1,0.0,0.913983492213183,Très élevé,pluie_max_24h_mm,Pluie extrême (24h)
Z0003,Pikine,Dakar,14.77572,-17.39278,3.0,1.59,1457,Argilo-sableux,Agricole,27.4,334,Partiel,3.8,0,2025,120.0,192.0,30.9,421.81000000000006,0.0,0,32.88,7.284820912568604,1,1,0.0,0.9090662115976648,Très élevé,pluie_max_24h_mm,Pluie extrême (24h)
Z0004,Pikine,Dakar,14.72863,-17.37883,8.7,2.7,1343,Hydromorphe,Zone humide (Niayes/bas-fond),45.9,307,Complet,2.0,1,2025,120.0,192.0,26.9,394.22999999999996,0.0,0,55.08,7.203405521083095,0,2,0.1,0.8152850751425469,Très élevé,pluie_max_24h_mm,Pluie extrême (24h)
Z0005,Pikine,Dakar,14.73964,-17.39799,8.7,0.81,821,Sableux,Urbain lâche,34.0,4799,Partiel,4.6,1,2025,120.0,192.0,26.6,410.06000000000006,0.0,0,40.8,6.71174039505618,0,1,0.1,0.8729060075357145,Très élevé,pluie_max_24h_mm,Pluie extrême (24h)
Z0006,Pikine,Dakar,14.75455,-17.37609,0.5,0.07,3500,Sableux,Urbain lâche,48.4,7965,Partiel,2.6,1,2025,120.0,192.0,28.4,392.27,0.0,0,58.08,8.160803920954665,1,1,0.1,0.9400532341250912,Très élevé,pluie_max_24h_mm,Pluie extrême (24h)
Z0007,Pikine,Dakar,14.74502,-17.39111,11.7,0.52,352,Sableux,Urbain dense,67.0,28483,Partiel,1.9,0,2025,120.0,192.0,26.6,399.13,0.0,0,80.4,5.8664680569332965,0,1,0.0,0.8927086072057839,Très élevé,pluie_max_24h_mm,Pluie extrême (24h)
Z0008,Pikine,Dakar,14.76671,-17.41574,13.0,0.41,192,Argileux,Urbain lâche,48.3,3344,Aucun,4.5,2,2025,120.0,192.0,38.5,544.61,0.0,0,57.96,5.262690188904886,0,0,0.2,0.9686195107964157,Très élevé,pluie_max_24h_mm,Pluie extrême (24h)
Z0009,Pikine,Dakar,14.74164,-17.36738,14.9,0.55,918,Sableux,Agricole,20.0,172,Aucun,3.4,1,2025,120.0,192.0,28.3,405.87,0.0,0,24.0,6.823286122355687,0,0,0.1,0.9110533930275451,Très élevé,pluie_max_24h_mm,Pluie extrême (24h)
Z0010,Pikine,Dakar,14.74847,-17.38261,10.4,0.18,446,Hydromorphe,Zone humide (Niayes/bas-fond),16.2,249,Aucun,1.7,1,2025,120.0,192.0,28.6,431.95,0.0,0,19.44,6.102558594613569,0,0,0.1,0.9582441441857629,Très élevé,pluie_max_24h_mm,Pluie extrême (24h)
Z0011,Pikine,Dakar,14.76818,-17.41133,4.4,0.79,1295,Sableux,Urbain lâche,47.3,3914,Aucun,3.0,3,2025,120.0,192.0,32.2,451.25,0.0,0,56.76,7.16703787691222,1,0,0.3,0.9801972179339082,Très élevé,pluie_max_24h_mm,Pluie extrême (24h)
Z0012,Pikine,Dakar,14.75383,-17.39262,6.5,1.11,231,Argilo-sableux,Urbain lâche,45.3,7204,Partiel,3.0,1,2025,120.0,192.0,28.9,419.12,0.0,0,54.36,5.44673737166631,0,1,0.1,0.9206348689243835,Très élevé,pluie_max_24h_mm,Pluie extrême (24h)
Z0013,Pikine,Dakar,14.74823,-17.37753,6.1,0.1,771,Hydromorphe,Zone humide (Niayes/bas-fond),13.1,402,Partiel,2.2,6,2025,120.0,192.0,34.8,478.46000000000004,0.0,0,15.72,6.648984550024776,1,1,0.6,0.9932598930854687,Très élevé,pluie_max_24h_mm,Pluie extrême (24h)
Z0014,Pikine,Dakar,14.76448,-17.37771,0.5,1.09,3234,Argileux,Urbain dense,75.5,11064,Aucun,1.6,10,2025,120.0,192.0,26.1,366.14,0.0,0,90.6,8.081784206935001,1,0,1.0,0.9975121644381082,Très élevé,pluie_max_24h_mm,Pluie extrême (24h)
Z0015,Guédiawaye,Dakar,14.76866,-17.38819,4.1,1.83,351,Sableux,Urbain lâche,58.3,4558,Aucun,3.6,3,2025,120.0,192.0,28.9,395.49,0.0,0,69.96,5.863631175598097,1,0,0.3,0.9848531233994835,Très élevé,pluie_max_24h_mm,Pluie extrême (24h)
Z0016,Guédiawaye,Dakar,14.76056,-17.40758,6.9,0.38,1370,Latéritique,Urbain dense,94.4,17895,Aucun,2.7,7,2025,120.0,192.0,33.4,471.83000000000004,0.0,0,113.28,7.223295679562314,1,0,0.7,0.9961952856749993,Très élevé,pluie_max_24h_mm,Pluie extrême (24h)
Z0017,Guédiawaye,Dakar,14.75545,-17.41062,11.1,2.29,228,Hydromorphe,Urbain dense,62.0,18896,Partiel,1.6,3,2025,120.0,192.0,31.8,458.75,0.0,0,74.4,5.43372200355424,0,1,0.3,0.9446418242489864,Très élevé,pluie_max_24h_mm,Pluie extrême (24h)
Z0018,Guédiawaye,Dakar,14.78082,-17.41059,8.6,0.45,1812,Argilo-sableux,Urbain lâche,61.6,3356,Partiel,5.4,1,2025,120.0,192.0,28.3,390.5,0.0,0,73.92,7.502738210754851,0,1,0.1,0.8843212330670599,Très élevé,pluie_max_24h_mm,Pluie extrême (24h)
Z0019,Guédiawaye,Dakar,14.77785,-17.3953,9.2,0.39,541,Hydromorphe,Zone humide (Niayes/bas-fond),21.5,307,Partiel,0.2,6,2025,120.0,192.0,31.4,430.81000000000006,0.0,0,25.8,6.295266001439646,0,1,0.6,0.9869503949289763,Très élevé,pluie_max_24h_mm,Pluie extrême (24h)
Z0020,Guédiawaye,Dakar,14.78576,-17.42724,11.7,1.51,1411,Latéritique,Urbain dense,88.5,16319,Complet,3.3,1,2025,120.0,192.0,33.2,464.1,0.0,0,106.2,7.252762418053187,0,2,0.1,0.7533156382039197,Très élevé,pluie_max_24h_mm,Pluie extrême (24h)
Z0021,Guédiawaye,Dakar,14.79981,-17.39885,4.0,0.17,746,Hydromorphe,Urbain lâche,38.1,11581,Aucun,3.4,4,2025,120.0,192.0,31.9,437.96000000000004,0.0,0,45.72,6.616065185132817,1,0,0.4,0.9925350474018872,Très élevé,pluie_max_24h_mm,Pluie extrême (24h)
Z0022,Guédiawaye,Dakar,14.76631,-17.37236,11.4,1.48,1122,Latéritique,Urbain lâche,56.2,8157,Partiel,3.6,2,2025,120.0,192.0,32.1,461.07,0.0,0,67.44,7.023758954738443,0,1,0.2,0.9274325198675913,Très élevé,pluie_max_24h_mm,Pluie extrême (24h)
Z0023,Guédiawaye,Dakar,14.76538,-17.39159,8.0,0.13,620,Hydromorphe,Urbain dense,79.1,15289,Aucun,3.2,10,2025,120.0,192.0,33.6,462.85,0.0,0,94.92,6.431331081933479,1,0,1.0,0.9986663810855922,Très élevé,pluie_max_24h_mm,Pluie extrême (24h)
Z0024,Guédiawaye,Dakar,14.77543,-17.3872,12.6,0.06,1117,Hydromorphe,Urbain dense,97.8,20401,Aucun,4.5,6,2025,120.0,192.0,31.1,409.38,0.0,0,117.36,7.0192966537150445,0,0,0.6,0.9905963140034573,Très élevé,pluie_max_24h_mm,Pluie extrême (24h)
Z0025,Guédiawaye,Dakar,14.79139,-17.38992,0.5,0.52,597,Argilo-sableux,Végétation naturelle,0.0,304,Complet,1.8,3,2025,120.0,192.0,35.1,524.13,0.0,0,0.0,6.393590753950631,1,2,0.3,0.8938897832397931,Très élevé,pluie_max_24h_mm,Pluie extrême (24h)
Z0026,Guédiawaye,Dakar,14.77695,-17.3986,5.7,1.63,839,Sableux,Urbain lâche,45.0,7996,Complet,3.7,1,2025,120.0,192.0,32.7,424.91999999999996,0.0,0,54.0,6.733401891837359,1,2,0.1,0.8783382644622783,Très élevé,pluie_max_24h_mm,Pluie extrême (24h)
Z0027,Guédiawaye,Dakar,14.77626,-17.3964,10.8,0.43,839,Hydromorphe,Zone humide (Niayes/bas-fond),8.5,272,Aucun,1.3,2,2025,120.0,192.0,25.8,373.05,0.0,0,10.2,6.733401891837359,0,0,0.2,0.9607200667613599,Très élevé,pluie_max_24h_mm,Pluie extrême (24h)
Z0028,Keur Massar,Dakar,14.78862,-17.30674,5.3,0.36,371,Argilo-sableux,Urbain lâche,33.3,5045,Aucun,2.9,3,2025,120.0,192.0,26.3,393.58000000000004,0.0,0,39.959999999999994,5.918893854273146,1,0,0.3,0.9852690392902399,Très élevé,pluie_max_24h_mm,Pluie extrême (24h)
Z0029,Keur Massar,Dakar,14.77624,-17.33414,9.5,1.37,274,Sableux,Urbain dense,80.8,12474,Partiel,3.9,2,2025,120.0,192.0,28.5,421.2,0.0,0,96.96,5.616771097666572,1,1,0.2,0.9563306171874268,Très élevé,pluie_max_24h_mm,Pluie extrême (24h)
Z0030,Keur Massar,Dakar,14.79713,-17.30447,3.5,1.47,516,Sableux,Urbain dense,79.7,16654,Partiel,2.5,3,2025,120.0,192.0,33.8,467.52,0.0,0,95.64,6.248042874508429,1,1,0.3,0.9708891028570817,Très élevé,pluie_max_24h_mm,Pluie extrême (24h)
Z0031,Keur Massar,Dakar,14.79216,-17.29871,7.9,1.78,94,Argileux,Urbain dense,81.1,8099,Complet,2.8,3,2025,120.0,192.0,26.6,393.12,0.0,0,97.32,4.553876891600541,1,2,0.3,0.9493801819148073,Très élevé,pluie_max_24h_mm,Pluie extrême (24h)
Z0032,Keur Massar,Dakar,14.78615,-17.30948,9.3,0.19,507,Hydromorphe,Urbain dense,81.5,10280,Aucun,3.8,9,2025,120.0,192.0,33.6,464.85,0.0,0,97.8,6.230481447578482,1,0,0.9,0.9978752259710014,Très élevé,pluie_max_24h_mm,Pluie extrême (24h)
Z0033,Keur Massar,Dakar,14.76553,-17.30636,0.8,0.45,476,Sableux,Urbain dense,68.4,10091,Partiel,2.6,5,2025,120.0,192.0,31.8,462.38,0.0,0,82.08,6.1675164908883415,1,1,0.5,0.9833033247537379,Très élevé,pluie_max_24h_mm,Pluie extrême (24h)
Z0034,Keur Massar,Dakar,14.80016,-17.32576,9.8,0.19,82,Hydromorphe,Zone humide (Niayes/bas-fond),36.7,127,Partiel,0.2,10,2025,120.0,192.0,30.9,403.90999999999997,0.0,0,44.04,4.418840607796598,0,1,1.0,0.998004884124587,Très élevé,pluie_max_24h_mm,Pluie extrême (24h)
Z0035,Keur Massar,Dakar,14.77703,-17.30544,10.3,0.08,666,Argilo-sableux,Urbain dense,90.8,19050,Aucun,2.6,6,2025,120.0,192.0,34.0,451.66999999999996,0.0,0,108.96,6.502790045915623,0,0,0.6,0.9892209043401171,Très élevé,pluie_max_24h_mm,Pluie extrême (24h)
Z0036,Keur Massar,Dakar,14.78153,-17.31773,12.6,0.32,398,Hydromorphe,Zone humide (Niayes/bas-fond),23.0,219,Aucun,0.4,5,2025,120.0,192.0,31.7,405.28000000000003,0.0,0,27.6,5.988961416889864,0,0,0.5,0.988980138698863,Très élevé,pluie_max_24h_mm,Pluie extrême (24h)
Z0037,Keur Massar,Dakar,14.77812,-17.33691,13.0,0.23,187,Sableux,Urbain dense,78.8,14330,Partiel,4.2,0,2025,120.0,192.0,25.6,390.08000000000004,0.0,0,94.56,5.236441962829949,0,1,0.0,0.8704432036311041,Très élevé,pluie_max_24h_mm,Pluie extrême (24h)
Z0038,Keur Massar,Dakar,14.80449,-17.30964,14.9,0.79,1001,Argilo-sableux,Urbain dense,66.5,11157,Aucun,2.4,0,2025,120.0,192.0,31.7,466.87,0.0,0,79.8,6.90975328164481,0,0,0.0,0.8499388164203053,Très élevé,pluie_max_24h_mm,Pluie extrême (24h)
Z0039,Keur Massar,Dakar,14.77203,-17.29852,10.2,0.66,1921,Hydromorphe,Zone humide (Niayes/bas-fond),34.9,160,Aucun,1.4,5,2025,120.0,192.0,32.4,453.73999999999995,0.0,0,41.88,7.561121589530238,0,0,0.5,0.9853453398413748,Très élevé,pluie_max_24h_mm,Pluie extrême (24h)
Z0040,Yeumbeul,Dakar,14.78486,-17.3463,13.9,0.89,191,Hydromorphe,Urbain dense,88.9,25243,Partiel,4.2,2,2025,120.0,192.0,30.1,427.34,0.0,0,106.68,5.2574953720277815,0,1,0.2,0.959351372082552,Très élevé,pluie_max_24h_mm,Pluie extrême (24h)
Z0041,Yeumbeul,Dakar,14.79585,-17.33945,2.7,0.22,193,Hydromorphe,Végétation naturelle,0.0,307,Aucun,1.6,6,2025,120.0,192.0,28.0,425.78000000000003,0.0,0,0.0,5.267858159063328,1,0,0.6,0.9926115325558283,Très élevé,pluie_max_24h_mm,Pluie extrême (24h)
Z0042,Yeumbeul,Dakar,14.75422,-17.34849,11.4,0.6,732,Sableux,Urbain dense,64.7,8527,Partiel,4.1,2,2025,120.0,192.0,29.5,409.21,0.0,0,77.64,6.597145701886651,0,1,0.2,0.8707225415128192,Très élevé,pluie_max_24h_mm,Pluie extrême (24h)
Z0043,Yeumbeul,Dakar,14.78181,-17.33491,6.9,0.83,375,Sableux,Urbain dense,74.6,17413,Aucun,3.0,3,2025,120.0,192.0,27.6,401.28000000000003,0.0,0,89.52,5.929589143389895,1,0,0.3,0.9832779192149924,Très élevé,pluie_max_24h_mm,Pluie extrême (24h)
Z0044,Yeumbeul,Dakar,14.77663,-17.32142,3.8,1.12,751,Sableux,Urbain dense,92.8,9671,Aucun,3.1,4,2025,120.0,192.0,31.3,442.96000000000004,0.0,0,111.36,6.62273632394984,1,0,0.4,0.9850200965360183,Très élevé,pluie_max_24h_mm,Pluie extrême (24h)
Z0045,Yeumbeul,Dakar,14.79508,-17.34858,0.5,0.27,372,Hydromorphe,Zone humide (Niayes/bas-fond),30.2,152,Partiel,0.6,10,2025,120.0,192.0,30.6,444.85,0.0,0,36.24,5.921578419643816,1,1,1.0,0.9988302168665654,Très élevé,pluie_max_24h_mm,Pluie extrême (24h)
Z0046,Yeumbeul,Dakar,14.76935,-17.34909,10.0,0.09,789,Hydromorphe,Végétation naturelle,12.3,141,Aucun,5.0,0,2025,120.0,192.0,28.8,401.96999999999997,0.0,0,14.76,6.672032945461067,0,0,0.0,0.8590602714640742,Très élevé,pluie_max_24h_mm,Pluie extrême (24h)
Z0047,Yeumbeul,Dakar,14.76226,-17.34898,7.5,0.43,331,Latéritique,Urbain dense,86.5,14003,Partiel,3.3,6,2025,120.0,192.0,36.4,510.53999999999996,0.0,0,103.8,5.805134968916488,0,1,0.6,0.9837819851508792,Très élevé,pluie_max_24h_mm,Pluie extrême (24h)
Z0048,Thiaroye,Dakar,14.72742,-17.37778,9.6,0.37,325,Sableux,Urbain dense,82.3,30649,Partiel,3.2,0,2025,120.0,192.0,33.9,478.41999999999996,0.0,0,98.76,5.786897381366708,0,1,0.0,0.9171297330432728,Très élevé,pluie_max_24h_mm,Pluie extrême (24h)
Z0049,Thiaroye,Dakar,14.75564,-17.39595,8.1,0.96,1561,Argilo-sableux,Urbain dense,49.6,23454,Complet,3.4,0,2025,120.0,192.0,32.7,436.53000000000003,0.0,0,59.52,7.3537223303996315,0,2,0.0,0.6480366896126136,Élevé,pluie_max_24h_mm,Pluie extrême (24h)
Z0050,Thiaroye,Dakar,14.73529,-17.38087,12.8,0.39,353,Hydromorphe,Urbain dense,96.7,13936,Complet,3.8,0,2025,120.0,192.0,29.8,433.81000000000006,0.0,0,116.04,5.869296913133774,0,2,0.0,0.7941937755923866,Très élevé,pluie_max_24h_mm,Pluie extrême (24h)
Z0051,Thiaroye,Dakar,14.74142,-17.37071,1.5,1.77,567,Hydromorphe,Urbain lâche,51.2,3141,Complet,2.2,1,2025,120.0,192.0,32.3,445.35,0.0,0,61.44,6.342121418721152,1,2,0.1,0.9089696534520163,Très élevé,pluie_max_24h_mm,Pluie extrême (24h)
Z0052,Thiaroye,Dakar,14.74302,-17.37482,5.7,1.4,303,Sableux,Urbain lâche,25.9,6751,Partiel,1.6,0,2025,120.0,192.0,34.1,477.06000000000006,0.0,0,31.08,5.717027701406222,0,1,0.0,0.8557003563979069,Très élevé,pluie_max_24h_mm,Pluie extrême (24h)
Z0053,Thiaroye,Dakar,14.72921,-17.39377,0.5,1.18,1472,Sableux,Végétation naturelle,0.0,219,Partiel,5.5,0,2025,120.0,192.0,32.1,454.88,0.0,0,0.0,7.29505641646263,1,1,0.0,0.8214820097180437,Très élevé,pluie_max_24h_mm,Pluie extrême (24h)
Z0054,Thiaroye,Dakar,14.75262,-17.3866,6.1,0.33,378,Latéritique,Urbain lâche,49.2,5113,Inconnu,2.5,1,2025,120.0,192.0,30.7,439.88,0.0,0,59.04,5.937536205082426,0,1,0.1,0.8616934598269632,Très élevé,pluie_max_24h_mm,Pluie extrême (24h)
Z0055,Thiaroye,Dakar,14.75453,-17.37926,2.8,0.18,455,Hydromorphe,Zone humide (Niayes/bas-fond),13.1,234,Complet,2.6,2,2025,120.0,192.0,26.4,396.68,0.0,0,15.72,6.1224928095143865,1,2,0.2,0.9522946152447151,Très élevé,pluie_max_24h_mm,Pluie extrême (24h)
Z0056,Thiaroye,Dakar,14.74129,-17.37287,5.1,1.64,2877,Sableux,Végétation naturelle,6.9,164,Aucun,2.5,1,2025,120.0,192.0,31.6,459.28999999999996,0.0,0,8.28,7.964850887447313,1,0,0.1,0.8887171628009198,Très élevé,pluie_max_24h_mm,Pluie extrême (24h)
Z0057,Thiaroye,Dakar,14.73713,-17.37433,3.7,1.28,539,Hydromorphe,Urbain dense,71.2,13978,Aucun,1.6,9,2025,120.0,192.0,29.5,422.13,0.0,0,85.44,6.29156913955832,1,0,0.9,0.9977775894576424,Très élevé,pluie_max_24h_mm,Pluie extrême (24h)
Z0058,Thiaroye,Dakar,14.75307,-17.36765,2.3,0.2,2691,Argilo-sableux,Urbain dense,79.1,17422,Partiel,2.5,2,2025,120.0,192.0,31.6,444.26000000000005,0.0,0,94.92,7.898039690764619,1,1,0.2,0.9532250964051197,Très élevé,pluie_max_24h_mm,Pluie extrême (24h)
Z0059,Thiaroye,Dakar,14.75459,-17.36199,8.8,1.13,490,Hydromorphe,Urbain lâche,67.6,7129,Complet,5.2,1,2025,120.0,192.0,29.5,441.57,0.0,0,81.11999999999999,6.19644412779452,0,2,0.1,0.8620582172224318,Très élevé,pluie_max_24h_mm,Pluie extrême (24h)
Z0060,Diamaguène,Dakar,14.7617,-17.35512,8.4,0.2,956,Sableux,Urbain dense,98.0,17824,Partiel,3.4,1,2025,120.0,192.0,36.3,526.49,0.0,0,117.6,6.863803391452954,0,1,0.1,0.9070724170731798,Très élevé,pluie_max_24h_mm,Pluie extrême (24h)
Z0061,Diamaguène,Dakar,14.74612,-17.35924,2.9,1.96,434,Sableux,Urbain dense,92.6,14776,Aucun,2.7,1,2025,120.0,192.0,31.7,467.91,0.0,0,111.12,6.075346031088684,1,0,0.1,0.9666579087394175,Très élevé,pluie_max_24h_mm,Pluie extrême (24h)
Z0062,Diamaguène,Dakar,14.73764,-17.35083,8.2,0.19,396,Sableux,Urbain lâche,33.1,4078,Aucun,3.8,2,2025,120.0,192.0,30.7,409.76000000000005,0.0,0,39.72,5.983936280687191,0,0,0.2,0.9515510596069697,Très élevé,pluie_max_24h_mm,Pluie extrême (24h)
Z0063,Diamaguène,Dakar,14.74653,-17.37307,0.5,0.4,2400,Argileux,Végétation naturelle,0.0,175,Aucun,3.1,4,2025,120.0,192.0,25.7,412.25,0.0,0,0.0,7.783640596221253,1,0,0.4,0.9744036785351035,Très élevé,pluie_max_24h_mm,Pluie extrême (24h)
Z0064,Diamaguène,Dakar,14.73508,-17.35535,6.3,0.74,322,Hydromorphe,Zone humide (Niayes/bas-fond),22.0,264,Aucun,3.05,3,2025,120.0,192.0,29.4,420.08000000000004,0.0,0,26.4,5.777652323222656,1,0,0.3,0.9904778858475191,Très élevé,pluie_max_24h_mm,Pluie extrême (24h)
Z0065,Diamaguène,Dakar,14.75615,-17.37415,3.8,1.6,900,Hydromorphe,Zone humide (Niayes/bas-fond),22.3,108,Aucun,2.6,3,2025,120.0,192.0,26.5,424.23,0.0,0,26.76,6.803505257608338,1,0,0.3,0.9870465938817932,Très élevé,pluie_max_24h_mm,Pluie extrême (24h)
Z0066,Diamaguène,Dakar,14.74749,-17.3563,9.9,0.96,686,Hydromorphe,Urbain dense,75.9,7129,Aucun,3.8,3,2025,120.0,192.0,26.5,403.04,0.0,0,91.08,6.532334292222349,0,0,0.3,0.9545563823912236,Très élevé,pluie_max_24h_mm,Pluie extrême (24h)
Z0067,Diamaguène,Dakar,14.72069,-17.34881,8.8,0.21,792,Hydromorphe,Zone humide (Niayes/bas-fond),21.0,151,Partiel,2.7,2,2025,120.0,192.0,31.1,440.13,0.0,0,25.2,6.675823221634848,0,1,0.2,0.948069184364406,Très élevé,pluie_max_24h_mm,Pluie extrême (24h)
Z0068,Diamaguène,Dakar,14.75421,-17.37802,4.0,0.35,631,Latéritique,Urbain dense,89.4,7845,Aucun,3.0,8,2025,120.0,192.0,27.9,401.71,0.0,0,107.28,6.448889394146858,1,0,0.8,0.9968827534638256,Très élevé,pluie_max_24h_mm,Pluie extrême (24h)
Z0069,Diamaguène,Dakar,14.76319,-17.36296,12.6,1.2,4535,Latéritique,Urbain dense,76.7,18567,Partiel,3.4,2,2025,120.0,192.0,32.5,456.71999999999997,0.0,0,92.04,8.419800845407588,0,1,0.2,0.8642142565643569,Très élevé,pluie_max_24h_mm,Pluie extrême (24h)
Z0070,Diamaguène,Dakar,14.75324,-17.33911,10.7,1.68,311,Sableux,Urbain dense,85.0,17007,Complet,3.0,0,2025,120.0,192.0,22.9,344.3,0.0,0,102.0,5.7430031878094825,0,2,0.0,0.7201856513838408,Élevé,pluie_max_24h_mm,Pluie extrême (24h)
Z0071,Mbao,Dakar,14.7438,-17.33805,5.9,0.75,304,Hydromorphe,Zone humide (Niayes/bas-fond),7.7,140,Complet,1.6,0,2025,120.0,192.0,32.5,465.78000000000003,0.0,0,9.24,5.720311776607412,1,2,0.0,0.9019177787353209,Très élevé,pluie_max_24h_mm,Pluie extrême (24h)
Z0072,Mbao,Dakar,14.73961,-17.34465,7.3,1.04,3703,Sableux,Urbain dense,61.6,10509,Partiel,4.2,0,2025,120.0,192.0,29.4,425.4,0.0,0,73.92,8.21716859576607,1,1,0.0,0.8230530089321209,Très élevé,pluie_max_24h_mm,Pluie extrême (24h)
Z0073,Mbao,Dakar,14.75727,-17.34259,16.0,1.81,1354,Hydromorphe,Urbain dense,79.7,12847,Partiel,3.9,1,2025,120.0,192.0,30.7,447.8,0.0,0,95.64,7.2115567333138015,0,1,0.1,0.8461690586504259,Très élevé,pluie_max_24h_mm,Pluie extrême (24h)
Z0074,Mbao,Dakar,14.74396,-17.3368,10.2,0.71,2037,Argileux,Urbain dense,90.3,17170,Partiel,3.7,1,2025,120.0,192.0,28.4,378.28000000000003,0.0,0,108.36,7.61972421378267,0,1,0.1,0.8937607332037486,Très élevé,pluie_max_24h_mm,Pluie extrême (24h)
Z0075,Mbao,Dakar,14.7414,-17.34851,10.2,0.5,2195,Latéritique,Agricole,10.3,527,Aucun,3.3,0,2025,120.0,192.0,33.9,459.02,0.0,0,12.36,7.694392802629421,0,0,0.0,0.8728439394259608,Très élevé,pluie_max_24h_mm,Pluie extrême (24h)
Z0076,Mbao,Dakar,14.74586,-17.3392,16.0,0.2,1362,Sableux,Urbain lâche,63.9,8733,Complet,4.4,0,2025,120.0,192.0,34.1,461.28000000000003,0.0,0,76.68,7.217443431696533,0,2,0.0,0.7360305045262605,Élevé,pluie_max_24h_mm,Pluie extrême (24h)
Z0077,Mbao,Dakar,14.73941,-17.31544,16.9,0.7,1068,Argileux,Urbain lâche,50.1,4466,Partiel,4.9,0,2025,120.0,192.0,26.9,410.75,0.0,0,60.12,6.974478911025045,0,1,0.0,0.8625598716064479,Très élevé,pluie_max_24h_mm,Pluie extrême (24h)
Z0078,Mbao,Dakar,14.75705,-17.32202,7.7,0.18,609,Sableux,Urbain dense,86.7,16447,Aucun,3.4,2,2025,120.0,192.0,28.6,446.32,0.0,0,104.04,6.413458957167357,1,0,0.2,0.9784394726855375,Très élevé,pluie_max_24h_mm,Pluie extrême (24h)
Z0079,Mbao,Dakar,14.74546,-17.31381,10.2,0.4,684,Sableux,Urbain dense,91.1,19439,Aucun,3.7,0,2025,120.0,192.0,28.0,407.7,0.0,0,109.32,6.529418838262226,0,0,0.0,0.9185976022718433,Très élevé,pluie_max_24h_mm,Pluie extrême (24h)
Z0080,Mbao,Dakar,14.75373,-17.32992,1.2,0.76,1222,Argileux,Urbain dense,77.1,31714,Partiel,3.0,2,2025,120.0,192.0,30.7,440.85,0.0,0,92.52,7.109062135687172,1,1,0.2,0.9795923776334665,Très élevé,pluie_max_24h_mm,Pluie extrême (24h)
Z0081,Mbao,Dakar,14.73262,-17.34469,18.4,0.5,675,Argileux,Urbain dense,89.7,10282,Aucun,5.7,0,2025,120.0,192.0,31.3,450.13,0.0,0,107.64,6.516193076042964,0,0,0.0,0.9021199601345019,Très élevé,pluie_max_24h_mm,Pluie extrême (24h)
Z0082,Mbao,Dakar,14.75002,-17.33594,0.9,0.2,596,Hydromorphe,Urbain lâche,51.4,7575,Aucun,2.2,7,2025,120.0,192.0,28.7,405.18,0.0,0,61.68,6.391917113392602,1,0,0.7,0.9975523772624539,Très élevé,pluie_max_24h_mm,Pluie extrême (24h)
Z0083,Mbao,Dakar,14.73248,-17.31342,23.8,0.34,952,Hydromorphe,Végétation naturelle,9.7,315,Aucun,6.0,0,2025,120.0,192.0,31.5,467.6,0.0,0,11.64,6.859614903654202,0,0,0.0,0.8115134974499564,Très élevé,pluie_max_24h_mm,Pluie extrême (24h)
Z0084,Malika,Dakar,14.78923,-17.31489,8.0,0.36,1052,Hydromorphe,Zone humide (Niayes/bas-fond),36.2,248,Aucun,2.0,2,2025,120.0,192.0,32.9,463.65,0.0,0,43.44,6.959398512133975,0,0,0.2,0.9698409272641563,Très élevé,pluie_max_24h_mm,Pluie extrême (24h)
Z0085,Malika,Dakar,14.80317,-17.33333,5.2,0.34,256,Argilo-sableux,Urbain dense,74.9,9459,Partiel,2.4,3,2025,120.0,192.0,31.8,461.28999999999996,0.0,0,89.88,5.54907608489522,0,1,0.3,0.9441338816828206,Très élevé,pluie_max_24h_mm,Pluie extrême (24h)
Z0086,Malika,Dakar,14.797,-17.3419,0.5,0.62,165,Hydromorphe,Zone humide (Niayes/bas-fond),9.9,165,Aucun,0.5,7,2025,120.0,192.0,28.8,450.08000000000004,0.0,0,11.88,5.111987788356544,1,0,0.7,0.9978695236198496,Très élevé,pluie_max_24h_mm,Pluie extrême (24h)
Z0087,Malika,Dakar,14.79645,-17.33342,5.5,0.09,141,Sableux,Urbain dense,91.6,16593,Partiel,3.5,3,2025,120.0,192.0,32.7,454.35,0.0,0,109.92,4.955827057601261,0,1,0.3,0.9650917972468254,Très élevé,pluie_max_24h_mm,Pluie extrême (24h)
Z0088,Malika,Dakar,14.7707,-17.32613,3.7,0.31,73,Latéritique,Urbain lâche,65.0,6947,Aucun,2.4,7,2025,120.0,192.0,32.4,450.15,0.0,0,78.0,4.30406509320417,1,0,0.7,0.9983653405075782,Très élevé,pluie_max_24h_mm,Pluie extrême (24h)
Z0089,Malika,Dakar,14.785,-17.33654,2.9,0.61,1065,Latéritique,Urbain lâche,50.7,8266,Partiel,2.1,2,2025,120.0,192.0,29.9,430.06000000000006,0.0,0,60.84,6.97166860472579,1,1,0.2,0.9723020509619682,Très élevé,pluie_max_24h_mm,Pluie extrême (24h)
Z0090,Malika,Dakar,14.76961,-17.32527,6.6,0.87,334,Argilo-sableux,Urbain dense,98.0,11336,Aucun,2.1,4,2025,120.0,192.0,34.9,451.76000000000005,0.0,0,117.6,5.814130531825066,0,0,0.4,0.977355266253301,Très élevé,pluie_max_24h_mm,Pluie extrême (24h)
Z0091,Malika,Dakar,14.79606,-17.34449,5.3,1.1,155,Hydromorphe,Urbain dense,82.0,17599,Aucun,4.0,10,2025,120.0,192.0,35.2,492.71000000000004,0.0,0,98.4,5.049856007249537,0,0,1.0,0.9978873567778163,Très élevé,pluie_max_24h_mm,Pluie extrême (24h)
Z0092,Malika,Dakar,14.79835,-17.33308,1.8,0.99,586,Hydromorphe,Zone humide (Niayes/bas-fond),26.9,211,Aucun,1.0,8,2025,120.0,192.0,35.6,520.6600000000001,0.0,0,32.28,6.375024819828097,1,0,0.8,0.9981600945611467,Très élevé,pluie_max_24h_mm,Pluie extrême (24h)
Z0093,Malika,Dakar,14.8049,-17.33338,1.8,0.26,324,Sableux,Urbain lâche,39.7,8086,Aucun,2.1,2,2025,120.0,192.0,29.4,421.78000000000003,0.0,0,47.64,5.783825182329737,1,0,0.2,0.9835908742374269,Très élevé,pluie_max_24h_mm,Pluie extrême (24h)
Z0094,Jaxaay,Dakar,14.76716,-17.23616,7.7,0.65,1121,Hydromorphe,Zone humide (Niayes/bas-fond),29.5,106,Partiel,2.1,2,2025,120.0,192.0,33.4,462.96999999999997,0.0,0,35.4,7.022868086082641,1,1,0.2,0.9735484389311007,Très élevé,pluie_max_24h_mm,Pluie extrême (24h)
Z0095,Jaxaay,Dakar,14.78096,-17.22172,14.7,0.68,963,Hydromorphe,Végétation naturelle,0.0,542,Aucun,4.9,1,2025,120.0,192.0,31.3,456.86,0.0,0,0.0,6.871091294610546,0,0,0.1,0.8599314603781049,Très élevé,pluie_max_24h_mm,Pluie extrême (24h)
Z0096,Jaxaay,Dakar,14.80009,-17.23251,5.5,2.89,399,Hydromorphe,Zone humide (Niayes/bas-fond),27.2,116,Partiel,1.2,3,2025,120.0,192.0,29.6,413.15,0.0,0,32.64,5.991464547107982,1,1,0.3,0.9792596082280662,Très élevé,pluie_max_24h_mm,Pluie extrême (24h)
Z0097,Jaxaay,Dakar,14.79005,-17.21972,21.6,0.09,4378,Hydromorphe,Végétation naturelle,13.7,263,Partiel,4.3,0,2025,120.0,192.0,29.3,433.71999999999997,0.0,0,16.44,8.384575666801398,0,1,0.0,0.6473763938583919,Élevé,pluie_max_24h_mm,Pluie extrême (24h)
Z0098,Jaxaay,Dakar,14.77263,-17.2305,8.1,1.13,853,Sableux,Urbain lâche,25.2,2900,Partiel,2.1,0,2025,120.0,192.0,28.2,427.21999999999997,0.0,0,30.24,6.74993119378857,1,1,0.0,0.8971869770560592,Très élevé,pluie_max_24h_mm,Pluie extrême (24h)
Z0099,Jaxaay,Dakar,14.77769,-17.23491,14.7,0.88,2620,Sableux,Urbain lâche,45.8,6663,Aucun,3.9,0,2025,120.0,192.0,32.5,475.18,0.0,0,54.96,7.8713112033234065,0,0,0.0,0.8596339300053198,Très élevé,pluie_max_24h_mm,Pluie extrême (24h)
Z0100,Jaxaay,Dakar,14.76893,-17.22383,12.1,0.57,887,Hydromorphe,Urbain dense,66.1,15371,Aucun,4.5,2,2025,120.0,192.0,28.8,385.81,0.0,0,79.32,6.78897174299217,0,0,0.2,0.9440155725140321,Très élevé,pluie_max_24h_mm,Pluie extrême (24h)
Z0101,Jaxaay,Dakar,14.78041,-17.23165,22.2,0.41,2127,Hydromorphe,Zone humide (Niayes/bas-fond),13.9,109,Partiel,0.2,0,2025,120.0,192.0,30.3,468.15,0.0,0,16.68,7.662937850461535,0,1,0.0,0.8406116494542415,Très élevé,pluie_max_24h_mm,Pluie extrême (24h)
Z0102,Jaxaay,Dakar,14.7786,-17.23854,8.0,0.11,759,Hydromorphe,Urbain dense,81.0,23966,Partiel,1.7,9,2025,120.0,192.0,29.5,438.51000000000005,0.0,0,97.2,6.633318433280377,1,1,0.9,0.9977255871020283,Très élevé,pluie_max_24h_mm,Pluie extrême (24h)
Z0103,Rufisque,Dakar,14.71686,-17.2484,10.4,0.27,646,Sableux,Urbain dense,98.0,14540,Partiel,3.3,1,2025,120.0,192.0,30.6,415.61,0.0,0,117.6,6.472346294500901,0,1,0.1,0.901150951028345,Très élevé,pluie_max_24h_mm,Pluie extrême (24h)
Z0104,Rufisque,Dakar,14.73616,-17.26163,4.0,0.59,1311,Hydromorphe,Urbain dense,94.6,16709,Partiel,2.8,8,2025,120.0,192.0,29.9,449.32,0.0,0,113.52,7.179307969504034,1,1,0.8,0.9959048755392873,Très élevé,pluie_max_24h_mm,Pluie extrême (24h)
Z0105,Rufisque,Dakar,14.73277,-17.2631,5.9,0.21,1930,Sableux,Urbain lâche,44.0,2332,Complet,3.9,0,2025,120.0,192.0,36.0,492.66999999999996,0.0,0,52.8,7.565793282428515,1,2,0.0,0.8091089352717515,Très élevé,pluie_max_24h_mm,Pluie extrême (24h)
Z0106,Rufisque,Dakar,14.69455,-17.26879,6.4,0.93,799,Sableux,Urbain dense,64.6,32847,Aucun,3.1,1,2025,120.0,192.0,27.6,408.90999999999997,0.0,0,77.52,6.684611727667927,1,0,0.1,0.9743052617466186,Très élevé,pluie_max_24h_mm,Pluie extrême (24h)
Z0107,Rufisque,Dakar,14.72644,-17.26822,12.1,0.09,670,Sableux,Urbain dense,70.2,28017,Aucun,5.5,1,2025,120.0,192.0,29.7,445.4,0.0,0,84.24,6.508769136971682,0,0,0.1,0.9446077315354507,Très élevé,pluie_max_24h_mm,Pluie extrême (24h)
Z0108,Rufisque,Dakar,14.71863,-17.26058,14.4,0.89,1261,Hydromorphe,Urbain dense,88.5,9764,Complet,4.4,0,2025,120.0,192.0,30.3,432.09,0.0,0,106.2,7.140453043101158,0,2,0.0,0.6717475291101833,Élevé,pluie_max_24h_mm,Pluie extrême (24h)
Z0109,Rufisque,Dakar,14.71434,-17.28233,15.5,1.41,2093,Sableux,Végétation naturelle,9.1,251,Aucun,4.8,1,2025,120.0,192.0,41.1,557.3199999999999,0.0,0,10.92,7.646831391430482,0,0,0.1,0.7836776501546161,Très élevé,pluie_max_24h_mm,Pluie extrême (24h)
Z0110,Rufisque,Dakar,14.70813,-17.2962,10.4,1.01,1269,Hydromorphe,Zone humide (Niayes/bas-fond),18.4,234,Aucun,1.3,2,2025,120.0,192.0,29.8,437.06000000000006,0.0,0,22.08,7.146772179452637,0,0,0.2,0.9572459696478505,Très élevé,pluie_max_24h_mm,Pluie extrême (24h)
Z0111,Rufisque,Dakar,14.72642,-17.24225,6.7,0.19,1308,Sableux,Urbain dense,91.2,21458,Partiel,3.7,1,2025,120.0,192.0,32.7,481.68999999999994,0.0,0,109.44,7.1770187659099,1,1,0.1,0.9537512549099638,Très élevé,pluie_max_24h_mm,Pluie extrême (24h)
Z0112,Rufisque,Dakar,14.7172,-17.27428,13.4,0.35,466,Sableux,Urbain dense,83.7,27271,Complet,3.7,0,2025,120.0,192.0,35.5,510.43999999999994,0.0,0,100.44,6.1463292576688975,0,2,0.0,0.7922287395974139,Très élevé,pluie_max_24h_mm,Pluie extrême (24h)
Z0113,Bargny,Dakar,14.73555,-17.23852,10.7,0.11,297,Hydromorphe,Urbain lâche,45.7,2721,Complet,4.8,1,2025,120.0,192.0,31.0,435.34,0.0,0,54.84,5.697093486505405,0,2,0.1,0.8455144451776363,Très élevé,pluie_max_24h_mm,Pluie extrême (24h)
Z0114,Bargny,Dakar,14.70073,-17.23962,5.3,1.18,108,Sableux,Urbain lâche,42.2,4779,Aucun,3.3,3,2025,120.0,192.0,28.2,442.75,0.0,0,50.64,4.6913478822291435,1,0,0.3,0.9873867077509219,Très élevé,pluie_max_24h_mm,Pluie extrême (24h)
Z0115,Bargny,Dakar,14.70544,-17.22221,10.7,0.1,806,Argileux,Urbain dense,86.1,15264,Aucun,5.2,1,2025,120.0,192.0,28.2,437.36,0.0,0,103.32,6.693323668269949,0,0,0.1,0.9453016296484719,Très élevé,pluie_max_24h_mm,Pluie extrême (24h)
Z0116,Bargny,Dakar,14.70282,-17.22198,13.9,0.81,97,Sableux,Urbain lâche,40.6,2542,Complet,4.1,0,2025,120.0,192.0,33.2,468.81000000000006,0.0,0,48.72,4.584967478670572,0,2,0.0,0.7541772658230244,Très élevé,pluie_max_24h_mm,Pluie extrême (24h)
Z0117,Bargny,Dakar,14.68992,-17.23425,10.7,0.63,498,Latéritique,Urbain lâche,67.1,8525,Complet,3.6,2,2025,120.0,192.0,30.2,432.11,0.0,0,80.52,6.212606095751519,0,2,0.2,0.8986836072103258,Très élevé,pluie_max_24h_mm,Pluie extrême (24h)
Z0118,Bargny,Dakar,14.69115,-17.24468,1.8,0.27,584,Sableux,Végétation naturelle,5.2,372,Partiel,3.7,0,2025,120.0,192.0,30.1,410.16,0.0,0,6.24,6.371611847231857,1,1,0.0,0.8753065614298402,Très élevé,pluie_max_24h_mm,Pluie extrême (24h)
Z0119,Bargny,Dakar,14.6942,-17.2432,10.9,0.31,477,Argilo-sableux,Agricole,31.1,165,Partiel,3.0,1,2025,120.0,192.0,33.6,458.88,0.0,0,37.32,6.169610732491456,0,1,0.1,0.9059130197163343,Très élevé,pluie_max_24h_mm,Pluie extrême (24h)
Z0120,Bargny,Dakar,14.69562,-17.22149,9.4,0.68,1876,Hydromorphe,Urbain dense,74.5,13167,Partiel,2.5,0,2025,120.0,192.0,21.3,347.53000000000003,0.0,0,89.4,7.537430036586509,1,1,0.0,0.9085771805856131,Très élevé,pluie_max_24h_mm,Pluie extrême (24h)
Z0121,Bargny,Dakar,14.7118,-17.22107,12.9,0.45,2136,Sableux,Urbain dense,80.8,16357,Aucun,4.0,3,2025,120.0,192.0,31.5,423.21000000000004,0.0,0,96.96,7.667158255319148,0,0,0.3,0.945225941994176,Très élevé,pluie_max_24h_mm,Pluie extrême (24h)
Z0122,Bargny,Dakar,14.68817,-17.23784,12.2,2.25,757,Argilo-sableux,Urbain dense,71.9,13553,Aucun,4.7,0,2025,120.0,192.0,32.6,459.26000000000005,0.0,0,86.28,6.630683385642372,0,0,0.0,0.8488371744277956,Très élevé,pluie_max_24h_mm,Pluie extrême (24h)
Z0123,Bargny,Dakar,14.69114,-17.24875,9.4,0.3,535,Hydromorphe,Zone humide (Niayes/bas-fond),35.6,353,Partiel,2.5,2,2025,120.0,192.0,24.9,361.84000000000003,0.0,0,42.72,6.284134161070802,1,1,0.2,0.9797045057784521,Très élevé,pluie_max_24h_mm,Pluie extrême (24h)
Z0124,Bargny,Dakar,14.7104,-17.23034,10.1,0.89,521,Argileux,Urbain lâche,46.2,5843,Aucun,2.9,1,2025,120.0,192.0,35.6,486.01000000000005,0.0,0,55.44,6.257667587882639,1,0,0.1,0.9753912879177522,Très élevé,pluie_max_24h_mm,Pluie extrême (24h)
Z0125,Bargny,Dakar,14.70054,-17.22867,16.6,0.66,139,Argilo-sableux,Urbain dense,72.2,21618,Partiel,4.8,1,2025,120.0,192.0,27.4,388.04,0.0,0,86.64,4.941642422609304,0,1,0.1,0.9152399896665722,Très élevé,pluie_max_24h_mm,Pluie extrême (24h)
Z0126,Dakar-Plateau,Dakar,14.67052,-17.43143,21.0,0.3,1656,Hydromorphe,Zone humide (Niayes/bas-fond),37.2,253,Complet,3.5,0,2025,120.0,192.0,30.5,464.02,0.0,0,44.64,7.4127640174265625,0,2,0.0,0.7606874041486219,Très élevé,pluie_max_24h_mm,Pluie extrême (24h)
Z0127,Dakar-Plateau,Dakar,14.66946,-17.43927,6.3,1.42,787,Hydromorphe,Zone humide (Niayes/bas-fond),8.5,244,Partiel,1.6,0,2025,120.0,192.0,29.4,440.68999999999994,0.0,0,10.2,6.669498089857879,1,1,0.0,0.9390731995713393,Très élevé,pluie_max_24h_mm,Pluie extrême (24h)
Z0128,Dakar-Plateau,Dakar,14.64892,-17.43605,25.3,0.26,1169,Sableux,Urbain dense,83.7,11754,Complet,3.5,0,2025,120.0,192.0,37.6,518.26,0.0,0,100.44,7.064759027791802,0,2,0.0,0.6016793623597301,Élevé,pluie_max_24h_mm,Pluie extrême (24h)
Z0129,Dakar-Plateau,Dakar,14.6858,-17.41935,13.8,2.37,2316,Latéritique,Urbain lâche,62.8,11997,Complet,3.8,0,2025,120.0,192.0,27.4,423.01000000000005,0.0,0,75.36,7.748028524432376,1,2,0.0,0.8330087758884768,Très élevé,pluie_max_24h_mm,Pluie extrême (24h)
Z0130,Dakar-Plateau,Dakar,14.68289,-17.45114,11.1,0.18,1074,Hydromorphe,Urbain dense,92.7,15095,Complet,4.7,0,2025,120.0,192.0,26.9,394.64,0.0,0,111.24,6.980075940561763,1,2,0.0,0.86914747527204,Très élevé,pluie_max_24h_mm,Pluie extrême (24h)
Z0131,Dakar-Plateau,Dakar,14.66856,-17.4521,23.8,2.2,1258,Argileux,Urbain dense,85.7,8977,Complet,8.3,0,2025,120.0,192.0,31.0,427.81000000000006,0.0,0,102.84,7.138073034044347,0,2,0.0,0.5700594752723249,Élevé,pluie_max_24h_mm,Pluie extrême (24h)
Z0132,Dakar-Plateau,Dakar,14.66194,-17.44092,21.7,3.48,1270,Sableux,Urbain dense,79.0,24471,Complet,4.9,0,2025,120.0,192.0,35.0,506.71000000000004,0.0,0,94.8,7.147559271189454,0,2,0.0,0.5768760581016791,Élevé,pluie_max_24h_mm,Pluie extrême (24h)
Z0133,Dakar-Plateau,Dakar,14.65159,-17.45065,21.0,0.25,1692,Sableux,Urbain dense,98.0,22599,Complet,5.9,0,2025,120.0,192.0,26.2,396.3,0.0,0,117.6,7.4342573821331355,0,2,0.0,0.7046225875825155,Élevé,pluie_max_24h_mm,Pluie extrême (24h)
Z0134,Dakar-Plateau,Dakar,14.66342,-17.44149,21.1,1.69,2455,Sableux,Urbain dense,74.8,12247,Partiel,7.5,0,2025,120.0,192.0,33.8,450.48999999999995,0.0,0,89.76,7.806289289267033,0,1,0.0,0.6787987694260288,Élevé,pluie_max_24h_mm,Pluie extrême (24h)
Z0135,Médina,Dakar,14.68164,-17.43602,5.8,0.48,669,Hydromorphe,Urbain dense,82.9,8468,Partiel,3.3,4,2025,120.0,192.0,26.7,412.03000000000003,0.0,0,99.48,6.507277712385012,1,1,0.4,0.9805302856168213,Très élevé,pluie_max_24h_mm,Pluie extrême (24h)
Z0136,Médina,Dakar,14.67527,-17.44466,12.8,0.73,4812,Argileux,Végétation naturelle,16.1,277,Partiel,5.5,1,2025,120.0,192.0,32.8,479.13,0.0,0,19.320000000000004,8.47907586930311,0,1,0.1,0.7297779907386843,Élevé,pluie_max_24h_mm,Pluie extrême (24h)
Z0137,Médina,Dakar,14.66695,-17.4439,17.1,1.36,376,Hydromorphe,Zone humide (Niayes/bas-fond),37.6,200,Complet,3.2,1,2025,120.0,192.0,30.4,404.77,0.0,0,45.12,5.932245187448011,0,2,0.1,0.8512976115678192,Très élevé,pluie_max_24h_mm,Pluie extrême (24h)
Z0138,Médina,Dakar,14.70647,-17.45959,14.0,1.38,569,Hydromorphe,Urbain dense,83.0,22648,Aucun,2.4,2,2025,120.0,192.0,29.4,409.5,0.0,0,99.6,6.345636360828596,0,0,0.2,0.9609717209302181,Très élevé,pluie_max_24h_mm,Pluie extrême (24h)
Z0139,Médina,Dakar,14.6899,-17.45522,19.9,0.2,1019,Hydromorphe,Zone humide (Niayes/bas-fond),36.1,136,Complet,1.7,0,2025,120.0,192.0,26.6,396.76,0.0,0,43.32,6.927557906278317,0,2,0.0,0.7894816684676044,Très élevé,pluie_max_24h_mm,Pluie extrême (24h)
Z0140,Médina,Dakar,14.68781,-17.45632,10.9,0.55,2822,Sableux,Végétation naturelle,0.0,566,Complet,2.9,0,2025,120.0,192.0,31.1,442.62,0.0,0,0.0,7.945555428253489,1,2,0.0,0.6104501064264407,Élevé,pluie_max_24h_mm,Pluie extrême (24h)
Z0141,Médina,Dakar,14.67266,-17.4657,12.2,1.46,800,Sableux,Urbain dense,83.9,33010,Partiel,5.1,0,2025,120.0,192.0,28.7,422.12,0.0,0,100.68,6.68586094706836,1,1,0.0,0.9433705107011902,Très élevé,pluie_max_24h_mm,Pluie extrême (24h)
Z0142,Médina,Dakar,14.68707,-17.45621,12.7,0.46,539,Hydromorphe,Urbain lâche,63.6,8781,Complet,4.4,1,2025,120.0,192.0,34.8,467.91,0.0,0,76.32,6.29156913955832,1,2,0.1,0.931456518505356,Très élevé,pluie_max_24h_mm,Pluie extrême (24h)
Z0143,Médina,Dakar,14.69841,-17.46542,19.4,0.58,2297,Hydromorphe,Urbain dense,86.0,10651,Complet,5.2,0,2025,120.0,192.0,34.4,466.57,0.0,0,103.2,7.739794458408701,0,2,0.0,0.6203263114038858,Élevé,pluie_max_24h_mm,Pluie extrême (24h)
Z0144,Grand Yoff,Dakar,14.73204,-17.45446,21.3,0.68,2815,Argileux,Urbain dense,75.3,23287,Aucun,3.8,1,2025,120.0,192.0,30.7,444.35,0.0,0,90.36,7.943072717277933,0,0,0.1,0.9148398489213518,Très élevé,pluie_max_24h_mm,Pluie extrême (24h)
Z0145,Grand Yoff,Dakar,14.73424,-17.46499,16.4,0.66,750,Sableux,Urbain lâche,58.0,5150,Partiel,6.1,0,2025,120.0,192.0,32.2,480.37,0.0,0,69.6,6.621405651764134,0,1,0.0,0.8508756185994298,Très élevé,pluie_max_24h_mm,Pluie extrême (24h)
Z0146,Grand Yoff,Dakar,14.76824,-17.47781,9.0,0.11,1919,Hydromorphe,Zone humide (Niayes/bas-fond),25.4,368,Complet,2.4,0,2025,120.0,192.0,35.5,493.14,0.0,0,30.48,7.560080465021827,1,2,0.0,0.8794572052125742,Très élevé,pluie_max_24h_mm,Pluie extrême (24h)
Z0147,Grand Yoff,Dakar,14.73194,-17.47609,26.9,0.95,856,Hydromorphe,Agricole,19.4,125,Complet,6.3,0,2025,120.0,192.0,32.8,459.41999999999996,0.0,0,23.28,6.75343791859778,0,2,0.0,0.6566838671495376,Élevé,pluie_max_24h_mm,Pluie extrême (24h)
Z0148,Grand Yoff,Dakar,14.73059,-17.4777,13.9,0.51,1279,Hydromorphe,Agricole,17.9,197,Aucun,3.8,1,2025,120.0,192.0,25.1,366.34000000000003,0.0,0,21.48,7.154615356913663,0,0,0.1,0.9239858781176594,Très élevé,pluie_max_24h_mm,Pluie extrême (24h)
Z0149,Grand Yoff,Dakar,14.73215,-17.46616,4.3,0.3,2214,Sableux,Végétation naturelle,9.8,111,Complet,2.1,0,2025,120.0,192.0,29.6,422.52,0.0,0,11.76,7.703007682479236,1,2,0.0,0.6852561746889154,Élevé,pluie_max_24h_mm,Pluie extrême (24h)
Z0150,Grand Yoff,Dakar,14.72536,-17.4644,9.1,1.71,1311,Argileux,Urbain lâche,46.2,6997,Complet,3.9,0,2025,120.0,192.0,28.6,400.64,0.0,0,55.44,7.179307969504034,1,2,0.0,0.8492975712212747,Très élevé,pluie_max_24h_mm,Pluie extrême (24h)
Z0151,Grand Yoff,Dakar,14.73892,-17.4665,15.7,0.31,2777,Sableux,Urbain lâche,50.6,13283,Partiel,4.6,0,2025,120.0,192.0,33.4,472.75,0.0,0,60.72,7.9294865233142895,0,1,0.0,0.8369619127216644,Très élevé,pluie_max_24h_mm,Pluie extrême (24h)
Z0152,Grand Yoff,Dakar,14.7194,-17.47307,23.3,1.04,1874,Argileux,Urbain lâche,60.4,3418,Partiel,6.0,0,2025,120.0,192.0,29.5,428.00999999999993,0.0,0,72.48,7.536363938404511,0,1,0.0,0.8276131548140473,Très élevé,pluie_max_24h_mm,Pluie extrême (24h)
Z0153,Grand Yoff,Dakar,14.70957,-17.45297,8.0,1.38,591,Sableux,Urbain dense,80.2,12585,Complet,3.5,0,2025,120.0,192.0,36.2,509.68999999999994,0.0,0,96.24,6.3835066348840055,1,2,0.0,0.809750800392185,Très élevé,pluie_max_24h_mm,Pluie extrême (24h)
Z0154,Grand Yoff,Dakar,14.70614,-17.4644,3.7,0.26,692,Argilo-sableux,Urbain lâche,53.7,3142,Partiel,2.2,2,2025,120.0,192.0,36.8,495.89,0.0,0,64.44,6.541029999189903,1,1,0.2,0.9686357269522587,Très élevé,pluie_max_24h_mm,Pluie extrême (24h)
Z0155,Grand Yoff,Dakar,14.7435,-17.4662,18.8,0.49,2224,Sableux,Urbain lâche,39.6,2119,Partiel,6.1,0,2025,120.0,192.0,32.3,448.32,0.0,0,47.52,7.707512194600341,0,1,0.0,0.7566726087171285,Très élevé,pluie_max_24h_mm,Pluie extrême (24h)
Z0156,Grand Yoff,Dakar,14.74519,-17.45574,9.3,0.12,2542,Sableux,Urbain dense,71.8,12980,Partiel,2.7,2,2025,120.0,192.0,29.7,435.87,0.0,0,86.16,7.841099765422119,1,1,0.2,0.9345049009727976,Très élevé,pluie_max_24h_mm,Pluie extrême (24h)
Z0157,Grand Yoff,Dakar,14.7282,-17.47032,6.4,1.31,2224,Sableux,Urbain dense,60.1,34964,Partiel,2.5,2,2025,120.0,192.0,30.0,418.73,0.0,0,72.12,7.707512194600341,1,1,0.2,0.9596139966985313,Très élevé,pluie_max_24h_mm,Pluie extrême (24h)
Z0158,Parcelles Assainies,Dakar,14.76157,-17.42324,20.8,0.3,1237,Argilo-sableux,Végétation naturelle,2.8,286,Aucun,8.0,0,2025,120.0,192.0,32.4,476.95,0.0,0,3.36,7.121252453244542,0,0,0.0,0.7600647847448582,Très élevé,pluie_max_24h_mm,Pluie extrême (24h)
Z0159,Parcelles Assainies,Dakar,14.76218,-17.44181,10.8,0.22,983,Latéritique,Urbain dense,81.1,12347,Partiel,5.6,1,2025,120.0,192.0,30.1,443.03999999999996,0.0,0,97.32,6.891625897052253,1,1,0.1,0.9417566016115313,Très élevé,pluie_max_24h_mm,Pluie extrême (24h)
Z0160,Parcelles Assainies,Dakar,14.7896,-17.4278,10.4,0.06,993,Argilo-sableux,Urbain dense,93.6,26197,Inconnu,2.8,1,2025,120.0,192.0,33.2,475.03000000000003,0.0,0,112.32,6.901737206656574,1,1,0.1,0.9267992993464625,Très élevé,pluie_max_24h_mm,Pluie extrême (24h)
Z0161,Parcelles Assainies,Dakar,14.76351,-17.41666,13.3,2.79,2660,Argilo-sableux,Urbain dense,87.6,10720,Partiel,4.6,0,2025,120.0,192.0,29.3,400.21,0.0,0,105.12,7.886457270977689,0,1,0.0,0.6990247199268721,Élevé,pluie_max_24h_mm,Pluie extrême (24h)
Z0162,Parcelles Assainies,Dakar,14.75642,-17.43541,7.3,1.46,1831,Argilo-sableux,Agricole,4.9,111,Aucun,4.2,0,2025,120.0,192.0,28.1,423.53000000000003,0.0,0,5.88,7.513163545234075,1,0,0.0,0.9196092299720977,Très élevé,pluie_max_24h_mm,Pluie extrême (24h)
Z0163,Parcelles Assainies,Dakar,14.75767,-17.45147,11.3,1.22,3217,Sableux,Végétation naturelle,2.7,276,Complet,3.9,0,2025,120.0,192.0,31.4,470.25,0.0,0,3.24,8.076515327552329,1,2,0.0,0.5749123761372428,Élevé,pluie_max_24h_mm,Pluie extrême (24h)
Z0164,Parcelles Assainies,Dakar,14.75308,-17.42966,15.8,4.06,1465,Hydromorphe,Zone humide (Niayes/bas-fond),20.5,205,Partiel,1.7,0,2025,120.0,192.0,26.1,388.84000000000003,0.0,0,24.6,7.290292882446597,0,1,0.0,0.7958426998816804,Très élevé,pluie_max_24h_mm,Pluie extrême (24h)
Z0165,Parcelles Assainies,Dakar,14.77052,-17.44417,3.2,1.39,579,Argileux,Végétation naturelle,15.2,363,Complet,2.8,0,2025,120.0,192.0,29.0,414.84,0.0,0,18.24,6.363028103540465,1,2,0.0,0.7902812487251544,Très élevé,pluie_max_24h_mm,Pluie extrême (24h)
Z0166,Parcelles Assainies,Dakar,14.77096,-17.46583,12.0,0.22,653,Argilo-sableux,Urbain dense,82.0,21914,Aucun,5.0,1,2025,120.0,192.0,35.7,487.27,0.0,0,98.4,6.483107351457199,0,0,0.1,0.9419766779141976,Très élevé,pluie_max_24h_mm,Pluie extrême (24h)
Z0167,Parcelles Assainies,Dakar,14.78546,-17.41686,11.8,0.77,2373,Argilo-sableux,Urbain lâche,42.4,9156,Complet,2.6,0,2025,120.0,192.0,36.2,487.25,0.0,0,50.88,7.772331575169614,0,2,0.0,0.669575246327857,Élevé,pluie_max_24h_mm,Pluie extrême (24h)
Z0168,Parcelles Assainies,Dakar,14.76255,-17.45381,20.2,0.07,1168,Hydromorphe,Urbain dense,86.7,21481,Complet,4.1,1,2025,120.0,192.0,29.7,427.76000000000005,0.0,0,104.04,7.063903961472068,0,2,0.1,0.8129926243642391,Très élevé,pluie_max_24h_mm,Pluie extrême (24h)
Z0169,Ouakam,Dakar,14.71628,-17.48794,23.4,3.05,2625,Argileux,Urbain lâche,41.1,7508,Aucun,4.4,0,2025,120.0,192.0,30.5,423.86,0.0,0,49.32,7.873217054862741,0,0,0.0,0.828632531383084,Très élevé,pluie_max_24h_mm,Pluie extrême (24h)
Z0170,Ouakam,Dakar,14.69987,-17.49436,34.4,0.69,418,Latéritique,Agricole,14.2,200,Complet,7.8,0,2025,120.0,192.0,27.8,425.4,0.0,0,17.04,6.037870919922137,0,2,0.0,0.6432064884691497,Élevé,pluie_max_24h_mm,Pluie extrême (24h)
Z0171,Ouakam,Dakar,14.73221,-17.47891,23.1,0.12,3172,Hydromorphe,Urbain dense,91.4,7274,Inconnu,7.7,0,2025,120.0,192.0,28.4,392.0,0.0,0,109.68,8.062432791583195,0,1,0.0,0.5932772540956671,Élevé,pluie_max_24h_mm,Pluie extrême (24h)
Z0172,Ouakam,Dakar,14.72291,-17.506,43.1,3.99,2016,Hydromorphe,Urbain dense,63.1,30098,Partiel,8.9,0,2025,120.0,192.0,30.5,468.33000000000004,0.0,0,75.72,7.6093665379542115,0,1,0.0,0.689325715744834,Élevé,pluie_max_24h_mm,Pluie extrême (24h)
Z0173,Ouakam,Dakar,14.71328,-17.49431,22.8,1.04,2984,Argilo-sableux,Urbain dense,80.1,6138,Partiel,5.4,0,2025,120.0,192.0,32.4,459.0400000000001,0.0,0,96.12,8.001355025826703,1,1,0.0,0.8071345900580215,Très élevé,pluie_max_24h_mm,Pluie extrême (24h)
Z0174,Ouakam,Dakar,14.73839,-17.49537,27.2,0.53,2818,Hydromorphe,Zone humide (Niayes/bas-fond),41.4,192,Partiel,1.0,2,2025,120.0,192.0,31.8,505.21000000000004,0.0,0,49.68,7.9441374911141125,0,1,0.2,0.917231821799171,Très élevé,pluie_max_24h_mm,Pluie extrême (24h)
Z0175,Ouakam,Dakar,14.72375,-17.48094,22.6,0.51,863,Latéritique,Agricole,6.6,260,Complet,5.6,0,2025,120.0,192.0,33.3,472.18999999999994,0.0,0,7.92,6.761572768804055,1,2,0.0,0.7936488779841882,Très élevé,pluie_max_24h_mm,Pluie extrême (24h)
Z0176,Ouakam,Dakar,14.7161,-17.4893,14.4,0.33,2573,Sableux,Urbain lâche,54.0,1556,Partiel,4.2,2,2025,120.0,192.0,25.7,403.3,0.0,0,64.8,7.853216388156072,1,1,0.2,0.9405311090322503,Très élevé,pluie_max_24h_mm,Pluie extrême (24h)
Z0177,Ouakam,Dakar,14.71957,-17.49587,13.3,6.68,2478,Hydromorphe,Zone humide (Niayes/bas-fond),8.8,196,Partiel,0.2,0,2025,120.0,192.0,29.0,421.36,0.0,0,10.56,7.8156105320351905,1,1,0.0,0.8138761745400551,Très élevé,pluie_max_24h_mm,Pluie extrême (24h)
Z0178,Ouakam,Dakar,14.72372,-17.50475,20.7,1.68,1107,Hydromorphe,Zone humide (Niayes/bas-fond),24.6,124,Partiel,1.6,1,2025,120.0,192.0,33.1,493.81000000000006,0.0,0,29.52,7.010311867307229,1,1,0.1,0.9454311289884,Très élevé,pluie_max_24h_mm,Pluie extrême (24h)
Z0179,Ouakam,Dakar,14.72216,-17.47992,28.5,0.35,1609,Sableux,Urbain dense,75.4,13764,Inconnu,6.2,0,2025,120.0,192.0,31.2,443.25,0.0,0,90.48,7.383989457978509,0,1,0.0,0.571215300387164,Élevé,pluie_max_24h_mm,Pluie extrême (24h)
Z0180,Yoff,Dakar,14.76533,-17.47655,10.1,0.65,1017,Argilo-sableux,Urbain dense,74.5,7601,Partiel,4.0,0,2025,120.0,192.0,31.2,467.39,0.0,0,89.4,6.925595197110468,1,1,0.0,0.8861297769675156,Très élevé,pluie_max_24h_mm,Pluie extrême (24h)
Z0181,Yoff,Dakar,14.73665,-17.46128,6.0,0.12,459,Sableux,Urbain dense,77.7,21298,Partiel,2.7,2,2025,120.0,192.0,31.4,458.3,0.0,0,93.24,6.131226489483141,1,1,0.2,0.9708000275940155,Très élevé,pluie_max_24h_mm,Pluie extrême (24h)
Z0182,Yoff,Dakar,14.75527,-17.45836,17.6,0.05,1042,Argilo-sableux,Urbain dense,97.9,16974,Aucun,4.4,2,2025,120.0,192.0,33.7,477.0,0.0,0,117.48,6.949856455000773,0,0,0.2,0.950002465361622,Très élevé,pluie_max_24h_mm,Pluie extrême (24h)
Z0183,Yoff,Dakar,14.74673,-17.48669,7.3,0.05,2254,Argilo-sableux,Urbain dense,98.0,18921,Partiel,4.3,1,2025,120.0,192.0,36.1,493.8,0.0,0,117.6,7.720905251936779,1,1,0.1,0.9476789507081357,Très élevé,pluie_max_24h_mm,Pluie extrême (24h)
Z0184,Yoff,Dakar,14.74774,-17.47389,11.5,1.35,1814,Sableux,Urbain dense,85.6,19030,Partiel,3.05,0,2025,120.0,192.0,24.8,373.11,0.0,0,102.72,7.503840746698951,0,1,0.0,0.8102511821597692,Très élevé,pluie_max_24h_mm,Pluie extrême (24h)
Z0185,Yoff,Dakar,14.73893,-17.46575,9.2,0.58,487,Hydromorphe,Zone humide (Niayes/bas-fond),21.7,132,Aucun,1.6,3,2025,120.0,192.0,33.8,462.56000000000006,0.0,0,26.04,6.1903154058531475,1,0,0.3,0.9893633836707365,Très élevé,pluie_max_24h_mm,Pluie extrême (24h)
Z0186,Yoff,Dakar,14.75659,-17.48393,18.3,0.24,763,Hydromorphe,Urbain lâche,51.9,6760,Partiel,4.5,0,2025,120.0,192.0,35.9,499.3,0.0,0,62.28,6.638567789166521,0,1,0.0,0.8836112197185184,Très élevé,pluie_max_24h_mm,Pluie extrême (24h)
Z0187,Yoff,Dakar,14.74759,-17.45014,16.7,0.59,1141,Hydromorphe,Urbain lâche,67.0,7549,Complet,3.05,0,2025,120.0,192.0,31.1,425.14,0.0,0,80.4,7.040536390215956,0,2,0.0,0.779496935571727,Très élevé,pluie_max_24h_mm,Pluie extrême (24h)
Z0188,Yoff,Dakar,14.7581,-17.48409,11.5,0.46,1220,Sableux,Urbain dense,91.9,14249,Complet,2.8,0,2025,120.0,192.0,28.7,426.48,0.0,0,110.28,7.107425474110705,0,2,0.0,0.6872818175089135,Élevé,pluie_max_24h_mm,Pluie extrême (24h)
Z0189,Yoff,Dakar,14.75279,-17.46994,14.7,0.86,2329,Hydromorphe,Agricole,10.8,130,Partiel,4.3,0,2025,120.0,192.0,29.0,426.23999999999995,0.0,0,12.96,7.753623546559746,0,1,0.0,0.7952084406604826,Très élevé,pluie_max_24h_mm,Pluie extrême (24h)
Z0190,Yoff,Dakar,14.76312,-17.48194,15.1,1.04,1668,Argilo-sableux,Urbain dense,81.6,15194,Partiel,3.3,1,2025,120.0,192.0,29.8,440.05,0.0,0,97.92,7.419979923661835,0,1,0.1,0.842728877776954,Très élevé,pluie_max_24h_mm,Pluie extrême (24h)
Z0191,Yoff,Dakar,14.78017,-17.46809,0.5,0.04,709,Sableux,Urbain lâche,60.7,5967,Complet,2.4,0,2025,120.0,192.0,32.7,452.87,0.0,0,72.84,6.565264970035361,1,2,0.0,0.8942236224418096,Très élevé,pluie_max_24h_mm,Pluie extrême (24h)
Z0192,Yoff,Dakar,14.75794,-17.46955,10.5,0.46,736,Hydromorphe,Zone humide (Niayes/bas-fond),28.2,108,Aucun,1.1,2,2025,120.0,192.0,29.5,413.81000000000006,0.0,0,33.84,6.602587892189336,1,0,0.2,0.9848062722524292,Très élevé,pluie_max_24h_mm,Pluie extrême (24h)
Z0193,Yoff,Dakar,14.75579,-17.48904,13.4,0.95,1077,Argilo-sableux,Urbain lâche,53.9,2470,Complet,2.7,0,2025,120.0,192.0,30.7,433.96999999999997,0.0,0,64.68,6.982862751468942,0,2,0.0,0.685706648346468,Élevé,pluie_max_24h_mm,Pluie extrême (24h)
Z0194,Kaolack,Kaolack,14.15848,-16.06817,7.1,0.7,376,Latéritique,Urbain dense,84.7,12607,Aucun,2.3,3,2025,120.0,192.0,51.4,723.5899999999999,0.0,0,101.64,5.932245187448011,0,0,0.3,0.9699449267245843,Très élevé,pluie_max_24h_mm,Pluie extrême (24h)
Z0195,Kaolack,Kaolack,14.13608,-16.08179,15.3,0.14,965,Sableux,Urbain lâche,48.5,3042,Aucun,3.9,0,2025,120.0,192.0,50.2,726.27,0.0,0,58.2,6.873163834212518,0,0,0.0,0.8932442974572912,Très élevé,pluie_max_24h_mm,Pluie extrême (24h)
Z0196,Kaolack,Kaolack,14.14481,-16.06172,3.1,0.46,1175,Argilo-sableux,Urbain lâche,56.1,7106,Aucun,0.9,5,2025,120.0,192.0,50.8,710.25,0.0,0,67.32,7.069874128458572,1,0,0.5,0.9928944439023732,Très élevé,pluie_max_24h_mm,Pluie extrême (24h)
Z0197,Kaolack,Kaolack,14.15775,-16.06744,13.2,0.04,2708,Argilo-sableux,Urbain lâche,44.3,3743,Partiel,5.0,0,2025,120.0,192.0,55.6,805.34,0.0,0,53.16,7.904334842085095,0,1,0.0,0.8040456887429062,Très élevé,pluie_max_24h_mm,Pluie extrême (24h)
Z0198,Kaolack,Kaolack,14.153,-16.06389,5.0,0.49,433,Argileux,Agricole,19.9,235,Complet,3.7,0,2025,120.0,192.0,57.5,813.28,0.0,0,23.88,6.073044534100405,1,2,0.0,0.8892268267365016,Très élevé,pluie_max_24h_mm,Pluie extrême (24h)
Z0199,Kaolack,Kaolack,14.15552,-16.08299,1.8,1.17,447,Argileux,Urbain dense,98.0,16291,Aucun,1.6,10,2025,120.0,192.0,53.3,751.0600000000001,0.0,0,117.6,6.104793232414985,1,0,1.0,0.9990081093843001,Très élevé,pluie_max_24h_mm,Pluie extrême (24h)
Z0200,Kaolack,Kaolack,14.16769,-16.04307,12.4,0.2,519,Argilo-sableux,Urbain lâche,53.1,14881,Aucun,3.7,1,2025,120.0,192.0,59.2,865.79,0.0,0,63.72,6.253828811575473,0,0,0.1,0.9584965120434857,Très élevé,pluie_max_24h_mm,Pluie extrême (24h)
Z0201,Kaolack,Kaolack,14.1462,-16.0589,8.0,0.12,1857,Argilo-sableux,Urbain dense,78.1,18270,Aucun,4.0,2,2025,120.0,192.0,46.1,667.15,0.0,0,93.72,7.527255919373784,0,0,0.2,0.9424218854955563,Très élevé,pluie_max_24h_mm,Pluie extrême (24h)
Z0202,Kaolack,Kaolack,14.16404,-16.07917,4.6,0.49,2372,Argileux,Urbain dense,87.4,15711,Aucun,2.2,4,2025,120.0,192.0,51.9,725.45,0.0,0,104.88,7.771910256435763,1,0,0.4,0.9878329685215517,Très élevé,pluie_max_24h_mm,Pluie extrême (24h)
Z0203,Kaolack,Kaolack,14.15065,-16.05981,1.3,0.82,1265,Sableux,Urbain dense,96.1,20917,Aucun,2.6,1,2025,120.0,192.0,51.2,733.77,0.0,0,115.32,7.143617602704121,1,0,0.1,0.972327852581159,Très élevé,pluie_max_24h_mm,Pluie extrême (24h)
Z0204,Kaolack,Kaolack,14.14657,-16.07824,7.2,0.19,1228,Hydromorphe,Urbain dense,98.0,13313,Partiel,2.0,3,2025,120.0,192.0,56.0,755.9,0.0,0,117.6,7.113956109566034,0,1,0.3,0.9534785127507445,Très élevé,pluie_max_24h_mm,Pluie extrême (24h)
Z0205,Kaolack,Kaolack,14.17138,-16.09182,10.0,0.99,385,Argileux,Urbain dense,72.6,16834,Aucun,3.8,1,2025,120.0,192.0,55.2,776.52,0.0,0,87.12,5.955837369464831,0,0,0.1,0.9435766914896838,Très élevé,pluie_max_24h_mm,Pluie extrême (24h)
Z0206,Kaolack,Kaolack,14.16763,-16.07389,5.2,0.61,675,Argilo-sableux,Urbain dense,85.0,22391,Aucun,1.7,3,2025,120.0,192.0,51.0,745.8100000000001,0.0,0,102.0,6.516193076042964,1,0,0.3,0.9872461460075823,Très élevé,pluie_max_24h_mm,Pluie extrême (24h)
Z0207,Touba,Diourbel,14.84873,-15.88383,43.7,1.2,575,Argilo-sableux,Urbain dense,72.4,19001,Complet,10.4,0,2025,120.0,192.0,41.5,579.75,0.0,0,86.88,6.3561076606958915,1,2,0.0,0.7264135235521912,Élevé,pluie_max_24h_mm,Pluie extrême (24h)
Z0208,Touba,Diourbel,14.87883,-15.87911,51.3,4.72,1059,Hydromorphe,Zone humide (Niayes/bas-fond),21.0,148,Partiel,2.8,1,2025,120.0,192.0,34.1,487.93999999999994,0.0,0,25.2,6.966024187106113,0,1,0.1,0.7410477344965843,Élevé,pluie_max_24h_mm,Pluie extrême (24h)
Z0209,Touba,Diourbel,14.84616,-15.88107,16.1,2.7,1931,Argileux,Urbain lâche,52.9,2735,Partiel,6.3,7,2025,120.0,192.0,35.2,529.77,0.0,0,63.48,7.566311014772463,1,1,0.7,0.9881029570475699,Très élevé,pluie_max_24h_mm,Pluie extrême (24h)
Z0210,Touba,Diourbel,14.85043,-15.86966,41.0,1.65,2005,Sableux,Agricole,0.0,252,Aucun,8.3,0,2025,120.0,192.0,36.3,500.66999999999996,0.0,0,0.0,7.603897968521881,1,0,0.0,0.8388814441832064,Très élevé,pluie_max_24h_mm,Pluie extrême (24h)
Z0211,Touba,Diourbel,14.87015,-15.86466,18.5,1.76,4454,Hydromorphe,Zone humide (Niayes/bas-fond),27.2,98,Partiel,2.0,9,2025,120.0,192.0,38.6,556.0899999999999,0.0,0,32.64,8.40178233990491,1,1,0.9,0.9939400584380899,Très élevé,pluie_max_24h_mm,Pluie extrême (24h)
Z0212,Touba,Diourbel,14.84046,-15.88397,57.7,1.25,1068,Argileux,Urbain lâche,50.1,4943,Aucun,12.3,0,2025,120.0,192.0,38.6,527.53,0.0,0,60.12,6.974478911025045,0,0,0.0,0.8110629119574472,Très élevé,pluie_max_24h_mm,Pluie extrême (24h)
Z0213,Touba,Diourbel,14.85238,-15.88162,74.3,1.0,827,Argileux,Agricole,17.4,258,Partiel,14.1,0,2025,120.0,192.0,41.5,631.15,0.0,0,20.88,6.71901315438526,0,1,0.0,0.6465005571922636,Élevé,pluie_max_24h_mm,Pluie extrême (24h)
Z0214,Touba,Diourbel,14.84791,-15.87013,76.0,1.33,636,Hydromorphe,Urbain dense,82.8,14578,Aucun,14.3,0,2025,120.0,192.0,37.0,512.12,0.0,0,99.36,6.456769655572163,0,0,0.0,0.7417407029992353,Élevé,pluie_max_24h_mm,Pluie extrême (24h)
Z0215,Touba,Diourbel,14.86171,-15.87625,33.7,1.18,7159,Hydromorphe,Zone humide (Niayes/bas-fond),29.2,154,Partiel,2.3,6,2025,120.0,192.0,33.3,483.55,0.0,0,35.04,8.87626525995469,1,1,0.6,0.9755853870462384,Très élevé,pluie_max_24h_mm,Pluie extrême (24h)
Z0216,Touba,Diourbel,14.84919,-15.88647,53.2,4.11,1632,Sableux,Urbain dense,82.0,10249,Partiel,10.5,0,2025,120.0,192.0,36.3,496.76000000000005,0.0,0,98.4,7.398174092970465,0,1,0.0,0.47964043650654503,Modéré,pluie_max_24h_mm,Pluie extrême (24h)
Z0217,Touba,Diourbel,14.84564,-15.86288,58.7,1.37,1031,Latéritique,Urbain dense,77.7,12086,Partiel,12.5,0,2025,120.0,192.0,37.5,530.6,0.0,0,93.24,6.939253946041508,0,1,0.0,0.6363835481228248,Élevé,pluie_max_24h_mm,Pluie extrême (24h)
Z0218,Touba,Diourbel,14.84925,-15.87109,49.1,1.13,4198,Argilo-sableux,Urbain lâche,49.2,3548,Inconnu,10.8,0,2025,120.0,192.0,41.6,559.85,0.0,0,59.04,8.342601680684194,1,1,0.0,0.6007386435860513,Élevé,pluie_max_24h_mm,Pluie extrême (24h)
Z0219,Touba,Diourbel,14.86962,-15.85195,62.2,4.04,451,Sableux,Urbain lâche,46.6,3929,Partiel,10.8,0,2025,120.0,192.0,41.0,597.71,0.0,0,55.92,6.113682179832232,0,1,0.0,0.5815731484080514,Élevé,pluie_max_24h_mm,Pluie extrême (24h)
Z0220,Touba,Diourbel,14.84779,-15.87393,38.9,3.42,818,Argileux,Urbain lâche,38.0,3649,Partiel,8.3,0,2025,120.0,192.0,42.6,579.0600000000001,0.0,0,45.6,6.70808408385307,1,1,0.0,0.8390974539000511,Très élevé,pluie_max_24h_mm,Pluie extrême (24h)
Z0221,Mbacké,Diourbel,14.79673,-15.91172,60.1,1.8,1143,Argilo-sableux,Urbain dense,64.7,12069,Complet,11.2,0,2025,120.0,192.0,37.0,532.48,0.0,0,77.64,7.042286171939743,0,2,0.0,0.3475002202336221,Modéré,pluie_max_24h_mm,Pluie extrême (24h)
Z0222,Mbacké,Diourbel,14.78599,-15.9198,47.5,7.57,1100,Hydromorphe,Agricole,8.9,348,Complet,9.9,0,2025,120.0,192.0,40.3,554.49,0.0,0,10.68,7.00397413672268,0,2,0.0,0.27938895171440026,Modéré,pluie_max_24h_mm,Pluie extrême (24h)
Z0223,Mbacké,Diourbel,14.78444,-15.91061,11.3,3.07,2795,Argilo-sableux,Végétation naturelle,6.1,304,Aucun,4.4,3,2025,120.0,192.0,36.7,543.13,0.0,0,7.32,7.935945103353701,1,0,0.3,0.9210344605499633,Très élevé,pluie_max_24h_mm,Pluie extrême (24h)
Z0224,Mbacké,Diourbel,14.80125,-15.89962,23.3,0.27,3723,Latéritique,Agricole,0.0,94,Aucun,7.2,3,2025,120.0,192.0,35.1,512.13,0.0,0,0.0,8.222553638396958,1,0,0.3,0.9587715252612723,Très élevé,pluie_max_24h_mm,Pluie extrême (24h)
Z0225,Mbacké,Diourbel,14.78067,-15.89585,41.6,2.34,2635,Argileux,Urbain dense,68.3,16607,Aucun,8.8,0,2025,120.0,192.0,37.9,526.61,0.0,0,81.96,7.877017895622398,0,0,0.0,0.7516177873336527,Très élevé,pluie_max_24h_mm,Pluie extrême (24h)
Z0226,Mbacké,Diourbel,14.79376,-15.89741,33.9,0.45,4399,Argilo-sableux,Agricole,25.3,90,Partiel,7.3,0,2025,120.0,192.0,39.3,546.9399999999999,0.0,0,30.36,8.389359819906353,1,1,0.0,0.8166901272892261,Très élevé,pluie_max_24h_mm,Pluie extrême (24h)
Z0227,Mbacké,Diourbel,14.79743,-15.93444,45.5,1.31,1360,Argilo-sableux,Agricole,18.3,251,Complet,10.4,0,2025,120.0,192.0,36.9,534.42,0.0,0,21.96,7.215975002651466,0,2,0.0,0.47504471358521133,Modéré,pluie_max_24h_mm,Pluie extrême (24h)
Z0228,Mbacké,Diourbel,14.79447,-15.9103,37.9,1.18,1600,Sableux,Urbain dense,81.9,13930,Complet,10.5,0,2025,120.0,192.0,37.1,523.94,0.0,0,98.28,7.3783837129967145,1,2,0.0,0.6680701114114116,Élevé,pluie_max_24h_mm,Pluie extrême (24h)
Z0229,Mbacké,Diourbel,14.79682,-15.93397,28.1,0.66,3203,Argilo-sableux,Agricole,13.2,128,Aucun,7.3,1,2025,120.0,192.0,44.4,623.54,0.0,0,15.84,8.07215530818825,1,0,0.1,0.9164406240094072,Très élevé,pluie_max_24h_mm,Pluie extrême (24h)
Z0230,Mbacké,Diourbel,14.77472,-15.91024,52.2,3.98,4014,Argilo-sableux,Agricole,6.7,119,Partiel,11.5,0,2025,120.0,192.0,38.1,533.76,0.0,0,8.04,8.297792626380861,0,1,0.0,0.4219014981887595,Modéré,pluie_max_24h_mm,Pluie extrême (24h)
Z0231,Diourbel,Diourbel,14.64765,-16.24856,25.0,1.73,3234,Argilo-sableux,Urbain dense,88.3,13165,Complet,4.8,0,2025,120.0,192.0,37.6,534.53,0.0,0,105.96,8.081784206935001,0,2,0.0,0.5000564354819025,Élevé,pluie_max_24h_mm,Pluie extrême (24h)
Z0232,Diourbel,Diourbel,14.65278,-16.23371,9.1,0.21,890,Latéritique,Agricole,28.8,176,Partiel,5.0,1,2025,120.0,192.0,34.8,516.87,0.0,0,34.56,6.792344427470809,1,1,0.1,0.9532220203462121,Très élevé,pluie_max_24h_mm,Pluie extrême (24h)
Z0233,Diourbel,Diourbel,14.66621,-16.22567,29.1,0.16,1140,Argileux,Urbain lâche,49.6,7013,Partiel,6.7,0,2025,120.0,192.0,41.3,542.85,0.0,0,59.52,7.039660349862076,0,1,0.0,0.8505492421314056,Très élevé,pluie_max_24h_mm,Pluie extrême (24h)
Z0234,Diourbel,Diourbel,14.66993,-16.26694,22.9,1.38,2320,Hydromorphe,Zone humide (Niayes/bas-fond),41.1,334,Complet,2.0,1,2025,120.0,192.0,38.4,542.37,0.0,0,49.32,7.749753406274437,0,2,0.1,0.7743781097713467,Très élevé,pluie_max_24h_mm,Pluie extrême (24h)
Z0235,Diourbel,Diourbel,14.67604,-16.21612,25.1,1.16,560,Argileux,Agricole,2.0,439,Aucun,6.6,0,2025,120.0,192.0,33.5,479.7,0.0,0,2.4,6.329720905522696,0,0,0.0,0.8723302358477026,Très élevé,pluie_max_24h_mm,Pluie extrême (24h)
Z0236,Diourbel,Diourbel,14.67268,-16.25098,13.7,3.83,7707,Hydromorphe,Urbain lâche,37.6,10654,Partiel,4.4,0,2025,120.0,192.0,27.4,411.82,0.0,0,45.12,8.950014029534257,1,1,0.0,0.8053527865893972,Très élevé,pluie_max_24h_mm,Pluie extrême (24h)
Z0237,Diourbel,Diourbel,14.65434,-16.22697,25.1,0.75,5075,Argilo-sableux,Agricole,18.5,202,Complet,6.4,0,2025,120.0,192.0,39.2,569.87,0.0,0,22.2,8.532278828834277,0,2,0.0,0.476728947070746,Modéré,pluie_max_24h_mm,Pluie extrême (24h)
Z0238,Diourbel,Diourbel,14.65928,-16.2439,14.2,2.3,7284,Latéritique,Urbain lâche,59.8,8904,Aucun,6.1,0,2025,120.0,192.0,44.6,633.45,0.0,0,71.76,8.893572718629306,1,0,0.0,0.9039800431409222,Très élevé,pluie_max_24h_mm,Pluie extrême (24h)
Z0239,Diourbel,Diourbel,14.6804,-16.23168,22.1,0.72,5422,Hydromorphe,Agricole,16.5,191,Aucun,5.4,2,2025,120.0,192.0,39.8,586.24,0.0,0,19.8,8.59840444684106,1,0,0.2,0.9456195466177041,Très élevé,pluie_max_24h_mm,Pluie extrême (24h)
Z0240,Saint-Louis,Saint-Louis,16.01922,-16.49404,2.9,0.53,346,Latéritique,Urbain dense,81.9,6593,Aucun,0.4,7,2025,120.0,192.0,20.7,306.85,9.5718,1,98.28,5.849324779946859,1,0,0.7,0.998397494179718,Très élevé,hauteur_crue_fleuve_m,Crue du fleuve
Z0241,Saint-Louis,Saint-Louis,16.04467,-16.49675,5.5,0.16,290,Hydromorphe,Zone humide (Niayes/bas-fond),35.0,61,Aucun,1.3,3,2025,120.0,192.0,24.6,340.62,9.308599999999998,1,42.0,5.673323267171493,0,0,0.3,0.9935431346008301,Très élevé,hauteur_crue_fleuve_m,Crue du fleuve
Z0242,Saint-Louis,Saint-Louis,16.03511,-16.48944,1.3,0.71,408,Argileux,Urbain lâche,53.7,2584,Inconnu,0.2,2,2025,120.0,192.0,24.6,328.29,9.858799999999999,1,64.44,6.013715156042802,1,1,0.2,0.9832614033902682,Très élevé,hauteur_crue_fleuve_m,Crue du fleuve
Z0243,Saint-Louis,Saint-Louis,16.0088,-16.51709,4.5,0.7,143,Hydromorphe,Urbain lâche,31.7,6218,Partiel,1.8,3,2025,120.0,192.0,19.2,280.15999999999997,10.340399999999999,1,38.04,4.969813299576001,0,1,0.3,0.9900106743073405,Très élevé,hauteur_crue_fleuve_m,Crue du fleuve
Z0244,Saint-Louis,Saint-Louis,16.03488,-16.49881,1.4,2.33,270,Argilo-sableux,Urbain dense,93.9,25349,Partiel,2.6,2,2025,120.0,192.0,22.6,313.61,9.7902,1,112.68,5.602118820879701,1,1,0.2,0.9912793074978189,Très élevé,hauteur_crue_fleuve_m,Crue du fleuve
Z0245,Saint-Louis,Saint-Louis,16.03679,-16.48992,5.1,0.57,1049,Argilo-sableux,Urbain dense,70.3,12984,Aucun,3.3,3,2025,120.0,192.0,20.5,315.85,9.8406,1,84.36,6.956545443151569,0,0,0.3,0.9833556861636226,Très élevé,hauteur_crue_fleuve_m,Crue du fleuve
Z0246,Saint-Louis,Saint-Louis,16.0156,-16.50141,0.5,0.43,570,Argilo-sableux,Urbain dense,76.1,9383,Aucun,1.0,4,2025,120.0,192.0,22.6,314.02,10.452399999999999,1,91.32,6.3473892096560105,1,0,0.4,0.9962336200201322,Très élevé,hauteur_crue_fleuve_m,Crue du fleuve
Z0247,Saint-Louis,Saint-Louis,16.02894,-16.49939,4.9,0.85,396,Argilo-sableux,Urbain lâche,47.1,5532,Aucun,3.1,1,2025,120.0,192.0,21.6,296.78000000000003,9.787399999999998,1,56.52,5.983936280687191,0,0,0.1,0.9799051619850427,Très élevé,hauteur_crue_fleuve_m,Crue du fleuve
Z0248,Saint-Louis,Saint-Louis,16.02015,-16.49044,10.8,0.3,222,Hydromorphe,Zone humide (Niayes/bas-fond),27.0,127,Complet,2.4,0,2025,120.0,192.0,19.0,294.75,10.512599999999999,1,32.4,5.407171771460119,0,2,0.0,0.9525774450902713,Très élevé,hauteur_crue_fleuve_m,Crue du fleuve
Z0249,Saint-Louis,Saint-Louis,16.02846,-16.49101,0.5,0.13,146,Argileux,Urbain dense,76.1,13631,Inconnu,2.1,10,2025,120.0,192.0,20.6,293.65999999999997,9.514399999999998,1,91.32,4.990432586778736,1,1,1.0,0.9988030250090346,Très élevé,hauteur_crue_fleuve_m,Crue du fleuve
Z0250,Saint-Louis,Saint-Louis,16.04611,-16.50592,0.5,0.11,1042,Argilo-sableux,Urbain lâche,47.1,3277,Aucun,2.4,5,2025,120.0,192.0,21.2,297.41999999999996,9.872799999999998,1,56.52,6.949856455000773,1,0,0.5,0.9972806850491661,Très élevé,hauteur_crue_fleuve_m,Crue du fleuve
Z0251,Saint-Louis,Saint-Louis,16.04214,-16.50128,3.8,0.34,307,Hydromorphe,Urbain lâche,61.6,6533,Aucun,2.5,2,2025,120.0,192.0,20.7,291.97,9.2778,1,73.92,5.730099782973574,0,0,0.2,0.989969512301587,Très élevé,hauteur_crue_fleuve_m,Crue du fleuve
Z0252,Podor,Saint-Louis,16.66123,-14.96933,10.7,0.94,547,Hydromorphe,Zone humide (Niayes/bas-fond),10.5,122,Partiel,1.1,0,2025,120.0,192.0,20.0,284.98,9.522799999999998,1,12.6,6.306275286948016,0,1,0.0,0.9540183231837901,Très élevé,hauteur_crue_fleuve_m,Crue du fleuve
Z0253,Podor,Saint-Louis,16.65655,-14.94458,7.5,0.02,708,Sableux,Urbain lâche,54.5,8624,Aucun,3.6,1,2025,120.0,192.0,20.7,293.79,9.7454,1,65.4,6.5638555265321274,0,0,0.1,0.9811126757644276,Très élevé,hauteur_crue_fleuve_m,Crue du fleuve
Z0254,Podor,Saint-Louis,16.65444,-14.93937,10.0,0.74,370,Sableux,Agricole,1.9,157,Aucun,4.4,0,2025,120.0,192.0,18.6,266.04,9.977799999999998,1,2.28,5.916202062607435,0,0,0.0,0.9596399177547607,Très élevé,hauteur_crue_fleuve_m,Crue du fleuve
Z0255,Podor,Saint-Louis,16.64099,-14.97768,5.1,0.4,781,Hydromorphe,Zone humide (Niayes/bas-fond),16.5,162,Partiel,1.5,2,2025,120.0,192.0,21.6,297.48,10.123399999999998,1,19.8,6.661854740545311,1,1,0.2,0.9919435770941877,Très élevé,hauteur_crue_fleuve_m,Crue du fleuve
Z0256,Podor,Saint-Louis,16.66066,-14.95529,3.1,0.91,1276,Argileux,Urbain lâche,58.5,4301,Partiel,1.7,1,2025,120.0,192.0,19.0,274.14,9.172799999999999,1,70.2,7.152268856032539,1,1,0.1,0.9822453519129966,Très élevé,hauteur_crue_fleuve_m,Crue du fleuve
Z0257,Podor,Saint-Louis,16.64217,-14.94369,8.9,0.98,1160,Latéritique,Urbain lâche,49.9,2731,Aucun,2.5,0,2025,120.0,192.0,22.9,304.81,9.8028,1,59.88,7.057036981697891,0,0,0.0,0.9638697557901884,Très élevé,hauteur_crue_fleuve_m,Crue du fleuve
Z0258,Podor,Saint-Louis,16.6727,-14.96094,9.3,1.27,422,Latéritique,Urbain lâche,52.6,3479,Complet,3.0,0,2025,120.0,192.0,22.7,350.96,10.2298,1,63.12,6.0473721790462776,0,2,0.0,0.9144375736831688,Très élevé,hauteur_crue_fleuve_m,Crue du fleuve
Z0259,Podor,Saint-Louis,16.65987,-14.97207,0.5,0.99,212,Sableux,Urbain lâche,44.5,7220,Partiel,2.0,1,2025,120.0,192.0,22.4,328.86,10.306799999999999,1,53.4,5.3612921657094255,1,1,0.1,0.9891748090187796,Très élevé,hauteur_crue_fleuve_m,Crue du fleuve
Z0260,Podor,Saint-Louis,16.64394,-14.95811,7.1,0.16,665,Latéritique,Urbain lâche,40.8,2937,Complet,4.7,0,2025,120.0,192.0,19.6,268.99,10.168199999999999,1,48.96,6.501289670540389,1,2,0.0,0.9545092194739949,Très élevé,hauteur_crue_fleuve_m,Crue du fleuve
Z0261,Richard-Toll,Saint-Louis,16.46542,-15.6986,11.8,0.6,85,Argilo-sableux,Urbain dense,78.4,18642,Partiel,3.7,1,2025,120.0,192.0,21.4,314.92999999999995,9.490599999999999,1,94.08,4.454347296253507,0,1,0.1,0.9703074435679776,Très élevé,hauteur_crue_fleuve_m,Crue du fleuve
Z0262,Richard-Toll,Saint-Louis,16.45417,-15.70834,9.1,0.19,500,Argileux,Agricole,0.0,211,Partiel,3.3,1,2025,120.0,192.0,21.6,311.76,9.5368,1,0.0,6.2166061010848646,0,1,0.1,0.9603304463022319,Très élevé,hauteur_crue_fleuve_m,Crue du fleuve
Z0263,Richard-Toll,Saint-Louis,16.46792,-15.70455,7.0,0.24,1488,Hydromorphe,Agricole,3.9,154,Partiel,3.4,0,2025,120.0,192.0,19.6,286.46,11.27,1,4.68,7.305860032684009,0,1,0.0,0.9614329902374588,Très élevé,hauteur_crue_fleuve_m,Crue du fleuve
Z0264,Richard-Toll,Saint-Louis,16.45711,-15.70976,15.2,1.23,623,Argileux,Végétation naturelle,2.7,115,Partiel,4.0,0,2025,120.0,192.0,21.7,315.03000000000003,9.0328,1,3.24,6.436150368369428,0,1,0.0,0.862614459120717,Très élevé,hauteur_crue_fleuve_m,Crue du fleuve
Z0265,Richard-Toll,Saint-Louis,16.43943,-15.69625,6.3,0.38,442,Argileux,Urbain dense,66.5,14489,Aucun,3.0,3,2025,120.0,192.0,23.9,337.73,10.3894,1,79.8,6.093569770045136,1,0,0.3,0.995834815514078,Très élevé,hauteur_crue_fleuve_m,Crue du fleuve
Z0266,Richard-Toll,Saint-Louis,16.46503,-15.70134,0.5,0.51,324,Argileux,Agricole,0.0,104,Partiel,4.5,0,2025,120.0,192.0,21.8,335.33000000000004,10.6764,1,0.0,5.783825182329737,1,1,0.0,0.9849317096618996,Très élevé,hauteur_crue_fleuve_m,Crue du fleuve
Z0267,Richard-Toll,Saint-Louis,16.45779,-15.68326,6.1,2.3,470,Argilo-sableux,Urbain dense,98.0,15403,Partiel,2.9,0,2025,120.0,192.0,20.1,325.32,9.898,1,117.6,6.154858094016418,1,1,0.0,0.974150588614317,Très élevé,hauteur_crue_fleuve_m,Crue du fleuve
Z0268,Richard-Toll,Saint-Louis,16.46142,-15.68796,10.1,0.26,878,Sableux,Urbain dense,85.2,9502,Partiel,3.9,1,2025,120.0,192.0,23.7,304.73,10.2746,1,102.24,6.778784897685177,0,1,0.1,0.9547458908818269,Très élevé,hauteur_crue_fleuve_m,Crue du fleuve
Z0269,Richard-Toll,Saint-Louis,16.45427,-15.70138,11.5,0.67,2346,Sableux,Urbain dense,94.4,9091,Complet,3.45,0,2025,120.0,192.0,24.3,323.13,9.494799999999998,1,113.28,7.760893195851024,0,2,0.0,0.7923658553656017,Très élevé,hauteur_crue_fleuve_m,Crue du fleuve
Z0270,Richard-Toll,Saint-Louis,16.47302,-15.6757,4.1,0.24,2436,Argileux,Agricole,18.3,105,Partiel,3.5,1,2025,120.0,192.0,20.3,287.32,10.533599999999998,1,21.96,7.798523053625206,1,1,0.1,0.983931431607551,Très élevé,hauteur_crue_fleuve_m,Crue du fleuve
Z0271,Richard-Toll,Saint-Louis,16.47016,-15.70557,6.5,1.48,1226,Sableux,Végétation naturelle,2.6,267,Complet,2.4,0,2025,120.0,192.0,22.6,311.74,10.497199999999998,1,3.12,7.112327444710911,1,2,0.0,0.8744224869948688,Très élevé,hauteur_crue_fleuve_m,Crue du fleuve
Z0272,Thiès,Thiès,14.78673,-16.93095,109.6,0.99,2966,Sableux,Urbain dense,95.3,14689,Aucun,20.7,0,2025,120.0,192.0,36.4,495.83000000000004,0.0,0,114.36,7.995306620290822,0,0,0.0,0.4733487232814464,Modéré,pluie_max_24h_mm,Pluie extrême (24h)
Z0273,Thiès,Thiès,14.75176,-16.92971,85.6,3.0,1968,Hydromorphe,Zone humide (Niayes/bas-fond),27.8,102,Partiel,1.6,0,2025,120.0,192.0,41.4,558.33,0.0,0,33.36,7.585281078639126,0,1,0.0,0.5716982210527388,Élevé,pluie_max_24h_mm,Pluie extrême (24h)
Z0274,Thiès,Thiès,14.79648,-16.93326,95.0,2.09,1763,Sableux,Urbain dense,82.8,12901,Partiel,18.4,0,2025,120.0,192.0,37.2,541.8100000000001,0.0,0,99.36,7.475339236566737,0,1,0.0,0.38030936746905397,Modéré,pluie_max_24h_mm,Pluie extrême (24h)
Z0275,Thiès,Thiès,14.80125,-16.94199,80.5,1.81,6162,Latéritique,Urbain dense,53.4,24065,Complet,15.8,0,2025,120.0,192.0,38.9,521.13,0.0,0,64.08,8.726318950962243,0,2,0.0,0.2212199037944431,Faible,pluie_max_24h_mm,Pluie extrême (24h)
Z0276,Thiès,Thiès,14.78371,-16.92981,62.1,1.3,1645,Sableux,Végétation naturelle,14.6,340,Aucun,13.5,0,2025,120.0,192.0,33.3,520.77,0.0,0,17.52,7.406103381237015,1,0,0.0,0.7255322242397607,Élevé,pluie_max_24h_mm,Pluie extrême (24h)
Z0277,Thiès,Thiès,14.78705,-16.92185,44.8,2.32,830,Hydromorphe,Urbain dense,76.3,28370,Complet,9.5,1,2025,120.0,192.0,34.1,513.39,0.0,0,91.56,6.7226297948554485,1,2,0.1,0.8320535371637212,Très élevé,pluie_max_24h_mm,Pluie extrême (24h)
Z0278,Thiès,Thiès,14.80536,-16.91571,85.3,2.37,1917,Sableux,Urbain dense,79.0,15020,Complet,16.4,0,2025,120.0,192.0,39.8,555.1800000000001,0.0,0,94.8,7.559038255443384,0,2,0.0,0.23708594889859863,Faible,pluie_max_24h_mm,Pluie extrême (24h)
Z0279,Thiès,Thiès,14.7854,-16.9351,74.8,0.86,3557,Argileux,Urbain lâche,31.7,2995,Aucun,14.1,1,2025,120.0,192.0,37.9,554.8100000000001,0.0,0,38.04,8.17695386822578,1,0,0.1,0.840975983312217,Très élevé,pluie_max_24h_mm,Pluie extrême (24h)
Z0280,Thiès,Thiès,14.78509,-16.93982,93.3,1.52,1918,Hydromorphe,Urbain dense,84.6,11170,Aucun,18.1,0,2025,120.0,192.0,45.2,607.49,0.0,0,101.52,7.5595594960077,0,0,0.0,0.5743561895845489,Élevé,pluie_max_24h_mm,Pluie extrême (24h)
Z0281,Thiès,Thiès,14.80311,-16.94015,73.0,2.97,3915,Hydromorphe,Urbain dense,86.3,19662,Aucun,15.0,0,2025,120.0,192.0,34.4,517.0699999999999,0.0,0,103.56,8.272826003650401,1,0,0.0,0.7785184603856008,Très élevé,pluie_max_24h_mm,Pluie extrême (24h)
Z0282,Thiès,Thiès,14.79684,-16.93017,32.3,2.58,826,Argilo-sableux,Agricole,0.0,376,Complet,15.4,0,2025,120.0,192.0,33.7,506.52,0.0,0,0.0,6.717804695023691,1,2,0.0,0.6416855693957946,Élevé,pluie_max_24h_mm,Pluie extrême (24h)
Z0283,Mbour,Thiès,14.40906,-16.95347,17.6,0.06,1550,Sableux,Agricole,30.5,58,Aucun,5.8,1,2025,120.0,192.0,32.8,479.18,0.0,0,36.6,7.346655163176539,0,0,0.1,0.9088378765243876,Très élevé,pluie_max_24h_mm,Pluie extrême (24h)
Z0284,Mbour,Thiès,14.41182,-16.97441,15.0,0.04,898,Sableux,Urbain dense,85.5,13160,Aucun,4.2,1,2025,120.0,192.0,36.9,517.08,0.0,0,102.6,6.80128303447162,0,0,0.1,0.9165224541522174,Très élevé,pluie_max_24h_mm,Pluie extrême (24h)
Z0285,Mbour,Thiès,14.43346,-16.95247,15.5,0.34,288,Sableux,Urbain dense,88.7,20054,Complet,5.7,0,2025,120.0,192.0,37.1,501.68999999999994,0.0,0,106.44,5.666426688112432,0,2,0.0,0.7671475298738785,Très élevé,pluie_max_24h_mm,Pluie extrême (24h)
Z0286,Mbour,Thiès,14.41343,-16.94179,11.8,0.21,1405,Hydromorphe,Végétation naturelle,7.6,366,Partiel,4.65,1,2025,120.0,192.0,40.0,556.72,0.0,0,9.12,7.2485040723706105,1,1,0.1,0.898065129333332,Très élevé,pluie_max_24h_mm,Pluie extrême (24h)
Z0287,Mbour,Thiès,14.42646,-16.9492,21.1,2.18,2412,Argileux,Urbain lâche,65.3,3157,Complet,5.1,0,2025,120.0,192.0,33.4,446.14,0.0,0,78.36,7.7886260656250315,0,2,0.0,0.6369582828060885,Élevé,pluie_max_24h_mm,Pluie extrême (24h)
Z0288,Mbour,Thiès,14.4057,-16.94906,1.6,1.09,1753,Sableux,Urbain lâche,76.2,3652,Aucun,1.9,1,2025,120.0,192.0,34.5,495.07,0.0,0,91.44,7.469654172932128,1,0,0.1,0.9691042073392203,Très élevé,pluie_max_24h_mm,Pluie extrême (24h)
Z0289,Mbour,Thiès,14.40037,-16.97439,15.6,1.12,477,Sableux,Urbain dense,68.9,12471,Partiel,4.65,0,2025,120.0,192.0,38.1,512.23,0.0,0,82.68,6.169610732491456,0,1,0.0,0.7935534364111873,Très élevé,pluie_max_24h_mm,Pluie extrême (24h)
Z0290,Mbour,Thiès,14.42727,-16.97215,11.8,0.89,829,Sableux,Urbain dense,84.1,22974,Complet,5.6,0,2025,120.0,192.0,37.9,533.87,0.0,0,100.92,6.721425700790643,1,2,0.0,0.850720557131931,Très élevé,pluie_max_24h_mm,Pluie extrême (24h)
Z0291,Mbour,Thiès,14.4147,-16.94897,17.4,0.06,2339,Hydromorphe,Urbain dense,88.7,12736,Partiel,5.3,0,2025,120.0,192.0,38.8,562.03,0.0,0,106.44,7.757906208351747,0,1,0.0,0.8223018808126389,Très élevé,pluie_max_24h_mm,Pluie extrême (24h)
Z0292,Mbour,Thiès,14.42213,-16.99522,15.0,1.09,330,Sableux,Urbain lâche,38.2,4489,Complet,3.9,0,2025,120.0,192.0,32.9,442.5400000000001,0.0,0,45.84,5.802118375377063,0,2,0.0,0.6994459372000533,Élevé,pluie_max_24h_mm,Pluie extrême (24h)
Z0293,Mbour,Thiès,14.45196,-16.9573,13.5,1.55,791,Sableux,Urbain lâche,55.7,3351,Complet,3.0,0,2025,120.0,192.0,40.7,570.08,0.0,0,66.84,6.674561391814426,1,2,0.0,0.8185452817252954,Très élevé,pluie_max_24h_mm,Pluie extrême (24h)
Z0294,Mbour,Thiès,14.40352,-16.97361,5.2,2.18,198,Hydromorphe,Urbain lâche,74.6,4647,Partiel,0.3,6,2025,120.0,192.0,37.0,511.15,0.0,0,89.52,5.293304824724492,1,1,0.6,0.9945053081359956,Très élevé,pluie_max_24h_mm,Pluie extrême (24h)
Z0295,Tivaouane,Thiès,14.94763,-16.82452,58.2,2.44,11172,Hydromorphe,Zone humide (Niayes/bas-fond),28.1,422,Complet,0.8,0,2025,120.0,192.0,34.8,510.93,0.0,0,33.72,9.321255432547337,0,2,0.0,0.30377228836619585,Modéré,pluie_max_24h_mm,Pluie extrême (24h)
Z0296,Tivaouane,Thiès,14.94129,-16.82262,40.6,2.7,1747,Hydromorphe,Zone humide (Niayes/bas-fond),14.4,125,Aucun,1.1,1,2025,120.0,192.0,35.9,509.46999999999997,0.0,0,17.28,7.466227556215481,1,0,0.1,0.9308163400097995,Très élevé,pluie_max_24h_mm,Pluie extrême (24h)
Z0297,Tivaouane,Thiès,14.93169,-16.81861,48.8,0.42,2175,Sableux,Agricole,35.2,167,Complet,9.9,0,2025,120.0,192.0,42.7,602.5799999999999,0.0,0,42.24,7.685243607975833,0,2,0.0,0.49076529400705693,Modéré,pluie_max_24h_mm,Pluie extrême (24h)
Z0298,Tivaouane,Thiès,14.9435,-16.81752,46.7,10.72,3534,Hydromorphe,Agricole,2.1,151,Complet,10.6,0,2025,120.0,192.0,33.3,471.96999999999997,0.0,0,2.52,8.170468578330674,0,2,0.0,0.1324075321675403,Faible,pluie_max_24h_mm,Pluie extrême (24h)
Z0299,Tivaouane,Thiès,14.93193,-16.81093,46.5,3.13,3173,Hydromorphe,Zone humide (Niayes/bas-fond),18.2,176,Partiel,0.3,1,2025,120.0,192.0,40.7,558.15,0.0,0,21.84,8.062747901086354,0,1,0.1,0.738706624577086,Élevé,pluie_max_24h_mm,Pluie extrême (24h)
Z0300,Tivaouane,Thiès,14.92773,-16.82273,30.9,1.2,2602,Hydromorphe,Agricole,14.5,259,Partiel,8.0,0,2025,120.0,192.0,34.7,481.94000000000005,0.0,0,17.4,7.864419904994565,1,1,0.0,0.8498500479495631,Très élevé,pluie_max_24h_mm,Pluie extrême (24h)
Z0301,Tivaouane,Thiès,14.93591,-16.81981,42.1,2.58,5278,Sableux,Agricole,3.6,277,Partiel,9.6,0,2025,120.0,192.0,34.0,475.61,0.0,0,4.32,8.571491964823617,0,1,0.0,0.4733472215505524,Modéré,pluie_max_24h_mm,Pluie extrême (24h)
Z0302,Tivaouane,Thiès,14.93929,-16.82,14.2,1.96,3319,Sableux,Agricole,0.0,326,Partiel,3.5,0,2025,120.0,192.0,35.7,496.93999999999994,0.0,0,0.0,8.107720061910534,1,1,0.0,0.8113727677261041,Très élevé,pluie_max_24h_mm,Pluie extrême (24h)
Z0303,Tivaouane,Thiès,14.9366,-16.82623,30.3,0.98,1911,Argilo-sableux,Agricole,4.1,239,Complet,7.1,1,2025,120.0,192.0,35.8,534.3399999999999,0.0,0,4.919999999999999,7.555905093611346,1,2,0.1,0.7492947952271255,Élevé,pluie_max_24h_mm,Pluie extrême (24h)
Z0304,Joal-Fadiouth,Thiès,14.18052,-16.85363,4.7,1.1,221,Hydromorphe,Urbain lâche,53.9,6369,Complet,2.8,1,2025,120.0,192.0,37.4,523.2,0.0,0,64.68,5.402677381872279,0,2,0.1,0.8736501696881867,Très élevé,pluie_max_24h_mm,Pluie extrême (24h)
Z0305,Joal-Fadiouth,Thiès,14.16657,-16.83202,3.7,0.46,467,Sableux,Végétation naturelle,0.0,187,Partiel,1.9,1,2025,120.0,192.0,33.9,488.28999999999996,0.0,0,0.0,6.148468295917647,0,1,0.1,0.8156760059093301,Très élevé,pluie_max_24h_mm,Pluie extrême (24h)
Z0306,Joal-Fadiouth,Thiès,14.1584,-16.83684,4.1,0.44,985,Argilo-sableux,Urbain dense,98.0,13754,Aucun,4.0,0,2025,120.0,192.0,33.8,517.05,0.0,0,117.6,6.893656354602635,0,0,0.0,0.9147791979550526,Très élevé,pluie_max_24h_mm,Pluie extrême (24h)
Z0307,Joal-Fadiouth,Thiès,14.18288,-16.81894,0.8,1.43,595,Argileux,Agricole,10.9,517,Complet,1.5,1,2025,120.0,192.0,35.2,480.38,0.0,0,13.08,6.39024066706535,1,2,0.1,0.9002702226153375,Très élevé,pluie_max_24h_mm,Pluie extrême (24h)
Z0308,Joal-Fadiouth,Thiès,14.1616,-16.84379,1.6,1.45,261,Sableux,Agricole,25.4,162,Complet,2.1,2,2025,120.0,192.0,39.9,579.0899999999999,0.0,0,30.48,5.568344503761097,1,2,0.2,0.9273389721251467,Très élevé,pluie_max_24h_mm,Pluie extrême (24h)
Z0309,Joal-Fadiouth,Thiès,14.15665,-16.81662,0.5,0.9,203,Sableux,Agricole,18.5,121,Partiel,0.9,1,2025,120.0,192.0,40.3,518.3100000000001,0.0,0,22.2,5.318119993844216,1,1,0.1,0.9576771586555427,Très élevé,pluie_max_24h_mm,Pluie extrême (24h)
Z0310,Joal-Fadiouth,Thiès,14.16364,-16.83097,3.2,0.2,921,Hydromorphe,Agricole,32.6,180,Partiel,1.5,3,2025,120.0,192.0,39.3,553.76,0.0,0,39.12,6.826545223556594,1,1,0.3,0.9806103999693013,Très élevé,pluie_max_24h_mm,Pluie extrême (24h)
Z0311,Joal-Fadiouth,Thiès,14.15963,-16.83076,2.9,0.13,507,Hydromorphe,Urbain lâche,53.1,4004,Partiel,2.1,4,2025,120.0,192.0,42.0,575.11,0.0,0,63.72,6.230481447578482,1,1,0.4,0.9883110129053987,Très élevé,pluie_max_24h_mm,Pluie extrême (24h)
Z0312,Joal-Fadiouth,Thiès,14.16987,-16.8342,4.7,0.47,2221,Latéritique,Urbain lâche,53.3,7713,Partiel,4.1,0,2025,120.0,192.0,34.3,485.39,0.0,0,63.96,7.706162970199576,0,1,0.0,0.8707011865559223,Très élevé,pluie_max_24h_mm,Pluie extrême (24h)
Z0313,Joal-Fadiouth,Thiès,14.17376,-16.84671,4.3,0.55,300,Sableux,Urbain dense,85.7,7055,Aucun,2.6,2,2025,120.0,192.0,38.9,537.5,0.0,0,102.84,5.707110264748875,0,0,0.2,0.9478071722361506,Très élevé,pluie_max_24h_mm,Pluie extrême (24h)
Z0314,Joal-Fadiouth,Thiès,14.17383,-16.83731,3.6,0.46,632,Argilo-sableux,Agricole,10.7,177,Complet,1.5,0,2025,120.0,192.0,36.6,522.26,0.0,0,12.84,6.450470422144176,1,2,0.0,0.8469933938741481,Très élevé,pluie_max_24h_mm,Pluie extrême (24h)
Z0315,Joal-Fadiouth,Thiès,14.16597,-16.84386,5.7,1.09,630,Sableux,Urbain dense,72.8,17623,Aucun,2.8,0,2025,120.0,192.0,38.1,577.1600000000001,0.0,0,87.36,6.447305862541213,0,0,0.0,0.8991557598077697,Très élevé,pluie_max_24h_mm,Pluie extrême (24h)
Z0316,Joal-Fadiouth,Thiès,14.14191,-16.83374,0.5,0.27,1624,Latéritique,Urbain lâche,43.6,3850,Aucun,2.2,1,2025,120.0,192.0,41.0,593.6800000000001,0.0,0,52.32,7.393263094763838,1,0,0.1,0.9699737939472646,Très élevé,pluie_max_24h_mm,Pluie extrême (24h)
Z0317,Joal-Fadiouth,Thiès,14.14661,-16.84517,4.5,0.76,1685,Hydromorphe,Zone humide (Niayes/bas-fond),16.0,249,Aucun,0.8,1,2025,120.0,192.0,38.4,540.77,0.0,0,19.2,7.430114138561801,0,0,0.1,0.9435305865521956,Très élevé,pluie_max_24h_mm,Pluie extrême (24h)
Z0318,Kaffrine,Kaffrine,14.10654,-15.5508,23.3,0.04,1933,Argilo-sableux,Agricole,0.0,284,Partiel,6.1,0,2025,120.0,192.0,57.3,803.33,0.0,0,0.0,7.56734567601324,0,1,0.0,0.7446348533310791,Élevé,pluie_max_24h_mm,Pluie extrême (24h)
Z0319,Kaffrine,Kaffrine,14.10041,-15.54333,25.8,0.49,1609,Latéritique,Urbain lâche,60.2,5565,Partiel,5.4,1,2025,120.0,192.0,49.3,728.27,0.0,0,72.24,7.383989457978509,0,1,0.1,0.8774873019757933,Très élevé,pluie_max_24h_mm,Pluie extrême (24h)
Z0320,Kaffrine,Kaffrine,14.07923,-15.53776,17.1,1.36,632,Hydromorphe,Urbain lâche,50.9,7220,Partiel,5.1,1,2025,120.0,192.0,51.6,747.13,0.0,0,61.08,6.450470422144176,0,1,0.1,0.9056178800460121,Très élevé,pluie_max_24h_mm,Pluie extrême (24h)
Z0321,Kaffrine,Kaffrine,14.11979,-15.56332,13.0,1.36,4250,Hydromorphe,Végétation naturelle,0.0,193,Complet,5.7,0,2025,120.0,192.0,48.6,721.75,0.0,0,0.0,8.35490952835879,1,2,0.0,0.586955340116198,Élevé,pluie_max_24h_mm,Pluie extrême (24h)
Z0322,Kaffrine,Kaffrine,14.08864,-15.56721,7.8,0.97,5872,Argilo-sableux,Agricole,7.9,155,Partiel,4.3,0,2025,120.0,192.0,49.5,689.97,0.0,0,9.48,8.67812085552252,1,1,0.0,0.8294786649550522,Très élevé,pluie_max_24h_mm,Pluie extrême (24h)
Z0323,Kaffrine,Kaffrine,14.09603,-15.54846,2.5,0.73,8565,Sableux,Urbain lâche,48.5,5032,Complet,2.4,2,2025,120.0,192.0,49.6,729.38,0.0,0,58.2,9.055556158175316,1,2,0.2,0.8275213403897855,Très élevé,pluie_max_24h_mm,Pluie extrême (24h)
Z0324,Kaffrine,Kaffrine,14.08509,-15.5504,11.3,0.11,1081,Argileux,Agricole,20.0,143,Partiel,2.9,0,2025,120.0,192.0,48.4,703.78,0.0,0,24.0,6.9865664594064265,1,1,0.0,0.9340921093475981,Très élevé,pluie_max_24h_mm,Pluie extrême (24h)
Z0325,Kaffrine,Kaffrine,14.12223,-15.54427,21.3,0.45,4822,Latéritique,Urbain lâche,48.0,6484,Complet,4.8,0,2025,120.0,192.0,48.3,644.22,0.0,0,57.6,8.481151420068972,0,2,0.0,0.5946268283455585,Élevé,pluie_max_24h_mm,Pluie extrême (24h)
Z0326,Kaffrine,Kaffrine,14.08396,-15.5586,13.9,0.51,1813,Hydromorphe,Urbain lâche,46.7,2986,Partiel,3.3,2,2025,120.0,192.0,45.9,642.37,0.0,0,56.04,7.503289630675082,1,1,0.2,0.9564068529404314,Très élevé,pluie_max_24h_mm,Pluie extrême (24h)
Z0327,Kaffrine,Kaffrine,14.0936,-15.54071,19.4,1.21,496,Argilo-sableux,Urbain lâche,47.9,3293,Complet,3.7,0,2025,120.0,192.0,50.1,685.04,0.0,0,57.48,6.208590026096629,0,2,0.0,0.6848642233348842,Élevé,pluie_max_24h_mm,Pluie extrême (24h)
Z0328,Ziguinchor,Ziguinchor,12.56688,-16.29029,2.9,0.03,1381,Argilo-sableux,Urbain lâche,64.7,3045,Aucun,3.8,2,2025,120.0,192.0,79.5,1353.15,0.0,0,77.64,7.231287004327616,1,0,0.2,0.9813080905530732,Très élevé,pluie_max_24h_mm,Pluie extrême (24h)
Z0329,Ziguinchor,Ziguinchor,12.55521,-16.28858,5.9,0.32,535,Argilo-sableux,Urbain lâche,56.1,8406,Partiel,3.8,3,2025,120.0,192.0,87.3,1551.3700000000001,0.0,0,67.32,6.284134161070802,1,1,0.3,0.9830989392805406,Très élevé,pluie_max_24h_mm,Pluie extrême (24h)
Z0330,Ziguinchor,Ziguinchor,12.56278,-16.2735,9.1,1.03,462,Argilo-sableux,Végétation naturelle,14.0,248,Complet,4.2,1,2025,120.0,192.0,88.1,1447.27,0.0,0,16.8,6.137727054086234,0,2,0.1,0.6722921271109676,Élevé,pluie_max_24h_mm,Pluie extrême (24h)
Z0331,Ziguinchor,Ziguinchor,12.5347,-16.24552,7.7,0.6,521,Hydromorphe,Zone humide (Niayes/bas-fond),23.7,85,Partiel,0.2,3,2025,120.0,192.0,83.8,1266.94,0.0,0,28.44,6.257667587882639,1,1,0.3,0.9841933222090249,Très élevé,pluie_max_24h_mm,Pluie extrême (24h)
Z0332,Ziguinchor,Ziguinchor,12.58222,-16.27025,15.4,2.88,1520,Argileux,Urbain lâche,62.0,3973,Aucun,6.4,0,2025,120.0,192.0,87.1,1469.2199999999998,0.0,0,74.4,7.327123292259293,0,0,0.0,0.8880115919823506,Très élevé,pluie_max_24h_mm,Pluie extrême (24h)
Z0333,Ziguinchor,Ziguinchor,12.56493,-16.28405,11.5,1.07,2368,Sableux,Urbain lâche,56.3,5371,Aucun,4.0,1,2025,120.0,192.0,84.2,1329.3600000000001,0.0,0,67.56,7.7702232041587855,0,0,0.1,0.9103472500191779,Très élevé,pluie_max_24h_mm,Pluie extrême (24h)
Z0334,Ziguinchor,Ziguinchor,12.56656,-16.25719,7.7,0.31,259,Argilo-sableux,Urbain dense,88.7,12244,Aucun,3.0,6,2025,120.0,192.0,84.9,1439.42,0.0,0,106.44,5.560681631015528,1,0,0.6,0.9951449084860406,Très élevé,pluie_max_24h_mm,Pluie extrême (24h)
Z0335,Ziguinchor,Ziguinchor,12.56666,-16.28001,3.0,2.37,536,Sableux,Urbain dense,82.1,14391,Aucun,3.5,1,2025,120.0,192.0,83.0,1611.4,0.0,0,98.52,6.285998094508865,1,0,0.1,0.9628400231455561,Très élevé,pluie_max_24h_mm,Pluie extrême (24h)
Z0336,Ziguinchor,Ziguinchor,12.57452,-16.27871,15.6,0.4,229,Latéritique,Urbain dense,91.3,15128,Partiel,3.2,1,2025,120.0,192.0,85.6,1390.6399999999999,0.0,0,109.56,5.438079308923196,0,1,0.1,0.9259383249206067,Très élevé,pluie_max_24h_mm,Pluie extrême (24h)
Z0337,Ziguinchor,Ziguinchor,12.56827,-16.26111,5.2,1.83,238,Argilo-sableux,Urbain dense,80.1,30838,Complet,3.8,1,2025,120.0,192.0,86.3,1501.85,0.0,0,96.12,5.476463551931511,1,2,0.1,0.93667719401883,Très élevé,pluie_max_24h_mm,Pluie extrême (24h)
Z0338,Ziguinchor,Ziguinchor,12.5606,-16.25105,11.6,0.11,339,Sableux,Urbain dense,93.4,24042,Complet,3.6,0,2025,120.0,192.0,80.3,1308.16,0.0,0,112.08,5.8289456176102075,0,2,0.0,0.821466612195584,Très élevé,pluie_max_24h_mm,Pluie extrême (24h)
Z0339,Ziguinchor,Ziguinchor,12.53547,-16.2734,16.0,0.95,497,Latéritique,Urbain dense,80.1,10499,Complet,6.6,0,2025,120.0,192.0,85.6,1306.08,0.0,0,96.12,6.210600077024653,0,2,0.0,0.6870820967513975,Élevé,pluie_max_24h_mm,Pluie extrême (24h)
Z0340,Kolda,Kolda,12.89564,-14.9468,22.8,0.55,234,Argilo-sableux,Urbain lâche,48.6,3171,Complet,6.0,0,2025,120.0,192.0,79.8,1154.02,0.0,0,58.32,5.459585514144159,1,2,0.0,0.8498856658888585,Très élevé,pluie_max_24h_mm,Pluie extrême (24h)
Z0341,Kolda,Kolda,12.88263,-14.94852,29.0,3.67,343,Argilo-sableux,Agricole,11.4,430,Complet,6.8,0,2025,120.0,192.0,69.6,1008.6600000000001,0.0,0,13.68,5.840641657373398,0,2,0.0,0.5321575312885996,Élevé,pluie_max_24h_mm,Pluie extrême (24h)
Z0342,Kolda,Kolda,12.89583,-14.95035,25.3,1.57,452,Sableux,Urbain dense,72.0,13876,Complet,5.7,0,2025,120.0,192.0,73.1,1056.98,0.0,0,86.4,6.115892125483034,1,2,0.0,0.7566190169144495,Très élevé,pluie_max_24h_mm,Pluie extrême (24h)
Z0343,Kolda,Kolda,12.88613,-14.92754,30.7,5.34,1913,Hydromorphe,Zone humide (Niayes/bas-fond),32.7,334,Partiel,2.1,0,2025,120.0,192.0,68.3,971.4799999999999,0.0,0,39.24,7.5569505720129,0,1,0.0,0.7219646424401271,Élevé,pluie_max_24h_mm,Pluie extrême (24h)
Z0344,Kolda,Kolda,12.88924,-14.95369,41.2,1.49,4804,Sableux,Agricole,24.3,62,Complet,10.3,0,2025,120.0,192.0,75.5,1099.0700000000002,0.0,0,29.16,8.477412321404392,0,2,0.0,0.3817984198055917,Modéré,pluie_max_24h_mm,Pluie extrême (24h)
Z0345,Kolda,Kolda,12.92682,-14.92524,27.4,0.47,847,Argilo-sableux,Urbain lâche,43.9,5900,Partiel,7.9,0,2025,120.0,192.0,72.3,1026.04,0.0,0,52.68,6.742880635791903,1,1,0.0,0.9022680188160093,Très élevé,pluie_max_24h_mm,Pluie extrême (24h)
Z0346,Kolda,Kolda,12.90482,-14.94159,15.7,0.41,917,Argilo-sableux,Urbain dense,74.6,22941,Partiel,4.6,3,2025,120.0,192.0,75.6,1089.97,0.0,0,89.52,6.822197390620491,1,1,0.3,0.9716003710544734,Très élevé,pluie_max_24h_mm,Pluie extrême (24h)
Z0347,Kolda,Kolda,12.88891,-14.95215,29.3,1.35,240,Sableux,Agricole,29.2,161,Complet,6.9,0,2025,120.0,192.0,75.0,1108.67,0.0,0,35.04,5.484796933490655,0,2,0.0,0.6659852848481428,Élevé,pluie_max_24h_mm,Pluie extrême (24h)
Z0348,Kolda,Kolda,12.88011,-14.94564,40.1,0.84,485,Sableux,Agricole,0.0,258,Partiel,7.2,0,2025,120.0,192.0,70.8,1070.03,0.0,0,0.0,6.186208623900494,0,1,0.0,0.7248384616805689,Élevé,pluie_max_24h_mm,Pluie extrême (24h)
Z0349,Kolda,Kolda,12.89394,-14.9448,40.8,6.11,351,Argilo-sableux,Agricole,0.4,222,Partiel,7.4,0,2025,120.0,192.0,82.0,1233.44,0.0,0,0.48,5.863631175598097,0,1,0.0,0.5632911045565718,Élevé,pluie_max_24h_mm,Pluie extrême (24h)
Z0350,Kolda,Kolda,12.90095,-14.96035,25.0,0.3,696,Hydromorphe,Zone humide (Niayes/bas-fond),38.3,141,Partiel,0.2,2,2025,120.0,192.0,71.9,1045.84,0.0,0,45.96,6.546785410760524,1,1,0.2,0.9736065005594738,Très élevé,pluie_max_24h_mm,Pluie extrême (24h)
Z0351,Sédhiou,Sédhiou,12.73239,-15.57694,12.3,0.02,1038,Hydromorphe,Zone humide (Niayes/bas-fond),20.2,307,Partiel,1.8,1,2025,120.0,192.0,72.0,1139.42,0.0,0,24.24,6.946013991099227,1,1,0.1,0.9634937986413392,Très élevé,pluie_max_24h_mm,Pluie extrême (24h)
Z0352,Sédhiou,Sédhiou,12.72051,-15.53261,6.4,0.09,449,Argilo-sableux,Agricole,5.5,197,Partiel,3.5,0,2025,120.0,192.0,76.2,1253.4900000000002,0.0,0,6.6,6.1092475827643655,1,1,0.0,0.9314812316595185,Très élevé,pluie_max_24h_mm,Pluie extrême (24h)
Z0353,Sédhiou,Sédhiou,12.70881,-15.55343,8.7,2.76,674,Argilo-sableux,Urbain lâche,51.8,4995,Partiel,1.8,0,2025,120.0,192.0,82.1,1185.81,0.0,0,62.16,6.51471269087253,1,1,0.0,0.9138375163902815,Très élevé,pluie_max_24h_mm,Pluie extrême (24h)
Z0354,Sédhiou,Sédhiou,12.71043,-15.56671,15.5,1.76,800,Argileux,Urbain lâche,50.3,3868,Complet,4.0,0,2025,120.0,192.0,83.6,1329.79,0.0,0,60.36,6.68586094706836,0,2,0.0,0.7272756343782616,Élevé,pluie_max_24h_mm,Pluie extrême (24h)
Z0355,Sédhiou,Sédhiou,12.72114,-15.55619,13.6,1.59,474,Hydromorphe,Zone humide (Niayes/bas-fond),28.6,137,Partiel,3.8,1,2025,120.0,192.0,74.7,1305.41,0.0,0,34.32,6.163314804034641,1,1,0.1,0.9638283314158645,Très élevé,pluie_max_24h_mm,Pluie extrême (24h)
Z0356,Sédhiou,Sédhiou,12.72764,-15.52638,20.2,0.69,1255,Hydromorphe,Zone humide (Niayes/bas-fond),32.9,259,Complet,1.7,0,2025,120.0,192.0,79.5,1373.67,0.0,0,39.48,7.135687347028144,0,2,0.0,0.7745694776639047,Très élevé,pluie_max_24h_mm,Pluie extrême (24h)
Z0357,Sédhiou,Sédhiou,12.71445,-15.56935,14.4,0.83,573,Hydromorphe,Agricole,13.6,254,Complet,3.7,0,2025,120.0,192.0,82.8,1229.41,0.0,0,16.32,6.352629396319567,0,2,0.0,0.7277891206337775,Élevé,pluie_max_24h_mm,Pluie extrême (24h)
Z0358,Sédhiou,Sédhiou,12.70768,-15.54663,29.5,0.9,517,Argilo-sableux,Urbain dense,70.7,11733,Aucun,6.0,0,2025,120.0,192.0,66.7,1013.72,0.0,0,84.84,6.249975242259483,0,0,0.0,0.8415382140684117,Très élevé,pluie_max_24h_mm,Pluie extrême (24h)
Z0359,Sédhiou,Sédhiou,12.71275,-15.56968,5.1,0.13,1155,Latéritique,Agricole,22.6,155,Partiel,3.3,1,2025,120.0,192.0,74.6,1129.4,0.0,0,27.12,7.052721049232323,1,1,0.1,0.9530183506788136,Très élevé,pluie_max_24h_mm,Pluie extrême (24h)
Z0360,Sédhiou,Sédhiou,12.71974,-15.539,22.7,0.39,2226,Argileux,Agricole,10.8,521,Partiel,4.9,1,2025,120.0,192.0,82.8,1254.97,0.0,0,12.96,7.708410667257367,0,1,0.1,0.8472370330143092,Très élevé,pluie_max_24h_mm,Pluie extrême (24h)
Z0361,Sédhiou,Sédhiou,12.71697,-15.53692,9.8,0.83,508,Hydromorphe,Urbain lâche,53.7,3031,Complet,3.3,0,2025,120.0,192.0,75.9,1166.83,0.0,0,64.44,6.2324480165505225,1,2,0.0,0.8856595024400711,Très élevé,pluie_max_24h_mm,Pluie extrême (24h)
Z0362,Sédhiou,Sédhiou,12.70879,-15.5529,14.1,1.01,734,Argilo-sableux,Agricole,11.2,288,Complet,2.8,0,2025,120.0,192.0,81.7,1169.6799999999998,0.0,0,13.44,6.5998704992128365,0,2,0.0,0.661471494713229,Élevé,pluie_max_24h_mm,Pluie extrême (24h)
Z0363,Tambacounda,Tambacounda,13.78272,-13.65999,27.5,0.7,908,Latéritique,Agricole,0.2,166,Partiel,5.1,0,2025,120.0,192.0,49.5,682.35,0.0,0,0.24,6.812345094177479,1,1,0.0,0.8789771144090722,Très élevé,pluie_max_24h_mm,Pluie extrême (24h)
Z0364,Tambacounda,Tambacounda,13.77036,-13.67162,37.4,1.67,590,Argilo-sableux,Urbain lâche,45.0,5822,Complet,7.0,0,2025,120.0,192.0,59.3,829.93,0.0,0,54.0,6.3818160174060985,0,2,0.0,0.5938261097441405,Élevé,pluie_max_24h_mm,Pluie extrême (24h)
Z0365,Tambacounda,Tambacounda,13.79481,-13.68059,27.5,4.53,1620,Hydromorphe,Zone humide (Niayes/bas-fond),40.9,221,Aucun,2.8,0,2025,120.0,192.0,56.6,813.38,0.0,0,49.08,7.390798521735676,1,0,0.0,0.9234391642247417,Très élevé,pluie_max_24h_mm,Pluie extrême (24h)
Z0366,Tambacounda,Tambacounda,13.76792,-13.65559,37.0,0.86,1688,Latéritique,Agricole,9.2,207,Partiel,9.2,0,2025,120.0,192.0,53.6,736.6899999999999,0.0,0,11.04,7.4318919168078,0,1,0.0,0.7165687383717109,Élevé,pluie_max_24h_mm,Pluie extrême (24h)
Z0367,Tambacounda,Tambacounda,13.78113,-13.66686,47.1,3.59,2837,Sableux,Urbain lâche,43.8,3516,Aucun,9.2,0,2025,120.0,192.0,57.3,819.9100000000001,0.0,0,52.56,7.950854857719988,0,0,0.0,0.6512520956801829,Élevé,pluie_max_24h_mm,Pluie extrême (24h)
Z0368,Tambacounda,Tambacounda,13.78401,-13.69143,58.9,1.21,522,Argilo-sableux,Urbain dense,74.1,19553,Complet,10.4,0,2025,120.0,192.0,65.4,953.85,0.0,0,88.92,6.259581464064923,0,2,0.0,0.5086927099869087,Élevé,pluie_max_24h_mm,Pluie extrême (24h)
Z0369,Tambacounda,Tambacounda,13.78574,-13.68413,45.2,0.55,752,Latéritique,Urbain dense,74.3,15198,Complet,7.4,0,2025,120.0,192.0,61.1,845.3399999999999,0.0,0,89.16,6.6240652277998935,0,2,0.0,0.5735616932736809,Élevé,pluie_max_24h_mm,Pluie extrême (24h)
Z0370,Tambacounda,Tambacounda,13.76483,-13.66103,46.9,2.7,951,Hydromorphe,Zone humide (Niayes/bas-fond),43.5,118,Complet,2.4,0,2025,120.0,192.0,62.6,903.8100000000001,0.0,0,52.2,6.858565034791365,0,2,0.0,0.6351424137126432,Élevé,pluie_max_24h_mm,Pluie extrême (24h)
Z0371,Tambacounda,Tambacounda,13.79219,-13.66073,33.7,0.09,15828,Hydromorphe,Agricole,0.0,301,Aucun,7.5,3,2025,120.0,192.0,53.6,785.25,0.0,0,0.0,9.669598979685738,1,0,0.3,0.88864237069193,Très élevé,pluie_max_24h_mm,Pluie extrême (24h)
Z0372,Tambacounda,Tambacounda,13.77322,-13.66817,17.3,1.39,619,Argilo-sableux,Urbain lâche,60.5,5644,Aucun,5.5,2,2025,120.0,192.0,70.7,1051.15,0.0,0,72.6,6.429719478039138,1,0,0.2,0.9752509262229551,Très élevé,pluie_max_24h_mm,Pluie extrême (24h)
Z0373,Tambacounda,Tambacounda,13.75795,-13.6685,17.5,1.35,2952,Argileux,Urbain lâche,62.7,5565,Aucun,4.9,5,2025,120.0,192.0,63.1,906.3700000000001,0.0,0,75.24,7.990576881743923,1,0,0.5,0.9888854086677604,Très élevé,pluie_max_24h_mm,Pluie extrême (24h)
Z0374,Bakel,Tambacounda,14.9021,-12.43593,11.4,1.14,435,Latéritique,Urbain lâche,62.1,5756,Partiel,4.0,3,2025,120.0,192.0,57.2,783.78,8.8886,1,74.52,6.077642243349034,1,1,0.3,0.990220527812372,Très élevé,hauteur_crue_fleuve_m,Crue du fleuve
Z0375,Bakel,Tambacounda,14.91573,-12.46508,26.8,4.79,464,Latéritique,Agricole,12.0,77,Partiel,6.3,0,2025,120.0,192.0,54.5,769.15,9.4892,1,14.4,6.142037405587356,0,1,0.0,0.8591543164951896,Très élevé,hauteur_crue_fleuve_m,Crue du fleuve
Z0376,Bakel,Tambacounda,14.89533,-12.44243,31.7,0.82,916,Sableux,Agricole,27.8,165,Partiel,7.0,0,2025,120.0,192.0,53.5,781.4100000000001,9.266599999999999,1,33.36,6.821107472256465,0,1,0.0,0.8902853046252377,Très élevé,hauteur_crue_fleuve_m,Crue du fleuve
Z0377,Bakel,Tambacounda,14.89231,-12.46385,24.0,0.98,560,Argileux,Urbain lâche,65.3,9605,Partiel,5.1,1,2025,120.0,192.0,56.6,797.65,9.671199999999999,1,78.36,6.329720905522696,1,1,0.1,0.9856789587177888,Très élevé,hauteur_crue_fleuve_m,Crue du fleuve
Z0378,Bakel,Tambacounda,14.91446,-12.45795,19.6,1.78,217,Hydromorphe,Zone humide (Niayes/bas-fond),25.5,165,Partiel,1.8,2,2025,120.0,192.0,58.9,816.02,10.472,1,30.6,5.384495062789089,1,1,0.2,0.9921727611856868,Très élevé,hauteur_crue_fleuve_m,Crue du fleuve
Z0379,Bakel,Tambacounda,14.91183,-12.46283,22.5,3.59,339,Hydromorphe,Végétation naturelle,10.0,140,Partiel,6.1,0,2025,120.0,192.0,59.1,827.49,9.9834,1,12.0,5.8289456176102075,1,1,0.0,0.9297059812009008,Très élevé,hauteur_crue_fleuve_m,Crue du fleuve
Z0380,Bakel,Tambacounda,14.90185,-12.44901,25.3,0.69,528,Sableux,Agricole,21.0,218,Aucun,5.8,1,2025,120.0,192.0,55.9,784.85,9.1238,1,25.2,6.270988431858299,0,0,0.1,0.9552548762430577,Très élevé,hauteur_crue_fleuve_m,Crue du fleuve
Z0381,Bakel,Tambacounda,14.92015,-12.45263,33.1,2.38,266,Latéritique,Agricole,0.0,179,Partiel,7.8,0,2025,120.0,192.0,53.0,760.6800000000001,9.935799999999999,1,0.0,5.58724865840025,0,1,0.0,0.9021678149844372,Très élevé,hauteur_crue_fleuve_m,Crue du fleuve
Z0382,Kédougou,Kédougou,12.54651,-12.20627,93.7,1.2,1212,Argileux,Urbain lâche,54.6,2393,Aucun,18.3,2,2025,120.0,192.0,85.0,1312.48,0.0,0,65.52,7.10085190894405,1,0,0.2,0.8979150874757427,Très élevé,pluie_max_24h_mm,Pluie extrême (24h)
Z0383,Kédougou,Kédougou,12.53722,-12.19014,185.2,0.79,1436,Latéritique,Agricole,8.4,171,Partiel,33.2,0,2025,120.0,192.0,82.3,1279.44,0.0,0,10.08,7.270312886079025,0,1,0.0,0.1424540384231717,Faible,altitude_m,Faible altitude
Z0384,Kédougou,Kédougou,12.56187,-12.17462,130.2,0.32,612,Latéritique,Agricole,15.3,185,Complet,23.4,0,2025,120.0,192.0,75.4,1180.6299999999999,0.0,0,18.36,6.418364935936212,0,2,0.0,0.22942342062663768,Faible,pluie_max_24h_mm,Pluie extrême (24h)
Z0385,Kédougou,Kédougou,12.56162,-12.17606,54.3,1.9,1158,Sableux,Urbain lâche,69.6,5872,Partiel,10.1,0,2025,120.0,192.0,85.1,1250.1,0.0,0,83.52,7.055312843339752,1,1,0.0,0.8391554653391954,Très élevé,pluie_max_24h_mm,Pluie extrême (24h)
Z0386,Kédougou,Kédougou,12.57411,-12.17654,87.4,4.44,747,Hydromorphe,Zone humide (Niayes/bas-fond),29.3,181,Complet,0.8,0,2025,120.0,192.0,78.0,1140.03,0.0,0,35.16,6.617402977974478,1,2,0.0,0.5670593152215347,Élevé,pluie_max_24h_mm,Pluie extrême (24h)
Z0387,Kédougou,Kédougou,12.55235,-12.18298,153.9,3.68,1179,Hydromorphe,Zone humide (Niayes/bas-fond),24.2,297,Complet,0.2,0,2025,120.0,192.0,80.6,1177.04,0.0,0,29.04,7.07326971745971,0,2,0.0,0.1581127733958772,Faible,altitude_m,Faible altitude
Z0388,Kédougou,Kédougou,12.56133,-12.19252,125.6,0.95,484,Argileux,Urbain lâche,32.1,3662,Aucun,21.1,0,2025,120.0,192.0,84.8,1358.24,0.0,0,38.52,6.184148890937483,0,0,0.0,0.5650870574031163,Élevé,pluie_max_24h_mm,Pluie extrême (24h)
Z0389,Kédougou,Kédougou,12.55537,-12.18078,115.1,1.96,176,Hydromorphe,Végétation naturelle,0.0,55,Complet,19.4,0,2025,120.0,192.0,82.3,1339.27,0.0,0,0.0,5.176149732573829,0,2,0.0,0.18208586188049758,Faible,pluie_max_24h_mm,Pluie extrême (24h)
Z0390,Kédougou,Kédougou,12.53697,-12.18257,108.8,1.85,532,Latéritique,Agricole,4.5,102,Partiel,20.9,0,2025,120.0,192.0,81.1,1390.69,0.0,0,5.4,6.278521424165844,0,1,0.0,0.4322627179930876,Modéré,pluie_max_24h_mm,Pluie extrême (24h)
Z0391,Kédougou,Kédougou,12.56296,-12.18625,87.8,2.76,1582,Latéritique,Urbain lâche,57.3,6021,Partiel,18.6,1,2025,120.0,192.0,85.2,1253.95,0.0,0,68.76,7.367077059881012,1,1,0.1,0.7612513951099832,Très élevé,pluie_max_24h_mm,Pluie extrême (24h)
Z0392,Kédougou,Kédougou,12.56402,-12.18757,98.3,1.9,548,Argileux,Agricole,1.0,98,Aucun,17.4,0,2025,120.0,192.0,76.8,1127.3200000000002,0.0,0,1.2,6.3080984415095305,1,0,0.0,0.765218768916932,Très élevé,pluie_max_24h_mm,Pluie extrême (24h)
Z0393,Matam,Matam,15.65782,-13.26256,12.1,0.58,311,Hydromorphe,Urbain dense,66.0,10296,Aucun,5.0,10,2025,120.0,192.0,27.4,394.57000000000005,10.6092,1,79.2,5.7430031878094825,1,0,1.0,0.9995215988825377,Très élevé,hauteur_crue_fleuve_m,Crue du fleuve
Z0394,Matam,Matam,15.64477,-13.23488,20.4,0.29,720,Sableux,Agricole,27.4,170,Partiel,4.9,0,2025,120.0,192.0,30.6,420.45,9.2358,1,32.88,6.580639137284949,0,1,0.0,0.9184151394886919,Très élevé,hauteur_crue_fleuve_m,Crue du fleuve
Z0395,Matam,Matam,15.68514,-13.23417,15.5,0.21,621,Argileux,Agricole,19.7,162,Aucun,5.2,4,2025,120.0,192.0,32.9,477.01000000000005,9.2778,1,23.64,6.432940092739179,1,0,0.4,0.9952827237495202,Très élevé,hauteur_crue_fleuve_m,Crue du fleuve
Z0396,Matam,Matam,15.67108,-13.26199,15.5,2.27,1756,Hydromorphe,Zone humide (Niayes/bas-fond),36.8,255,Partiel,2.9,1,2025,120.0,192.0,32.1,426.41999999999996,9.149,1,44.16,7.471363088187097,1,1,0.1,0.9745174719551533,Très élevé,hauteur_crue_fleuve_m,Crue du fleuve
Z0397,Matam,Matam,15.65864,-13.26592,20.7,1.01,248,Argilo-sableux,Végétation naturelle,5.7,180,Partiel,6.5,1,2025,120.0,192.0,31.7,472.28000000000003,9.1938,1,6.84,5.517452896464707,0,1,0.1,0.8950128188863526,Très élevé,hauteur_crue_fleuve_m,Crue du fleuve
Z0398,Matam,Matam,15.66677,-13.24912,17.0,0.74,339,Argileux,Agricole,24.1,100,Aucun,4.6,0,2025,120.0,192.0,26.1,377.15,9.249799999999999,1,28.92,5.8289456176102075,0,0,0.0,0.9652747482832105,Très élevé,hauteur_crue_fleuve_m,Crue du fleuve
Z0399,Matam,Matam,15.644,-13.26633,15.6,0.21,174,Argilo-sableux,Urbain dense,83.2,30189,Partiel,4.1,4,2025,120.0,192.0,28.9,418.32,9.3884,1,99.84,5.1647859739235145,0,1,0.4,0.9912681146544757,Très élevé,hauteur_crue_fleuve_m,Crue du fleuve
Z0400,Matam,Matam,15.6879,-13.25252,16.0,0.3,1770,Hydromorphe,Zone humide (Niayes/bas-fond),34.1,253,Partiel,1.3,1,2025,120.0,192.0,27.0,411.15,9.6054,1,40.92,7.479299637782834,0,1,0.1,0.9661806626053326,Très élevé,hauteur_crue_fleuve_m,Crue du fleuve
Z0401,Matam,Matam,15.65685,-13.26943,10.8,0.47,974,Argilo-sableux,Urbain dense,88.1,26513,Aucun,1.8,2,2025,120.0,192.0,27.1,424.76000000000005,10.4412,1,105.72,6.882437470997847,1,0,0.2,0.9949453116124184,Très élevé,hauteur_crue_fleuve_m,Crue du fleuve
Z0402,Matam,Matam,15.66414,-13.24303,20.5,1.23,1530,Latéritique,Agricole,18.8,148,Aucun,7.6,0,2025,120.0,192.0,38.9,493.37000000000006,10.235399999999998,1,22.56,7.333676395657684,0,0,0.0,0.9508453367822066,Très élevé,hauteur_crue_fleuve_m,Crue du fleuve
Z0403,Matam,Matam,15.66043,-13.25956,14.1,0.69,550,Argileux,Urbain lâche,66.0,2597,Aucun,5.0,5,2025,120.0,192.0,31.7,446.93,10.1976,1,79.2,6.311734809152915,1,0,0.5,0.9980252471012568,Très élevé,hauteur_crue_fleuve_m,Crue du fleuve
Z0404,Fatick,Fatick,14.33406,-16.42893,9.9,0.69,945,Hydromorphe,Végétation naturelle,2.8,256,Partiel,2.3,1,2025,120.0,192.0,46.4,694.31,0.0,0,3.36,6.852242569051878,0,1,0.1,0.8136246980636511,Très élevé,pluie_max_24h_mm,Pluie extrême (24h)
Z0405,Fatick,Fatick,14.31815,-16.41773,1.6,0.41,123,Hydromorphe,Zone humide (Niayes/bas-fond),14.6,271,Complet,1.9,1,2025,120.0,192.0,44.0,646.22,0.0,0,17.52,4.820281565605037,1,2,0.1,0.9500233422565318,Très élevé,pluie_max_24h_mm,Pluie extrême (24h)
Z0406,Fatick,Fatick,14.36167,-16.41043,3.3,0.06,1074,Argileux,Urbain dense,73.3,20205,Partiel,2.25,3,2025,120.0,192.0,47.7,670.96,0.0,0,87.96,6.980075940561763,1,1,0.3,0.9802779874422503,Très élevé,pluie_max_24h_mm,Pluie extrême (24h)
Z0407,Fatick,Fatick,14.31784,-16.43023,7.0,1.4,239,Argilo-sableux,Végétation naturelle,7.1,154,Inconnu,4.6,0,2025,120.0,192.0,49.1,729.72,0.0,0,8.52,5.480638923341991,0,1,0.0,0.6094058505900528,Élevé,pluie_max_24h_mm,Pluie extrême (24h)
Z0408,Fatick,Fatick,14.35984,-16.40424,3.1,1.18,1006,Argilo-sableux,Agricole,7.7,175,Partiel,2.2,1,2025,120.0,192.0,45.4,673.4300000000001,0.0,0,9.24,6.914730892718563,1,1,0.1,0.9325894947365305,Très élevé,pluie_max_24h_mm,Pluie extrême (24h)
Z0409,Fatick,Fatick,14.33231,-16.41748,5.0,0.38,173,Latéritique,Urbain dense,75.6,20510,Aucun,2.1,4,2025,120.0,192.0,47.4,687.4,0.0,0,90.72,5.159055299214529,0,0,0.4,0.9856735184922909,Très élevé,pluie_max_24h_mm,Pluie extrême (24h)
Z0410,Fatick,Fatick,14.32046,-16.41796,0.5,0.74,1082,Latéritique,Urbain lâche,78.4,5143,Complet,2.5,0,2025,120.0,192.0,45.2,663.72,0.0,0,94.08,6.9874902470009905,1,2,0.0,0.9057498917633298,Très élevé,pluie_max_24h_mm,Pluie extrême (24h)
Z0411,Fatick,Fatick,14.3434,-16.41374,5.4,0.6,336,Sableux,Agricole,0.0,370,Aucun,2.1,0,2025,120.0,192.0,48.7,693.52,0.0,0,0.0,5.820082930352362,0,0,0.0,0.9005353427155455,Très élevé,pluie_max_24h_mm,Pluie extrême (24h)
Z0412,Fatick,Fatick,14.36007,-16.40632,7.3,0.21,493,Latéritique,Urbain lâche,51.1,4755,Partiel,4.3,0,2025,120.0,192.0,44.1,595.64,0.0,0,61.32,6.202535517187923,0,1,0.0,0.8976541086977925,Très élevé,pluie_max_24h_mm,Pluie extrême (24h)
Z0413,Louga,Louga,15.60916,-16.21419,35.2,0.45,6440,Hydromorphe,Urbain lâche,39.3,4645,Complet,7.9,0,2025,120.0,192.0,20.9,315.26,0.0,0,47.16,8.77043908654689,0,2,0.0,0.4735220987288203,Modéré,pluie_max_24h_mm,Pluie extrême (24h)
Z0414,Louga,Louga,15.61002,-16.21744,0.5,1.22,2981,Latéritique,Urbain lâche,59.6,10683,Complet,1.6,1,2025,120.0,192.0,27.7,389.75,0.0,0,71.52,8.000349495324684,1,2,0.1,0.9003563760760769,Très élevé,pluie_max_24h_mm,Pluie extrême (24h)
Z0415,Louga,Louga,15.61256,-16.21366,55.6,0.72,36789,Hydromorphe,Zone humide (Niayes/bas-fond),15.6,249,Partiel,7.35,0,2025,120.0,192.0,28.2,392.32,0.0,0,18.72,10.51298134809882,0,1,0.0,0.1593136503364468,Faible,pluie_max_24h_mm,Pluie extrême (24h)
Z0416,Louga,Louga,15.62004,-16.2288,25.8,2.74,20591,Sableux,Urbain lâche,72.6,5721,Aucun,5.3,0,2025,120.0,192.0,27.0,388.90999999999997,0.0,0,87.12,9.932657929835909,1,0,0.0,0.6939722788248439,Élevé,pluie_max_24h_mm,Pluie extrême (24h)
Z0417,Louga,Louga,15.58093,-16.23327,33.7,3.37,2618,Sableux,Végétation naturelle,0.0,216,Aucun,7.0,0,2025,120.0,192.0,25.9,373.5,0.0,0,0.0,7.870547844507712,1,0,0.0,0.7094174099698984,Élevé,pluie_max_24h_mm,Pluie extrême (24h)
Z0418,Louga,Louga,15.62549,-16.23128,37.2,2.65,6320,Hydromorphe,Zone humide (Niayes/bas-fond),29.0,248,Complet,2.7,0,2025,120.0,192.0,24.5,367.43,0.0,0,34.8,8.751632702472298,0,2,0.0,0.4716762889978108,Modéré,pluie_max_24h_mm,Pluie extrême (24h)
Z0419,Louga,Louga,15.61227,-16.23354,28.9,1.25,6441,Argilo-sableux,Urbain lâche,40.6,4283,Inconnu,8.3,0,2025,120.0,192.0,23.4,346.83000000000004,0.0,0,48.72,8.770594329891145,1,1,0.0,0.6205854387766209,Élevé,pluie_max_24h_mm,Pluie extrême (24h)
Z0420,Louga,Louga,15.62314,-16.22225,13.3,11.5,4813,Sableux,Urbain lâche,57.7,4917,Complet,4.2,0,2025,120.0,192.0,29.0,384.15,0.0,0,69.24,8.479283618343016,1,2,0.0,0.35589014335983077,Modéré,pluie_max_24h_mm,Pluie extrême (24h)
Z0421,Louga,Louga,15.59887,-16.20329,34.4,4.18,3999,Latéritique,Urbain lâche,57.7,6376,Partiel,8.1,0,2025,120.0,192.0,25.1,371.38,0.0,0,69.24,8.294049640102028,0,1,0.0,0.6339193725119122,Élevé,pluie_max_24h_mm,Pluie extrême (24h)
Z0422,Louga,Louga,15.62546,-16.24378,35.6,0.94,1522,Sableux,Agricole,0.6,96,Partiel,7.7,0,2025,120.0,192.0,26.1,360.11,0.0,0,0.72,7.328437352895162,0,1,0.0,0.6702271725999441,Élevé,pluie_max_24h_mm,Pluie extrême (24h)
Z0423,Louga,Louga,15.62736,-16.20077,30.2,3.68,7281,Latéritique,Agricole,0.8,86,Complet,6.6,0,2025,120.0,192.0,23.3,351.8,0.0,0,0.96,8.893160828735379,1,2,0.0,0.4619626805441897,Modéré,pluie_max_24h_mm,Pluie extrême (24h)
Z0424,Louga,Louga,15.60086,-16.24068,57.2,1.77,2127,Hydromorphe,Urbain lâche,54.4,9608,Aucun,9.8,0,2025,120.0,192.0,26.2,355.15999999999997,0.0,0,65.28,7.662937850461535,0,0,0.0,0.7981202508117871,Très élevé,pluie_max_24h_mm,Pluie extrême (24h)
Z0425,Louga,Louga,15.62765,-16.21402,34.05,1.44,1686,Argilo-sableux,Agricole,8.3,304,Partiel,8.8,0,2025,120.0,192.0,23.9,357.15999999999997,0.0,0,9.96,7.430707082545968,0,1,0.0,0.6809603062637837,Élevé,pluie_max_24h_mm,Pluie extrême (24h)
